Date,AAPL,AMZN,GOOGL,JPM,META,MSFT,NVDA,TSLA,UNH,XOM
2020-01-02,72.27154541015625,94.90049743652344,67.83250427246094,117.8991928100586,207.95382690429688,151.5442657470703,5.963802814483643,28.68400001525879,261.7021484375,52.60639190673828
2020-01-03,71.56891632080078,93.74849700927734,67.4776611328125,116.34333801269531,206.85350036621094,149.65728759765625,5.868345737457275,29.534000396728516,259.05389404296875,52.183475494384766
2020-01-06,72.13920593261719,95.14399719238281,69.27621459960938,116.2508316040039,210.74929809570312,150.0441131591797,5.8929572105407715,30.1026668548584,260.8521728515625,52.584144592285156
2020-01-07,71.7999038696289,95.34300231933594,69.14240264892578,114.2745132446289,211.2052764892578,148.67604064941406,5.964300632476807,31.270666122436523,259.2774963378906,52.153778076171875
2020-01-08,72.95491027832031,94.59850311279297,69.6345443725586,115.16595458984375,213.3464813232422,151.04421997070312,5.97548770904541,32.80933380126953,264.7441711425781,51.367286682128906
2020-01-09,74.5045394897461,95.05249786376953,70.36555480957031,115.58647155761719,216.39968872070312,152.93118286132812,6.041112422943115,32.089332580566406,263.24102783203125,51.76054763793945
2020-01-10,74.67296600341797,94.15799713134766,70.82002258300781,114.43431854248047,216.16175842285156,152.22352600097656,6.073429107666016,31.876667022705078,264.0552673339844,51.300514221191406
2020-01-13,76.26830291748047,94.56500244140625,71.36865997314453,115.38461303710938,219.97825622558594,154.05398559570312,6.263845920562744,34.990665435791016,255.75233459472656,51.790225982666016
2020-01-14,75.23843383789062,93.47200012207031,70.90081024169922,116.730224609375,217.15306091308594,152.9689178466797,6.147010326385498,35.861331939697266,257.89068603515625,51.34502410888672
2020-01-15,74.91597747802734,93.10099792480469,71.32752990722656,114.98094177246094,219.22483825683594,153.9595489501953,6.1045026779174805,34.56666564941406,265.20050048828125,51.263404846191406
2020-01-16,75.85442352294922,93.89700317382812,71.87071990966797,115.42665100097656,219.8394775390625,156.7806396484375,6.188027381896973,34.232666015625,269.0745544433594,51.06307601928711
2020-01-17,76.69422149658203,93.23600006103516,73.3258056640625,116.22563171386719,220.20623779296875,157.6581268310547,6.196728706359863,34.03333282470703,267.0435791015625,50.87016677856445
2020-01-21,76.1744613647461,94.5999984741211,73.46109771728516,115.0818862915039,219.51234436035156,157.09205627441406,6.163417339324951,36.47999954223633,268.88665771484375,50.14303207397461
2020-01-22,76.44637298583984,94.37300109863281,73.54139709472656,114.94731140136719,219.39340209960938,156.3372344970703,6.217360973358154,37.97066879272461,268.9402770996094,49.853641510009766
2020-01-23,76.81453704833984,94.22899627685547,73.58202362060547,114.82955932617188,217.84695434570312,157.29957580566406,6.2857208251953125,38.14666748046875,267.9292907714844,49.54201889038086
2020-01-24,76.59315490722656,93.08200073242188,72.66416931152344,111.97856903076172,216.04281616210938,155.71453857421875,6.226557731628418,37.654666900634766,261.9795837402344,49.208126068115234
2020-01-27,74.3409194946289,91.41699981689453,70.95730590820312,111.03665161132812,212.99952697753906,153.11045837402344,5.97101354598999,37.201332092285156,254.17770385742188,48.03579330444336
2020-01-28,76.44396209716797,92.6624984741211,71.88755798339844,113.05504608154297,215.89410400390625,156.11083984375,6.164162635803223,37.793331146240234,255.7702178955078,47.96902847290039
2020-01-29,78.04412841796875,92.9000015258789,72.19483947753906,112.88685607910156,221.28675842285156,158.5449676513672,6.103757381439209,38.732666015625,253.1129608154297,47.568355560302734
2020-01-30,77.93101501464844,93.53399658203125,72.07341003417969,114.28292083740234,207.70602416992188,163.01718139648438,6.11046838760376,42.72066879272461,251.39520263671875,48.07290267944336
2020-01-31,74.47566986083984,100.43599700927734,71.00933837890625,111.31420135498047,200.15235900878906,160.61126708984375,5.87729549407959,43.371334075927734,243.76332092285156,46.09181213378906
2020-02-03,74.27112579345703,100.20999908447266,73.47845458984375,112.16361236572266,202.41249084472656,164.5267791748047,5.974244594573975,52.0,245.16795349121094,45.06045150756836
2020-02-04,76.72309112548828,102.4834976196289,71.63529205322266,113.77831268310547,208.00341796875,169.94241333007812,6.143280982971191,59.137332916259766,251.26991271972656,44.49654769897461
2020-02-05,77.34872436523438,101.99349975585938,71.66702270507812,115.71258544921875,208.2809600830078,169.73486328125,6.233518600463867,48.97999954223633,264.5921630859375,46.54441452026367
2020-02-06,78.25346374511719,102.5114974975586,73.14985656738281,115.72943878173828,209.0145263671875,173.2541046142578,6.320274353027344,49.930667877197266,261.6663818359375,45.91373825073242
2020-02-07,77.18980407714844,103.96399688720703,73.30547332763672,115.35938262939453,210.48162841796875,173.49942016601562,6.254150867462158,49.871334075927734,258.76751708984375,45.609519958496094
2020-02-10,77.55641174316406,106.69550323486328,74.77000427246094,115.8387680053711,211.2052764892578,178.03762817382812,6.537041664123535,51.41866683959961,256.80810546875,45.12783432006836
2020-02-11,77.08849334716797,107.54000091552734,74.8393783569336,116.05741882324219,205.38638305664062,174.01834106445312,6.65934419631958,51.62533187866211,260.1722106933594,45.55684280395508
2020-02-12,78.9191665649414,108.0,75.26411437988281,116.05741882324219,208.92530822753906,174.27308654785156,6.774937152862549,51.15266799926758,271.5261535644531,46.11379623413086
2020-02-13,78.35716247558594,107.49349975585938,75.0044174194336,115.95648956298828,211.2845916748047,173.32957458496094,6.731186866760254,53.599998474121094,270.380859375,45.85789489746094
2020-02-14,78.37647247314453,106.74349975585938,75.26907348632812,115.60328674316406,212.31552124023438,174.87689208984375,7.203744888305664,53.33533477783203,267.3209228515625,45.64714431762695
2020-02-18,76.94137573242188,107.78350067138672,75.30426788330078,114.07268524169922,215.90402221679688,176.65069580078125,7.372287273406982,57.22666549682617,270.32708740234375,45.067626953125
2020-02-19,78.0556869506836,108.51100158691406,75.5733871459961,115.62850952148438,215.59671020507812,177.18051147460938,7.822971820831299,61.16133117675781,273.163330078125,45.41383743286133
2020-02-20,77.25492858886719,107.65499877929688,75.1828384399414,115.62850952148438,212.71206665039062,174.47474670410156,7.673821449279785,59.96066665649414,270.31817626953125,45.05257797241211
2020-02-21,75.5062484741211,104.79850006103516,73.52106475830078,114.21566009521484,208.35035705566406,168.95912170410156,7.310141086578369,60.06666564941406,269.69195556640625,44.50315475463867
2020-02-24,71.919677734375,100.4645004272461,70.3690185546875,111.14601135253906,198.9727020263672,161.67437744140625,6.793331146240234,55.58599853515625,248.5409698486328,42.418373107910156
2020-02-25,69.48358917236328,98.63700103759766,68.7067642211914,106.18412017822266,195.0570831298828,159.00648498535156,6.514171123504639,53.32733154296875,235.65721130371094,40.79267883300781
2020-02-26,70.58586120605469,98.97949981689453,68.91243743896484,106.50370025634766,195.4833221435547,160.99322509765625,6.653380393981934,51.91999816894531,235.3083038330078,39.897037506103516
2020-02-27,65.9717788696289,94.21499633789062,65.16963195800781,102.07164001464844,188.09820556640625,149.64979553222656,6.283013820648193,45.266666412353516,227.18429565429688,37.496150970458984
2020-02-28,65.93318939208984,94.1875,66.37394714355469,97.64802551269531,190.79454040527344,153.27325439453125,6.717550754547119,44.53266525268555,228.1148223876953,38.71541213989258
2020-03-02,72.0716323852539,97.69750213623047,68.7067642211914,102.19781494140625,194.72999572753906,163.4718780517578,6.8757476806640625,49.574668884277344,244.35377502441406,40.551841735839844
2020-03-03,69.78268432617188,95.44950103759766,66.2981185913086,98.36285400390625,184.2718048095703,155.63845825195312,6.613579750061035,49.70066833496094,233.8767547607422,38.610050201416016
2020-03-04,73.01951599121094,98.79149627685547,68.47283935546875,100.79334259033203,190.09072875976562,161.35267639160156,7.076723098754883,49.96666717529297,258.9464416503906,39.45298767089844
2020-03-05,70.65097045898438,96.20149993896484,65.16020965576172,95.84830474853516,183.5580596923828,157.30349731445312,6.797643661499023,48.30266571044922,253.1666259765625,37.71441650390625
2020-03-06,69.71271514892578,95.05449676513672,64.21756744384766,90.89482879638672,179.5135955810547,152.85699462890625,6.617312431335449,46.89866638183594,253.9808807373047,35.893035888671875
2020-03-09,64.1989974975586,90.03050231933594,60.25520706176758,78.58264923095703,168.0244598388672,142.49746704101562,6.104921340942383,40.53333282470703,244.64903259277344,31.505191802978516
2020-03-10,68.82272338867188,94.59100341796875,63.19810485839844,84.68828582763672,176.6388397216797,152.2420196533203,6.493940353393555,43.02199935913086,250.51829528808594,32.671775817871094
2020-03-11,66.43245697021484,91.04299926757812,60.012847900390625,80.70197296142578,168.75804138183594,145.3451690673828,6.130539894104004,42.28200149536133,248.5320281982422,31.59550666809082
2020-03-12,59.87195587158203,83.83049774169922,55.089012145996094,74.04969024658203,153.1253204345703,131.56085205078125,5.38035774230957,37.369998931884766,224.04393005371094,27.98287582397461
2020-03-13,67.04512023925781,89.25,60.17988204956055,87.38788604736328,168.79769897460938,150.2646942138672,5.990504264831543,36.44133377075195,244.4507293701172,28.690345764160156
2020-03-16,58.41996765136719,84.4574966430664,53.1784553527832,74.31039428710938,144.73898315429688,128.1171417236328,4.885129451751709,29.67133331298828,202.21731567382812,25.958295822143555
2020-03-17,60.98869323730469,90.39199829101562,55.411651611328125,78.85177612304688,148.11927795410156,138.66586303710938,5.404238224029541,28.68000030517578,219.45211791992188,27.704404830932617
2020-03-18,59.49569320678711,91.5,54.079959869384766,70.55113983154297,145.68067932128906,132.8285675048828,5.044816970825195,24.08133316040039,195.0465850830078,24.92717933654785
2020-03-19,59.03984451293945,94.04650115966797,55.0949592590332,71.7369384765625,151.7969970703125,135.0140380859375,5.297281742095947,28.50933265686035,197.5087432861328,25.91313362121582
2020-03-20,55.29165267944336,92.30449676513672,52.94105911254883,70.22315979003906,148.4265899658203,129.94309997558594,5.117696285247803,28.50200080871582,185.63841247558594,24.641185760498047
2020-03-23,54.11703109741211,95.1415023803711,52.243247985839844,66.4638900756836,146.81077575683594,128.6469268798828,5.290316581726074,28.952667236328125,175.09805297851562,23.670289993286133
2020-03-24,59.54634094238281,97.00499725341797,56.00389862060547,74.3692626953125,159.5786590576172,140.3404083251953,6.197947025299072,33.66666793823242,197.5087432861328,26.67329216003418
2020-03-25,59.218318939208984,94.29199981689453,54.59687042236328,77.1445541381836,154.8501739501953,138.9970245361328,6.109398365020752,35.95000076293945,210.70892333984375,28.065662384033203
2020-03-26,62.334556579589844,97.77449798583984,57.63493347167969,82.51851654052734,161.91810607910156,147.69139099121094,6.398425579071045,35.21066665649414,229.48934936523438,29.21718406677246
2020-03-27,59.75376892089844,95.00499725341797,55.025081634521484,76.63994598388672,155.42510986328125,141.62704467773438,6.286248207092285,34.29066848754883,217.86163330078125,27.809770584106445
2020-03-30,61.45902633666992,98.19750213623047,56.81173324584961,78.63309478759766,164.50538635253906,151.58921813964844,6.6061201095581055,33.47533416748047,225.7960968017578,28.223724365234375
2020-03-31,61.33360290527344,97.48600006103516,57.58686447143555,75.7148666381836,165.34799194335938,149.20510864257812,6.556621074676514,34.93333435058594,224.08883666992188,28.57745361328125
2020-04-01,58.106407165527344,95.38500213623047,54.620662689208984,70.94638061523438,158.21066284179688,143.90713500976562,6.045971870422363,32.104000091552734,213.25193786621094,28.246294021606445
2020-04-02,59.076011657714844,95.94149780273438,55.36060333251953,73.59554290771484,156.8129425048828,146.8872833251953,6.354400634765625,30.29800033569336,216.0554962158203,30.406352996826172
2020-04-03,58.22700500488281,95.32949829101562,54.1547966003418,71.42021942138672,152.83782958984375,145.53431701660156,6.066865921020508,32.000667572021484,206.2160186767578,29.510719299316406
2020-04-06,63.30657958984375,99.87950134277344,58.63953399658203,76.01729583740234,164.10885620117188,156.35740661621094,6.6760125160217285,34.41600036621094,223.1543426513672,30.45903205871582
2020-04-07,62.5733528137207,100.58000183105469,58.60830307006836,77.01996612548828,167.36032104492188,154.6734161376953,6.4429497718811035,36.36333465576172,222.88470458984375,31.038562774658203
2020-04-08,64.17488861083984,102.1500015258789,59.8195686340332,80.1300048828125,172.76287841796875,156.22499084472656,6.639947891235352,36.589332580566406,240.667724609375,33.00293731689453
2020-04-09,64.63796997070312,102.13800048828125,59.79825210571289,87.31877899169922,173.66494750976562,156.23448181152344,6.54045295715332,38.20000076293945,237.34298706054688,32.461036682128906
2020-04-13,65.90666961669922,108.44349670410156,59.98857116699219,83.43549346923828,173.2684326171875,156.58448791503906,6.712079048156738,43.39666748046875,236.78585815429688,32.18255615234375
2020-04-14,69.23516082763672,114.16600036621094,62.705482482910156,81.1496810913086,176.61900329589844,164.3328399658203,7.0627946853637695,47.32600021362305,243.06692504882812,31.934202194213867
2020-04-15,68.60322570800781,115.38400268554688,62.312461853027344,77.14743041992188,175.429443359375,162.6109619140625,6.985437870025635,48.65533447265625,253.1130828857422,30.466567993164062
2020-04-16,69.1483383178711,120.40950012207031,62.31889724731445,74.20736694335938,174.71572875976562,167.4927215576172,7.330183029174805,49.680667877197266,268.1643981933594,29.465553283691406
2020-04-17,68.21009063720703,118.75,63.38792419433594,80.87776947021484,177.67970275878906,168.96853637695312,7.2709856033325195,50.259334564208984,261.0925598144531,32.528778076171875
2020-04-20,66.7942886352539,119.68049621582031,62.503265380859375,77.92919921875,176.68838500976562,165.61949157714844,7.139901638031006,49.75733184814453,253.5264434814453,30.993408203125
2020-04-21,64.72962188720703,116.40599822998047,60.075294494628906,75.66889953613281,169.3131561279297,158.7698516845703,6.7036237716674805,45.781333923339844,246.3826904296875,30.82782554626465
2020-04-22,66.59406280517578,118.17449951171875,62.36747360229492,75.9153060913086,180.69322204589844,164.1625213623047,7.117514610290527,48.807334899902344,248.92567443847656,31.708404541015625
2020-04-23,66.33599853515625,119.97250366210938,62.99986267089844,75.95779418945312,183.5183868408203,162.17578125,7.0642852783203125,47.04199981689453,256.39288330078125,32.70187759399414
2020-04-24,68.25110626220703,120.51100158691406,63.268978118896484,77.07945251464844,188.41543579101562,165.1370086669922,7.203077793121338,48.34333419799805,261.74847412109375,32.91261672973633
2020-04-27,68.29932403564453,118.80000305175781,62.98450469970703,80.40193939208984,185.8677978515625,164.66397094726562,7.389381408691406,53.25,264.16571044921875,33.07066345214844
2020-04-28,67.1922378540039,115.7040023803711,61.08781433105469,80.97123718261719,181.3177490234375,160.652587890625,7.247106075286865,51.27466583251953,259.1156921386719,33.84588623046875
2020-04-29,69.399169921875,118.635498046875,66.51915740966797,83.1550521850586,192.4995574951172,167.86166381835938,7.423707485198975,53.367332458496094,258.4776306152344,35.71993637084961
2020-04-30,70.86323547363281,123.69999694824219,66.7431640625,81.37060546875,202.92799377441406,169.54568481445312,7.269989967346191,52.12533187866211,262.80877685546875,34.97483444213867
2020-05-01,69.72238159179688,114.302001953125,65.2870864868164,79.23779296875,200.50918579101562,165.1558837890625,7.03369140625,46.75466537475586,255.6560516357422,32.468563079833984
2020-05-04,70.70887756347656,115.79949951171875,65.56363677978516,78.29458618164062,203.4731903076172,169.19561767578125,7.245365619659424,50.74599838256836,258.3788757324219,33.778141021728516
2020-05-05,71.77015686035156,115.88999938964844,66.858154296875,78.1756362915039,205.26742553710938,171.01211547851562,7.30630350112915,51.2140007019043,263.3210144042969,33.74051284790039
2020-05-06,72.51058959960938,117.56300354003906,66.68022918701172,76.70557403564453,206.6552734375,172.6961212158203,7.407042503356934,52.172000885009766,259.4840393066406,33.108306884765625
2020-05-07,73.26073455810547,118.38050079345703,67.86225891113281,77.50432586669922,209.4209442138672,173.6989288330078,7.583144187927246,52.00266647338867,256.0964050292969,33.296451568603516
2020-05-08,75.00442504882812,118.98049926757812,68.60862731933594,78.77043151855469,210.50148010253906,174.72071838378906,7.772929668426514,54.62799835205078,257.8935241699219,34.75656509399414
2020-05-11,76.18468475341797,120.44999694824219,69.56266784667969,76.45064544677734,211.32423400878906,176.669677734375,8.024648666381836,54.08599853515625,259.4121398925781,34.425411224365234
2020-05-12,75.31401824951172,117.84750366210938,68.15467071533203,73.95243072509766,208.2710723876953,172.6676788330078,7.7629804611206055,53.96066665649414,258.5226135253906,33.84999084472656
2020-05-13,74.40465545654297,118.39600372314453,66.8239517211914,71.40322875976562,203.3145751953125,170.05654907226562,7.740593433380127,52.73066711425781,249.8063201904297,32.16976547241211
2020-05-14,74.86175537109375,119.44249725341797,67.24671173095703,74.3687973022461,205.00970458984375,170.79449462890625,7.989823818206787,53.55533218383789,261.1374206542969,32.453643798828125
2020-05-15,74.4191665649414,120.48899841308594,68.04959106445312,72.99221801757812,209.04428100585938,173.28268432617188,8.447742462158203,53.27799987792969,261.45196533203125,32.223472595214844
2020-05-18,76.17256164550781,121.31300354003906,68.6502685546875,76.85852813720703,211.33416748046875,174.9382781982422,8.705928802490234,54.242000579833984,263.6085510253906,34.7859992980957
2020-05-19,75.73241424560547,122.46649932861328,68.11600494384766,75.34598541259766,214.99203491210938,173.72732543945312,8.760895729064941,53.867332458496094,259.73553466796875,33.71188735961914
2020-05-20,77.20526123046875,124.89700317382812,69.83872985839844,77.60628509521484,227.9680633544922,176.1370391845703,8.924567222595215,54.37066650390625,258.7830810546875,34.809017181396484
2020-05-21,76.6296615600586,122.33699798583984,69.71929168701172,76.62060546875,229.375732421875,174.02139282226562,8.730804443359375,55.17333221435547,257.8127136230469,34.18757629394531
2020-05-22,77.12301635742188,121.84400177001953,70.04093170166016,76.02580261230469,232.86509704589844,174.0972900390625,8.980528831481934,54.45866775512695,260.53533935546875,34.21826171875
2020-05-26,76.60063934326172,121.09300231933594,70.44384765625,81.42160034179688,230.1786346435547,172.2568359375,8.673593521118164,54.591331481933594,264.9834289550781,35.22332000732422
2020-05-27,76.93439483642578,120.51950073242188,70.38983917236328,86.13762664794922,227.1453094482422,172.48452758789062,8.48206901550293,54.68199920654297,272.96282958984375,35.47650909423828
2020-05-28,76.96822357177734,120.05500030517578,70.28873443603516,84.85453033447266,223.4973602294922,172.0955047607422,8.444015502929688,53.72066879272461,273.14251708984375,34.55583190917969
2020-05-29,76.89328002929688,122.11849975585938,71.0460205078125,82.68769836425781,223.13055419921875,173.8506317138672,8.830544471740723,55.66666793823242,273.9332275390625,34.885746002197266
2020-06-01,77.83894348144531,123.552001953125,71.11292266845703,83.78385925292969,229.89117431640625,173.4522247314453,8.761645317077637,59.87333297729492,274.9037780761719,35.50719451904297
2020-06-02,78.19927215576172,123.62049865722656,71.48165893554688,84.06427764892578,230.6941680908203,175.4254913330078,8.780550003051758,58.770668029785156,275.2452392578125,36.29744338989258
2020-06-03,78.62975311279297,123.91999816894531,71.32999420166016,88.60186004638672,228.15640258789062,175.85244750976562,8.725080490112305,58.86399841308594,274.3825378417969,37.7781867980957
2020-06-04,77.95256805419922,123.02999877929688,70.09345245361328,90.44580078125,224.32012939453125,173.53759765625,8.726078033447266,57.62533187866211,267.8498229980469,37.670780181884766
2020-06-05,80.17274475097656,124.1500015258789,71.36815643310547,94.51602172851562,228.76112365722656,177.5980682373047,8.878870964050293,59.04399871826172,280.2233581542969,40.72433090209961
2020-06-08,80.64674377441406,126.2030029296875,71.76563262939453,96.4024429321289,229.38563537597656,178.6985321044922,8.764397621154785,63.327999114990234,278.0937194824219,41.9979248046875
2020-06-09,83.19342803955078,130.04299926757812,71.96585845947266,93.92969512939453,236.5923614501953,180.06471252441406,9.004287719726562,62.711334228515625,277.8510437011719,41.06191635131836
2020-06-10,85.33377075195312,132.37249755859375,72.59131622314453,90.12289428710938,234.6692352294922,186.74359130859375,9.32356071472168,68.336669921875,274.74200439453125,38.85997009277344
2020-06-11,81.23688507080078,127.89800262451172,69.47891235351562,82.60272216796875,222.47630310058594,176.71575927734375,8.755690574645996,64.85600280761719,254.95521545410156,35.430477142333984
2020-06-12,81.93824005126953,127.2509994506836,70.02507781982422,84.86305236816406,226.59017944335938,178.11038208007812,8.891314506530762,62.35200119018555,256.2311706542969,36.19002151489258
2020-06-15,82.95157623291016,128.63400268554688,70.41264343261719,86.03567504882812,230.47607421875,179.24880981445312,9.131450653076172,66.05999755859375,257.2465515136719,36.16701126098633
2020-06-16,85.14997863769531,130.7635040283203,71.68783569335938,86.72393035888672,233.59864807128906,183.6413116455078,9.02668571472168,65.47533416748047,263.2851257324219,36.980262756347656
2020-06-17,85.0314712524414,132.0489959716797,71.98866271972656,84.53165435791016,233.47967529296875,184.2769317626953,9.193411827087402,66.11933135986328,262.92559814453125,35.775718688964844
2020-06-18,85.06533813476562,132.69900512695312,71.07575988769531,84.07276916503906,233.88609313964844,186.25025939941406,9.175493240356445,66.9306640625,261.9192199707031,35.99822235107422
2020-06-19,84.57923126220703,133.75050354003906,70.6059341430664,83.11256408691406,236.7113037109375,185.14028930664062,9.218544006347656,66.72666931152344,262.8306884765625,35.27703094482422
2020-06-22,86.79212188720703,135.6909942626953,71.8954849243164,82.21183776855469,237.1375732421875,190.28228759765625,9.482821464538574,66.28800201416016,264.1212463378906,35.614601135253906
2020-06-23,88.64471435546875,138.2205047607422,72.55563354492188,83.21454620361328,240.13125610351562,191.5535125732422,9.406425476074219,66.78533172607422,268.5702819824219,35.82942199707031
2020-06-24,87.07994842529297,136.72000122070312,71.00537109375,80.4359130859375,231.98281860351562,187.6923065185547,9.192915916442871,64.0566635131836,260.9715881347656,34.14152526855469
2020-06-25,88.23597717285156,137.72900390625,71.42169189453125,83.24002838134766,233.62835693359375,190.0640411376953,9.44624137878418,65.73200225830078,267.3249206542969,34.65557098388672
2020-06-26,85.52484893798828,134.64349365234375,67.52820587158203,78.67696380615234,214.19900512695312,186.25975036621094,9.112786293029785,63.982666015625,258.8959655761719,33.466373443603516
2020-06-29,87.49592590332031,134.0189971923828,69.2444839477539,79.02533721923828,218.7193145751953,188.26153564453125,9.157577514648438,67.29000091552734,261.49505615234375,34.00343704223633
2020-06-30,88.22628021240234,137.9409942626953,70.27932739257812,79.92605590820312,225.0933380126953,193.0714569091797,9.453954696655273,71.98733520507812,266.1788024902344,34.31032943725586
2020-07-01,88.0594253540039,143.93499755859375,71.46629333496094,79.24629211425781,235.4821014404297,194.20042419433594,9.486058235168457,74.64199829101562,268.6876220703125,33.53542709350586
2020-07-02,88.0594253540039,144.51499938964844,72.85051727294922,79.50370788574219,231.38804626464844,195.68040466308594,9.5679292678833,80.57733154296875,269.1658630371094,33.81930160522461
2020-07-06,90.4150390625,152.8520050048828,74.32345581054688,81.5114517211914,238.18832397460938,199.89266967773438,9.7938814163208,91.43866729736328,273.2720642089844,34.05713653564453
2020-07-07,90.13447570800781,150.00599670410156,73.84122467041016,79.21195983886719,238.7633056640625,197.56838989257812,9.826231956481934,92.65733337402344,267.71295166015625,33.17482376098633
2020-07-08,92.23371124267578,154.0554962158203,74.51921081542969,80.05281829833984,241.45962524414062,201.91342163085938,10.168893814086914,91.05867004394531,269.256103515625,33.09809875488281
2020-07-09,92.6303482055664,159.13150024414062,75.2656021118164,78.31961822509766,242.37159729003906,203.3269805908203,10.460541725158691,92.9520034790039,262.75848388671875,31.732452392578125
2020-07-10,92.7923812866211,160.0,76.27416229248047,82.60113525390625,242.9366455078125,202.71034240722656,10.430928230285645,102.97666931152344,262.8216857910156,32.722164154052734
2020-07-13,92.36432647705078,155.1999969482422,74.94694519042969,83.78518676757812,236.91946411132812,196.44886779785156,10.005899429321289,99.80400085449219,270.47442626953125,32.72984313964844
2020-07-14,93.89281463623047,154.1999969482422,75.3746337890625,84.26567840576172,237.6431427001953,197.66322326660156,10.329151153564453,101.12000274658203,278.4250793457031,33.81162643432617
2020-07-15,94.53854370117188,150.44349670410156,75.1773910522461,85.56986236572266,238.18832397460938,197.36911010742188,10.180092811584473,103.06732940673828,274.4091491699219,34.24127197265625
2020-07-16,93.37525177001953,149.9949951171875,75.08024597167969,85.81009674072266,238.8326873779297,193.46044921875,10.088019371032715,100.04266357421875,277.188720703125,33.972740173339844
2020-07-17,93.18660736083984,148.09849548339844,75.17591094970703,84.22276306152344,239.92311096191406,192.47384643554688,10.154460906982422,100.05599975585938,276.62921142578125,33.3896598815918
2020-07-20,95.15043640136719,159.8419952392578,77.50474548339844,83.48487854003906,243.28358459472656,200.7465362548828,10.462284088134766,109.53333282470703,273.8586120605469,32.607078552246094
2020-07-21,93.83717346191406,156.9145050048828,77.11222076416016,85.2952880859375,239.6455535888672,198.042724609375,10.280874252319336,104.55733489990234,275.34765625,34.256622314453125
2020-07-22,94.10079956054688,154.99549865722656,77.55480194091797,84.6775131225586,237.7819061279297,200.8887939453125,10.390616416931152,106.15533447265625,276.7915954589844,33.458702087402344
2020-07-23,89.8176498413086,149.32749938964844,75.17094421386719,84.92633819580078,230.57516479492188,192.1512451171875,10.083041191101074,100.87133026123047,273.41650390625,33.52775573730469
2020-07-24,89.59516143798828,150.44549560546875,74.74769592285156,84.32575225830078,228.70164489746094,190.9748077392578,10.147496223449707,94.46666717529297,271.4490966796875,33.32060241699219
2020-07-27,91.71858215332031,152.760498046875,75.79936218261719,83.14167785644531,231.46734619140625,193.39404296875,10.373443603515625,102.63999938964844,269.4727783203125,33.81162643432617
2020-07-28,90.21187591552734,150.01649475097656,74.5217056274414,83.50203704833984,228.1167755126953,191.6579132080078,10.16839599609375,98.43267059326172,270.6730041503906,33.41266632080078
2020-07-29,91.94108581542969,151.67649841308594,75.50596618652344,85.52694702148438,231.25917053222656,193.59327697753906,10.417243957519531,99.94066619873047,276.7646179199219,33.780941009521484
2020-07-30,93.05360412597656,152.593994140625,76.24243927001953,83.24462127685547,232.45863342285156,193.44143676757812,10.565057754516602,99.16600036621094,275.4560852050781,32.12372970581055
2020-07-31,102.79521942138672,158.23399353027344,73.74361419677734,82.9185791015625,251.46176147460938,194.49453735351562,10.565802574157715,95.38400268554688,273.24505615234375,32.28484344482422
2020-08-03,105.38544464111328,155.59449768066406,73.48638153076172,82.45527648925781,249.7666473388672,205.43312072753906,10.959481239318848,99.0,273.9940185546875,32.4152717590332
2020-08-04,106.08921813964844,156.94149780273438,73.01753234863281,81.98336029052734,247.65518188476562,202.34982299804688,11.175978660583496,99.13333129882812,274.7972412109375,33.35129165649414
2020-08-05,106.47374725341797,160.25149536132812,73.30448913574219,83.40765380859375,246.9513702392578,202.01779174804688,11.23470401763916,99.00133514404297,281.98980712890625,33.6428337097168
2020-08-06,110.18852996826172,161.25,74.58612060546875,83.43341064453125,262.9707336425781,205.25289916992188,11.283232688903809,99.30533599853516,283.42474365234375,33.48172378540039
2020-08-07,107.68334197998047,158.3730010986328,74.26001739501953,85.2695541381836,266.10321044921875,201.58135986328125,11.147859573364258,96.84733581542969,286.1049499511719,33.328277587890625
2020-08-10,109.24849700927734,157.4080047607422,74.1832046508789,86.35064697265625,260.7105407714844,197.56838989257812,11.113516807556152,94.57133483886719,287.9729919433594,34.149200439453125
2020-08-11,105.99945831298828,154.0334930419922,73.37635803222656,89.07913970947266,253.9003448486328,192.94815063476562,10.799971580505371,91.6259994506836,284.7693176269531,34.502132415771484
2020-08-12,109.52226257324219,158.11199951171875,74.69962310791016,88.32406616210938,257.6275939941406,198.4601593017578,11.387500762939453,103.65066528320312,290.83380126953125,34.49430465698242
2020-08-13,111.46055603027344,158.05099487304688,75.16598510742188,87.83499908447266,259.02532958984375,197.99526977539062,11.390235900878906,108.06666564941406,290.15692138671875,33.64936065673828
2020-08-14,111.36119842529297,157.4010009765625,74.57027435302734,87.86934661865234,258.96588134765625,198.1849822998047,11.510680198669434,110.04733276367188,292.124267578125,33.797996520996094
2020-08-17,111.07044219970703,159.12049865722656,75.14566040039062,85.55268859863281,258.8865661621094,199.49423217773438,12.280115127563477,122.3759994506836,289.2455139160156,33.35988235473633
2020-08-18,111.99598693847656,165.62449645996094,77.10529327392578,84.36005401611328,260.0563049316406,200.6422119140625,12.204216003417969,125.80599975585938,285.9064025878906,33.19558334350586
2020-08-19,112.13652038574219,163.0240020751953,76.55169677734375,84.55738830566406,260.3041687011719,199.42483520507812,12.082527160644531,125.23533630371094,284.6339416503906,32.827877044677734
2020-08-20,114.62479400634766,164.86849975585938,78.11978912353516,83.54492950439453,266.6682434082031,204.06581115722656,12.0850191116333,133.45533752441406,282.765869140625,32.32716369628906
2020-08-21,120.53168487548828,164.23599243164062,78.08610534667969,83.50203704833984,264.6856384277344,202.5822296142578,12.625018119812012,136.6653289794922,283.4968566894531,32.08464050292969
2020-08-24,121.97325897216797,165.3730010986328,78.56088256835938,85.85298919677734,269.0275573730469,203.21937561035156,12.66159725189209,134.27999877929688,278.7138671875,33.03129959106445
2020-08-25,120.97261047363281,167.32449340820312,79.5867919921875,86.23052215576172,278.3753967285156,205.86318969726562,12.69120979309082,134.8893280029297,281.7641296386719,31.982927322387695
2020-08-26,122.61773681640625,172.09249877929688,81.48395538330078,85.02072143554688,301.26446533203125,210.3138427734375,12.714101791381836,143.54466247558594,278.69580078125,31.30226707458496
2020-08-27,121.15191650390625,170.0,80.7103271484375,87.81784057617188,290.66748046875,215.477783203125,12.57002067565918,149.25,281.2678527832031,31.091039657592773
2020-08-28,120.95565795898438,170.08999633789062,81.25102996826172,88.17823028564453,291.10369873046875,217.69363403320312,13.087124824523926,147.55999755859375,283.7044677734375,31.834278106689453
2020-08-31,125.05754089355469,172.54800415039062,80.7603759765625,85.96453094482422,290.6476745605469,214.47921752929688,13.31283187866211,166.10667419433594,282.06195068359375,31.247509002685547
2020-09-01,130.0388946533203,174.95599365234375,82.02664184570312,85.92162322998047,292.8681640625,216.1339569091797,13.761385917663574,158.35000610351562,282.314697265625,30.8485050201416
2020-09-02,127.34468841552734,176.57249450683594,85.1147689819336,87.21724700927734,299.8667297363281,220.2993621826172,14.284618377685547,149.1233367919922,289.0018005371094,30.660741806030273
2020-09-03,117.14938354492188,168.39999389648438,80.75939178466797,86.94268798828125,288.5858154296875,206.6525115966797,12.959360122680664,135.6666717529297,285.3829345703125,30.5981502532959
2020-09-04,117.22689819335938,164.7310028076172,78.36561584472656,88.82173156738281,280.2687683105469,203.751953125,12.5680570602417,139.44000244140625,281.56561279296875,30.574674606323242
2020-09-08,109.3381118774414,157.49200439453125,75.51044464111328,85.7328872680664,268.7995910644531,192.7299041748047,11.861616134643555,110.06999969482422,277.279052734375,29.87055015563965
2020-09-09,113.6992416381836,163.4304962158203,76.68155670166016,86.5479965209961,271.33721923828125,200.93702697753906,12.660155296325684,122.09333038330078,281.5836181640625,29.69061279296875
2020-09-10,109.98743438720703,158.7554931640625,75.63185119628906,85.65567779541016,265.7562561035156,195.30703735351562,12.258646011352539,123.77999877929688,274.88751220703125,28.94736671447754
2020-09-11,108.54344177246094,155.81100463867188,75.12187194824219,86.71958923339844,264.28912353515625,194.03269958496094,12.112031936645508,124.23999786376953,273.19287109375,28.869131088256836
2020-09-14,111.79972839355469,155.14849853515625,74.7784194946289,87.92082214355469,263.8331298828125,195.3451385498047,12.816731452941895,139.8733367919922,279.61767578125,28.681365966796875
2020-09-15,111.97416687011719,157.80650329589844,76.08138275146484,85.1837387084961,270.048583984375,198.5499725341797,12.934966087341309,149.9199981689453,278.4034118652344,28.376239776611328
2020-09-16,108.66941833496094,153.90499877929688,74.93999481201172,85.54409790039062,261.22601318359375,195.00271606445312,12.460521697998047,147.25332641601562,277.7600402832031,29.581079483032227
2020-09-17,106.93464660644531,150.43649291992188,73.698486328125,84.56597900390625,252.60179138183594,192.96755981445312,12.409741401672363,141.14332580566406,276.3644714355469,29.573251724243164
2020-09-18,103.54267120361328,147.74549865722656,71.91679382324219,84.38580322265625,250.33169555664062,190.571044921875,12.136674880981445,147.38333129882812,279.1192932128906,29.096012115478516
2020-09-21,106.68270111083984,148.02349853515625,70.87850189208984,81.77743530273438,245.9897918701172,192.61573791503906,12.463261604309082,149.79666137695312,271.1178283691406,28.501422882080078
2020-09-22,108.35929107666016,156.44949340820312,72.34944915771484,80.88507843017578,252.53236389160156,197.2565460205078,12.583243370056152,141.41000366210938,266.6504211425781,27.79729461669922
2020-09-23,103.81403350830078,149.9929962158203,69.8501205444336,79.57233428955078,246.85226440429688,190.76123046875,12.07145881652832,126.78666687011719,264.72930908203125,26.90540313720703
2020-09-24,104.88008880615234,150.989501953125,70.51770782470703,79.50370788574219,247.35780334472656,193.23387145996094,12.294737815856934,129.26333618164062,265.20050048828125,26.85064125061035
2020-09-25,108.81478118896484,154.75650024414062,71.32059478759766,80.19869995117188,252.60179138183594,197.6370391845703,12.818222999572754,135.77999877929688,274.11724853515625,27.100984573364258
2020-09-28,111.41207122802734,158.70249938964844,72.2919692993164,82.50672149658203,254.58438110351562,199.17762756347656,12.978776931762695,140.39999389648438,274.7787170410156,27.62517547607422
2020-09-29,110.56893920898438,157.24400329589844,72.65674591064453,81.81172943115234,259.5111389160156,197.1044464111328,13.168703079223633,139.69000244140625,275.6123962402344,26.819345474243164
2020-09-30,112.23584747314453,157.43649291992188,72.63593292236328,82.60113525390625,259.6200866699219,200.02403259277344,13.472138404846191,143.00332641601562,282.51739501953125,26.85845947265625
2020-10-01,113.18558502197266,161.06300354003906,73.7411117553711,83.20172882080078,264.3089599609375,202.0496368408203,13.555778503417969,149.3866729736328,283.6954345703125,25.91963005065918
2020-10-02,109.53195190429688,156.25,72.14031982421875,83.99110412597656,257.6771545410156,196.08689880371094,13.00590705871582,138.3633270263672,282.7076416015625,25.802274703979492
2020-10-05,112.904541015625,159.9600067138672,73.48985290527344,85.766357421875,262.3461608886719,200.07156372070312,13.583656311035156,141.89332580566406,288.29888916015625,26.396867752075195
2020-10-06,109.66764831542969,154.9980010986328,71.913330078125,84.88306427001953,256.4083251953125,195.82058715820312,13.677250862121582,137.9933319091797,284.9459533691406,26.123043060302734
2020-10-07,111.52837371826172,159.7845001220703,72.31575775146484,86.3638916015625,255.87301635742188,199.54852294921875,13.903770446777344,141.76666259765625,292.8478088378906,26.209102630615234
2020-10-08,111.42179107666016,159.52749633789062,73.51958465576172,88.1391372680664,261.4638977050781,200.2617950439453,13.779060363769531,141.97332763671875,292.1591491699219,27.5860595703125
2020-10-09,113.36005401611328,164.33250427246094,74.85871124267578,87.6368637084961,262.14794921875,205.2354736328125,13.703385353088379,144.6666717529297,297.0796203613281,27.179229736328125
2020-10-12,120.56075286865234,172.14649963378906,77.54191589355469,88.710693359375,273.3495178222656,210.5515899658203,14.164640426635742,147.43333435058594,299.0097961425781,27.093172073364258
2020-10-13,117.36259460449219,172.18150329589844,77.6648178100586,87.27314758300781,273.7362060546875,211.94004821777344,14.186793327331543,148.88333129882812,300.32373046875,26.772401809692383
2020-10-14,117.44982147216797,168.1855010986328,77.48492431640625,86.78822326660156,269.4537658691406,210.03805541992188,14.034452438354492,153.76666259765625,291.65155029296875,26.717639923095703
2020-10-15,116.98462677001953,166.9324951171875,77.08992767333984,88.0871810913086,264.39813232421875,208.8968505859375,13.909745216369629,149.6266632080078,294.1164245605469,26.95234489440918
2020-10-16,115.34679412841797,163.635498046875,77.69606018066406,87.90531921386719,263.6150207519531,208.8968505859375,13.751930236816406,146.55667114257812,298.94622802734375,26.67852020263672
2020-10-19,112.40060424804688,160.36050415039062,75.82512664794922,86.42449951171875,259.1244812011719,203.7234344482422,13.439531326293945,143.61000061035156,293.7992248535156,26.146512985229492
2020-10-20,113.88339233398438,160.85049438476562,76.87236785888672,86.91812896728516,265.23089599609375,204.13235473632812,13.58664321899414,140.64666748046875,293.06524658203125,26.365577697753906
2020-10-21,113.26313781738281,159.2469940185547,78.60250854492188,86.05213165283203,276.3036193847656,204.2749786376953,13.466416358947754,140.8800048828125,292.50341796875,25.94310188293457
2020-10-22,112.17771911621094,158.82000732421875,79.6269302368164,89.09171295166016,275.69891357421875,204.36056518554688,13.303370475769043,141.92999267578125,295.1676330566406,27.273113250732422
2020-10-23,111.4896011352539,160.22000122070312,80.93136596679688,89.89707946777344,282.3108825683594,205.6349334716797,13.531633377075195,140.2100067138672,299.58062744140625,26.725461959838867
2020-10-26,111.49930572509766,160.3520050048828,78.51825714111328,87.67151641845703,274.69769287109375,199.78622436523438,13.08456802368164,140.0933380126953,292.7481384277344,26.09174919128418
2020-10-27,113.00144958496094,164.31649780273438,79.24134063720703,86.01748657226562,280.8238830566406,202.80091857910156,13.338966369628906,141.55999755859375,290.4373779296875,25.677095413208008
2020-10-28,107.76815032958984,158.13900756835938,74.87604522705078,83.60143280029297,265.3399658203125,192.7488555908203,12.572537422180176,135.33999633789062,279.1011962890625,24.69914436340332
2020-10-29,111.7609634399414,160.55050659179688,77.1598129272461,84.14697265625,278.38531494140625,194.68887329101562,12.967824935913086,136.94332885742188,275.1864929199219,25.794445037841797
2020-10-30,105.50032806396484,151.8074951171875,80.09526062011719,84.90038299560547,260.819580078125,192.5491180419922,12.479940414428711,129.34666442871094,276.5094909667969,25.52062225341797
2020-11-02,105.41313171386719,150.2239990234375,80.50216674804688,86.8141860961914,259.0848083496094,192.416015625,12.526485443115234,133.50332641601562,282.8164978027344,26.592453002929688
2020-11-03,107.03157806396484,152.42050170898438,81.55978393554688,89.5506820678711,262.9905090332031,196.31509399414062,12.963343620300293,141.3000030517578,291.1986083984375,26.13868522644043
2020-11-04,111.40240478515625,162.05799865722656,86.52527618408203,86.8141860961914,284.8783264160156,205.78709411621094,13.734752655029297,140.32666015625,321.2925109863281,25.997861862182617
2020-11-05,115.35645294189453,166.10000610351562,87.35043334960938,90.36470031738281,292.1147766113281,212.34898376464844,14.098923683166504,146.02999877929688,321.14752197265625,25.950925827026367
2020-11-06,115.22543334960938,165.56849670410156,87.21316528320312,89.1609878540039,290.85589599609375,212.75790405273438,14.499190330505371,143.31666564941406,314.85882568359375,25.645795822143555
2020-11-09,112.92462158203125,157.18699645996094,87.29691314697266,101.23270416259766,276.34320068359375,207.68907165527344,13.571955680847168,140.4199981689453,317.160400390625,28.892601013183594
2020-11-10,112.58483123779297,151.75100708007812,86.12232971191406,100.90364074707031,270.0584411621094,200.6707000732422,12.714919090270996,136.7866668701172,320.50421142578125,29.533592224121094
2020-11-11,116.00208282470703,156.8695068359375,86.59365844726562,99.39684295654297,274.0732116699219,205.93923950195312,13.360126495361328,139.0433349609375,318.700927734375,29.229122161865234
2020-11-12,115.73023223876953,155.51400756835938,86.37509155273438,98.17581939697266,272.6853942871094,204.8836212158203,13.398710250854492,137.25332641601562,321.1566162109375,28.227569580078125
2020-11-13,115.77877807617188,156.4405059814453,87.83414459228516,98.79066467285156,274.5390930175781,205.9011688232422,13.239646911621094,136.1666717529297,322.2984924316406,28.90862464904785
2020-11-16,116.7884292602539,156.55299377441406,87.92186737060547,101.57909393310547,276.53155517578125,206.58590698242188,13.456954002380371,136.02999877929688,323.3404541015625,30.5751953125
2020-11-17,115.90499877929688,156.7830047607422,87.3088150024414,100.5485610961914,272.60601806640625,203.95164489746094,13.36435604095459,147.20333862304688,319.0633544921875,30.983821868896484
2020-11-18,114.5846939086914,155.2729949951172,86.26705932617188,99.80384826660156,269.60247802734375,201.26280212402344,13.370829582214355,162.2133331298828,312.18560791015625,29.814022064208984
2020-11-19,115.17687225341797,155.8509979248047,87.15567016601562,100.07230377197266,270.56402587890625,202.54049682617188,13.382280349731445,166.42333984375,305.3802490234375,29.966257095336914
2020-11-20,113.9148178100586,154.97000122070312,86.05591583251953,99.21499633789062,267.35223388671875,200.60491943359375,13.03130054473877,163.20333862304688,303.29595947265625,29.59769058227539
2020-11-23,110.52670288085938,154.91949462890625,85.61880493164062,102.07270812988281,266.0932922363281,200.33795166015625,13.08332347869873,173.9499969482422,303.6221923828125,31.536680221557617
2020-11-24,111.80814361572266,155.9029998779297,87.41983795166016,106.79228210449219,274.50933837890625,203.9135284423828,12.901861190795898,185.1266632080078,304.4830322265625,33.63592529296875
2020-11-25,112.64307403564453,159.2534942626953,87.43122863769531,105.67516326904297,273.1909484863281,203.9230499267578,13.177665710449219,191.3333282470703,301.9276123046875,32.69847106933594
2020-11-27,113.18670654296875,159.76699829101562,88.565673828125,104.97370910644531,275.3916320800781,205.21981811523438,13.204051971435547,195.25332641601562,306.23199462890625,32.20170974731445
2020-11-30,115.57489776611328,158.40199279785156,86.94898986816406,102.08136749267578,274.5589599609375,204.1137237548828,13.343697547912598,189.1999969482422,304.78216552734375,30.55116844177246
2020-12-01,119.13778686523438,161.00399780273438,88.97898864746094,103.69207763671875,284.0555725097656,206.15423583984375,13.332244873046875,194.9199981689453,309.17706298828125,30.84762191772461
2020-12-02,119.4872817993164,160.17649841308594,90.44650268554688,105.683837890625,285.01708984375,205.35328674316406,13.486077308654785,189.60667419433594,314.9493713378906,32.001407623291016
2020-12-03,119.35135650634766,159.3365020751953,90.29137420654297,104.99105072021484,279.396484375,204.27584838867188,13.342162132263184,197.7933349609375,315.9642639160156,32.217735290527344
2020-12-04,118.68148803710938,158.12899780273438,90.38652801513672,105.94364166259766,277.2651672363281,204.39027404785156,13.503758430480957,199.67999267578125,318.2014465332031,33.395545959472656
2020-12-07,120.13772583007812,157.89999389648438,90.05297088623047,105.5452651977539,283.0939636230469,204.32350158691406,13.552062034606934,213.9199981689453,316.3553466796875,32.770591735839844
2020-12-08,120.74932861328125,158.864501953125,89.77046966552734,105.6491928100586,280.9329833984375,205.96353149414062,13.296344757080078,216.6266632080078,316.3553466796875,33.844242095947266
2020-12-09,118.22522735595703,155.2100067138672,88.1116943359375,104.8265151977539,275.50067138671875,201.94932556152344,12.878778457641602,201.4933319091797,313.21771240234375,34.29293441772461
2020-12-10,119.6426010131836,155.07449340820312,87.60568237304688,104.15105438232422,274.7076416015625,200.7288818359375,12.920113563537598,209.02333068847656,308.8888244628906,35.26243209838867
2020-12-11,118.83684539794922,155.8209991455078,87.96003723144531,103.53620147705078,271.168701171875,203.34141540527344,12.960948944091797,203.3300018310547,306.5425720214844,35.09416961669922
2020-12-14,118.22522735595703,157.84849548339844,86.84294128417969,102.4450912475586,271.80316162109375,204.23770141601562,13.255261421203613,213.27667236328125,305.6876220703125,33.828224182128906
2020-12-15,124.14714050292969,158.25599670410156,87.28005981445312,104.1943588256836,273.1512756347656,204.17095947265625,13.306803703308105,211.0833282470703,308.90704345703125,34.485233306884766
2020-12-16,124.07919311523438,162.04800415039062,87.0872802734375,104.4974594116211,273.27032470703125,209.08139038085938,13.189278602600098,207.58999633789062,308.60699462890625,35.0140495300293
2020-12-17,124.94319152832031,161.8040008544922,86.26060485839844,103.63146209716797,272.0906066894531,209.21495056152344,13.28763198852539,218.63333129882812,310.7259826660156,34.8377799987793
2020-12-18,122.9627914428711,160.08250427246094,85.55238342285156,103.12054443359375,273.9938659667969,208.42347717285156,13.218658447265625,231.6666717529297,307.73394775390625,34.23684310913086
2020-12-21,124.4869384765625,160.3090057373047,85.9657211303711,106.99144744873047,270.4153137207031,212.23748779296875,13.278667449951172,216.6199951171875,305.64215087890625,33.61189270019531
2020-12-22,128.03036499023438,160.3260040283203,85.2550277709961,105.3634033203125,264.764892578125,213.52468872070312,13.224885940551758,213.44667053222656,304.66912841796875,33.04301071166992
2020-12-23,127.13728332519531,159.2635040283203,85.6520004272461,108.30774688720703,265.7760314941406,210.74050903320312,12.956965446472168,215.32666015625,307.015380859375,33.46765899658203
2020-12-24,128.11781311035156,158.63450622558594,85.9458999633789,107.8314437866211,265.0722351074219,212.3900146484375,12.941527366638184,220.58999633789062,309.92559814453125,33.33145523071289
2020-12-28,132.7000274658203,164.197998046875,87.91841125488281,108.54154968261719,274.5886535644531,214.49728393554688,12.848152160644531,221.22999572753906,314.6183166503906,33.44363021850586
2020-12-29,130.93313598632812,166.10000610351562,87.11553192138672,108.25579071044922,274.3705749511719,213.7249298095703,12.891227722167969,221.99667358398438,315.89154052734375,33.06704330444336
2020-12-30,129.8166961669922,164.29249572753906,86.04947662353516,108.55888366699219,269.5033264160156,211.36978149414062,13.092916488647461,231.5933380126953,313.7452087402344,33.33145523071289
2020-12-31,128.81678771972656,162.84649658203125,86.86177825927734,110.0396957397461,270.7821350097656,212.07540893554688,13.002531051635742,235.22332763671875,318.9198913574219,33.026981353759766
2021-01-04,125.63251495361328,159.3314971923828,85.54792785644531,109.00053405761719,266.59881591796875,207.5653839111328,13.060795783996582,243.2566680908203,317.8467712402344,33.25132751464844
2021-01-05,127.18579864501953,160.92550659179688,86.23780059814453,109.5936279296875,268.61114501953125,207.76559448242188,13.350872993469238,245.0366668701172,313.5724182128906,34.853797912597656
2021-01-06,122.90453338623047,156.91900634765625,85.38685607910156,114.73969268798828,261.01788330078125,202.3783721923828,12.563802719116211,251.9933319091797,326.7319030761719,35.743167877197266
2021-01-07,127.09844207763672,158.10800170898438,87.93724822998047,118.50764465332031,266.4005432128906,208.137451171875,13.29037094116211,272.0133361816406,331.9703063964844,36.02361297607422
2021-01-08,128.19544982910156,159.13499450683594,89.10142517089844,118.63848876953125,265.2408447265625,209.40562438964844,13.22339153289795,293.3399963378906,330.4788513183594,36.42423629760742
2021-01-11,125.21504974365234,155.7104949951172,87.04267120361328,120.40910339355469,254.6041717529297,207.37474060058594,13.566754341125488,270.39666748046875,328.0778503417969,37.529937744140625
2021-01-12,125.04031372070312,156.04150390625,86.10795593261719,122.30179595947266,248.90423583984375,204.93377685546875,13.430554389953613,283.14666748046875,325.0040588378906,38.36322784423828
2021-01-13,127.06929779052734,158.29449462890625,86.59465026855469,122.41517639160156,249.44943237304688,206.27813720703125,13.477363586425781,284.8033447265625,322.8851013183594,38.79587936401367
2021-01-14,125.14712524414062,156.37350463867188,85.78531646728516,123.13037872314453,243.5016632080078,203.1125946044922,13.147194862365723,281.6666564941406,318.783447265625,40.310218811035156
2021-01-15,123.42874145507812,155.21249389648438,85.62176513671875,120.9236831665039,249.17189025878906,202.75975036621094,12.807816505432129,275.38665771484375,319.4837341308594,38.37123489379883
2021-01-19,124.0986328125,156.03799438476562,88.43929290771484,120.40035247802734,258.82708740234375,206.37350463867188,12.972899436950684,281.51666259765625,320.29315185546875,39.13240051269531
2021-01-20,128.17604064941406,163.16900634765625,93.1772689819336,118.59486389160156,265.151611328125,213.90609741210938,13.312032699584961,283.48333740234375,319.0653991699219,39.68525695800781
2021-01-21,132.8746795654297,165.34950256347656,93.37948608398438,117.60055541992188,270.49462890625,214.50682067871094,13.811767578125,281.663330078125,322.84869384765625,38.547508239746094
2021-01-22,135.010498046875,164.6114959716797,93.7962875366211,116.69345092773438,272.1104431152344,215.4412078857422,13.657387733459473,282.21331787109375,316.0733947753906,38.002655029296875
2021-01-25,138.7481689453125,164.6999969482422,93.88152313232422,115.23684692382812,275.58984375,218.8546905517578,13.59837532043457,293.6000061035156,316.3098449707031,37.578006744384766
2021-01-26,138.9811553955078,166.30650329589844,94.55902862548828,114.765869140625,279.5947265625,221.5244598388672,13.381255149841309,294.36334228515625,312.03546142578125,36.75273132324219
2021-01-27,137.91323852539062,161.62899780273438,90.14763641357422,111.52120971679688,269.77099609375,222.0679931640625,12.865833282470703,288.0533447265625,302.8320617675781,36.33609390258789
2021-01-28,133.08831787109375,161.88099670410156,91.84558868408203,113.48370361328125,262.693115234375,227.8175048828125,12.998546600341797,278.4766540527344,307.52471923828125,36.90497589111328
2021-01-29,128.1080780029297,160.30999755859375,90.56494140625,112.22770690917969,256.08123779296875,221.17169189453125,12.937542915344238,264.510009765625,303.3686218261719,35.92746353149414
2021-02-01,130.2244415283203,167.1439971923828,93.82156372070312,113.05632781982422,259.72918701171875,228.50401306152344,13.18380069732666,279.9366760253906,303.7505798339844,35.991546630859375
2021-02-02,131.04962158203125,169.0,95.11260986328125,116.53643798828125,264.7550354003906,228.37051391601562,13.502264976501465,290.92999267578125,308.0431213378906,36.560428619384766
2021-02-03,130.03025817871094,165.62649536132812,102.03919982910156,117.8709487915039,264.3287353515625,231.6982421875,13.476119995117188,284.89666748046875,307.288330078125,37.99464416503906
2021-02-04,133.37957763671875,166.5500030517578,101.77900695800781,120.58351135253906,264.1701354980469,230.75428771972656,13.609332084655762,283.3299865722656,299.4944152832031,38.723777770996094
2021-02-05,132.9663543701172,167.6074981689453,103.5235366821289,120.3480224609375,265.76617431640625,230.9354248046875,13.53637981414795,284.07666015625,295.1199951171875,40.02177810668945
2021-02-08,133.11216735839844,166.14700317382812,103.30992889404297,122.23201751708984,264.2593688964844,231.19285583496094,14.380719184875488,287.8066711425781,294.9654541015625,41.74443817138672
2021-02-09,132.23715209960938,165.25,102.85743713378906,121.74356842041016,267.1044006347656,232.4324493408203,14.205924987792969,283.1533203125,299.7762756347656,41.255531311035156
2021-02-10,131.63438415527344,164.32899475097656,103.40705108642578,121.8133544921875,269.5033264160156,231.52662658691406,14.704910278320312,268.2733459472656,303.20489501953125,41.654808044433594
2021-02-11,131.38156127929688,163.10650634765625,103.51956939697266,121.4731674194336,268.0362243652344,233.11892700195312,15.189454078674316,270.5533447265625,302.90478515625,40.61180877685547
2021-02-12,131.61489868164062,163.885498046875,103.830810546875,123.2001724243164,268.14520263671875,233.5956573486328,14.901121139526367,272.0400085449219,298.5122375488281,41.165897369384766
2021-02-16,129.49537658691406,163.44749450683594,104.607421875,126.16567993164062,271.5850830078125,232.36569213867188,15.268633842468262,265.40667724609375,295.22015380859375,42.40446853637695
2021-02-17,127.21055603027344,165.4320068359375,104.99993896484375,126.55818939208984,271.1885681152344,233.37867736816406,14.846090316772461,266.04998779296875,297.25726318359375,43.06448745727539
2021-02-18,126.11190795898438,166.4114990234375,104.36508178710938,126.98558807373047,267.0449523925781,232.9868621826172,14.769402503967285,262.4599914550781,298.6667785644531,42.3881721496582
2021-02-19,126.26746368408203,162.4949951171875,103.52254486083984,129.1050567626953,259.28314208984375,230.29183959960938,14.866508483886719,260.4333190917969,295.1836242675781,42.67335891723633
2021-02-22,122.50480651855469,159.03700256347656,101.81021118164062,130.31739807128906,258.0637512207031,224.11813354492188,14.298052787780762,238.1666717529297,297.9665832519531,44.245994567871094
2021-02-23,122.36871337890625,159.72500610351562,102.10063934326172,131.36407470703125,263.5456237792969,222.93304443359375,14.085164070129395,232.94667053222656,299.667236328125,44.85713577270508
2021-02-24,121.87286376953125,157.97650146484375,103.27474212646484,133.67544555664062,262.00909423828125,224.15634155273438,14.44072437286377,247.33999633789062,302.1226806640625,46.20163345336914
2021-02-25,117.6337890625,152.85800170898438,99.91156005859375,131.86123657226562,252.47291564941406,218.8427276611328,13.25401782989502,227.4066619873047,299.0851745605469,45.4356803894043
2021-02-26,117.89632415771484,154.64649963378906,100.20694732666016,128.36370849609375,255.3773651123047,222.08250427246094,13.659379959106445,225.1666717529297,302.1318359375,44.30305099487305
2021-03-01,124.24517822265625,157.3070068359375,102.5734634399414,131.2681427001953,262.60394287109375,226.44039916992188,13.78611946105957,239.47666931152344,304.3417663574219,45.957183837890625
2021-03-02,121.64923095703125,154.72650146484375,102.31672668457031,130.84071350097656,256.745361328125,223.5064239501953,13.352367401123047,228.81333923339844,304.33270263671875,45.68828201293945
2021-03-03,118.67411804199219,150.25,99.68655395507812,133.37014770507812,253.18661499023438,217.47607421875,12.75328540802002,217.73333740234375,302.7229309082031,46.054962158203125
2021-03-04,116.79766845703125,148.8784942626953,100.80268096923828,131.32049560546875,255.397216796875,216.682861328125,12.32053279876709,207.14666748046875,303.57769775390625,47.839473724365234
2021-03-05,118.0518798828125,150.0229949951172,103.9319076538086,131.62574768066406,261.9793701171875,221.3370361328125,12.411417007446289,199.31666564941406,315.6641845703125,49.6484260559082
2021-03-08,113.13224029541016,147.59750366210938,99.4927749633789,133.37014770507812,253.08749389648438,217.31361389160156,11.546656608581543,187.6666717529297,318.45611572265625,49.59952926635742
2021-03-09,117.73102569580078,153.1425018310547,101.12132263183594,132.42819213867188,263.4267272949219,223.42044067382812,12.474233627319336,224.52667236328125,320.1021423339844,48.83357620239258
2021-03-10,116.65181732177734,152.8820037841797,100.91466522216797,135.30650329589844,262.593994140625,222.12069702148438,12.422425270080566,222.68666076660156,317.93768310546875,50.33289337158203
2021-03-11,118.57689666748047,155.67950439453125,104.10388946533203,134.59999084472656,271.4958801269531,226.62200927734375,12.945745468139648,233.1999969482422,321.1207275390625,49.95806121826172
2021-03-12,117.67269897460938,154.47450256347656,101.5990982055664,136.19615173339844,266.06353759765625,225.3031463623047,12.808751106262207,231.2433319091797,324.92657470703125,50.4958610534668
2021-03-15,120.55059051513672,154.08399963378906,101.81913757324219,135.5157928466797,271.3669738769531,224.40478515625,13.142768859863281,235.97999572753906,322.9734802246094,49.208412170410156
2021-03-16,122.08674621582031,154.59300231933594,103.27870178222656,133.8935089111328,276.8487548828125,227.17630004882812,13.24239730834961,225.6266632080078,323.6305847167969,48.165401458740234
2021-03-17,121.29922485351562,156.7864990234375,103.19593811035156,135.2716064453125,281.53765869140625,226.53594970703125,13.292217254638672,233.93666076660156,321.4218444824219,48.377262115478516
2021-03-18,117.1865463256836,151.39950561523438,100.1786880493164,137.5044403076172,276.194580078125,220.4960479736328,12.675741195678711,217.72000122070312,330.42987060546875,46.2912712097168
2021-03-19,116.66154479980469,153.7480010986328,100.45722198486328,135.31520080566406,287.58453369140625,220.14239501953125,12.798537254333496,218.2899932861328,333.6515808105469,46.03050994873047
2021-03-22,119.96721649169922,155.5435028076172,100.64208221435547,131.67807006835938,290.9847106933594,225.53248596191406,13.137785911560059,223.3333282470703,334.81982421875,45.55790710449219
2021-03-23,119.14079284667969,156.875,101.16940307617188,130.36105346679688,288.1000671386719,227.0520477294922,13.022710800170898,220.72000122070312,336.3166198730469,44.99565887451172
2021-03-24,116.7587661743164,154.35350036621094,100.73329162597656,131.37281799316406,279.6839294433594,225.02598571777344,12.59653377532959,210.08999633789062,338.23321533203125,45.908294677734375
2021-03-25,117.24488830566406,152.31300354003906,100.72981262207031,133.05616760253906,276.3135070800781,222.04421997070312,12.489176750183105,213.4633331298828,338.68035888671875,45.77790832519531
2021-03-26,117.84769439697266,152.60150146484375,100.34671020507812,135.2716064453125,280.5563049316406,226.00079345703125,12.792060852050781,206.23666381835938,343.59967041015625,47.02462387084961
2021-03-29,118.02271270751953,153.7864990234375,101.39044189453125,133.1695556640625,288.28839111328125,224.81576538085938,12.900662422180176,203.76333618164062,345.9543151855469,46.772029876708984
2021-03-30,116.57402038574219,152.76449584960938,101.42414855957031,134.7395477294922,285.4928894042969,221.57594299316406,12.824441909790039,211.8733367919922,340.93463134765625,46.193477630615234
2021-03-31,118.76163482666016,154.70399475097656,102.21958923339844,132.77703857421875,291.966064453125,225.32228088378906,13.29919147491455,222.64332580566406,339.5748291015625,45.49272537231445
2021-04-01,119.58805084228516,158.0500030517578,105.55303192138672,134.06793212890625,296.0601806640625,231.61068725585938,13.760987281799316,220.5833282470703,335.011474609375,46.76387405395508
2021-04-05,122.40760040283203,161.3365020751953,109.97283935546875,134.77859497070312,306.22088623046875,238.03286743164062,13.9360933303833,230.35000610351562,337.8498840332031,46.03865432739258
2021-04-06,122.7090072631836,161.1909942626953,109.49209594726562,133.83102416992188,303.593994140625,236.8765106201172,13.810553550720215,230.5399932861328,332.54730224609375,45.908294677734375
2021-04-07,124.35211944580078,163.96949768066406,110.967529296875,135.92791748046875,310.364501953125,238.82611083984375,14.091519355773926,223.6566619873047,333.70635986328125,46.11199951171875
2021-04-08,126.74390411376953,164.96499633789062,111.53252410888672,136.0946044921875,310.2950744628906,242.0276641845703,14.264383316040039,227.93333435058594,333.0218811035156,45.63124465942383
2021-04-09,129.31063842773438,168.61000061035156,112.5356216430664,137.1123809814453,309.739990234375,244.51248168945312,14.347074508666992,225.67333984375,343.4353332519531,45.52531814575195
2021-04-12,127.5994873046875,168.96949768066406,111.24457550048828,136.82281494140625,308.8280029296875,244.56979370117188,15.153105735778809,233.9933319091797,343.4171142578125,45.223819732666016
2021-04-13,130.7010040283203,170.0,111.73075866699219,135.19094848632812,307.0635681152344,247.03546142578125,15.621871948242188,254.10667419433594,341.7925720214844,45.39493942260742
2021-04-14,128.3675994873047,166.64999389648438,111.11026763916016,132.6641845703125,300.1839599609375,244.2639617919922,15.220852851867676,244.07666015625,342.82391357421875,46.70683670043945
2021-04-15,130.76905822753906,168.95449829101562,113.2582015991211,133.5064697265625,305.140380859375,248.00071716308594,16.077945709228516,246.28334045410156,355.94793701171875,46.42979049682617
2021-04-16,130.43844604492188,169.9720001220703,113.13430786132812,134.49781799316406,303.5146179199219,249.18576049804688,15.85401725769043,246.5933380126953,356.8607177734375,46.169036865234375
2021-04-19,131.09962463378906,168.60049438476562,113.48173522949219,133.9275665283203,299.60894775390625,247.27435302734375,15.305290222167969,238.2100067138672,355.7928161621094,46.022369384765625
2021-04-20,129.41761779785156,166.7344970703125,112.94895935058594,130.96214294433594,300.0154113769531,246.81565856933594,15.115490913391113,239.663330078125,361.89862060546875,45.05269241333008
2021-04-21,129.79678344726562,168.1009979248047,112.91625213623047,132.07635498046875,298.84564208984375,249.0328369140625,15.304046630859375,248.0399932861328,363.9794921875,45.63124465942383
2021-04-22,128.28005981445312,165.45199584960938,111.6360855102539,129.295166015625,293.9387512207031,245.77398681640625,14.795673370361328,239.89666748046875,361.90765380859375,45.03641128540039
2021-04-23,130.5940704345703,167.04400634765625,113.98576354980469,131.76930236816406,298.50860595703125,249.57752990722656,15.209146499633789,243.13333129882812,365.34844970703125,45.280860900878906
2021-04-26,130.98291015625,170.4499969482422,114.48137664794922,132.09390258789062,300.4020080566406,249.9598388671875,15.421113967895508,246.06666564941406,361.2870788574219,45.3704948425293
2021-04-27,130.662109375,170.8715057373047,113.54218292236328,132.6992645263672,300.9273986816406,250.36123657226562,15.32521915435791,234.913330078125,360.0458679199219,45.965328216552734
2021-04-28,129.87457275390625,172.9250030517578,116.915283203125,133.55905151367188,304.4266662597656,243.27960205078125,15.220602989196777,231.46665954589844,360.1278991699219,47.350555419921875
2021-04-29,129.77731323242188,173.5655059814453,118.58647155761719,136.15603637695312,326.6415710449219,241.3204345703125,15.268425941467285,225.6666717529297,366.4801025390625,48.02688217163086
2021-04-30,127.81334686279297,173.37100219726562,116.64071655273438,134.94529724121094,322.2501220703125,241.0050506591797,14.954334259033203,236.47999572753906,363.9703063964844,46.64164733886719
2021-05-03,128.86338806152344,169.32449340820312,116.12431335449219,134.5504913330078,319.77191162109375,240.69923400878906,14.782218933105469,228.3000030517578,370.4502868652344,47.929107666015625
2021-05-04,124.30350494384766,165.593505859375,114.3277359008789,136.41046142578125,315.5886535644531,236.80960083007812,14.298503875732422,224.53334045410156,375.4151611328125,48.230587005615234
2021-05-05,124.54658508300781,163.52699279785156,114.72124481201172,138.2002716064453,312.2776794433594,235.548095703125,14.405362129211426,223.64666748046875,376.4737548828125,49.68101119995117
2021-05-06,126.14108276367188,165.31849670410156,115.84031677246094,140.9814910888672,317.23419189453125,238.6636199951172,14.469623565673828,221.17999267578125,378.7281188964844,50.15361785888672
2021-05-07,126.81307220458984,164.58050537109375,116.56289672851562,141.46401977539062,316.3023376464844,241.27272033691406,14.75780963897705,224.1233367919922,381.1739807128906,50.870689392089844
2021-05-10,123.54073333740234,159.52450561523438,113.58036041259766,141.4464874267578,303.3065185546875,236.2266387939453,14.213316917419434,209.67999267578125,384.131103515625,50.99291229248047
2021-05-11,122.62525939941406,161.19549560546875,112.50538635253906,139.0951690673828,303.86163330078125,235.31874084472656,14.253666877746582,205.73333740234375,375.7436828613281,49.371376037597656
2021-05-12,119.56717681884766,157.5970001220703,109.04557037353516,138.13885498046875,299.9162902832031,228.40911865234375,13.707932472229004,196.6300048828125,369.9664306640625,49.63592529296875
2021-05-13,121.70977020263672,158.07350158691406,110.47242736816406,141.69212341308594,302.6026916503906,232.2605438232422,13.615026473999023,190.56333923339844,372.87786865234375,49.02415466308594
2021-05-14,124.1250991821289,161.14500427246094,112.91773986816406,143.89425659179688,313.189697265625,237.15365600585938,14.190651893615723,196.5800018310547,374.00958251953125,50.23942947387695
2021-05-17,122.9758529663086,163.51950073242188,113.44010162353516,144.4733428955078,312.7138671875,234.3152618408203,14.113438606262207,192.27667236328125,372.94183349609375,51.413352966308594
2021-05-18,121.59291076660156,161.61399841308594,112.12922668457031,142.4378662109375,307.2617492675781,232.30831909179688,13.964237213134766,192.6233367919922,374.53900146484375,49.95834732055664
2021-05-19,121.43708801269531,161.58999633789062,112.5767593383789,141.34994506835938,310.8601379394531,232.88307189941406,14.014054298400879,187.82000732421875,373.7358093261719,48.75960922241211
2021-05-20,123.98873138427734,162.38400268554688,114.33368682861328,141.1042938232422,315.83648681640625,236.10159301757812,14.558796882629395,195.5933380126953,372.95086669921875,48.64386749267578
2021-05-21,122.15779113769531,160.1540069580078,113.69831085205078,142.7098388671875,313.4772033691406,234.8467559814453,14.936649322509766,193.6266632080078,375.6797790527344,48.71000671386719
2021-05-24,123.7842025756836,162.24949645996094,117.014404296875,143.48193359375,321.8040466308594,240.22055053710938,15.554620742797852,202.14666748046875,375.0592041015625,49.28044509887695
2021-05-25,123.58943939208984,162.95249938964844,117.10511016845703,141.99916076660156,324.9365539550781,241.12095642089844,15.590239524841309,201.56333923339844,376.9757995605469,48.164371490478516
2021-05-26,123.54073333740234,163.25799560546875,117.96945190429688,141.9816436767578,324.80767822265625,240.900634765625,15.64229679107666,206.3766632080078,377.1217956542969,48.726539611816406
2021-05-27,122.0116958618164,161.5054931640625,117.09569549560547,144.1925506591797,329.8533630371094,238.8124237060547,15.431077003479004,210.28334045410156,376.65631103515625,48.41238784790039
2021-05-28,121.35918426513672,161.15350341796875,116.8067398071289,144.0960693359375,325.8683166503906,239.1668243408203,16.18480110168457,208.4066619873047,375.9445495605469,48.25530242919922
2021-06-01,121.03777313232422,160.9324951171875,118.0125503540039,145.68406677246094,326.2648620605469,236.9828338623047,16.204727172851562,207.96665954589844,371.1986083984375,49.98313903808594
2021-06-02,121.79742431640625,161.69949340820312,117.48770904541016,145.69284057617188,326.28472900390625,236.8870849609375,16.716585159301758,201.7066650390625,370.40460205078125,50.37996292114258
2021-06-03,120.31707000732422,159.35049438476562,116.34732055664062,145.789306640625,323.2017822265625,235.364013671875,16.90737533569336,190.94667053222656,372.330322265625,50.5783805847168
2021-06-04,122.60578918457031,160.31100463867188,118.62660217285156,146.02622985839844,327.4742736816406,240.23011779785156,17.513641357421875,199.68333435058594,370.21295166015625,50.80158615112305
2021-06-07,122.61551666259766,159.90049743652344,119.05927276611328,145.34193420410156,333.6500244140625,243.12294006347656,17.554244995117188,201.7100067138672,365.2936706542969,50.47091293334961
2021-06-08,123.43360137939453,163.20550537109375,118.86797332763672,144.7628631591797,330.7752685546875,241.93516540527344,17.392839431762695,201.19667053222656,366.653564453125,51.3637580871582
2021-06-09,123.81343841552734,164.0574951171875,119.33879089355469,142.95550537109375,327.37518310546875,242.91221618652344,17.298418045043945,199.5933380126953,366.0694580078125,51.79365158081055
2021-06-10,122.82003021240234,167.4824981689453,120.68633270263672,140.72698974609375,329.56585693359375,246.4085235595703,17.36493492126465,203.3733367919922,366.42535400390625,51.876319885253906
2021-06-11,124.02767944335938,167.3415069580078,120.4420166015625,140.63052368164062,328.3763427734375,247.0311737060547,17.763811111450195,203.29666137695312,363.1397705078125,51.396820068359375
2021-06-14,127.07604217529297,169.19349670410156,121.36930084228516,138.244140625,333.83837890625,248.94692993164062,17.95663833618164,205.89666748046875,364.2988586425781,51.31415557861328
2021-06-15,126.25794982910156,169.156494140625,120.35232543945312,136.14724731445312,333.8185119628906,247.4813690185547,17.727184295654297,199.7866668701172,365.3210754394531,53.18253707885742
2021-06-16,126.75463104248047,170.7624969482422,119.71099090576172,137.1035919189453,328.19793701171875,246.54261779785156,17.74886131286621,201.6233367919922,362.55572509765625,52.99237060546875
2021-06-17,128.35186767578125,174.46200561523438,120.67345428466797,133.14674377441406,333.5806579589844,249.9143524169922,18.592939376831055,205.53334045410156,362.64691162109375,51.24802017211914
2021-06-18,127.05655670166016,174.34500122070312,119.05530548095703,129.77769470214844,326.7902526855469,248.5063018798828,18.57450294494629,207.77000427246094,356.6654968261719,49.93354034423828
2021-06-21,128.8485870361328,172.697998046875,120.74185943603516,131.97984313964844,329.3973388671875,251.5716094970703,18.363733291625977,206.94332885742188,364.6347351074219,51.744049072265625
2021-06-22,130.4846954345703,175.27200317382812,121.25530242919922,131.786865234375,336.0787353515625,254.3303680419922,18.821645736694336,207.90333557128906,365.2026062011719,52.736106872558594
2021-06-23,130.2120361328125,175.1909942626953,121.0535888671875,132.585205078125,337.6251220703125,254.1004180908203,18.99155616760254,218.85667419433594,362.33551025390625,53.12466049194336
2021-06-24,129.92959594726562,172.45399475097656,121.42330932617188,133.80474853515625,340.1925354003906,255.46055603027344,19.139301300048828,226.60667419433594,365.36749267578125,53.3396110534668
2021-06-25,129.63743591308594,170.072998046875,121.43173217773438,135.15585327148438,338.3983154296875,253.86093139648438,18.96540069580078,223.9566650390625,370.93682861328125,53.45534133911133
2021-06-28,131.26385498046875,172.1945037841797,121.4590072631836,135.40151977539062,352.54412841796875,257.40509033203125,19.916112899780273,229.57333374023438,367.739990234375,52.09125900268555
2021-06-29,132.7733917236328,172.40699768066406,121.19781494140625,135.23480224609375,348.8267822265625,259.9722900390625,19.95772361755371,226.9199981689453,364.6622009277344,51.76884078979492
2021-06-30,133.3870086669922,172.00799560546875,121.01642608642578,136.46307373046875,344.68310546875,259.4933776855469,19.933551788330078,226.56666564941406,366.8056640625,52.14914321899414
2021-07-01,133.68890380859375,171.64849853515625,121.36830139160156,137.81419372558594,351.3049621582031,260.1638488769531,20.14232635498047,225.97332763671875,370.8819274902344,52.29794692993164
2021-07-02,136.30873107910156,175.5489959716797,124.15657806396484,137.68186950683594,351.6123352050781,265.9591369628906,20.416385650634766,226.3000030517578,374.9763488769531,52.22353744506836
2021-07-06,138.3149871826172,183.78700256347656,125.08087921142578,135.36997985839844,349.7090148925781,265.96868896484375,20.627155303955078,219.86000061035156,375.8007507324219,50.73545455932617
2021-07-07,140.79844665527344,184.82899475097656,125.36237335205078,135.52877807617188,347.43890380859375,268.1430358886719,20.301528930664062,214.88333129882812,377.08319091796875,49.941810607910156
2021-07-08,139.50315856933594,186.57049560546875,123.94495391845703,133.1904296875,342.64105224609375,265.73876953125,19.83414649963379,217.60333251953125,375.5168762207031,49.71858596801758
2021-07-09,141.32437133789062,185.9669952392578,124.415283203125,137.4524383544922,347.3695373535156,266.2368469238281,19.98113441467285,218.98333740234375,377.4954528808594,50.61971664428711
2021-07-12,140.73028564453125,185.92750549316406,125.8594741821289,139.4202117919922,350.0857238769531,265.64306640625,20.441795349121094,228.56666564941406,381.0953674316406,50.57011032104492
2021-07-13,141.84056091308594,183.8679962158203,126.22225952148438,137.3465576171875,349.0249938964844,269.1488342285156,20.180194854736328,222.84666442871094,383.3852844238281,50.33036804199219
2021-07-14,145.25897216796875,184.08399963378906,127.10987854003906,136.87889099121094,344.6038818359375,270.61444091796875,19.77310562133789,217.7933349609375,379.904541015625,49.214298248291016
2021-07-15,144.6064453125,181.55999755859375,125.88871765136719,137.1789093017578,341.4614562988281,269.19683837890625,18.9008731842041,216.86666870117188,384.7685546875,48.734806060791016
2021-07-16,142.5709686279297,178.68150329589844,125.85403442382812,134.04632568359375,338.19012451171875,268.9286193847656,18.098398208618164,214.74000549316406,384.44793701171875,47.387264251708984
2021-07-19,138.73374938964844,177.47950744628906,123.48303985595703,129.68727111816406,334.0168151855469,265.3460693359375,18.715015411376953,215.4066619873047,374.7016296386719,45.758636474609375
2021-07-20,142.3372039794922,178.6595001220703,125.1002197265625,132.1050567626953,338.6858215332031,267.5588073730469,18.54784393310547,220.1666717529297,378.2831726074219,46.2629280090332
2021-07-21,141.60678100585938,179.25999450683594,126.4279556274414,134.88461303710938,343.21600341796875,269.5512390136719,19.343093872070312,218.42999267578125,379.8129577636719,47.751007080078125
2021-07-22,142.97027587890625,181.90150451660156,127.2927474975586,133.1815948486328,348.1328125,274.0916748046875,19.52646255493164,216.4199981689453,380.8479919433594,47.21365737915039
2021-07-23,144.68438720703125,182.83200073242188,131.8459014892578,132.9257049560547,366.5709533691406,277.4729919433594,19.49058723449707,214.4600067138672,382.6158447265625,47.15578842163086
2021-07-26,145.1031494140625,184.99099731445312,132.85694885253906,133.81690979003906,369.2176818847656,276.8791198730469,19.227495193481445,219.2066650390625,378.8052978515625,48.346248626708984
2021-07-27,142.94107055664062,181.3195037841797,130.7406768798828,133.64044189453125,364.6081848144531,274.4748229980469,19.141788482666016,214.92666625976562,380.2342834472656,47.80888748168945
2021-07-28,141.19776916503906,181.51600646972656,134.8978271484375,133.86105346679688,370.0305480957031,274.1683349609375,19.435773849487305,215.66000366210938,374.80230712890625,48.13130569458008
2021-07-29,141.84056091308594,179.99600219726562,134.58412170410156,135.0081787109375,355.2008056640625,274.4364318847656,19.594223022460938,225.78334045410156,377.4679260253906,48.718265533447266
2021-07-30,142.05477905273438,166.37950134277344,133.5423583984375,133.93165588378906,353.19830322265625,272.9134521484375,19.431787490844727,229.06666564941406,377.59619140625,47.59394073486328
2021-08-02,141.7236785888672,166.57400512695312,133.66920471191406,133.39337158203125,348.88623046875,272.8272399902344,19.681917190551758,236.55667114257812,380.6648254394531,47.602210998535156
2021-08-03,143.5156707763672,168.31199645996094,134.4379119873047,134.9111328125,348.1823425292969,275.0303955078125,19.746700286865234,236.5800018310547,386.4631652832031,48.11477279663086
2021-08-04,143.11634826660156,167.73599243164062,133.93785095214844,133.45513916015625,355.7955627441406,274.4461364746094,20.204116821289062,236.97332763671875,386.1333923339844,46.99043655395508
2021-08-05,143.2235107421875,168.79949951171875,135.05393981933594,135.14053344726562,359.810302734375,277.3293151855469,20.565860748291016,238.2100067138672,376.6527404785156,47.288047790527344
2021-08-06,142.54074096679688,167.2469940185547,134.54542541503906,138.97897338867188,360.3455505371094,277.2718200683594,20.295799255371094,233.03334045410156,380.25262451171875,47.83368682861328
2021-08-09,142.49192810058594,167.093505859375,135.70962524414062,138.82899475097656,358.462158203125,276.18939208984375,20.225040435791016,237.9199981689453,376.35955810546875,47.288047790527344
2021-08-10,142.01405334472656,166.03399658203125,135.60458374023438,140.53204345703125,357.9863586425781,274.3790283203125,19.867279052734375,236.663330078125,377.193115234375,48.098236083984375
2021-08-11,142.26763916015625,164.60549926757812,135.08120727539062,142.2086181640625,356.82647705078125,274.8675537109375,19.6310977935791,235.94000244140625,373.492431640625,48.238773345947266
2021-08-12,145.2230224609375,165.1750030517578,135.9881591796875,142.76455688476562,359.4930725097656,277.6070861816406,19.836387634277344,240.75,371.8619384765625,48.12968444824219
2021-08-13,145.42784118652344,164.69850158691406,136.51698303222656,141.16732788085938,360.0185241699219,280.5191345214844,20.118408203125,239.05667114257812,375.2603759765625,47.64292526245117
2021-08-16,147.39808654785156,164.94949340820312,137.09385681152344,140.2408447265625,363.3690490722656,282.1954650878906,19.88123321533203,228.72332763671875,382.16705322265625,46.94636917114258
2021-08-17,146.490966796875,162.09800720214844,135.46034240722656,138.54661560058594,355.32965087890625,280.7393798828125,19.39093589782715,221.90333557128906,386.3531494140625,46.62746810913086
2021-08-18,142.7552947998047,160.06100463867188,134.25852966308594,137.28480529785156,352.3558044433594,279.0214538574219,18.974374771118164,229.663330078125,382.2677307128906,45.64556884765625
2021-08-19,143.08694458007812,159.3874969482422,134.48745727539062,136.13766479492188,352.02862548828125,284.81829833984375,19.729753494262695,224.49000549316406,391.949951171875,44.25244140625
2021-08-20,144.54026794433594,159.99749755859375,136.22157287597656,136.5259246826172,356.2415771484375,292.10260009765625,20.744247436523438,226.75332641601562,393.6171569824219,44.260841369628906
2021-08-23,146.02281188964844,163.2935028076172,138.81065368652344,138.27308654785156,360.1869812011719,292.3808898925781,21.882312774658203,235.43333435058594,389.6324768066406,46.08196258544922
2021-08-24,145.9350128173828,165.28900146484375,140.01991271972656,139.12899780273438,362.3281555175781,290.4326477050781,21.717878341674805,236.163330078125,387.8463134765625,46.45960998535156
2021-08-25,144.7060546875,164.95899963378906,140.83023071289062,141.99684143066406,365.1831359863281,289.84722900390625,22.136428833007812,237.06666564941406,384.4844970703125,46.54353713989258
2021-08-26,143.90628051757812,165.8000030517578,140.1973419189453,142.72926330566406,361.2080078125,287.0447692871094,21.9919376373291,233.72000122070312,381.83721923828125,45.91412353515625
2021-08-27,144.94015502929688,167.48150634765625,142.73829650878906,143.87635803222656,369.38623046875,287.6494445800781,22.55797576904297,237.30667114257812,383.5868835449219,46.80369567871094
2021-08-30,149.3488311767578,171.07850646972656,143.3196563720703,141.5732879638672,377.3462829589844,291.3635559082031,22.609792709350586,243.6366729736328,383.1654357910156,46.29176712036133
2021-08-31,148.09060668945312,173.5395050048828,143.4257049560547,141.14093017578125,376.0775146484375,289.72247314453125,22.31177520751953,245.24000549316406,381.3059387207031,45.75466537475586
2021-09-01,148.7538604736328,173.9499969482422,143.93917846679688,140.93792724609375,378.72418212890625,289.67449951171875,22.367586135864258,244.69667053222656,382.2952575683594,45.125247955322266
2021-09-02,149.8657989501953,173.156005859375,142.0276336669922,141.59095764160156,372.01312255859375,289.0218811035156,22.322734832763672,244.1300048828125,388.12103271484375,46.224632263183594
2021-09-03,150.49978637695312,173.90249633789062,142.4761199951172,140.73501586914062,372.9845886230469,289.01226806640625,22.768274307250977,244.52333068847656,387.3424987792969,46.048397064208984
2021-09-07,152.83090209960938,175.46449279785156,143.0123748779297,140.4879150390625,378.85302734375,288.0909118652344,22.587865829467773,250.97332763671875,385.8585205078125,45.779842376708984
2021-09-08,151.28981018066406,176.27499389648438,142.42803955078125,139.8614044189453,374.2832336425781,288.11968994140625,22.265926361083984,251.2899932861328,380.4999084472656,45.360233306884766
2021-09-09,150.2754364013672,174.20799255371094,142.27938842773438,140.4702606201172,374.70947265625,285.2789001464844,22.104455947875977,251.6199951171875,379.73046875,45.393795013427734
2021-09-10,145.30105590820312,173.45750427246094,139.63780212402344,138.85546875,375.3934326171875,283.8009338378906,22.40447425842285,245.42333984375,371.2828063964844,45.301475524902344
2021-09-13,145.8667449951172,172.85850524902344,141.08151245117188,141.0614776611328,373.2324523925781,285.02935791015625,22.07953643798828,247.6666717529297,381.0357360839844,46.46800231933594
2021-09-14,144.4719696044922,172.5,141.2916259765625,138.5995635986328,373.25225830078125,287.7165832519531,22.169239044189453,248.163330078125,379.2156982421875,45.80501937866211
2021-09-15,145.35958862304688,173.7895050048828,143.1600799560547,139.56138610839844,370.6650390625,292.5440979003906,22.267921447753906,251.94332885742188,383.7933654785156,47.34919738769531
2021-09-16,145.12545776367188,174.41200256347656,142.3477783203125,139.49961853027344,369.8124694824219,292.927978515625,22.169239044189453,252.3300018310547,383.16839599609375,46.84566116333008
2021-09-17,142.4626922607422,173.12600708007812,139.56246948242188,139.13783264160156,361.54510498046875,287.79345703125,21.82836151123047,253.163330078125,386.2202453613281,46.29176712036133
2021-09-20,139.4195556640625,167.7864990234375,137.50027465820312,134.97291564941406,352.6036071777344,282.4477233886719,21.04393768310547,243.38999938964844,379.3627624511719,45.058101654052734
2021-09-21,139.89744567871094,167.18150329589844,137.8109893798828,134.99053955078125,354.36810302734375,282.92755126953125,21.17650032043457,246.4600067138672,379.0318908691406,45.01614761352539
2021-09-22,142.2578582763672,169.00250244140625,139.05050659179688,137.57598876953125,340.2222595214844,286.5553894042969,21.86922264099121,250.64666748046875,375.6858825683594,46.3337287902832
2021-09-23,143.21376037597656,170.8000030517578,139.97482299804688,142.22625732421875,342.9483642578125,287.4959716796875,22.408456802368164,251.2133331298828,375.0699768066406,47.90309524536133
2021-09-24,143.30154418945312,171.2760009765625,140.9650115966797,143.8675079345703,349.8874206542969,287.2943115234375,22.008764266967773,258.1300048828125,374.1968078613281,48.33108901977539
2021-09-27,141.78964233398438,170.2899932861328,139.8320770263672,147.34423828125,350.5020446777344,282.3229675292969,21.58914566040039,263.78668212890625,372.53289794921875,49.766170501708984
2021-09-28,138.41493225097656,165.79800415039062,134.63613891601562,146.55003356933594,337.6846008300781,272.10186767578125,20.631290435791016,259.1866760253906,366.4200744628906,50.28649139404297
2021-09-29,139.31224060058594,165.05599975585938,133.17263793945312,146.4353485107422,336.6536560058594,272.5625,20.449880599975586,260.4366760253906,368.0656433105469,50.252925872802734
2021-09-30,138.01499938964844,164.2519989013672,132.50106811523438,144.44105529785156,336.43560791015625,270.56634521484375,20.648231506347656,258.49334716796875,359.1766357421875,49.36334228515625
2021-10-01,139.13670349121094,164.16299438476562,135.3428955078125,147.47659301757812,340.0240783691406,277.4571533203125,20.67414665222168,258.40667724609375,360.73016357421875,51.13410568237305
2021-10-04,135.713134765625,159.48899841308594,132.48475646972656,147.31771850585938,323.3901672363281,271.7083740234375,19.66745376586914,260.510009765625,355.7480163574219,51.7971076965332
2021-10-05,137.63462829589844,161.0500030517578,134.82745361328125,149.72348022460938,330.0615234375,277.13092041015625,20.384105682373047,260.1966552734375,361.64935302734375,51.71318054199219
2021-10-06,138.50271606445312,163.10049438476562,136.35592651367188,150.04307556152344,330.73565673828125,281.3055725097656,20.632287979125977,260.9166564941406,362.4032287597656,50.76485061645508
2021-10-07,139.76097106933594,165.1215057373047,138.0012969970703,150.99290466308594,326.3540954589844,282.9755859375,21.006061553955078,264.53668212890625,372.00909423828125,50.90752029418945
2021-10-08,139.38055419921875,164.43099975585938,138.55690002441406,151.10833740234375,327.1769104003906,282.9755859375,20.762861251831055,261.8299865722656,375.4652099609375,52.18315124511719
2021-10-11,139.29273986816406,162.31500244140625,137.6930389404297,147.93026733398438,322.6169128417969,282.38055419921875,20.627304077148438,263.9800109863281,372.2755432128906,51.6628303527832
2021-10-12,138.02474975585938,162.3665008544922,135.24972534179688,146.7939910888672,320.95147705078125,281.0849609375,20.603378295898438,268.5733337402344,370.66693115234375,51.394264221191406
2021-10-13,137.4395294189453,164.21400451660156,136.37274169921875,142.92349243164062,321.7148742675781,284.3768005371094,20.870502471923828,270.3599853515625,370.951904296875,51.25160598754883
2021-10-14,140.2193603515625,164.9929962158203,139.91036987304688,145.1162109375,325.6700744628906,290.55743408203125,21.67485809326172,272.7733459472656,386.404052734375,52.03208923339844
2021-10-15,141.27276611328125,170.4510040283203,140.12547302246094,147.90365600585938,321.9329528808594,291.9585876464844,21.790485382080078,281.010009765625,393.4911804199219,52.52722930908203
2021-10-18,142.94064331054688,172.33700561523438,141.52308654785156,147.85035705566406,332.4208068847656,294.91455078125,22.14930534362793,290.03668212890625,390.3199462890625,52.50205612182617
2021-10-19,145.09622192382812,172.20750427246094,141.9780731201172,149.6436004638672,337.03033447265625,295.8167419433594,22.217082977294922,288.0899963378906,390.0993347167969,53.29092788696289
2021-10-20,145.58389282226562,170.7530059814453,140.52296447753906,151.65870666503906,337.8134765625,295.02978515625,22.03069305419922,288.6000061035156,399.9441223144531,53.58465576171875
2021-10-21,145.79847717285156,171.75050354003906,140.63893127441406,150.46914672851562,338.9039001464844,298.2448425292969,22.61777114868164,298.0,406.5533752441406,52.61116409301758
2021-10-22,145.02793884277344,166.77749633789062,136.35740661621094,152.4931640625,321.7841796875,296.7093200683594,22.651655197143555,303.2266540527344,412.8775939941406,52.972023010253906
2021-10-25,144.97914123535156,166.01849365234375,136.23895263671875,151.7474822998047,325.8287048339844,295.7207946777344,23.090219497680664,341.6199951171875,413.180908203125,54.004268646240234
2021-10-26,145.64239501953125,168.80349731445312,138.08409118652344,152.15582275390625,313.0608215332031,297.6210021972656,24.63614273071289,339.4766540527344,417.91485595703125,55.25470733642578
2021-10-27,145.18399047851562,169.62449645996094,144.93235778808594,148.9866485595703,309.5020446777344,310.155029296875,24.371015548706055,345.9533386230469,416.8487548828125,53.819637298583984
2021-10-28,148.8123779296875,172.32850646972656,144.56707763671875,151.2326202392578,314.16119384765625,311.28753662109375,24.85941505432129,359.0133361816406,418.6502685546875,53.9706916809082
2021-10-29,146.11058044433594,168.6215057373047,146.74481201171875,150.8153839111328,320.7532653808594,318.2647705078125,25.483362197875977,371.3333435058594,423.2739562988281,54.10497283935547
2021-11-01,145.2913055419922,165.90550231933594,142.2357635498047,150.73550415039062,327.10748291015625,316.1053466796875,25.742515563964844,402.86334228515625,417.4277648925781,55.07847213745117
2021-11-02,146.3251953125,165.6374969482422,144.1542510986328,151.3302764892578,325.22406005859375,319.7139892578125,26.31463623046875,390.6666564941406,415.5249328613281,54.39870834350586
2021-11-03,147.7589874267578,169.1999969482422,145.30950927734375,151.38348388671875,328.7331848144531,320.5489501953125,26.5109920501709,404.6199951171875,420.38763427734375,53.651790618896484
2021-11-04,147.24205017089844,173.85000610351562,146.96432495117188,149.39498901367188,332.9263610839844,322.8905944824219,29.70351791381836,409.9700012207031,419.86370849609375,54.054622650146484
2021-11-05,147.76951599121094,175.94949340820312,147.54371643066406,149.18194580078125,338.160400390625,322.5260009765625,29.654672622680664,407.36334228515625,418.9904479980469,54.56654739379883
2021-11-08,146.94900512695312,174.44900512695312,147.72113037109375,150.07852172851562,335.67230224609375,323.41845703125,30.70323944091797,387.64666748046875,425.2503356933594,55.15400695800781
2021-11-09,147.31039428710938,178.81149291992188,147.60963439941406,148.94224548339844,332.4505615234375,322.4203796386719,30.55671501159668,341.1666564941406,426.840576171875,55.69110870361328
2021-11-10,144.48745727539062,174.1024932861328,144.61117553710938,148.8002471923828,324.7878723144531,317.477783203125,29.362634658813477,355.98333740234375,422.7500915527344,54.59395980834961
2021-11-11,144.43861389160156,173.625,144.4853057861328,148.7913818359375,324.886962890625,319.0421447753906,30.29058837890625,354.5033264160156,420.44281005859375,54.69602966308594
2021-11-12,146.50942993164062,176.25750732421875,147.37124633789062,148.12557983398438,337.9225158691406,323.159423828125,30.29058837890625,344.47332763671875,421.91357421875,54.27927780151367
2021-11-15,146.51919555664062,177.28399658203125,147.14720153808594,147.85923767089844,344.534423828125,322.5355529785156,29.926780700683594,337.7966613769531,414.38507080078125,54.7470588684082
2021-11-16,147.4959716796875,177.03500366210938,146.57626342773438,146.7939910888672,339.9744873046875,325.8370361328125,30.104198455810547,351.57666015625,413.30047607421875,55.29987716674805
2021-11-17,149.92822265625,177.4499969482422,146.7457733154297,146.00392150878906,337.8034973144531,326.05816650390625,29.1652774810791,363.0033264160156,412.68463134765625,54.69602966308594
2021-11-18,154.20657348632812,184.80299377441406,148.5215301513672,144.74334716796875,335.7416687011719,328.1253662109375,31.571382522583008,365.4599914550781,413.1625671386719,54.10068130493164
2021-11-19,156.82437133789062,183.82850646972656,147.61753845214844,142.8524932861328,342.2940673828125,329.89447021484375,32.87710189819336,379.0199890136719,404.4575500488281,51.60018539428711
2021-11-22,157.2834930419922,178.6284942626953,145.01611328125,145.8973846435547,338.0414733886719,326.7408142089844,31.85146141052246,385.6233215332031,402.1961975097656,52.314605712890625
2021-11-23,157.66444396972656,179.0019989013672,144.5006866455078,149.3861846923828,334.314208984375,324.6736145019531,31.64215087890625,369.6766662597656,411.01153564453125,53.69243240356445
2021-11-24,158.18212890625,179.02049255371094,144.83570861816406,148.21435546875,338.091064453125,324.8948059082031,32.56711196899414,372.0,413.796875,53.9901123046875
2021-11-26,153.17117309570312,175.22799682617188,140.93331909179688,143.7490692138672,330.2201843261719,316.9816589355469,31.399944305419922,360.6400146484375,404.3747863769531,52.093475341796875
2021-11-29,156.52157592773438,178.07850646972656,144.25140380859375,143.12771606445312,335.08740234375,323.6640625,33.266815185546875,378.9966735839844,415.48822021484375,52.38265609741211
2021-11-30,161.46414184570312,175.35350036621094,140.6503448486328,140.9971466064453,321.6355285644531,317.8567199707031,32.5691032409668,381.586669921875,408.336669921875,50.894264221191406
2021-12-01,160.9464569091797,172.18600463867188,139.81178283691406,140.16270446777344,307.8961486816406,317.36639404296875,31.33600425720215,365.0,408.4469909667969,50.85173416137695
2021-12-02,159.9598846435547,171.8679962158203,141.70944213867188,143.1099395751953,307.6880187988281,316.799072265625,32.02482223510742,361.5333251953125,409.9912109375,52.11899185180664
2021-12-03,158.0844268798828,169.489501953125,140.75340270996094,140.51780700683594,304.1689147949219,310.5686950683594,30.596342086791992,338.3233337402344,414.371826171875,51.787288665771484
2021-12-06,161.48370361328125,171.36849975585938,141.8967742919922,142.1778106689453,315.1028747558594,313.6261901855469,29.942407608032227,336.336669921875,424.3224792480469,52.3741455078125
2021-12-07,167.20773315429688,176.1645050048828,145.97511291503906,144.3172607421875,319.9998779296875,322.0198974609375,32.32487487792969,350.5833435058594,428.5832214355469,52.96098709106445
2021-12-08,171.01719665527344,176.1580047607422,146.884033203125,142.6660919189453,327.6824035644531,322.0680236816406,31.725772857666016,356.32000732421875,432.3919372558594,53.11408233642578
2021-12-09,170.50927734375,174.17100524902344,146.3408660888672,142.4441680908203,326.9488830566406,320.2699890136719,30.39398193359375,334.6000061035156,436.5050354003906,53.25015640258789
2021-12-10,175.28579711914062,172.21200561523438,146.70066833496094,141.8760223388672,326.8795166015625,329.3464050292969,30.1028995513916,339.010009765625,441.03314208984375,53.590362548828125
2021-12-13,171.66188049316406,169.5675048828125,144.54478454589844,140.18930053710938,331.57818603515625,326.3273620605469,28.072315216064453,322.13665771484375,440.95013427734375,52.41667938232422
2021-12-14,170.2845916748047,169.0915069580078,142.64218139648438,141.2634735107422,330.8347473144531,315.693359375,28.247760772705078,319.5033264160156,442.1674499511719,52.34012985229492
2021-12-15,175.13929748535156,173.31500244140625,145.1538848876953,140.20704650878906,338.6858215332031,321.7603454589844,30.363075256347656,325.3299865722656,455.927001953125,52.11048126220703
2021-12-16,168.26266479492188,168.87100219726562,143.17543029785156,142.39979553222656,331.9846496582031,312.3858947753906,28.297605514526367,308.97332763671875,454.5252380371094,52.19553756713867
2021-12-17,167.16864013671875,170.0175018310547,140.47935485839844,139.1595458984375,330.8843688964844,311.3281555175781,27.713451385498047,310.8566589355469,449.23162841796875,51.05585861206055
2021-12-20,165.8109130859375,167.07899475097656,140.36236572265625,136.6561737060547,322.6169128417969,307.5880432128906,27.631710052490234,299.9800109863281,446.1053466796875,50.31592559814453
2021-12-21,168.9757080078125,170.41700744628906,142.21148681640625,138.56478881835938,331.290771484375,314.6838073730469,28.98343849182129,312.84332275390625,449.3146667480469,51.455596923828125
2021-12-22,171.56422424316406,171.03700256347656,145.12811279296875,139.10630798339844,327.5733947753906,320.3661804199219,29.30741310119629,336.2900085449219,455.6964416503906,51.872344970703125
2021-12-23,172.18931579589844,171.06849670410156,145.62521362304688,139.6034393310547,332.3216247558594,321.79876708984375,29.54665756225586,355.6666564941406,456.84918212890625,51.89786148071289
2021-12-27,176.1453399658203,169.66949462890625,146.60650634765625,140.40237426757812,343.1664733886719,329.25994873046875,30.847549438476562,364.64666748046875,460.6487121582031,52.63779830932617
2021-12-28,175.1295166015625,170.66099548339844,145.39772033691406,140.8284912109375,343.2061767578125,328.1060791015625,30.22650909423828,362.8233337402344,463.8211669921875,52.46769332885742
2021-12-29,175.2174072265625,169.2010040283203,145.36599731445312,140.75746154785156,339.9547119140625,328.7791442871094,29.906518936157227,362.0633239746094,466.25579833984375,52.00843048095703
2021-12-30,174.06478881835938,168.64450073242188,144.91551208496094,140.68646240234375,341.3623352050781,326.2504577636719,29.492826461791992,356.7799987792969,465.1953125,51.70225143432617
2021-12-31,173.449462890625,166.7169952392578,143.57884216308594,140.571044921875,333.42205810546875,323.365966796875,29.318378448486328,352.260009765625,463.0834655761719,52.04244613647461
2022-01-03,177.786376953125,170.4044952392578,143.71713256835938,143.54498291015625,335.5929870605469,321.8564453125,30.026142120361328,399.9266662597656,463.2125549316406,54.041133880615234
2022-01-04,175.530029296875,167.52200317382812,143.13034057617188,148.9866485595703,333.6004638671875,316.3375244140625,29.197757720947266,383.1966552734375,452.7176818847656,56.0738410949707
2022-01-05,170.86093139648438,164.35699462890625,136.56405639648438,146.26287841796875,321.34808349609375,304.19403076171875,27.51706886291504,362.7066650390625,451.601806640625,56.7712516784668
2022-01-06,168.00863647460938,163.25399780273438,136.53680419921875,147.8167724609375,329.56585693359375,301.7903747558594,28.08926010131836,354.8999938964844,433.1204833984375,58.1065673828125
2022-01-07,168.17471313476562,162.5540008544922,135.81271362304688,149.28138732910156,328.90179443359375,301.944091796875,27.161195755004883,342.32000732421875,422.92999267578125,58.58283996582031
2022-01-10,168.19424438476562,161.48599243164062,137.45071411132812,149.42430114746094,325.2141418457031,302.165283203125,27.31370735168457,352.7066650390625,428.8321228027344,58.234130859375
2022-01-11,171.01719665527344,165.36199951171875,138.50782775878906,149.5760955810547,331.45928955078125,302.84796142578125,27.729394912719727,354.79998779296875,432.5210876464844,60.6835823059082
2022-01-12,171.456787109375,165.20700073242188,140.18740844726562,150.4244842529297,330.3589172363281,306.01123046875,27.910825729370117,368.739990234375,436.8739013671875,60.504981994628906
2022-01-13,168.19424438476562,161.21400451660156,137.36892700195312,150.23692321777344,323.63800048828125,293.0600280761719,26.491310119628906,343.85333251953125,431.0732116699219,60.07121658325195
2022-01-14,169.05386352539062,162.13800048828125,138.2545623779297,141.0028533935547,329.0107727050781,298.2521057128906,26.857152938842773,349.8699951171875,432.2351989746094,61.12584686279297
2022-01-18,165.8596954345703,158.91749572753906,134.80267333984375,135.09091186523438,315.38043212890625,290.99285888671875,25.821426391601562,343.5033264160156,425.1341247558594,62.15495300292969
2022-01-19,162.37255859375,156.2989959716797,133.92893981933594,133.0011749267578,316.80792236328125,291.64666748046875,24.98805809020996,331.8833312988281,426.5450439453125,62.18047332763672
2022-01-20,160.69247436523438,151.66749572753906,132.13583374023438,131.8669891357422,313.8043518066406,289.98333740234375,24.073949813842773,332.0899963378906,426.9877624511719,62.316558837890625
2022-01-21,158.6412353515625,142.64300537109375,129.20579528808594,129.56297302246094,300.53094482421875,284.6278381347656,23.300390243530273,314.6333312988281,425.3001708984375,61.38100051879883
2022-01-24,157.86953735351562,144.54400634765625,129.65432739257812,129.44686889648438,306.0226135253906,284.9547119140625,23.29839324951172,310.0,426.3145446777344,61.90830993652344
2022-01-25,156.072265625,139.98599243164062,125.81932830810547,130.85781860351562,297.53717041015625,277.3782653808594,22.253694534301758,306.1333312988281,421.3069152832031,63.728389739990234
2022-01-26,155.9843292236328,138.87249755859375,128.09713745117188,132.0991973876953,292.0651550292969,285.2816467285156,22.700288772583008,312.4700012207031,422.7732238769531,63.08201599121094
2022-01-27,155.52525329589844,139.6374969482422,127.87113952636719,129.76834106445312,292.0751037597656,288.2910461425781,21.874893188476562,276.3666687011719,425.6966552734375,63.889991760253906
2022-01-28,166.37744140625,143.97799682617188,132.178955078125,130.92930603027344,299.0835266113281,296.3868103027344,22.7680721282959,282.1166687011719,429.8096923828125,64.02607727050781
2022-01-31,170.7241668701172,149.57350158691406,134.11428833007812,132.70648193359375,310.5330505371094,299.0020446777344,24.408885955810547,312.239990234375,435.81341552734375,64.6043930053711
2022-02-01,170.55812072753906,151.19349670410156,136.4342041015625,134.9837188720703,316.2231140136719,296.86749267578125,24.56041145324707,310.4166564941406,431.9770202636719,68.74637603759766
2022-02-02,171.7595672607422,150.6125030517578,146.69918823242188,133.9031524658203,320.188232421875,301.38653564453125,25.162508010864258,301.88665771484375,442.46258544921875,68.56777954101562
2022-02-03,168.8877716064453,138.8455047607422,141.83233642578125,132.79576110839844,235.6902618408203,289.6468200683594,23.872587203979492,297.0466613769531,450.75335693359375,67.76829528808594
2022-02-04,168.60418701171875,157.63949584960938,142.0335693359375,136.24290466308594,235.026123046875,294.15618896484375,24.242416381835938,307.7733459472656,445.5888671875,69.23968505859375
2022-02-07,167.89019775390625,157.9355010986328,137.9775390625,136.69839477539062,222.95213317871094,289.3582763671875,24.650129318237305,302.4466552734375,446.0777282714844,70.07318115234375
2022-02-08,170.99058532714844,161.4134979248047,138.1737823486328,139.2703399658203,218.26332092285156,292.8293151855469,25.0289306640625,307.3333435058594,455.032470703125,68.2615966796875
2022-02-09,172.40872192382812,161.1894989013672,140.34751892089844,139.85079956054688,229.9803924560547,299.22314453125,26.620899200439453,310.6666564941406,459.357666015625,67.934814453125
2022-02-10,168.340087890625,159.0034942626953,137.401611328125,139.2703399658203,226.08462524414062,290.7332763671875,25.74267578125,301.51666259765625,448.8628234863281,67.28126525878906
2022-02-11,164.93655395507812,153.2935028076172,133.1022491455078,137.4574737548828,217.6387939453125,283.67596435546875,23.873584747314453,286.6666564941406,440.9409484863281,68.97532653808594
2022-02-14,165.1712646484375,155.16700744628906,134.33482360839844,136.18043518066406,215.80490112304688,283.6375732421875,24.190582275390625,291.9200134277344,437.5011291503906,67.91764068603516
2022-02-15,168.995361328125,156.510498046875,135.40782165527344,138.17190551757812,219.07618713378906,288.8968200683594,26.41156578063965,307.4766540527344,441.03314208984375,67.0662841796875
2022-02-16,168.76068115234375,158.10049438476562,136.52737426757812,138.42193603515625,214.65501403808594,288.5595397949219,26.42751121520996,307.7966613769531,442.71160888671875,67.37586212158203
2022-02-17,165.1712646484375,154.65249633789062,131.37405395507812,135.23377990722656,205.90187072753906,280.1099548339844,24.42982292175293,292.1166687011719,433.7568359375,67.27267456054688
2022-02-18,163.62594604492188,152.60150146484375,129.2568359375,135.86782836914062,204.36532592773438,277.4122009277344,23.56754493713379,285.6600036621094,431.4236755371094,66.52452850341797
2022-02-22,160.71142578125,150.19749450683594,128.67254638671875,135.626708984375,200.32086181640625,277.2099609375,23.31633949279785,273.84332275390625,426.5358581542969,65.75059509277344
2022-02-23,156.55470275878906,144.82699584960938,126.46659851074219,132.78684997558594,196.72247314453125,270.03204345703125,22.316495895385742,254.67999267578125,423.8706359863281,66.01716613769531
2022-02-24,159.16607666015625,151.35800170898438,131.5247344970703,129.08963012695312,205.79281616210938,283.82904052734375,23.673215866088867,266.92333984375,420.43072509765625,65.18302917480469
2022-02-25,161.22976684570312,153.7884979248047,133.27772521972656,132.1438446044922,208.64773559570312,286.4495849609375,24.080923080444336,269.9566650390625,438.74603271484375,66.93729400634766
2022-02-28,161.4938201904297,153.56300354003906,133.8699493408203,126.6337661743164,209.19296264648438,287.8755187988281,24.30820655822754,290.1433410644531,438.8567199707031,67.43606567382812
2022-03-01,159.61598205566406,151.14199829101562,132.88319396972656,121.85597229003906,201.71861267089844,284.1759033203125,23.4030704498291,288.1233215332031,439.2071838378906,68.08100128173828
2022-03-02,162.9022216796875,152.05250549316406,133.38873291015625,124.38328552246094,206.2983856201172,289.2243957519531,24.147838592529297,293.2966613769531,447.6270446777344,69.25051879882812
2022-03-03,162.57943725585938,147.89849853515625,132.72262573242188,123.4991683959961,201.203125,285.1103820800781,23.643348693847656,279.7633361816406,448.742919921875,69.68907928466797
2022-03-04,159.58665466308594,145.64100646972656,130.74713134765625,120.02520751953125,198.31845092773438,279.271728515625,22.867664337158203,279.42999267578125,459.86492919921875,72.31187438964844
2022-03-07,155.8016357421875,137.4530029296875,125.26773071289062,115.39032745361328,185.83802795410156,268.72174072265625,21.28838348388672,268.1933288574219,449.0011901855469,74.91748809814453
2022-03-08,153.9824981689453,136.01449584960938,125.98734283447266,114.5776596069336,188.63348388671875,265.7735290527344,21.449901580810547,274.79998779296875,436.6341857910156,75.48504638671875
2022-03-09,159.37147521972656,139.2790069580078,132.2473602294922,119.16790771484375,196.77200317382812,277.9614562988281,22.945432662963867,286.3233337402344,447.8022766113281,71.19396209716797
2022-03-10,155.0387725830078,146.8175048828125,131.2655487060547,117.75691223144531,193.5106658935547,275.15771484375,22.59049415588379,279.4333190917969,453.2156677246094,73.40399932861328
2022-03-11,151.33203125,145.52450561523438,128.7290496826172,115.10454559326172,185.97682189941406,269.8393859863281,22.03415870666504,265.1166687011719,446.62994384765625,73.02562713623047
2022-03-14,147.31227111816406,141.85299682617188,124.84397888183594,116.24764251708984,185.00535583496094,266.3419189453125,21.266450881958008,255.4566650390625,451.3009948730469,70.41142272949219
2022-03-15,151.68411254882812,147.3665008544922,128.06243896484375,118.31059265136719,190.35836791992188,276.6607360839844,22.904556274414062,267.2966613769531,460.5412902832031,66.40413665771484
2022-03-16,156.0852813720703,153.10400390625,132.10906982421875,123.59742736816406,201.85739135742188,283.6363220214844,24.42302131652832,280.07666015625,460.8650207519531,66.15475463867188
2022-03-17,157.09263610839844,157.23899841308594,132.66265869140625,125.16023254394531,206.03073120117188,284.43597412109375,24.69221305847168,290.5333251953125,468.9675598144531,67.91764068603516
2022-03-18,160.37884521484375,161.25050354003906,134.9290771484375,125.1155776977539,214.6054229736328,289.4556579589844,26.374189376831055,301.7966613769531,468.1351623535156,67.65103912353516
2022-03-21,161.74813842773438,161.4915008544922,134.9052734375,124.71369171142578,209.64898681640625,288.23199462890625,26.654356002807617,307.0533447265625,469.55950927734375,70.68659973144531
2022-03-22,165.11256408691406,164.88900756835938,138.638671875,127.36604309082031,214.76402282714844,292.9530029296875,26.444978713989258,331.32666015625,467.3952331542969,70.37702941894531
2022-03-23,166.4720458984375,163.4080047607422,137.06015014648438,124.82981872558594,211.601806640625,288.54998779296875,25.55763053894043,333.03668212890625,465.4620361328125,71.48633575439453
2022-03-24,170.247314453125,163.64950561523438,140.3276824951172,125.6424789428711,217.65863037109375,292.99163818359375,28.066129684448242,337.97332763671875,474.9242248535156,71.70133972167969
2022-03-25,170.88299560546875,164.77349853515625,140.4277801513672,126.74092102050781,219.88902282714844,292.5869445800781,27.609498977661133,336.8800048828125,474.52655029296875,73.26641082763672
2022-03-28,171.7436981201172,168.99049377441406,140.2122039794922,125.80321502685547,221.6436004638672,299.3504638671875,28.13492202758789,363.9466552734375,474.6837158203125,71.21116638183594
2022-03-29,175.02992248535156,169.31500244140625,141.2529754638672,126.0800552368164,227.85903930664062,303.8884582519531,28.57062339782715,366.5233459472656,472.3990478515625,70.83279418945312
2022-03-30,173.86602783203125,166.30099487304688,140.69097900390625,125.50850677490234,225.8665771484375,302.39508056640625,27.607505798339844,364.663330078125,481.73199462890625,72.04530334472656
2022-03-31,170.7754364013672,162.99749755859375,137.84521484375,121.73987579345703,220.42433166503906,297.0478210449219,27.20470428466797,359.20001220703125,471.6961364746094,71.02197265625
2022-04-01,170.4820098876953,163.55999755859375,138.91867065429688,120.83787536621094,222.8927001953125,298.11724853515625,26.632415771484375,361.5299987792969,474.1195373535156,71.47776794433594
2022-04-04,174.52133178710938,168.34649658203125,141.7148895263672,121.37371063232422,231.8539581298828,303.4644775390625,27.278484344482422,381.8166809082031,471.742431640625,71.51213073730469
2022-04-05,171.2155303955078,164.05499267578125,139.3553009033203,119.96125793457031,229.82177734375,299.5239562988281,25.853740692138672,363.7533264160156,478.90142822265625,71.14237976074219
2022-04-06,168.05648803710938,158.75599670410156,135.3478240966797,118.29685974121094,221.35614013671875,288.5595397949219,24.33428382873535,348.586669921875,491.84149169921875,71.93350982666016
2022-04-07,168.35964965820312,157.7845001220703,134.69415283203125,117.93701171875,221.00918579101562,290.361328125,24.13587760925293,352.4200134277344,496.6513977050781,73.13742065429688
2022-04-08,166.35467529296875,154.4604949951172,132.11598205566406,120.09622192382812,220.3945770263672,286.12200927734375,23.050119400024414,341.8299865722656,504.9849548339844,74.67670440673828
2022-04-11,162.11001586914062,151.1219940185547,127.69125366210938,119.65535736083984,214.57568359375,274.8398132324219,21.851703643798828,325.30999755859375,497.1045227050781,72.10552215576172
2022-04-12,163.97804260253906,150.78750610351562,126.59198760986328,118.34184265136719,212.27587890625,271.75665283203125,21.43993377685547,328.98333740234375,493.65447998046875,73.61038208007812
2022-04-13,166.65786743164062,155.54100036621094,128.75234985351562,114.52727508544922,213.1184844970703,277.11358642578125,22.1368465423584,340.7900085449219,496.697509765625,74.6509017944336
2022-04-14,161.66004943847656,151.7064971923828,125.61614227294922,113.46566009521484,208.35035705566406,269.608154296875,21.19466209411621,328.3333435058594,494.6811828613281,75.52804565429688
2022-04-18,161.4449005126953,152.78500366210938,126.5543212890625,115.57089233398438,208.9352264404297,270.2729797363281,21.718103408813477,334.7633361816406,493.9967956542969,76.147216796875
2022-04-19,163.72373962402344,158.11549377441406,128.8662872314453,117.96400451660156,215.41830444335938,274.87835693359375,22.131866455078125,342.7166748046875,497.344970703125,75.46783447265625
2022-04-20,163.5574493408203,153.9980010986328,126.91461181640625,118.37786865234375,198.67532348632812,275.89959716796875,21.417999267578125,325.73333740234375,505.03131103515625,75.63982391357422
2022-04-21,162.76527404785156,148.29600524902344,123.71747589111328,117.46017456054688,186.43280029296875,270.5523376464844,20.122865676879883,336.260009765625,497.1045227050781,74.840087890625
2022-04-22,158.2369384765625,144.35000610351562,118.583984375,114.0864486694336,182.50732421875,264.0199279785156,19.45685577392578,335.01666259765625,481.8428955078125,73.20620727539062
2022-04-25,159.30299377441406,146.07400512695312,121.99226379394531,114.05046844482422,185.36221313476562,270.4656677246094,19.842708587646484,332.67333984375,484.9230041503906,70.73820495605469
2022-04-26,153.3565216064453,139.39100646972656,117.6071548461914,110.67672729492188,179.3748321533203,260.3491516113281,18.732023239135742,292.1400146484375,475.22021484375,70.7640151977539
2022-04-27,153.13162231445312,138.16700744628906,113.28992462158203,109.23726654052734,173.4270477294922,272.8743591308594,18.360136032104492,293.836669921875,475.2479553222656,72.78484344482422
2022-04-28,160.04637145996094,144.59649658203125,117.48077392578125,110.964599609375,203.9390869140625,279.0502014160156,19.723064422607422,292.5033264160156,485.0616760253906,74.98628234863281
2022-04-29,154.18785095214844,124.28150177001953,113.10655975341797,107.3839340209961,198.72488403320312,267.38250732421875,18.491737365722656,290.2533264160156,470.3827209472656,73.3094253540039
2022-05-02,154.49105834960938,124.5,115.5583267211914,108.36456298828125,209.2921142578125,274.0786437988281,19.474802017211914,300.9800109863281,463.5381164550781,74.30692291259766
2022-05-03,155.9777069091797,124.25350189208984,116.30271911621094,110.68571472167969,210.1842498779297,271.4869384765625,19.543598175048828,303.0833435058594,462.1228942871094,75.83761596679688
2022-05-04,162.37403869628906,125.92849731445312,121.18640899658203,114.34734344482422,221.46517944335938,279.38739013671875,20.273418426513672,317.5400085449219,469.52252197265625,78.85597229003906
2022-05-05,153.32725524902344,116.40699768066406,115.48149108886719,111.48640441894531,206.46688842773438,267.2187805175781,18.787858963012695,291.09332275390625,457.5906677246094,77.6606674194336
2022-05-06,154.05201721191406,114.77249908447266,114.72916412353516,111.30648040771484,201.9961395263672,264.6944580078125,18.619361877441406,288.54998779296875,462.1228942871094,78.8473892211914
2022-05-09,148.93911743164062,108.78900146484375,111.5221176147461,109.63311004638672,194.50198364257812,254.91525268554688,16.899499893188477,262.3699951171875,449.91363525390625,72.63005065917969
2022-05-10,151.3388214111328,108.85900115966797,113.38953399658203,106.96110534667969,195.92942810058594,259.65545654296875,17.542577743530273,266.67999267578125,451.38421630859375,73.11161804199219
2022-05-11,143.49327087402344,105.37200164794922,112.6040267944336,106.28636169433594,187.0970001220703,251.03237915039062,16.580455780029297,244.6666717529297,449.6638488769531,74.63371276855469
2022-05-12,139.6341094970703,106.93049621582031,111.85218048095703,106.19638061523438,189.57522583007812,246.02236938476562,16.126806259155273,242.6666717529297,442.865478515625,74.97251892089844
2022-05-13,144.09071350097656,113.05500030517578,115.03050994873047,107.14103698730469,196.89100646972656,251.5815887451172,17.65324592590332,256.5299987792969,448.97015380859375,77.19649505615234
2022-05-16,142.55299377441406,110.81050109863281,113.43910217285156,106.39431762695312,198.29859924316406,251.94772338867188,17.212562561035156,241.4566650390625,452.5034484863281,79.01216125488281
2022-05-17,146.17703247070312,115.36849975585938,115.44927978515625,109.9209976196289,200.85618591308594,257.07330322265625,18.12284278869629,253.8699951171875,455.5650634765625,80.01992797851562
2022-05-18,137.9298553466797,107.11250305175781,110.91598510742188,108.04069519042969,190.56654357910156,245.36892700195312,16.88753318786621,236.60333251953125,436.00238037109375,78.75154876708984
2022-05-19,134.5310516357422,107.31900024414062,109.41380310058594,106.43929290771484,189.62478637695312,244.46119689941406,17.072986602783203,236.47332763671875,442.63421630859375,79.17723846435547
2022-05-20,134.76611328125,107.59100341796875,107.9507827758789,105.5666275024414,191.85520935058594,243.9010467529297,16.64426040649414,221.3000030517578,449.275390625,79.80271911621094
2022-05-23,140.1728515625,107.55699920654297,110.50810241699219,112.09819030761719,194.52178955078125,251.7136993408203,16.847654342651367,224.96665954589844,455.14874267578125,81.5662612915039
2022-05-24,137.4792938232422,104.0999984741211,105.0385971069336,113.68159484863281,179.70191955566406,250.718994140625,16.10587501525879,209.3866729736328,460.2175598144531,82.00934600830078
2022-05-25,137.635986328125,106.7750015258789,104.87503814697266,114.47329711914062,182.22970581054688,253.51954650878906,16.924427032470703,219.60000610351562,460.7077331542969,83.65995788574219
2022-05-26,140.82908630371094,111.07749938964844,106.84510040283203,116.45256805419922,189.96185302734375,256.7835998535156,17.79781150817871,235.91000366210938,464.5370788574219,83.955322265625
2022-05-27,146.5688018798828,115.14649963378906,111.32931518554688,118.09895324707031,193.43136596679688,263.87200927734375,18.754955291748047,253.2100067138672,469.0508117675781,84.78063201904297
2022-05-31,145.7852325439453,120.20950317382812,112.76210021972656,118.96260070800781,191.95436096191406,262.5490417480469,18.616371154785156,252.75332641601562,459.49603271484375,83.39933013916016
2022-06-01,145.65789794921875,121.68399810791016,112.8909683227539,116.87540435791016,186.9978790283203,263.0801696777344,18.265419006347656,246.7899932861328,455.5835266113281,84.99781799316406
2022-06-02,148.1066131591797,125.51100158691406,116.58868408203125,118.75568389892578,197.12887573242188,265.1660461425781,19.533632278442383,258.3333435058594,455.3153076171875,84.85011291503906
2022-06-03,142.396240234375,122.3499984741211,113.5342788696289,117.1003189086914,189.11924743652344,260.7624206542969,18.664226531982422,234.51666259765625,449.1644592285156,86.08373260498047
2022-06-06,143.14065551757812,124.79000091552734,115.79373168945312,116.71345520019531,192.5590362548828,259.5359191894531,18.730030059814453,238.27999877929688,453.39141845703125,85.86656188964844
2022-06-07,145.65789794921875,123.0,116.11982727050781,117.01934814453125,193.94683837890625,263.1573791503906,18.86961555480957,238.8866729736328,459.7920837402344,89.80197143554688
2022-06-08,144.92332458496094,121.18000030517578,116.16395568847656,115.15704345703125,194.92825317382812,261.13909912109375,18.596370697021484,241.86666870117188,456.489990234375,90.86182403564453
2022-06-09,139.71246337890625,116.1500015258789,113.8261947631836,112.7369384765625,182.39825439453125,255.71173095703125,17.99803352355957,239.7066650390625,452.69775390625,88.89848327636719
2022-06-10,134.31553649902344,109.6500015258789,110.18446350097656,107.55487060546875,174.04165649414062,244.31631469726562,16.9270076751709,232.22999572753906,448.2579650878906,87.27391052246094
2022-06-13,129.17335510253906,103.66999816894531,105.45738220214844,104.3520736694336,162.83009338378906,233.9541778564453,15.603679656982422,215.73666381835938,434.448486328125,83.26899719238281
2022-06-14,130.03526306152344,102.30999755859375,105.77754211425781,102.61573791503906,162.30471801757812,236.1077423095703,15.792157173156738,220.88999938964844,427.09515380859375,83.4862060546875
2022-06-15,132.6504364013672,107.66999816894531,108.79975891113281,103.83026885986328,167.87579345703125,243.12844848632812,16.481243133544922,233.0,429.4814758300781,82.43502807617188
2022-06-16,127.39063262939453,103.66000366210938,105.10153198242188,102.0489273071289,159.46963500976562,236.57122802734375,15.557806968688965,213.10000610351562,423.3643798828125,79.39441680908203
2022-06-17,128.85989379882812,106.22000122070312,106.20178985595703,101.68907165527344,162.31463623046875,239.1593780517578,15.836034774780273,216.75999450683594,419.6234436035156,74.8161392211914
2022-06-21,133.0814208984375,108.68000030517578,110.56360626220703,104.20811462402344,155.68284606933594,245.0406036376953,16.520139694213867,237.0366668701172,445.8557434082031,79.47261047363281
2022-06-22,132.5721435546875,108.94999694824219,110.50761413574219,103.62333679199219,154.4932861328125,244.4514923095703,16.31470489501953,236.086669921875,454.544189453125,76.3277587890625
2022-06-23,135.4321746826172,112.44000244140625,111.2554702758789,102.4897689819336,157.36805725097656,249.9850311279297,16.18008041381836,235.07000732421875,463.9472961425781,74.02559661865234
2022-06-24,138.75257873535156,116.45999908447266,116.93806457519531,105.54862213134766,168.67872619628906,258.52197265625,17.078584671020508,245.7066650390625,460.0765686035156,75.4937515258789
2022-06-27,138.75257873535156,113.22000122070312,114.8154067993164,104.70293426513672,168.0145721435547,255.80831909179688,16.822301864624023,244.9199981689453,469.3775939941406,77.34417724609375
2022-06-28,134.6191864013672,107.4000015258789,111.02303314208984,104.19912719726562,159.28128051757812,247.68663024902344,15.937750816345215,232.663330078125,471.95806884765625,79.489990234375
2022-06-29,136.3724365234375,108.91999816894531,110.71971893310547,103.73131561279297,162.51290893554688,251.3370361328125,15.498970985412598,228.49000549316406,478.70648193359375,76.55364227294922
2022-06-30,133.9139862060547,106.20999908447266,108.00530242919922,101.31121063232422,159.84629821777344,248.024658203125,15.11703109741211,224.47332763671875,476.77569580078125,74.39913177490234
2022-07-01,136.07862854003906,109.55999755859375,107.78177642822266,102.60671997070312,158.6369171142578,250.68028259277344,14.482791900634766,227.26333618164062,480.2752685546875,76.0584487915039
2022-07-05,138.6546630859375,113.5,112.26750183105469,102.2164535522461,166.7258758544922,253.8383026123047,14.922572135925293,233.06666564941406,468.9877014160156,73.67808532714844
2022-07-06,139.9867401123047,114.33000183105469,113.56499481201172,101.55389404296875,168.29214477539062,257.08306884765625,15.08811092376709,231.73333740234375,478.31658935546875,72.3488998413086
2022-07-07,143.3463134765625,116.33000183105469,117.73898315429688,104.12244415283203,170.69105529785156,259.19793701171875,15.814096450805664,244.5433349609375,477.4718933105469,74.65977478027344
2022-07-08,144.02212524414062,115.54000091552734,118.3044662475586,103.79571533203125,169.39248657226562,258.4833679199219,15.79415225982666,250.76333618164062,481.4169006347656,74.78140258789062
2022-07-11,141.896728515625,111.75,114.65979766845703,102.43428802490234,161.46214294433594,255.44134521484375,15.110048294067383,234.3433380126953,479.8574523925781,74.39913177490234
2022-07-12,142.86636352539062,109.22000122070312,113.01834106445312,102.53411865234375,161.84872436523438,244.97300720214844,15.040244102478027,233.07000732421875,477.50897216796875,73.40878295898438
2022-07-13,142.50401306152344,110.4000015258789,110.3747787475586,101.57203674316406,162.06680297851562,244.05551147460938,15.122015953063965,237.0399932861328,465.2746887207031,73.70413970947266
2022-07-14,145.42279052734375,110.62999725341797,109.3974609375,98.02322387695312,156.6741485595703,245.36892700195312,15.329440116882324,238.31333923339844,466.37933349609375,72.22727966308594
2022-07-15,147.08790588378906,113.55000305175781,110.7950439453125,102.5159683227539,163.26626586914062,247.91844177246094,15.718361854553223,240.06666564941406,491.7390441894531,73.44353485107422
2022-07-18,144.0515594482422,113.76000213623047,108.07170104980469,101.46310424804688,165.7742156982422,245.5331268310547,16.05642318725586,240.54666137695312,482.1037902832031,74.79875183105469
2022-07-19,147.90089416503906,118.20999908447266,112.8096923828125,103.97724151611328,174.24981689453125,250.6320343017578,16.9449520111084,245.52999877929688,495.173583984375,76.6839370727539
2022-07-20,149.8990478515625,122.7699966430664,112.8989028930664,103.95907592773438,181.4961700439453,253.2781219482422,17.75769805908203,247.5,482.1966552734375,77.526611328125
2022-07-21,152.16160583496094,124.62999725341797,113.33503723144531,104.66703033447266,181.5754852294922,255.75997924804688,18.000028610229492,271.7066650390625,484.9720764160156,76.23219299316406
2022-07-22,150.92750549316406,122.41999816894531,106.95162963867188,104.15876770019531,167.79649353027344,251.43362426757812,17.27105140686035,272.24334716796875,483.9974670410156,75.650146484375
2022-07-25,149.81085205078125,121.13999938964844,106.56507110595703,104.57627868652344,165.19927978515625,249.9560546875,16.976865768432617,268.4333190917969,491.4791564941406,78.16949462890625
2022-07-26,148.48858642578125,114.80999755859375,104.0969467163086,102.94253540039062,157.76455688476562,243.26364135742188,16.487228393554688,258.8599853515625,493.44696044921875,77.86542510986328
2022-07-27,153.5720672607422,120.97000122070312,112.06627655029297,104.59442138671875,168.103759765625,259.52630615234375,17.740745544433594,274.82000732421875,496.25030517578125,79.55078887939453
2022-07-28,154.12057495117188,122.27999877929688,113.21610260009766,104.2041244506836,159.3209228515625,266.93341064453125,17.934207916259766,280.8999938964844,502.6365966796875,80.48035430908203
2022-07-29,159.17469787597656,134.9499969482422,115.2976303100586,104.70333099365234,157.71502685546875,271.1148681640625,18.112714767456055,297.1499938964844,503.42572021484375,84.2072525024414
2022-08-01,158.19517517089844,135.38999938964844,113.85045623779297,103.65955352783203,158.5377655029297,268.4784851074219,18.38994598388672,297.27667236328125,496.96502685546875,82.07884216308594
2022-08-02,156.72596740722656,134.16000366210938,114.11808013916016,102.04400634765625,158.79551696777344,265.3978271484375,18.474706649780273,300.586669921875,497.0393371582031,81.72264099121094
2022-08-03,162.72035217285156,139.52000427246094,117.04216766357422,103.114990234375,167.33058166503906,272.7855529785156,18.8406925201416,307.39666748046875,501.8570556640625,79.07298278808594
2022-08-04,162.4069366455078,142.57000732421875,117.15119171142578,101.98046875,169.08517456054688,273.9250793457031,19.16180419921875,308.6333312988281,495.4520263671875,75.74568939208984
2022-08-05,162.18138122558594,140.8000030517578,116.4375228881836,105.0663833618164,165.65528869628906,273.21044921875,18.93642807006836,288.1700134277344,496.66802978515625,76.8403091430664
2022-08-08,161.7105712890625,139.41000366210938,116.26902770996094,103.78662109375,168.7679443359375,270.7092590332031,17.74373435974121,290.42333984375,498.09759521484375,77.27468872070312
2022-08-09,161.7595672607422,137.8300018310547,115.60490417480469,104.72146606445312,167.06292724609375,272.6214294433594,17.038698196411133,283.3333435058594,498.710205078125,78.69940185546875
2022-08-10,165.99681091308594,142.69000244140625,118.64791870117188,107.45343780517578,176.7875213623047,279.2462463378906,18.046897888183594,294.3566589355469,499.13720703125,79.446533203125
2022-08-11,165.26119995117188,140.63999938964844,117.79547882080078,109.04175567626953,175.94493103027344,277.1795959472656,17.89232635498047,286.6300048828125,494.6258544921875,81.74475860595703
2022-08-12,168.802001953125,143.5500030517578,120.61051940917969,110.84793853759766,178.92872619628906,281.9019775390625,18.657201766967773,300.0299987792969,504.6881103515625,82.45527648925781
2022-08-15,169.8711395263672,143.17999267578125,121.00699615478516,111.1474380493164,179.3153076171875,283.4084777832031,18.979307174682617,309.32000732421875,505.5606384277344,80.98159790039062
2022-08-16,169.71414184570312,144.77999877929688,120.6303482055664,112.2093734741211,177.90769958496094,282.6745300292969,18.826732635498047,306.5633239746094,506.9345703125,80.22723388671875
2022-08-17,171.20504760742188,142.10000610351562,118.49925231933594,111.26544189453125,173.32789611816406,281.9293518066406,18.284236907958984,303.9966735839844,505.89483642578125,80.87637329101562
2022-08-18,170.8126983642578,142.3000030517578,119.1137924194336,110.40320587158203,173.13954162597656,280.8163757324219,18.721025466918945,302.8699951171875,506.0989074707031,82.7885971069336
2022-08-19,168.2331085205078,138.22999572753906,116.17980194091797,107.67127227783203,166.49789428710938,276.92596435546875,17.79958152770996,296.6666564941406,508.9766540527344,82.52547454833984
2022-08-22,164.3588104248047,133.22000122070312,113.23591613769531,105.89230346679688,161.63064575195312,268.7967224121094,16.986841201782227,289.913330078125,505.49566650390625,82.46405792236328
2022-08-23,164.02529907226562,133.6199951171875,112.85926055908203,104.84854888916016,159.70751953125,267.5289611816406,17.133432388305664,296.4533386230469,497.35498046875,85.9640121459961
2022-08-24,164.3195343017578,133.8000030517578,112.69075775146484,105.10269927978516,161.83880615234375,266.89996337890625,17.174320220947266,297.0966796875,497.9674987792969,86.47278594970703
2022-08-25,166.77166748046875,137.27999877929688,115.62472534179688,107.59864807128906,167.3107452392578,269.8612365722656,17.863405227661133,296.07000732421875,502.7109680175781,86.9201431274414
2022-08-26,160.48446655273438,130.75,109.37019348144531,104.07707977294922,160.3717041015625,259.4481201171875,16.21498680114746,288.0899963378906,491.2749328613281,85.84998321533203
2022-08-29,158.28741455078125,129.7899932861328,108.45826721191406,103.82293701171875,157.78439331054688,256.6803283691406,15.757254600524902,284.82000732421875,491.75762939453125,87.82365417480469
2022-08-30,155.86474609375,128.72999572753906,107.98250579833984,103.84109497070312,155.7919158935547,254.4931640625,15.425176620483398,277.70001220703125,485.32489013671875,84.48157501220703
2022-08-31,154.20713806152344,126.7699966430664,107.26882934570312,103.22390747070312,161.5116729736328,253.04150390625,15.052210807800293,275.6099853515625,482.0667419433594,83.84998321533203
2022-09-01,154.93295288085938,127.81999969482422,108.77545928955078,103.93185424804688,163.92051696777344,252.00601196289062,13.89841365814209,277.1600036621094,486.4016418457031,82.34126281738281
2022-09-02,152.82412719726562,127.51000213623047,106.9020767211914,103.20575714111328,158.92440795898438,247.80592346191406,13.609217643737793,270.2099914550781,479.300537109375,83.84998321533203
2022-09-06,151.5686798095703,126.11000061035156,105.87120819091797,103.23296356201172,157.15988159179688,245.08645629882812,13.427722930908203,274.4200134277344,480.5350646972656,83.28860473632812
2022-09-07,152.97132873535156,129.47999572753906,108.4880142211914,105.19345092773438,158.99380493164062,249.7704620361328,13.680096626281738,283.70001220703125,484.2480773925781,82.57809448242188
2022-09-08,151.5000457763672,129.82000732421875,107.42741394042969,107.64402770996094,160.6492462158203,250.1865997314453,13.955412864685059,289.260009765625,489.6597900390625,83.25353240966797
2022-09-09,154.35426330566406,133.27000427246094,109.67747497558594,108.161376953125,167.67750549316406,255.9351348876953,14.351431846618652,299.67999267578125,488.2444763183594,84.64823150634766
2022-09-12,160.29811096191406,136.4499969482422,109.88562774658203,109.44112396240234,167.48916625976562,258.0545654296875,14.46914005279541,304.4200134277344,494.6787414550781,85.62191009521484
2022-09-13,150.89190673828125,126.81999969482422,103.40310668945312,105.63819885253906,151.7969970703125,243.86712646484375,13.098535537719727,292.1300048828125,478.5789794921875,83.62193298339844
2022-09-14,152.33377075195312,128.5500030517578,104.0771255493164,105.39311981201172,150.15145874023438,244.08969116210938,13.095544815063477,302.6099853515625,474.6773986816406,85.6745376586914
2022-09-15,149.45010375976562,126.27999877929688,102.0054931640625,106.98145294189453,148.24813842773438,237.47015380859375,12.8970365524292,303.75,486.912841796875,83.183349609375
2022-09-16,147.81207275390625,123.52999877929688,101.8964614868164,106.26444244384766,145.01654052734375,236.85081481933594,13.16537094116211,303.3500061035156,485.1529541015625,81.76232147216797
2022-09-19,151.51963806152344,124.66000366210938,102.16407775878906,107.24468231201172,146.73150634765625,236.63790893554688,13.348916053771973,309.07000732421875,487.5088195800781,81.75353240966797
2022-09-20,153.8932647705078,122.19000244140625,100.25104522705078,105.1299057006836,144.8182830810547,234.63462829589844,13.143426895141602,308.7300109863281,486.81048583984375,81.08688354492188
2022-09-21,150.7742156982422,118.54000091552734,98.40740203857422,102.09844970703125,140.88279724121094,231.24745178222656,13.228216171264648,300.79998779296875,476.82843017578125,79.77986145019531
2022-09-22,149.81298828125,117.30999755859375,99.25984191894531,100.93670654296875,141.57672119140625,233.21200561523438,12.529946327209473,288.5899963378906,481.83807373046875,79.44654083251953
2022-09-23,147.5472412109375,113.77999877929688,97.87214660644531,99.05790710449219,139.1876983642578,230.2506561279297,12.485057830810547,275.3299865722656,478.2530212402344,75.21851348876953
2022-09-26,147.8807373046875,115.1500015258789,97.30715942382812,96.92501831054688,135.18289184570312,229.7957763671875,12.197769165039062,276.010009765625,473.36444091796875,73.6658935546875
2022-09-27,148.85174560546875,114.41000366210938,96.6430435180664,96.07184600830078,133.23004150390625,228.78932189941406,12.382308959960938,282.94000244140625,473.3738098144531,75.20974731445312
2022-09-28,146.96856689453125,118.01000213623047,99.17063903808594,98.01415252685547,140.3772735595703,233.29913330078125,12.704514503479004,287.80999755859375,478.56036376953125,77.94656372070312
2022-09-29,139.7495880126953,114.80000305175781,96.56375122070312,96.35319519042969,135.2225341796875,229.8441619873047,12.189788818359375,268.2099914550781,473.8020935058594,77.78866577148438
2022-09-30,135.5516357421875,113.0,94.80931091308594,94.8465576171875,134.49888610839844,225.39247131347656,12.108990669250488,265.25,470.2730712890625,76.58692932128906
2022-10-03,139.72019958496094,115.87999725341797,97.77301788330078,97.77819061279297,137.40335083007812,232.97979736328125,12.481067657470703,242.39999389648438,480.0223083496094,80.63074493408203
2022-10-04,143.30026245117188,121.08999633789062,100.74665832519531,102.35258483886719,139.058837890625,240.85733032226562,13.134446144104004,249.44000244140625,487.1549072265625,83.56930541992188
2022-10-05,143.59449768066406,120.94999694824219,100.53850555419922,101.08887481689453,137.77015686035156,241.16700744628906,13.176342964172363,240.80999755859375,490.78656005859375,86.94647216796875
2022-10-06,142.64308166503906,120.30000305175781,100.52859497070312,99.0284423828125,137.85939025878906,238.834716796875,13.097537994384766,238.1300048828125,483.3929443359375,89.525390625
2022-10-07,137.4053955078125,114.55999755859375,97.81266784667969,97.0504379272461,132.28829956054688,226.68927001953125,12.046143531799316,223.07000732421875,470.0960693359375,88.62189483642578
2022-10-10,137.7290802001953,113.66999816894531,96.9998779296875,96.14384460449219,132.62530517578125,221.86012268066406,11.64114761352539,222.9600067138672,464.51849365234375,86.70085906982422
2022-10-11,136.3166961669922,112.20999908447266,96.32585906982422,93.369140625,127.4210433959961,218.1439208984375,11.557356834411621,216.5,465.40301513671875,85.9640121459961
2022-10-12,135.68896484375,112.9000015258789,96.70250701904297,94.88013458251953,126.39009094238281,218.4729461669922,11.471569061279297,217.24000549316406,465.5426940917969,86.34120178222656
2022-10-13,140.2498779296875,112.52999877929688,98.18933868408203,100.1548080444336,129.15579223632812,226.68927001953125,11.930429458618164,221.72000122070312,474.8077392578125,89.35871887207031
2022-10-14,135.7281951904297,106.9000015258789,95.71129608154297,101.82145690917969,125.65653228759766,221.19236755371094,11.199244499206543,204.99000549316406,477.80615234375,87.00788879394531
2022-10-17,139.68093872070312,113.79000091552734,99.09133911132812,106.09797668457031,132.87315368652344,229.8732147216797,11.858612060546875,219.35000610351562,485.9537658691406,88.26224517822266
2022-10-18,140.99526977539062,116.36000061035156,99.88430786132812,108.8268814086914,131.64398193359375,230.8119354248047,11.937416076660156,220.19000244140625,486.2610168457031,88.42013549804688
2022-10-19,141.1031494140625,115.06999969482422,98.75431823730469,106.69320678710938,132.07020568847656,228.8570556640625,12.021207809448242,222.0399932861328,484.50115966796875,91.04291534423828
2022-10-20,140.6421661376953,115.25,99.09133911132812,106.34522247314453,130.385009765625,228.53768920898438,12.163854598999023,207.27999877929688,485.02264404296875,91.16571807861328
2022-10-21,144.44784545898438,119.31999969482422,100.24114227294922,111.93125915527344,128.87823486328125,234.31527709960938,12.4351806640625,214.44000244140625,496.9878845214844,92.85868835449219
2022-10-24,146.58602905273438,119.81999969482422,101.6189193725586,112.0686264038086,128.59075927734375,239.2799072265625,12.567851066589355,211.25,504.3162536621094,93.50779724121094
2022-10-25,149.42063903808594,120.5999984741211,103.56169891357422,112.36164093017578,136.31295776367188,242.57997131347656,13.228216171264648,222.4199981689453,503.03106689453125,92.876220703125
2022-10-26,146.4879608154297,115.66000366210938,94.09563446044922,113.65286254882812,128.6898956298828,223.86341857910156,12.864117622375488,224.63999938964844,505.7782287597656,93.9814682006836
2022-10-27,142.02516174316406,110.95999908447266,91.40945434570312,114.10157775878906,97.08741760253906,219.44070434570312,13.143426895141602,225.08999633789062,504.5024719238281,94.34112548828125
2022-10-28,152.75546264648438,103.41000366210938,95.44367980957031,115.45686340332031,98.33644104003906,228.26673889160156,13.799799919128418,228.52000427246094,513.2926635742188,97.10425567626953
2022-10-31,150.40147399902344,102.44000244140625,93.67932891845703,115.27371978759766,92.34903717041016,224.6472930908203,13.463632583618164,227.5399932861328,516.9334106445312,97.20073699951172
2022-11-01,147.76304626464844,96.79000091552734,89.67484283447266,117.35246276855469,94.37126922607422,220.81492614746094,13.509517669677734,227.82000732421875,509.633056640625,98.1656494140625
2022-11-02,142.250732421875,92.12000274658203,86.20559692382812,116.27188110351562,89.75183868408203,213.00509643554688,13.186319351196289,214.97999572753906,506.020263671875,96.14812469482422
2022-11-03,136.21859741210938,89.30000305175781,82.69670867919922,116.48251342773438,88.13603210449219,207.34365844726562,13.387818336486816,215.30999755859375,506.18780517578125,97.45511627197266
2022-11-04,135.9533233642578,90.9800033569336,85.81902313232422,119.6692886352539,89.99964904785156,214.25347900390625,14.121003150939941,207.47000122070312,501.122314453125,98.51651763916016
2022-11-07,136.4838409423828,90.52999877929688,87.71224212646484,120.30115509033203,95.8780517578125,220.5246124267578,14.265645027160645,197.0800018310547,507.5008239746094,99.68318176269531
2022-11-08,137.0536651611328,89.9800033569336,88.1186294555664,120.37440490722656,95.63021850585938,221.49240112304688,14.565900802612305,191.3000030517578,514.9779052734375,99.99896240234375
2022-11-09,132.5048828125,86.13999938964844,86.5525131225586,118.80848693847656,100.58670043945312,217.27294921875,13.74194049835205,177.58999633789062,503.44091796875,95.52532196044922
2022-11-10,144.29446411132812,96.62999725341797,93.11432647705078,123.69853973388672,110.89616394042969,235.14756774902344,15.711060523986816,190.72000122070312,506.70928955078125,96.9288101196289
2022-11-11,147.0748291015625,100.79000091552734,95.56262969970703,123.90003204345703,112.03614807128906,239.14443969726562,16.286636352539062,195.97000122070312,486.1400451660156,99.95509338378906
2022-11-14,145.67970275878906,98.48999786376953,94.85885620117188,122.62715148925781,113.22569274902344,233.76364135742188,16.25471305847168,190.9499969482422,478.38348388671875,100.24691009521484
2022-11-15,147.40887451171875,98.94000244140625,97.57476806640625,121.73886108398438,116.060791015625,234.1700897216797,16.62479591369629,194.4199981689453,468.38275146484375,100.9189224243164
2022-11-16,146.18077087402344,97.12000274658203,97.9811782836914,121.90371704101562,112.24433898925781,234.59713745117188,15.870667457580566,186.9199981689453,476.3069152832031,99.84014892578125
2022-11-17,148.0769500732422,94.8499984741211,97.4954833984375,121.37257385253906,110.47981262207031,234.54861450195312,15.6382417678833,183.1699981689453,479.8360290527344,99.97278594970703
2022-11-18,148.63693237304688,94.13999938964844,96.57365417480469,122.56303405761719,111.0746078491211,234.10218811035156,15.370906829833984,180.19000244140625,493.5147399902344,99.1062240600586
2022-11-21,145.41445922851562,92.45999908447266,94.75975036621094,121.83961486816406,108.90364837646484,234.9076690673828,15.279132843017578,167.8699951171875,481.58660888671875,98.12471008300781
2022-11-22,147.54640197753906,93.19999694824219,96.1969985961914,123.66193389892578,110.46990203857422,237.7996826171875,15.998348236083984,169.91000366210938,487.08056640625,100.96314239501953
2022-11-23,148.42080688476562,94.12999725341797,97.5946044921875,124.98059844970703,111.26293182373047,240.27452087402344,16.478160858154297,183.1999969482422,493.2447509765625,100.45912170410156
2022-11-25,145.51271057128906,93.41000366210938,96.60340118408203,125.21868133544922,110.44017028808594,240.1871337890625,16.229772567749023,182.86000061035156,500.61029052734375,100.10540771484375
2022-11-28,141.69090270996094,93.94999694824219,95.20579528808594,123.03005981445312,107.83305358886719,234.62620544433594,15.787870407104492,182.9199981689453,495.62860107421875,97.09898376464844
2022-11-29,138.69444274902344,92.41999816894531,94.35335540771484,125.05384826660156,108.50714111328125,233.23846435546875,15.600336074829102,180.8300018310547,491.6524658203125,97.74447631835938
2022-11-30,145.43411254882812,96.54000091552734,100.10237121582031,126.537353515625,117.07191467285156,247.61141967773438,16.885482788085938,194.6999969482422,510.0521545410156,98.4518814086914
2022-12-01,145.709228515625,95.5,100.10237121582031,124.76082611083984,119.39155578613281,247.17465209960938,17.097009658813477,194.6999969482422,499.9490661621094,97.97439575195312
2022-12-02,145.21798706054688,94.12999725341797,99.55721282958984,123.77183532714844,122.41500854492188,247.4949188232422,16.838581085205078,194.86000061035156,500.7897033691406,97.1431884765625
2022-12-05,144.05865478515625,91.01000213623047,98.60564422607422,120.30115509033203,121.3642349243164,242.81716918945312,16.573177337646484,182.4499969482422,499.74371337890625,94.48160552978516
2022-12-06,140.40390014648438,88.25,96.12760162353516,120.50261688232422,113.12657928466797,237.88706970214844,15.951556205749512,179.82000732421875,503.74127197265625,91.85541534423828
2022-12-07,138.46844482421875,88.45999908447266,94.10555267333984,120.42019653320312,112.93821716308594,237.15919494628906,16.084259033203125,174.0399932861328,507.0943603515625,91.65203094482422
2022-12-08,140.14845275878906,90.3499984741211,92.88636016845703,121.68395233154297,114.32604217529297,240.0998077392578,17.130937576293945,173.44000244140625,511.7739562988281,92.3329086303711
2022-12-09,139.6670684814453,89.08999633789062,92.01409149169922,121.02458953857422,114.89107513427734,238.17822265625,16.96331024169922,179.0500030517578,503.62921142578125,91.55479431152344
2022-12-12,141.95616149902344,90.55000305175781,92.48986053466797,122.90186309814453,113.71142578125,245.0590362548828,17.496126174926758,167.82000732421875,509.8498840332031,93.8095703125
2022-12-13,142.91900634765625,92.48999786376953,94.78947448730469,122.78282165527344,119.10408020019531,249.33888244628906,18.03193473815918,160.9499969482422,502.7137451171875,94.83531188964844
2022-12-14,140.69863891601562,91.58000183105469,94.23441314697266,122.16926574707031,120.53153991699219,249.63009643554688,17.634817123413086,156.8000030517578,502.8444519042969,94.13676452636719
2022-12-15,134.1063232421875,88.44999694824219,90.06140899658203,119.13816833496094,115.13890075683594,241.6622772216797,16.914417266845703,157.6699981689453,492.8690490722656,93.2348403930664
2022-12-16,132.1511688232422,87.86000061035156,89.46668243408203,118.39639282226562,118.3903579711914,237.46974182128906,16.534255981445312,150.22999572753906,489.1517333984375,92.58048248291016
2022-12-19,130.04869079589844,84.91999816894531,87.66266632080078,119.10153198242188,113.48342895507812,233.35488891601562,16.21796417236328,149.8699951171875,489.0582580566406,92.99610137939453
2022-12-20,129.9799346923828,85.19000244140625,88.2375717163086,119.67845153808594,116.07070922851562,234.66505432128906,16.049335479736328,137.8000030517578,485.89190673828125,94.34014129638672
2022-12-21,133.07470703125,86.7699966430664,88.79265594482422,121.02458953857422,118.71747589111328,237.21743774414062,16.464414596557617,137.57000732421875,492.7382507324219,95.55155181884766
2022-12-22,129.9111785888672,83.79000091552734,86.98865509033203,119.6509780883789,116.1004638671875,231.1615753173828,15.30499267578125,125.3499984741211,492.3180847167969,93.62389373779297
2022-12-23,129.5476837158203,85.25,88.44573211669922,120.21875762939453,117.012451171875,231.68560791015625,15.172286987304688,123.1500015258789,496.259765625,96.09979248046875
2022-12-27,127.7497787475586,83.04000091552734,86.62189483642578,120.6399917602539,115.86254119873047,229.96788024902344,14.089692115783691,109.0999984741211,496.8948059082031,97.43500518798828
2022-12-28,123.82972717285156,81.81999969482422,85.2639389038086,121.29930877685547,114.61351776123047,227.6095428466797,14.004881858825684,112.70999908447266,493.5884094238281,95.83451843261719
2022-12-29,127.3371353149414,84.18000030517578,87.6725845336914,121.99529266357422,119.21312713623047,233.89833068847656,14.570624351501465,121.81999969482422,494.9241027832031,96.55960083007812
2022-12-30,127.6515121459961,84.0,87.45453643798828,122.80115509033203,119.29241943359375,232.74346923828125,14.581600189208984,123.18000030517578,495.2042541503906,97.53228759765625
2023-01-03,122.87674713134766,85.81999969482422,88.33670043945312,123.73516845703125,123.65412902832031,232.51051330566406,14.283262252807617,108.0999984741211,484.4255065917969,94.18097686767578
2023-01-04,124.14411926269531,85.13999938964844,87.30583190917969,124.88904571533203,126.26122283935547,222.33981323242188,14.716300010681152,113.63999938964844,471.21832275390625,94.45508575439453
2023-01-05,122.82759857177734,83.12000274658203,85.4423599243164,124.86136627197266,125.8349838256836,215.7501220703125,14.233372688293457,110.33999633789062,457.63751220703125,96.56845092773438
2023-01-06,127.34696197509766,86.08000183105469,86.57234191894531,127.25066375732422,128.88816833496094,218.29283142089844,14.826056480407715,113.05999755859375,457.6749267578125,97.73563385009766
2023-01-09,127.86766815185547,87.36000061035156,87.2463607788086,126.72481536865234,128.3429412841797,220.41822814941406,15.593352317810059,119.7699966430664,457.7309875488281,95.91409301757812
2023-01-10,128.43746948242188,89.87000274658203,87.64285278320312,127.8595199584961,131.8323211669922,222.09718322753906,15.873730659484863,118.8499984741211,453.9387512207031,97.34657287597656
2023-01-11,131.14910888671875,95.08999633789062,90.7155990600586,128.80967712402344,131.73316955566406,228.81297302246094,15.965524673461914,123.22000122070312,460.8505859375,98.47842407226562
2023-01-12,131.07052612304688,95.2699966430664,90.32904052734375,128.6805419921875,135.51995849609375,231.47216796875,16.474393844604492,123.55999755859375,462.9708557128906,100.11426544189453
2023-01-13,132.3968048095703,98.12000274658203,91.31033325195312,131.92776489257812,135.7875518798828,232.17091369628906,16.861534118652344,122.4000015258789,457.27325439453125,100.05236053466797
2023-01-17,133.5561065673828,96.05000305175781,90.48762512207031,129.88900756835938,134.18170166015625,233.2578582763672,17.662755966186523,131.49000549316406,453.0794677734375,99.85783386230469
2023-01-18,132.83892822265625,95.45999908447266,90.3191146850586,125.98682403564453,131.86203002929688,228.85179138183594,17.338472366333008,128.77999877929688,444.8226318359375,97.80638885498047
2023-01-19,132.89788818359375,93.68000030517578,92.23216247558594,124.30786895751953,134.9647979736328,225.0862579345703,16.727828979492188,127.16999816894531,452.4069519042969,98.43419647216797
2023-01-20,135.4522705078125,97.25,97.1584701538086,124.61225128173828,138.15675354003906,233.13169860839844,17.799448013305664,133.4199981689453,454.61126708984375,100.22920989990234
2023-01-23,138.63543701171875,97.5199966430664,98.91292572021484,126.63256072998047,142.02284240722656,235.4220428466797,19.150449752807617,143.75,453.7613220214844,99.70750427246094
2023-01-24,140.03057861328125,96.31999969482422,96.84127807617188,127.72112274169922,141.89393615722656,234.89797973632812,19.222288131713867,143.88999938964844,459.16937255859375,100.63595581054688
2023-01-25,139.37232971191406,97.18000030517578,94.38308715820312,128.3391876220703,140.26820373535156,233.5101776123047,19.280162811279297,144.42999267578125,460.0099182128906,100.10540771484375
2023-01-26,141.4355010986328,99.22000122070312,96.6628646850586,129.1325225830078,146.0177001953125,240.68211364746094,19.758098602294922,160.27000427246094,459.9913330078125,104.12873840332031
2023-01-27,143.37095642089844,102.23999786376953,98.49661254882812,129.44618225097656,150.4191131591797,240.83738708496094,20.31985092163086,177.89999389648438,453.9854431152344,102.22761535644531
2023-01-30,140.49232482910156,100.55000305175781,96.08796691894531,128.34840393066406,145.77981567382812,235.54820251464844,19.119518280029297,166.66000366210938,453.7426452636719,100.4149169921875
2023-01-31,141.75967407226562,103.12999725341797,97.97126770019531,129.1141357421875,147.67318725585938,240.49769592285156,19.49368667602539,173.22000122070312,466.2586364746094,102.58131408691406
2023-02-01,142.87969970703125,105.1500015258789,99.54728698730469,128.7727813720703,151.7870635986328,245.29193115234375,20.896568298339844,181.41000366210938,464.2131042480469,101.45832061767578
2023-02-02,148.17518615722656,112.91000366210938,106.79304504394531,128.1731719970703,187.12672424316406,256.7922668457031,21.660869598388672,188.27000427246094,439.7695617675781,98.28388214111328
2023-02-03,151.79066467285156,103.38999938964844,103.85905456542969,130.15652465820312,184.90623474121094,250.72669982910156,21.053218841552734,189.97999572753906,440.8809814453125,98.96475219726562
2023-02-06,149.06922912597656,102.18000030517578,101.99559020996094,130.92225646972656,184.44032287597656,249.19332885742188,21.042245864868164,194.75999450683594,443.8885803222656,98.79674530029297
2023-02-07,151.93801879882812,102.11000061035156,106.69392395019531,132.51812744140625,189.951904296875,259.6649169921875,22.123842239379883,196.80999755859375,445.4204406738281,101.61748504638672
2023-02-08,149.25588989257812,100.05000305175781,98.49661254882812,131.58642578125,181.8332061767578,258.85943603515625,22.1557674407959,201.2899932861328,451.3421325683594,100.73324584960938
2023-02-09,148.22430419921875,98.23999786376953,94.17493438720703,129.53846740722656,176.37115478515625,255.84121704101562,22.2874813079834,207.32000732421875,453.68658447265625,101.11346435546875
2023-02-10,148.58837890625,97.61000061035156,93.73880004882812,130.11044311523438,172.63400268554688,255.3365478515625,21.21785545349121,196.88999938964844,461.6445007324219,105.37551879882812
2023-02-13,151.38282775878906,99.54000091552734,93.77845001220703,131.5218505859375,177.86805725097656,263.31402587890625,21.73969078063965,194.63999938964844,462.67193603515625,104.96563720703125
2023-02-14,150.74327087402344,99.69999694824219,93.84783935546875,132.10302734375,177.91758728027344,264.138916015625,22.920072555541992,209.25,460.3182373046875,103.7359848022461
2023-02-15,152.83909606933594,101.16000366210938,96.08796691894531,132.65650939941406,175.61781311035156,262.02764892578125,22.71352767944336,214.24000549316406,458.8424072265625,103.42411804199219
2023-02-16,151.2450714111328,98.1500015258789,94.67052459716797,130.82998657226562,170.9388885498047,255.0518341064453,21.95322036743164,202.0399932861328,455.1997375488281,103.12116241455078
2023-02-17,150.1036834716797,97.19999694824219,93.52073669433594,131.21743774414062,171.3750762939453,251.0725860595703,21.34058380126953,208.30999755859375,466.1558837890625,99.1559829711914
2023-02-21,146.0989532470703,94.58000183105469,90.98322296142578,128.80967712402344,170.58203125,245.8284912109375,20.609203338623047,197.3699951171875,458.8984680175781,99.0579833984375
2023-02-22,146.52203369140625,95.79000091552734,90.84446716308594,127.82259368896484,169.63038635253906,244.69989013671875,20.707988739013672,200.86000061035156,456.6381530761719,97.77487182617188
2023-02-23,147.0041961669922,95.81999969482422,90.09114074707031,128.84657287597656,170.5423583984375,247.8716278076172,23.61153793334961,202.07000732421875,459.25341796875,98.67483520507812
2023-02-24,144.3573455810547,93.5,88.34661102294922,130.00894165039062,168.90673828125,242.47190856933594,23.234371185302734,196.8800048828125,452.3788757324219,98.68375396728516
2023-02-27,145.5479278564453,93.76000213623047,89.08010864257812,131.1436309814453,168.06414794921875,243.38645935058594,23.448898315429688,207.6300048828125,451.435546875,98.50552368164062
2023-02-28,145.0460968017578,94.2300033569336,89.26844787597656,132.24139404296875,173.4171142578125,242.66647338867188,23.16452980041504,205.7100067138672,444.5424499511719,97.93526458740234
2023-03-01,142.97976684570312,92.16999816894531,89.56580352783203,131.50338745117188,171.91033935546875,239.60177612304688,22.64767837524414,202.77000427246094,443.8699035644531,98.80848693847656
2023-03-02,143.57015991210938,92.12999725341797,91.19139099121094,130.1381378173828,173.01068115234375,244.3107452392578,23.262311935424805,190.89999389648438,446.186279296875,99.26292419433594
2023-03-03,148.60806274414062,94.9000015258789,92.8268814086914,132.5273895263672,183.6373748779297,248.37754821777344,23.8370361328125,197.7899932861328,446.9895935058594,100.51930236816406
2023-03-06,151.36314392089844,93.75,94.29387664794922,131.7524871826172,183.2904052734375,249.91476440429688,23.501779556274414,193.80999755859375,449.0630798339844,101.41034698486328
2023-03-07,149.16893005371094,93.55000305175781,93.03504180908203,127.8779296875,182.90379333496094,247.2684326171875,23.24031639099121,187.7100067138672,442.6183166503906,99.45004272460938
2023-03-08,150.4185333251953,93.91999816894531,93.4216079711914,127.1214828491211,183.3598175048828,246.83059692382812,24.131484985351562,182.0,439.5546569824219,97.99764251708984
2023-03-09,148.17510986328125,92.25,91.50856018066406,120.23957824707031,180.10838317871094,245.4879608154297,23.388011932373047,172.9199981689453,434.2400817871094,97.240234375
2023-03-10,146.11862182617188,90.7300033569336,89.83341217041016,123.2930908203125,177.9473419189453,241.85897827148438,22.917980194091797,173.44000244140625,431.4936218261719,96.03732299804688
2023-03-13,148.05703735351562,92.43000030517578,90.30921173095703,121.07907104492188,179.3252410888672,247.0446319580078,22.918975830078125,174.47999572753906,434.63372802734375,94.93240356445312
2023-03-14,150.14300537109375,94.87999725341797,93.14407348632812,124.18790435791016,192.33103942871094,253.72860717773438,24.013731002807617,183.25999450683594,435.47735595703125,95.28884887695312
2023-03-15,150.53659057617188,96.19999694824219,95.26525115966797,118.3207778930664,196.02853393554688,258.2527160644531,24.17839241027832,180.4499969482422,436.2741394042969,90.54844665527344
2023-03-16,153.35076904296875,100.04000091552734,99.43827056884766,120.61780548095703,203.1460418701172,268.72137451171875,25.488704681396484,184.1300048828125,442.4512939453125,90.02275085449219
2023-03-17,152.51437377929688,98.94999694824219,100.72684478759766,116.06062316894531,193.90716552734375,271.8639221191406,25.672327041625977,180.1300048828125,440.0892028808594,88.9623794555664
2023-03-20,154.8759002685547,97.70999908447266,100.3303451538086,117.28755187988281,196.08804321289062,264.85888671875,25.846967697143555,183.25,447.08184814453125,91.28802490234375
2023-03-21,156.72573852539062,100.61000061035156,103.99783325195312,120.4333267211914,200.400146484375,266.3668518066406,26.145355224609375,197.5800018310547,450.02520751953125,95.37793731689453
2023-03-22,155.2989959716797,98.69999694824219,102.4614486694336,117.324462890625,198.07064819335938,264.917236328125,26.41380500793457,191.14999389648438,445.7320556640625,93.19486236572266
2023-03-23,156.38136291503906,98.70999908447266,104.67184448242188,117.01081085205078,202.50169372558594,270.141845703125,27.13532257080078,192.22000122070312,440.4735412597656,92.14344024658203
2023-03-24,157.68019104003906,98.12999725341797,104.51325225830078,115.2303695678711,204.21665954589844,272.97308349609375,26.724166870117188,190.41000366210938,446.1725769042969,92.25035858154297
2023-03-27,155.74180603027344,98.04000091552734,101.55944061279297,118.532958984375,201.07423400878906,268.896484375,26.4766788482666,191.80999755859375,451.7124328613281,94.27304077148438
2023-03-28,155.1219024658203,97.23999786376953,100.14202880859375,118.89273834228516,198.9330291748047,267.77764892578125,26.355926513671875,189.19000244140625,442.9762268066406,95.44923400878906
2023-03-29,158.19187927246094,100.25,100.49885559082031,119.13258361816406,203.5624237060547,272.9146728515625,26.928747177124023,193.8800048828125,437.3614196777344,97.08876037597656
2023-03-30,159.75636291503906,102.0,100.00325775146484,118.77279663085938,206.03073120117188,276.3588562011719,27.32693099975586,195.27999877929688,440.6141357421875,97.56101989746094
2023-03-31,162.25564575195312,103.29000091552734,102.81829833984375,120.2119140625,210.0950469970703,280.49371337890625,27.720123291015625,207.4600067138672,442.9856262207031,97.71250915527344
2023-04-03,163.50527954101562,102.41000366210938,103.4427490234375,120.07353973388672,211.21519470214844,279.45269775390625,27.907737731933594,194.77000427246094,463.2325439453125,103.47759246826172
2023-04-04,162.9739227294922,103.94999694824219,103.79959106445312,118.4683837890625,212.850830078125,279.4040222167969,27.396791458129883,192.5800018310547,462.3514404296875,102.48851776123047
2023-04-05,161.1339111328125,101.0999984741211,103.5517807006836,118.64502716064453,209.63900756835938,276.6409912109375,26.825963973999023,185.52000427246094,477.3303527832031,104.24388122558594
2023-04-06,162.01950073242188,102.05999755859375,107.46705627441406,118.51485443115234,214.2188262939453,283.7044372558594,26.981639862060547,185.05999755859375,480.6861267089844,102.51526641845703
2023-04-10,159.43165588378906,102.16999816894531,105.50447082519531,118.90534973144531,212.88058471679688,281.5542907714844,27.52252960205078,184.50999450683594,482.9076843261719,102.06080627441406
2023-04-11,158.2213592529297,99.91999816894531,104.4240493774414,119.4910888671875,211.9884033203125,275.171875,27.113367080688477,186.7899932861328,488.3349609375,102.78255462646484
2023-04-12,157.53262329101562,97.83000183105469,103.72029113769531,119.47249603271484,212.13710021972656,275.81402587890625,26.440750122070312,180.5399932861328,488.54119873046875,102.67564392089844
2023-04-13,162.905029296875,102.4000015258789,106.48576354980469,119.9280776977539,218.43182373046875,281.9920654296875,26.408815383911133,185.89999389648438,493.26544189453125,103.15681457519531
2023-04-14,162.56068420410156,102.51000213623047,107.91311645507812,128.9838104248047,219.56190490722656,278.3922119140625,26.703208923339844,185.0,479.73004150390625,103.40631866455078
2023-04-17,162.580322265625,102.73999786376953,105.0385971069336,130.00656127929688,216.95481872558594,280.98016357421875,26.94670867919922,187.0399932861328,473.6934509277344,102.20338439941406
2023-04-18,163.80047607421875,102.30000305175781,103.5815200805664,131.4662322998047,215.9932403564453,280.5617980957031,27.6103515625,184.30999755859375,472.8779602050781,104.19934844970703
2023-04-19,164.9418487548828,104.30000305175781,103.26432800292969,131.2988739013672,213.82229614257812,280.63970947265625,27.873811721801758,180.58999633789062,455.74310302734375,103.86965942382812
2023-04-20,163.9775390625,103.80999755859375,104.36458587646484,130.9176788330078,211.21519470214844,278.36297607421875,27.048498153686523,162.99000549316406,456.92413330078125,103.04097747802734
2023-04-21,162.3737335205078,106.95999908447266,104.48353576660156,130.6666717529297,211.03675842285156,278.0225830078125,27.063474655151367,165.0800018310547,453.51220703125,103.37065124511719
2023-04-24,162.6787567138672,106.20999908447266,105.0385971069336,130.8433074951172,210.93763732910156,274.1405334472656,26.986629486083984,162.5500030517578,458.3114013671875,105.32205963134766
2023-04-25,161.14373779296875,102.56999969482422,102.93724060058594,127.9982681274414,205.74325561523438,267.9624938964844,26.187267303466797,160.6699981689453,461.1047668457031,103.82508087158203
2023-04-26,161.1339111328125,104.9800033569336,102.7984619140625,125.72969055175781,207.57716369628906,287.3722839355469,26.900806427001953,153.75,452.6966857910156,102.87166595458984
2023-04-27,165.70936584472656,109.81999969482422,106.64434814453125,127.42183685302734,236.48330688476562,296.5761413574219,27.170251846313477,160.19000244140625,459.7455139160156,104.10133361816406
2023-04-28,166.95896911621094,105.44999694824219,106.39656829833984,128.52822875976562,238.22799682617188,298.94036865234375,27.692180633544922,164.30999755859375,461.2640686035156,105.4468002319336
2023-05-01,166.8704071044922,102.05000305175781,106.25779724121094,131.28028869628906,241.06307983398438,297.2864074707031,28.850801467895508,161.8300018310547,464.6479187011719,102.1766586303711
2023-05-02,165.8372344970703,103.62999725341797,104.3943099975586,129.16049194335938,237.1573944091797,297.1404113769531,28.152238845825195,160.30999755859375,462.482666015625,98.10454559326172
2023-05-03,164.76470947265625,103.6500015258789,104.48353576660156,126.42700958251953,234.9666290283203,296.1578063964844,27.745073318481445,160.61000061035156,458.7800598144531,96.17098999023438
2023-05-04,163.13134765625,104.0,103.76985168457031,124.69768524169922,231.4871826171875,297.1404113769531,27.505563735961914,161.1999969482422,456.75537109375,94.48690032958984
2023-05-05,170.78662109375,105.66000366210938,104.6421127319336,127.13360595703125,230.7536163330078,302.2386169433594,28.621274948120117,170.05999755859375,463.31689453125,96.83926391601562
2023-05-08,170.7177276611328,105.83000183105469,106.82276916503906,127.44041442871094,231.2393798828125,300.29266357421875,29.091312408447266,171.7899932861328,461.7608337402344,97.22241973876953
2023-05-09,169.0154571533203,106.62000274658203,106.40646362304688,126.82681274414062,231.33847045898438,298.6874694824219,28.512500762939453,169.14999389648438,459.66119384765625,97.24915313720703
2023-05-10,170.7767791748047,110.19000244140625,110.7677993774414,126.89188385009766,231.051025390625,303.8536071777344,28.825857162475586,168.5399932861328,459.3706359863281,96.00167846679688
2023-05-11,170.96371459960938,112.18000030517578,115.5454330444336,126.49209594726562,233.7374267578125,301.7131652832031,28.51948356628418,172.0800018310547,458.14263916015625,94.2641372680664
2023-05-12,170.03750610351562,110.26000213623047,116.47716522216797,124.67908477783203,231.77467346191406,300.6040344238281,28.281972885131836,167.97999572753906,460.4580078125,94.25521087646484
2023-05-15,169.54481506347656,111.19999694824219,115.48596954345703,125.72969055175781,236.7807159423828,301.0808410644531,28.893714904785156,166.35000610351562,456.3616943359375,94.43497467041016
2023-05-16,169.54481506347656,113.4000015258789,118.45960235595703,124.88365936279297,236.7410430908203,303.299072265625,29.15318489074707,166.52000427246094,449.6689758300781,92.14308166503906
2023-05-17,170.15574645996094,115.5,119.77790069580078,128.7234649658203,240.37908935546875,306.16571044921875,30.116209030151367,173.86000061035156,454.4400939941406,94.21027374267578
2023-05-18,172.4811248779297,118.1500015258789,121.75042724609375,129.69970703125,244.70114135742188,310.5728759765625,31.613134384155273,176.88999938964844,449.20965576171875,95.06412506103516
2023-05-19,172.58949279785156,116.25,121.6810302734375,129.4021759033203,243.5016632080078,310.39739990234375,31.199981689453125,180.13999938964844,448.8253173828125,95.50453186035156
2023-05-22,171.64358520507812,115.01000213623047,123.9509048461914,128.3330078125,246.15834045410156,313.16656494140625,31.112165451049805,188.8699951171875,450.51263427734375,94.34510803222656
2023-05-23,169.04234313964844,114.98999786376953,121.48278045654297,126.99417114257812,244.59210205078125,307.39422607421875,30.625164031982422,185.77000427246094,449.4065246582031,95.63035583496094
2023-05-24,169.3182373046875,116.75,119.8373794555664,125.83195495605469,247.0406036376953,306.01947021484375,30.475467681884766,182.89999389648438,450.70941162109375,96.69989013671875
2023-05-25,170.45135498046875,115.0,122.39469909667969,126.13876342773438,250.49029541015625,317.788330078125,37.90223693847656,184.47000122070312,447.7755432128906,94.96527099609375
2023-05-26,172.8555145263672,120.11000061035156,123.51475524902344,127.31957244873047,259.7589416503906,324.5843811035156,38.86625671386719,193.1699981689453,451.356201171875,94.34510803222656
2023-05-30,174.69805908203125,121.66000366210938,122.5830307006836,127.80303955078125,260.2347717285156,322.9462890625,40.028873443603516,201.16000366210938,449.79083251953125,93.50923919677734
2023-05-31,174.6488494873047,120.58000183105469,121.7900619506836,126.17597198486328,262.4155578613281,320.1966857910156,37.75653076171875,203.92999267578125,456.7178649902344,91.83750915527344
2023-06-01,177.4471435546875,122.7699966430664,122.63257598876953,127.91461181640625,270.2369079589844,324.2821350097656,39.688568115234375,207.52000427246094,462.7076416015625,92.89806365966797
2023-06-02,178.29454040527344,124.25,123.57422637939453,130.60153198242188,270.2369079589844,327.03179931640625,39.24646759033203,213.97000122070312,468.2848815917969,95.05513000488281
2023-06-05,176.9446258544922,125.30000305175781,124.9024658203125,129.3185272216797,269.0275573730469,327.5583190917969,39.090789794921875,217.61000061035156,466.98199462890625,94.6327133178711
2023-06-06,176.58009338378906,126.61000061035156,126.1910400390625,129.5509490966797,268.7598876953125,325.3546447753906,38.574859619140625,221.30999755859375,457.0272216796875,95.4056625366211
2023-06-07,175.21046447753906,121.2300033569336,121.42330932617188,130.8061065673828,261.3053283691406,315.31170654296875,37.402137756347656,224.57000732421875,451.9280090332031,97.54476165771484
2023-06-08,177.9201202392578,124.25,121.06647491455078,130.8433074951172,262.27679443359375,317.1448059082031,38.435123443603516,234.86000061035156,459.5205993652344,97.23917388916016
2023-06-09,178.30438232421875,123.43000030517578,121.15569305419922,131.10362243652344,262.64361572265625,318.6365661621094,38.69462203979492,244.39999389648438,462.6982421875,96.52013397216797
2023-06-12,181.0928497314453,126.56999969482422,122.55328369140625,131.0943145751953,268.6904602050781,323.5703430175781,39.40523147583008,249.8300018310547,461.7327575683594,95.64833068847656
2023-06-13,180.61990356445312,126.66000366210938,122.74162292480469,132.0426788330078,268.9581604003906,325.949462890625,40.942237854003906,258.7099914550781,460.532958984375,95.66629791259766
2023-06-14,181.25047302246094,126.41999816894531,122.5830307006836,131.54989624023438,270.970458984375,328.92333984375,42.91340255737305,256.7900085449219,431.05303955078125,94.515869140625
2023-06-15,183.28024291992188,127.11000061035156,123.99053955078125,133.0375213623047,279.3765869140625,339.41497802734375,42.570072174072266,255.89999389648438,438.4980163574219,95.1719741821289
2023-06-16,182.20626831054688,125.48999786376953,122.44425964355469,133.19554138183594,278.5538330078125,333.7888488769531,42.60898971557617,260.5400085449219,431.53302001953125,94.4889144897461
2023-06-20,182.29493713378906,125.77999877929688,122.01803588867188,132.516845703125,281.8548583984375,329.6156921386719,43.72282791137695,274.45001220703125,441.792236328125,92.32283782958984
2023-06-21,181.26036071777344,124.83000183105469,119.49044799804688,132.32159423828125,279.18829345703125,325.2376708984375,42.9613037109375,259.4599914550781,448.719482421875,93.3564453125
2023-06-22,184.2557373046875,130.14999389648438,122.06758880615234,129.7740936279297,282.4001159667969,331.2342224121094,42.941349029541016,264.6099853515625,450.88427734375,92.8441390991211
2023-06-23,183.94046020507812,129.3300018310547,121.26470947265625,129.0953826904297,286.216552734375,326.66119384765625,42.12693405151367,256.6000061035156,448.9548034667969,92.03523254394531
2023-06-26,182.55113220214844,127.33000183105469,117.29987335205078,129.41148376464844,276.0458679199219,320.40142822265625,40.55299758911133,241.0500030517578,450.8936767578125,93.73392486572266
2023-06-27,185.3001708984375,129.17999267578125,117.28996276855469,129.4208221435547,284.5511474609375,326.22247314453125,41.794578552246094,250.2100067138672,454.1878967285156,93.96761322021484
2023-06-28,186.4727020263672,129.0399932861328,119.12371063232422,128.85365295410156,282.8064880371094,327.4705810546875,41.037052154541016,256.239990234375,446.5547180175781,94.73158264160156
2023-06-29,186.80772399902344,127.9000015258789,118.0531997680664,133.35362243652344,279.0792236328125,326.6904602050781,40.74263381958008,257.5,448.4277038574219,95.9000015258789
2023-06-30,191.1234588623047,130.36000061035156,118.64791870117188,135.22239685058594,284.4818420410156,332.04351806640625,42.21975326538086,261.7699890136719,452.38079833984375,96.39432525634766
2023-07-03,189.63560485839844,130.22000122070312,118.84617614746094,136.3102264404297,283.5301513671875,329.55712890625,42.33052444458008,279.82000732421875,449.7830810546875,96.58307647705078
2023-07-05,188.52220153808594,130.3800048828125,120.67990112304688,135.4021759033203,291.8074951171875,329.7131652832031,42.23472595214844,282.4800109863281,443.5146179199219,96.08873748779297
2023-07-06,188.99513244628906,128.36000061035156,119.0543212890625,134.06349182128906,289.44818115234375,332.7552795410156,42.02114486694336,276.5400085449219,441.76397705078125,92.50260925292969
2023-07-07,187.8817138671875,129.77999877929688,118.42984771728516,135.121337890625,288.0008850097656,328.806396484375,42.42035675048828,274.42999267578125,434.44140625,92.71830749511719
2023-07-10,185.8421173095703,127.12999725341797,115.4264907836914,135.87957763671875,291.5398254394531,323.55084228515625,42.09798049926758,269.6099853515625,435.82489013671875,94.09344482421875
2023-07-11,185.3199005126953,128.77999877929688,116.11042022705078,138.00462341308594,295.6933898925781,324.1748352050781,42.32255172729492,269.7900085449219,435.6744384765625,95.2438735961914
2023-07-12,186.98509216308594,130.8000030517578,117.88468933105469,138.68798828125,306.64715576171875,328.78692626953125,43.81663513183594,271.989990234375,425.1423645019531,95.71125030517578
2023-07-13,187.7437744140625,134.3000030517578,123.44538879394531,139.36199951171875,310.6817626953125,334.11065673828125,45.887611389160156,277.8999938964844,421.4245300292969,93.95862579345703
2023-07-14,187.89161682128906,134.67999267578125,124.3176498413086,140.20452880859375,306.1812744140625,336.6262512207031,45.38059997558594,281.3800048828125,451.93841552734375,90.72301483154297
2023-07-17,191.14317321777344,133.55999755859375,123.5544204711914,143.58395385742188,307.916015625,337.1040954589844,46.370662689208984,290.3800048828125,455.6184997558594,91.11846923828125
2023-07-18,190.886962890625,132.8300018310547,122.67223358154297,143.84608459472656,309.3335876464844,350.52069091796875,47.40165328979492,293.3399963378906,470.60247802734375,90.70503997802734
2023-07-19,192.2368621826172,135.36000061035156,120.95744323730469,144.39840698242188,313.25909423828125,346.22076416015625,46.98546600341797,291.260009765625,474.0849914550781,91.33417510986328
2023-07-20,190.29580688476562,129.9600067138672,118.15231323242188,146.17706298828125,299.88653564453125,338.2155456542969,45.431488037109375,262.8999938964844,474.59320068359375,92.94300079345703
2023-07-21,189.12326049804688,130.0,118.96510314941406,145.0537109375,291.69842529296875,335.19293212890625,44.22284698486328,260.0199890136719,476.7485656738281,93.37442016601562
2023-07-24,189.92135620117188,128.8000030517578,120.46183776855469,147.9088897705078,289.07147216796875,336.4994812011719,44.52525329589844,269.05999755859375,478.77215576171875,94.83941650390625
2023-07-25,190.77859497070312,129.1300048828125,121.13585662841797,146.80429077148438,291.90655517578125,342.2231140136719,45.590187072753906,265.2799987792969,480.8898620605469,94.98324584960938
2023-07-26,191.64566040039062,128.14999389648438,128.13380432128906,147.6842041015625,295.9709167480469,329.3426818847656,45.363624572753906,264.3500061035156,478.1321716308594,94.45294952392578
2023-07-27,190.3844451904297,128.25,128.2626495361328,146.0553436279297,308.99652099609375,322.4685974121094,45.810760498046875,255.7100067138672,475.5249938964844,94.74955749511719
2023-07-28,192.9561309814453,132.2100067138672,131.41470336914062,146.8885040283203,322.6466369628906,329.92767333984375,46.65910339355469,266.44000244140625,473.3414306640625,93.61709594726562
2023-07-31,193.5670623779297,133.67999267578125,131.5535125732422,147.8714599609375,315.8265380859375,327.5387878417969,46.63813781738281,267.42999267578125,476.5979309082031,96.38531494140625
2023-08-01,192.73941040039062,131.69000244140625,130.39376831054688,147.1412811279297,319.9007568359375,327.9483337402344,46.41657257080078,261.07000732421875,475.0638122558594,95.82809448242188
2023-08-02,189.7538299560547,128.2100067138672,127.25164031982422,145.47494506835938,311.5738830566406,319.3288879394531,44.18292999267578,254.11000061035156,475.1203308105469,94.6327133178711
2023-08-03,188.3645477294922,128.91000366210938,127.3210220336914,146.3642578125,310.46368408203125,318.5098876953125,44.42844772338867,259.32000732421875,475.1767883300781,96.27748107910156
2023-08-04,179.31927490234375,139.57000732421875,126.98400115966797,146.0553436279297,308.02508544921875,319.6018981933594,44.593135833740234,253.86000061035156,473.1719665527344,96.54711151123047
2023-08-07,176.22535705566406,142.22000122070312,130.3739471435547,146.74810791015625,313.8043518066406,321.8736877441406,45.32870101928711,251.4499969482422,480.7110290527344,96.34937286376953
2023-08-08,177.1614227294922,139.94000244140625,130.24508666992188,145.92428588867188,309.91845703125,317.9150695800781,44.5771598815918,249.6999969482422,476.1179504394531,96.82573699951172
2023-08-09,175.57505798339844,137.85000610351562,128.5203857421875,143.96778869628906,302.5530700683594,314.19036865234375,42.47126007080078,242.19000244140625,472.5884704589844,98.47049713134766
2023-08-10,175.35821533203125,138.55999755859375,128.5501251220703,143.75245666503906,303.0784912109375,314.8728942871094,42.30559158325195,245.33999633789062,473.8778991699219,98.97382354736328
2023-08-11,175.4174346923828,138.41000366210938,128.42127990722656,144.5856475830078,299.01416015625,313.0008850097656,40.77556610107422,242.64999389648438,478.1415710449219,100.5107421875
2023-08-14,177.06520080566406,140.57000732421875,130.1757049560547,144.8852081298828,303.52459716796875,315.9552001953125,43.66792678833008,239.75999450683594,480.8898620605469,100.59163665771484
2023-08-15,175.08200073242188,137.6699981689453,128.6393280029297,141.19680786132812,299.3215026855469,313.82952880859375,43.85456848144531,232.9600067138672,476.899169921875,98.00911712646484
2023-08-16,174.21371459960938,135.07000732421875,127.56881713867188,140.5977020263672,291.7281494140625,313.06744384765625,43.40143966674805,225.60000610351562,473.95318603515625,96.35990905761719
2023-08-17,171.67800903320312,133.97999572753906,128.77810668945312,139.1373291015625,282.60821533203125,309.62799072265625,43.25972366333008,219.22000122070312,464.91766357421875,98.2265853881836
2023-08-18,172.16152954101562,133.22000122070312,126.3397216796875,139.4556427001953,280.7843017578125,309.2371520996094,43.214813232421875,215.49000549316406,469.1342468261719,99.71267700195312
2023-08-21,173.4934844970703,134.67999267578125,127.24169921875,139.93307495117188,287.3763732910156,314.5136413574219,46.87567901611328,231.27999877929688,468.4189147949219,98.50749206542969
2023-08-22,174.8649139404297,134.25,127.94548797607422,137.03106689453125,285.0964050292969,315.0802917480469,45.579200744628906,233.19000244140625,463.39288330078125,97.95474243164062
2023-08-23,178.70303344726562,135.52000427246094,131.20654296875,137.95782470703125,291.6786193847656,319.51641845703125,47.02439498901367,236.86000061035156,460.6634521484375,97.09388732910156
2023-08-24,174.0262908935547,131.83999633789062,128.6393280029297,137.8267822265625,284.2537841796875,312.6472473144531,47.0713005065918,230.0399932861328,459.40216064453125,96.36896514892578
2023-08-25,176.2265167236328,133.25999450683594,128.7384490966797,137.6582489013672,283.01470947265625,315.5884094238281,45.92852783203125,238.58999633789062,460.36212158203125,98.09066009521484
2023-08-28,177.78543090820312,133.13999938964844,129.85848999023438,138.13568115234375,287.73333740234375,316.29193115234375,46.743934631347656,238.82000732421875,462.3951721191406,98.91526794433594
2023-08-29,181.66297912597656,134.91000366210938,133.38723754882812,139.259033203125,295.3959045410156,320.8941345214844,48.68914794921875,257.17999267578125,463.85406494140625,99.50424194335938
2023-08-30,185.14590454101562,135.07000732421875,134.68569946289062,138.69735717773438,292.5311279296875,321.2654724121094,49.168212890625,256.8999938964844,462.6304931640625,100.47382354736328
2023-08-31,185.36293029785156,138.00999450683594,134.97317504882812,136.9842529296875,293.3142395019531,320.2590637207031,49.25904083251953,258.0799865722656,448.5594177246094,100.7547378540039
2023-09-01,186.93174743652344,138.1199951171875,134.4676513671875,137.44296264648438,293.79998779296875,321.138427734375,48.414676666259766,245.00999450683594,448.239501953125,102.86605834960938
2023-09-05,187.16851806640625,137.27000427246094,134.5767059326172,135.9263916015625,297.53717041015625,325.9165344238281,48.453609466552734,256.489990234375,452.540771484375,102.87511444091797
2023-09-06,180.46913146972656,135.36000061035156,133.2781982421875,135.70175170898438,296.565673828125,325.2618408203125,46.973365783691406,251.9199981689453,448.8982849121094,103.76314544677734
2023-09-07,175.19052124023438,137.85000610351562,134.07115173339844,134.54092407226562,296.07000732421875,322.3597717285156,46.1548957824707,251.49000549316406,456.30560302734375,103.25570678710938
2023-09-08,175.80224609375,138.22999572753906,135.18133544921875,134.6439208984375,295.2968444824219,326.6199951171875,45.48713684082031,248.5,454.2646789550781,104.75990295410156
2023-09-11,176.9665069580078,143.10000610351562,135.71656799316406,135.23365783691406,304.8826599121094,330.20611572265625,45.0938720703125,273.5799865722656,452.9513244628906,103.44600677490234
2023-09-12,173.9473419189453,141.22999572753906,134.15045166015625,136.9936065673828,299.0340576171875,324.17724609375,44.78644943237305,267.4800109863281,453.442626953125,106.46346282958984
2023-09-13,171.8852081298828,144.85000610351562,135.5084228515625,137.0591278076172,302.4043884277344,328.36907958984375,45.40030288696289,271.29998779296875,453.3859558105469,105.51201629638672
2023-09-14,173.39480590820312,144.72000122070312,136.88619995117188,139.71775817871094,309.0064392089844,330.9486999511719,45.49612045288086,276.0400085449219,456.9386291503906,107.39681243896484
2023-09-15,172.67457580566406,140.38999938964844,136.1923370361328,139.30584716796875,297.69573974609375,322.6627197265625,43.81825256347656,274.3900146484375,459.86773681640625,105.74761199951172
2023-09-18,175.59503173828125,139.97999572753906,136.9952392578125,139.59603881835938,299.9162902832031,321.5292663574219,43.884124755859375,265.2799987792969,459.2630615234375,106.59940338134766
2023-09-19,176.68035888671875,137.6300048828125,136.8267364501953,139.4181671142578,302.4143371582031,321.128662109375,43.438961029052734,266.5,454.1607360839844,106.31849670410156
2023-09-20,173.1481475830078,135.2899932861328,132.56451416015625,138.8284149169922,297.06134033203125,313.42901611328125,42.16034698486328,262.5899963378906,464.9984130859375,105.47577667236328
2023-09-21,171.60894775390625,129.3300018310547,129.2935333251953,137.74252319335938,293.1556701660156,312.2174072265625,40.940616607666016,255.6999969482422,473.5116882324219,103.98969268798828
2023-09-22,172.4574737548828,129.1199951171875,129.1051788330078,136.4225616455078,296.4764709472656,309.75506591796875,41.53252029418945,244.8800048828125,478.1982421875,104.15279388427734
2023-09-25,173.7303009033203,131.27000427246094,129.9576416015625,137.0965576171875,298.2112121582031,310.2729187011719,42.14337921142578,246.99000549316406,482.14776611328125,105.32173156738281
2023-09-26,169.66525268554688,125.9800033569336,127.43997955322266,135.6736297607422,296.3575439453125,304.9964904785156,41.832950592041016,244.1199951171875,477.58404541015625,105.48484802246094
2023-09-27,168.15567016601562,125.9800033569336,129.3926544189453,136.4693603515625,295.14813232421875,305.63165283203125,42.388919830322266,240.5,475.9588623046875,108.91915130615234
2023-09-28,168.4121856689453,125.9800033569336,131.1470947265625,138.16375732421875,301.31396484375,306.4621887207031,43.008766174316406,246.3800048828125,481.9776916503906,108.2576675415039
2023-09-29,168.92526245117188,127.12000274658203,129.7098388671875,135.75790405273438,297.5966491699219,308.52386474609375,43.417999267578125,250.22000122070312,476.39349365234375,106.54501342773438
2023-10-02,171.43136596679688,129.4600067138672,132.99073791503906,134.58775329589844,304.14910888671875,314.4354248046875,44.6986083984375,251.60000610351562,486.2012939453125,104.77803039550781
2023-10-03,170.09939575195312,124.72000122070312,131.2660369873047,133.59542846679688,298.3203125,306.2178955078125,43.43596649169922,246.52999877929688,481.3824157714844,104.95928192138672
2023-10-04,171.3426055908203,127.0,134.0513458251953,134.19456481933594,302.9198303222656,311.660400390625,43.958984375,261.1600036621094,482.46905517578125,101.03562927246094
2023-10-05,172.5758819580078,125.95999908447266,133.8828125,134.76036071777344,302.13671875,312.05126953125,44.60478210449219,260.04998779296875,487.769775390625,98.76119995117188
2023-10-06,175.12147521972656,127.95999908447266,136.3707733154297,136.8350830078125,312.6841125488281,319.77044677734375,45.67678451538086,260.5299987792969,495.8768310546875,97.11200714111328
2023-10-09,176.6014404296875,128.25999450683594,137.203369140625,136.5238800048828,315.5886535644531,322.2719421386719,45.18869400024414,259.6700134277344,497.48297119140625,100.51007843017578
2023-10-10,176.00942993164062,129.47999572753906,136.84657287597656,137.35369873046875,319.03839111328125,320.8746337890625,45.71271896362305,263.6199951171875,495.3381652832031,100.08419799804688
2023-10-11,177.40066528320312,131.8300018310547,139.31466674804688,137.8252410888672,324.9662780761719,324.81243896484375,46.718841552734375,262.989990234375,495.2341613769531,96.49583435058594
2023-10-12,178.29852294921875,132.3300018310547,137.74853515625,137.50462341308594,321.3381652832031,323.5812072753906,46.857582092285156,258.8699951171875,496.5664978027344,96.47771453857422
2023-10-13,176.4633331298828,129.7899932861328,136.1527099609375,139.5698699951172,311.9505920410156,320.229736328125,45.37635040283203,251.1199951171875,509.66241455078125,99.55864715576172
2023-10-16,176.3350372314453,132.5500030517578,137.8773956298828,139.42843627929688,318.3543701171875,325.0273742675781,46.0091667175293,253.9199981689453,508.3678894042969,99.63111114501953
2023-10-17,174.78599548339844,131.47000122070312,138.49195861816406,139.12664794921875,321.1795349121094,324.4605712890625,43.8561897277832,254.85000610351562,507.06396484375,100.93598175048828
2023-10-18,173.4934844970703,128.1300048828125,136.7474365234375,137.5989532470703,314.21075439453125,322.55517578125,42.1174201965332,242.67999267578125,506.5064392089844,102.34956359863281
2023-10-19,173.11854553222656,128.39999389648438,136.53927612304688,137.01422119140625,310.0870056152344,323.737548828125,42.02260971069336,220.11000061035156,502.3206481933594,102.4129867553711
2023-10-20,170.57296752929688,125.16999816894531,134.4081573486328,134.80752563476562,305.963134765625,319.1939697265625,41.309932708740234,211.99000549316406,497.9742736816406,100.65506744384766
2023-10-23,170.69137573242188,126.55999755859375,135.30026245117188,132.96861267089844,311.27655029296875,321.78326416015625,42.89497756958008,212.0800018310547,492.8153076171875,99.17802429199219
2023-10-24,171.12550354003906,128.55999755859375,137.5899658203125,133.12893676757812,309.8292236328125,322.96563720703125,43.581695556640625,216.52000427246094,496.0561828613281,98.217529296875
2023-10-25,168.8167266845703,121.38999938964844,124.50596618652344,132.4027557373047,296.9225769042969,332.87353515625,41.701194763183594,212.4199981689453,500.97900390625,98.39875030517578
2023-10-26,164.6629180908203,119.56999969482422,121.20523834228516,132.74227905273438,285.8398742675781,320.3860168457031,40.25090789794922,205.75999450683594,499.23095703125,97.50165557861328
2023-10-27,165.97518920898438,127.73999786376953,121.0962142944336,127.96106719970703,294.1469421386719,322.2620544433594,40.424583435058594,207.3000030517578,495.73504638671875,95.6440658569336
2023-10-30,168.0175323486328,132.7100067138672,123.3660888671875,129.59251403808594,300.0252990722656,329.5904235839844,41.084354400634766,197.36000061035156,500.7711181640625,95.94307708740234
2023-10-31,168.49114990234375,133.08999633789062,122.98942565917969,131.13909912109375,298.64739990234375,330.3721618652344,40.70405960083008,200.83999633789062,506.03399658203125,95.9158935546875
2023-11-01,171.6484375,137.0,125.33859252929688,131.02593994140625,309.1353454589844,338.1499938964844,42.24618911743164,205.66000366210938,502.2923889160156,95.72561645507812
2023-11-02,175.2003936767578,138.07000732421875,126.36945343017578,133.3646697998047,308.1638488769531,340.3485107421875,43.424991607666016,218.50999450683594,506.5726318359375,98.86994934082031
2023-11-03,174.2926788330078,138.60000610351562,127.96532440185547,134.8546905517578,311.8614196777344,344.7259521484375,44.921199798583984,219.9600067138672,501.6310729980469,97.66476440429688
2023-11-06,176.83824157714844,139.74000549316406,129.1051788330078,135.87318420410156,313.05096435546875,348.37060546875,45.66580581665039,219.27000427246094,504.0498046875,95.93402099609375
2023-11-07,179.3936767578125,142.7100067138672,129.81886291503906,135.80715942382812,316.04461669921875,352.279052734375,45.86942672729492,222.17999267578125,508.1788330078125,94.4298095703125
2023-11-08,180.4494171142578,142.0800018310547,130.6811981201172,136.47671508789062,316.99627685546875,354.8879699707031,46.487274169921875,222.11000061035156,507.13958740234375,93.26993560791016
2023-11-09,179.97581481933594,140.60000610351562,129.0952911376953,136.0712127685547,317.75958251953125,352.4354553222656,46.86257553100586,209.97999572753906,509.28448486328125,93.297119140625
2023-11-10,184.1548614501953,143.55999755859375,131.4246368408203,138.08932495117188,325.907958984375,361.20989990234375,48.2449951171875,214.64999389648438,511.37261962890625,94.01297760009766
2023-11-13,182.57412719726562,142.58999633789062,130.92901611328125,137.47633361816406,326.32440185546875,358.28826904296875,48.52946472167969,223.7100067138672,512.6575927734375,95.00068664550781
2023-11-14,185.1823272705078,145.8000030517578,132.44557189941406,139.98484802246094,333.3823547363281,361.7961120605469,49.563533782958984,237.41000366210938,510.6640319824219,95.36647033691406
2023-11-15,185.7454833984375,143.1999969482422,133.43679809570312,141.2108154296875,329.8137512207031,361.94305419921875,48.796966552734375,242.83999633789062,508.7269287109375,94.79036712646484
2023-11-16,187.4250030517578,142.8300018310547,135.72650146484375,142.82337951660156,331.2808837890625,368.30712890625,49.38786315917969,233.58999633789062,510.059326171875,93.69305419921875
2023-11-17,187.40521240234375,145.17999267578125,134.12071228027344,144.11532592773438,332.1233825683594,362.1192932128906,49.20620346069336,234.3000030517578,506.7237548828125,95.97914123535156
2023-11-20,189.14404296875,146.1300048828125,135.05245971679688,144.5585479736328,337.0105285644531,369.5506591796875,50.31513595581055,235.60000610351562,505.59942626953125,95.55850219726562
2023-11-21,188.34378051757812,143.89999389648438,135.76612854003906,144.25677490234375,334.0465393066406,365.27197265625,49.85100173950195,241.1999969482422,509.8419494628906,95.52191925048828
2023-11-22,189.00570678710938,146.7100067138672,137.2727508544922,144.59628295898438,338.51727294921875,369.9520568847656,48.625282287597656,234.2100067138672,513.781982421875,95.11043548583984
2023-11-24,187.68185424804688,146.74000549316406,135.4886016845703,144.79432678222656,335.2856140136719,369.5408020019531,47.687034606933594,235.4499969482422,516.9378051757812,95.62249755859375
2023-11-27,187.5040283203125,147.72999572753906,135.21107482910156,144.46424865722656,331.786376953125,370.6961364746094,48.15217590332031,236.0800018310547,513.6213989257812,95.064697265625
2023-11-28,188.10665893554688,147.02999877929688,135.99411010742188,144.79432678222656,336.0390625,374.7007141113281,47.73194885253906,246.72000122070312,510.7301330566406,95.00982666015625
2023-11-29,187.08909606933594,146.32000732421875,133.80352783203125,145.52992248535156,329.30816650390625,370.93115234375,48.05036163330078,244.13999938964844,505.4859619140625,93.58332061767578
2023-11-30,187.662109375,146.08999633789062,131.3651580810547,147.18963623046875,324.3021240234375,370.98980712890625,46.682918548583984,240.0800018310547,522.4841918945312,93.94908142089844
2023-12-01,188.9365692138672,147.02999877929688,130.70101928710938,147.90635681152344,321.99237060546875,366.6818542480469,46.67792510986328,238.8300018310547,518.7582397460938,94.17769622802734
2023-12-04,187.14834594726562,144.83999633789062,128.13380432128906,148.99087524414062,317.23419189453125,361.42413330078125,45.42525100708008,235.5800018310547,519.8201904296875,93.66561889648438
2023-12-05,191.09030151367188,146.8800048828125,129.83868408203125,148.9720001220703,315.519287109375,364.7334289550781,46.48337173461914,238.72000122070312,521.6973876953125,91.84588623046875
2023-12-06,190.00355529785156,144.52000427246094,128.87722778320312,147.4065399169922,314.6866149902344,361.0911560058594,45.42226028442383,239.3699951171875,521.005126953125,90.62969207763672
2023-12-07,191.93006896972656,146.8800048828125,135.72650146484375,147.8592071533203,323.7469787597656,363.1963195800781,46.51332473754883,242.63999938964844,519.8106689453125,89.99871826171875
2023-12-08,193.35272216796875,147.4199981689453,133.80352783203125,149.4906463623047,329.8533630371094,366.40777587890625,47.42170715332031,243.83999633789062,521.2327270507812,91.03205871582031
2023-12-11,190.85321044921875,145.88999938964844,132.11846923828125,150.0376434326172,322.4483642578125,363.5389099121094,46.54426956176758,239.74000549316406,515.4589233398438,91.09606170654297
2023-12-12,192.36476135253906,147.47999572753906,131.35525512695312,151.37673950195312,331.3105773925781,366.5545349121094,47.57244873046875,237.00999450683594,517.3929443359375,89.66039276123047
2023-12-13,195.5756072998047,148.83999633789062,131.4048309326172,151.88597106933594,331.8260192871094,366.5448303222656,48.00267791748047,239.2899932861328,520.5121459960938,90.4559555053711
2023-12-14,195.7238006591797,147.4199981689453,130.78033447265625,154.6490936279297,330.26971435546875,358.2812194824219,48.26420593261719,251.0500030517578,506.50885009765625,92.88834381103516
2023-12-15,195.19033813476562,149.97000122070312,131.43455505371094,155.8184814453125,332.00445556640625,362.9809265136719,48.803253173828125,253.5,503.55084228515625,92.26653289794922
2023-12-18,193.5305633544922,154.07000732421875,134.60641479492188,156.7615203857422,341.62005615234375,364.86077880859375,49.9881477355957,252.0800018310547,499.2181091308594,92.95235443115234
2023-12-19,194.5679168701172,153.7899932861328,135.4489288330078,158.85507202148438,347.3100891113281,365.45794677734375,49.51598358154297,257.2200012207031,496.8382873535156,94.17769622802734
2023-12-20,192.48333740234375,152.1199951171875,137.12408447265625,157.06332397460938,346.2394714355469,362.8731689453125,48.025638580322266,247.13999938964844,489.1492614746094,92.6048583984375
2023-12-21,192.33514404296875,153.83999633789062,139.18582153320312,157.95916748046875,351.0075988769531,365.73211669921875,48.903076171875,254.5,492.8942565917969,93.02550506591797
2023-12-22,191.26815795898438,153.4199981689453,140.24639892578125,157.8648681640625,350.3137512207031,366.7503662109375,48.74335479736328,252.5399932861328,493.30194091796875,93.19010925292969
2023-12-26,190.72476196289062,153.41000366210938,140.27613830566406,158.79847717285156,351.74114990234375,366.8287048339844,49.19156265258789,256.6099853515625,493.0365295410156,93.40043640136719
2023-12-27,190.8235321044922,153.33999633789062,139.13624572753906,159.75094604492188,354.7149963378906,366.25103759765625,49.329315185546875,261.44000244140625,495.65325927734375,92.96150970458984
2023-12-28,191.2483673095703,153.3800048828125,138.99745178222656,160.5996856689453,355.2008056640625,367.4357604980469,49.43413162231445,253.17999267578125,497.6537170410156,91.61727905273438
2023-12-29,190.21102905273438,151.94000244140625,138.4622039794922,160.41107177734375,350.87872314453125,368.1799011230469,49.43413162231445,248.47999572753906,499.1422119140625,91.42526245117188
2024-01-02,183.4040069580078,149.92999267578125,136.95556640625,162.27830505371094,343.2755432128906,363.1179504394531,48.0825309753418,248.4199981689453,511.34423828125,93.60160064697266
2024-01-03,182.03074645996094,148.47000122070312,137.698974609375,161.57102966308594,341.4714050292969,362.8535461425781,47.484596252441406,238.4499969482422,513.8944702148438,94.38801574707031
2024-01-04,179.71893310546875,144.57000732421875,135.1912384033203,162.64320373535156,344.0982666015625,360.24920654296875,47.91283416748047,237.92999267578125,517.1085205078125,93.56502532958984
2024-01-05,178.99771118164062,145.24000549316406,134.5370330810547,163.45925903320312,348.88623046875,360.0631408691406,49.0098876953125,237.49000549316406,509.48583984375,93.8485107421875
2024-01-08,183.324951171875,149.10000610351562,137.61968994140625,163.22203063964844,355.5378112792969,366.8581237792969,52.16028594970703,240.4499969482422,508.6705322265625,92.28482055664062
2024-01-09,182.91001892089844,151.3699951171875,139.71115112304688,161.93157958984375,354.3184814453125,367.93511962890625,53.04571533203125,234.9600067138672,510.42462158203125,91.14177703857422
2024-01-10,183.9473876953125,153.72999572753906,141.02943420410156,162.273193359375,367.2449951171875,374.7691955566406,54.253570556640625,233.94000244140625,509.7323303222656,90.24563598632812
2024-01-11,183.3546142578125,155.17999267578125,140.83120727539062,161.5899658203125,366.4520263671875,376.5903625488281,54.724727630615234,227.22000122070312,511.6665344238281,90.22733306884766
2024-01-12,183.68064880371094,154.6199951171875,141.39622497558594,160.40391540527344,371.2300109863281,380.35003662109375,54.6129264831543,218.88999938964844,494.439697265625,91.3978271484375
2024-01-16,181.41819763183594,153.16000366210938,141.2376251220703,159.39813232421875,364.2611999511719,382.1124267578125,56.281959533691406,219.91000366210938,492.2021789550781,89.33120727539062
2024-01-17,180.47962951660156,151.7100067138672,140.22657775878906,158.54415893554688,365.163330078125,381.32916259765625,55.953548431396484,215.5500030517578,497.6916809082031,88.68195343017578
2024-01-18,186.3580322265625,153.5,142.2189178466797,158.8572998046875,372.85577392578125,385.6372375488281,57.005672454833984,211.8800048828125,489.53802490234375,88.51734161376953
2024-01-19,189.25270080566406,155.33999633789062,145.09341430664062,161.59945678710938,380.1120300292969,390.3368835449219,59.385440826416016,212.19000244140625,477.4214172363281,88.65450286865234
2024-01-22,191.5546112060547,154.77999877929688,144.70687866210938,161.40969848632812,378.4565734863281,388.22198486328125,59.548152923583984,208.8000030517578,486.3619384765625,88.53563690185547
2024-01-23,192.82913208007812,156.02000427246094,145.74761962890625,160.34698486328125,381.8468017578125,390.56201171875,59.76676940917969,209.13999938964844,488.7606201171875,89.53237915039062
2024-01-24,192.15728759765625,156.8699951171875,147.39305114746094,161.77975463867188,387.2989196777344,394.1454772949219,61.25312042236328,207.8300018310547,486.5894775390625,91.0777587890625
2024-01-25,191.83126831054688,157.75,150.53515625,164.09498596191406,389.7572937011719,396.4072570800781,61.507667541503906,182.6300048828125,467.7887878417969,93.39128112792969
2024-01-26,190.1023406982422,159.1199951171875,150.85235595703125,163.46871948242188,390.708984375,395.4869079589844,60.92271041870117,183.25,477.0801086425781,94.18684387207031
2024-01-29,189.420654296875,161.25999450683594,152.1607666015625,163.89569091796875,397.5290832519531,401.15582275390625,62.354164123535156,190.92999267578125,478.3505554199219,94.30571746826172
2024-01-30,185.77508544921875,159.0,150.12876892089844,167.25465393066406,396.5774230957031,400.04949951171875,62.66261672973633,191.58999633789062,477.46881103515625,95.87854766845703
2024-01-31,182.17892456054688,155.1999969482422,138.86863708496094,165.44232177734375,386.7438049316406,389.2696228027344,61.41782760620117,187.2899932861328,485.17681884765625,94.0130844116211
2024-02-01,184.60931396484375,159.27999877929688,139.9193115234375,164.8445587158203,391.3433837890625,395.340087890625,62.9151725769043,188.86000061035156,480.8155822753906,93.62904357910156
2024-02-02,183.61148071289062,171.80999755859375,141.12860107421875,165.79342651367188,470.8551330566406,402.62451171875,66.04261016845703,187.91000366210938,483.74517822265625,93.24498748779297
2024-02-05,185.41944885253906,170.30999755859375,142.41717529296875,165.57521057128906,455.41082763671875,397.1709289550781,69.208984375,181.05999755859375,476.8525085449219,92.86091613769531
2024-02-06,187.0199432373047,169.14999389648438,142.83346557617188,166.1444854736328,450.7615966796875,397.0142517089844,68.10195922851562,185.10000610351562,484.1623840332031,93.50101470947266
2024-02-07,187.12863159179688,170.52999877929688,144.26080322265625,166.45758056640625,465.5021667480469,405.3953857421875,69.97462463378906,187.5800018310547,492.4297180175781,93.47357940673828
2024-02-08,186.0517578125,169.83999633789062,144.6275634765625,165.85984802246094,465.9085388183594,405.45404052734375,69.5174331665039,189.55999755859375,493.09344482421875,95.07386016845703
2024-02-09,186.8134307861328,174.4499969482422,147.69041442871094,166.05908203125,464.0350341796875,411.7594299316406,72.00501251220703,193.57000732421875,491.3204345703125,93.06210327148438
2024-02-12,185.1317596435547,172.33999633789062,146.23329162597656,166.79920959472656,464.81817626953125,406.5801086425781,72.11979675292969,188.1300048828125,490.77056884765625,94.34228515625
2024-02-13,183.0445098876953,168.63999938964844,143.86434936523438,165.34744262695312,456.1146240234375,397.8269348144531,72.0000228881836,184.02000427246094,490.02154541015625,93.53011322021484
2024-02-14,182.16409301757812,170.97999572753906,144.65728759765625,167.0269317626953,469.1600646972656,401.6720886230469,73.76889038085938,188.7100067138672,490.10687255859375,93.06864166259766
2024-02-15,181.87722778320312,169.8000030517578,141.5151824951172,170.6705322265625,479.8164367675781,398.79803466796875,72.5290756225586,200.4499969482422,493.8423767089844,95.7359390258789
2024-02-16,180.34396362304688,169.50999450683594,139.28494262695312,169.8734893798828,469.19970703125,396.34576416015625,72.48416900634766,199.9499969482422,494.47760009765625,95.7359390258789
2024-02-20,179.60203552246094,167.0800018310547,139.87966918945312,170.53768920898438,467.64337158203125,395.1000671386719,69.32878112792969,193.75999450683594,494.0130920410156,94.83145904541016
2024-02-21,180.3538360595703,168.58999633789062,141.29708862304688,171.64784240722656,464.4480285644531,394.5016784667969,67.35227966308594,194.77000427246094,494.87579345703125,96.76962280273438
2024-02-22,182.38172912597656,174.5800018310547,142.8235321044922,173.70687866210938,482.40948486328125,403.7909240722656,78.3986587524414,197.41000366210938,499.1706848144531,96.68655395507812
2024-02-23,180.55169677734375,174.99000549316406,142.69471740722656,174.57981872558594,480.3255310058594,402.505859375,78.67715454101562,191.97000122070312,499.8722839355469,95.83744812011719
2024-02-26,179.2063751220703,174.72999572753906,136.36085510253906,173.98204040527344,478.0530700683594,399.7593078613281,78.95166778564453,199.39999389648438,498.0518493652344,96.21585083007812
2024-02-27,180.66050720214844,173.5399932861328,137.65936279296875,174.06739807128906,483.32244873046875,399.7004699707031,78.56136322021484,199.72999572753906,486.76959228515625,96.01280212402344
2024-02-28,179.4635772705078,173.16000366210938,135.18133544921875,174.9498748779297,480.3156433105469,399.9358825683594,77.52519226074219,202.0399932861328,472.41546630859375,96.28045654296875
2024-02-29,178.80078125,176.75999450683594,137.24302673339844,176.54393005371094,486.3788757324219,405.7428894042969,78.97163391113281,201.8800048828125,467.9783935546875,96.46503448486328
2024-03-01,177.72254943847656,178.22000122070312,135.93463134765625,175.8133087158203,498.4557189941406,407.5673828125,82.13301849365234,202.63999938964844,464.1196594238281,97.68331146240234
2024-03-04,173.21173095703125,177.5800018310547,132.17796325683594,177.1322479248047,494.3772277832031,406.9984436035156,85.08576202392578,188.13999938964844,456.8572998046875,96.3173599243164
2024-03-05,168.285400390625,174.1199951171875,131.5039520263672,178.90658569335938,486.4681701660156,394.96270751953125,85.81549835205078,180.74000549316406,448.58990478515625,97.49873352050781
2024-03-06,167.29620361328125,173.50999450683594,130.24508666992188,179.83644104003906,492.2932434082031,394.413330078125,88.5467758178711,176.5399932861328,448.0684814453125,98.5416488647461
2024-03-07,167.177490234375,176.82000732421875,133.19891357421875,178.26136779785156,508.2700500488281,401.3288269042969,92.5089111328125,178.64999389648438,453.92767333984375,99.09540557861328
2024-03-08,168.88882446289062,175.35000610351562,134.21987915039062,178.59347534179688,502.07781982421875,398.4645690917969,87.37678527832031,175.33999633789062,453.61358642578125,100.02757263183594
2024-03-11,170.88705444335938,171.9600067138672,136.45997619628906,178.6598663330078,479.8888854980469,396.79705810546875,85.62582397460938,177.77000427246094,465.58758544921875,100.61824798583984
2024-03-12,171.3618621826172,175.38999938964844,137.28268432617188,180.13058471679688,495.92523193359375,407.3515625,91.75421905517578,177.5399932861328,465.7779846191406,99.97220611572266
2024-03-13,169.2845458984375,176.55999755859375,138.5613555908203,181.5918731689453,491.7772216796875,407.17498779296875,90.73098754882812,169.47999572753906,464.4930114746094,101.08895111083984
2024-03-14,171.13436889648438,178.75,141.84226989746094,178.3562469482422,488.0658264160156,417.10174560546875,87.79207611083984,162.5,465.4448547363281,102.87943267822266
2024-03-15,170.75845336914062,174.4199981689453,139.9391326904297,180.5670928955078,480.3950500488281,408.4698486328125,87.68526458740234,163.57000732421875,467.1771545410156,102.6948471069336
2024-03-18,171.8466033935547,174.47999572753906,146.38197326660156,182.806396484375,493.1763916015625,409.35260009765625,88.30220031738281,173.8000030517578,463.5887451171875,103.64547729492188
2024-03-19,174.18113708496094,175.89999389648438,145.73773193359375,183.87860107421875,492.4421081542969,413.364501953125,89.24356842041016,171.32000732421875,469.5567321777344,104.37458038330078
2024-03-20,176.74319458007812,178.14999389648438,147.4326934814453,186.28868103027344,501.6510314941406,417.11163330078125,90.21588134765625,175.66000366210938,470.4229431152344,104.28230285644531
2024-03-21,169.5219268798828,178.14999389648438,146.30270385742188,188.87904357910156,503.8739318847656,421.1725769042969,91.27703094482422,172.82000732421875,468.0052490234375,104.7437515258789
2024-03-22,170.422119140625,178.8699951171875,149.44485473632812,186.56382751464844,505.67999267578125,420.5545654296875,94.1261215209961,170.8300018310547,466.46331787109375,104.7437515258789
2024-03-25,169.00753784179688,179.7100067138672,148.75099182128906,184.8559112548828,499.170166015625,414.7868347167969,94.83787536621094,172.6300048828125,462.47515869140625,105.8143539428711
2024-03-26,167.8798370361328,178.3000030517578,149.34571838378906,185.7193603515625,492.0947570800781,413.59991455078125,92.4011001586914,177.6699981689453,468.5953674316406,105.0206527709961
2024-03-27,171.4409942626953,179.8300018310547,149.54393005371094,189.3155517578125,490.08026123046875,413.3841552734375,90.0940933227539,179.8300018310547,469.3473205566406,106.1097183227539
2024-03-28,169.6307373046875,180.3800048828125,149.60342407226562,190.05564880371094,481.8637390136719,412.6876525878906,90.19991302490234,175.7899932861328,470.87030029296875,107.28182983398438
2024-04-01,168.19638061523438,180.97000122070312,154.12335205078125,188.7651824951172,487.5895080566406,416.46417236328125,90.20690155029297,175.22000122070312,466.1111145019531,107.9740219116211
2024-04-02,167.01919555664062,180.69000244140625,153.20155334472656,188.6892852783203,493.5634460449219,413.3939514160156,89.29747772216797,166.6300048828125,436.0713806152344,110.08756256103516
2024-04-03,167.82046508789062,182.41000366210938,153.55838012695312,188.15794372558594,502.8617248535156,412.42279052734375,88.81031799316406,168.3800048828125,437.59423828125,110.10601043701172
2024-04-04,166.99945068359375,180.0,149.20697021484375,186.726318359375,507.009765625,409.9018859863281,85.75659942626953,171.11000061035156,433.4443054199219,110.49363708496094
2024-04-05,167.751220703125,185.07000732421875,151.1596221923828,188.44424438476562,523.3040771484375,417.3960266113281,87.8559799194336,164.89999389648438,433.7869873046875,112.01647186279297
2024-04-08,166.63343811035156,185.19000244140625,153.48898315429688,189.42727661132812,515.2760009765625,416.4837951660156,86.98247528076172,172.97999572753906,434.034423828125,111.25968170166016
2024-04-09,167.84027099609375,185.6699981689453,155.2235870361328,188.15792846679688,512.944091796875,418.1415710449219,85.20655059814453,176.8800048828125,437.57525634765625,111.84112548828125
2024-04-10,165.9706573486328,185.9499969482422,154.7676544189453,186.55455017089844,515.8516235351562,415.17919921875,86.88864135742188,171.75999450683594,428.3710021972656,112.78251647949219
2024-04-11,173.15234375,189.0500030517578,158.00889587402344,186.516357421875,519.156005859375,419.760009765625,90.4594497680664,174.60000610351562,420.4422912597656,112.40410614013672
2024-04-12,174.64608764648438,186.1300048828125,156.3436737060547,174.45291137695312,507.9822998046875,413.84515380859375,88.03364562988281,171.0500030517578,418.043701171875,111.09355163574219
2024-04-15,170.8276824951172,183.6199951171875,153.49888610839844,174.54830932617188,496.401611328125,405.7428894042969,85.85242462158203,161.47999572753906,424.1639709472656,110.45671081542969
2024-04-16,167.5533905029297,183.32000732421875,153.0429229736328,172.55364990234375,495.9352111816406,406.6648864746094,87.26399230957031,157.11000061035156,446.3034973144531,109.54302215576172
2024-04-17,166.18826293945312,181.27999877929688,154.10353088378906,171.86647033691406,490.3879699707031,403.9771728515625,83.88983154296875,155.4499969482422,455.9169616699219,109.48763275146484
2024-04-18,165.2386016845703,179.22000122070312,154.6387939453125,172.98313903808594,497.9595031738281,396.5517578125,84.52471923828125,149.92999267578125,469.4234619140625,109.38612365722656
2024-04-19,163.22064208984375,174.6300048828125,152.73565673828125,177.32559204101562,477.3882141113281,391.5001220703125,76.06836700439453,147.0500030517578,476.99053955078125,110.64131164550781
2024-04-22,164.05152893066406,177.22999572753906,154.90640258789062,180.77093505859375,478.0431823730469,393.3049621582031,79.3806381225586,142.0500030517578,467.5673828125,111.2688980102539
2024-04-23,165.1001434326172,179.5399932861328,156.8689727783203,183.3764190673828,492.3031921386719,399.7887878417969,82.28060913085938,144.67999267578125,462.7606506347656,111.70269012451172
2024-04-24,167.197265625,176.58999633789062,157.73135375976562,184.27354431152344,489.72308349609375,401.25030517578125,79.53936004638672,162.1300048828125,463.82666015625,111.72113800048828
2024-04-25,168.05787658691406,173.6699981689453,154.62887573242188,184.55030822753906,438.0019836425781,391.4216613769531,82.4892578125,170.17999267578125,470.0706787109375,111.97956085205078
2024-04-26,167.4742431640625,179.6199951171875,170.43869018554688,184.66485595703125,439.8973388671875,398.5626220703125,87.58345031738281,168.2899932861328,471.48895263671875,108.86927795410156
2024-04-29,171.6289520263672,180.9600067138672,164.68963623046875,184.46441650390625,429.30902099609375,394.5703430175781,87.60540008544922,194.0500030517578,465.473388671875,110.41980743408203
2024-04-30,168.49314880371094,175.0,161.34927368164062,182.99468994140625,426.8777770996094,381.89697265625,86.25273895263672,183.27999877929688,460.400146484375,109.15538024902344
2024-05-01,167.4742431640625,179.0,162.41978454589844,183.1092071533203,435.8287658691406,387.3999328613281,82.89753723144531,179.99000549316406,460.79034423828125,107.08800506591797
2024-05-02,171.16403198242188,184.72000122070312,165.15550231933594,182.91830444335938,438.29962158203125,390.24456787109375,85.66875457763672,180.00999450683594,469.2236022949219,107.28182983398438
2024-05-03,181.4023895263672,186.2100067138672,165.77011108398438,181.8207550048828,448.5010070800781,398.8961181640625,88.6356201171875,181.19000244140625,468.7286071777344,107.06033325195312
2024-05-06,179.75042724609375,188.6999969482422,166.62252807617188,183.24281311035156,462.1159973144531,405.64483642578125,91.98082733154297,184.75999450683594,470.5657043457031,107.75253295898438
2024-05-07,180.43299865722656,188.75999450683594,169.7448272705078,183.0042266845703,464.6563720703125,401.52496337890625,90.39757537841797,177.80999755859375,476.8287048339844,107.21722412109375
2024-05-08,180.76931762695312,188.0,167.89129638671875,186.726318359375,468.9830322265625,402.7020568847656,90.25582122802734,174.72000122070312,478.9703369140625,107.19877624511719
2024-05-09,182.57958984375,189.5,168.46617126464844,188.49195861816406,471.78143310546875,404.44805908203125,88.59368896484375,171.97000122070312,482.6063232421875,109.31229400634766
2024-05-10,181.32159423828125,187.47999572753906,167.1676788330078,189.7040252685547,472.5555114746094,406.82183837890625,89.72273254394531,168.47000122070312,488.10791015625,108.86927795410156
2024-05-13,184.52110290527344,186.57000732421875,167.6533966064453,189.6658477783203,464.4281311035156,405.8213195800781,90.24283599853516,171.88999938964844,487.08941650390625,108.82313537597656
2024-05-14,185.6602020263672,187.07000732421875,168.8428192138672,192.31906127929688,468.2387390136719,408.6071472167969,91.19818115234375,177.5500030517578,489.1263427734375,109.4837417602539
2024-05-15,187.92861938476562,185.99000549316406,170.99375915527344,192.89170837402344,477.8546447753906,415.751220703125,94.46653747558594,173.99000549316406,492.61956787109375,110.33041381835938
2024-05-16,188.0474395751953,183.6300048828125,172.64906311035156,193.2352752685547,469.6081848144531,413.6973876953125,94.19599151611328,174.83999633789062,496.160400390625,109.66981506347656
2024-05-17,188.07716369628906,184.6999969482422,174.51255798339844,195.44947814941406,468.29833984375,412.9308776855469,92.31924438476562,177.4600067138672,499.3585510253906,111.3166732788086
2024-05-20,189.2361297607422,183.5399932861328,175.36497497558594,186.6595458984375,465.2518005371094,417.9720458984375,94.61626434326172,174.9499969482422,492.31500244140625,110.4141616821289
2024-05-21,190.53375244140625,183.14999389648438,176.28683471679688,190.4198455810547,461.0740051269531,421.60797119140625,95.22122192382812,186.60000610351562,498.3305358886719,109.65120697021484
2024-05-22,189.0974578857422,183.1300048828125,174.82974243164062,189.2650146484375,464.19989013671875,423.06231689453125,94.78597259521484,180.11000061035156,496.23651123046875,107.44608306884766
2024-05-23,185.1154327392578,181.0500030517578,172.02464294433594,187.9384002685547,462.2152099609375,419.6033020019531,103.61968994140625,173.74000549316406,491.9342346191406,105.61314392089844
2024-05-24,188.18614196777344,180.75,173.4519805908203,191.55555725097656,474.5600280761719,422.7085266113281,106.28507232666016,179.24000549316406,483.69140625,105.52940368652344
2024-05-28,188.19607543945312,182.14999389648438,174.84954833984375,190.40074157714844,476.2469787597656,422.86578369140625,113.70423889160156,176.75,479.4176940917969,106.86922454833984
2024-05-29,188.4932098388672,182.02000427246094,174.35397338867188,189.0741424560547,470.7295227050781,421.7357177734375,114.62664031982422,176.19000244140625,461.3710021972656,105.72479248046875
2024-05-30,189.48377990722656,179.32000732421875,170.59727478027344,190.23849487304688,463.4754943847656,407.48687744140625,110.3091049194336,178.7899932861328,458.44891357421875,106.05975341796875
2024-05-31,190.4346923828125,176.44000244140625,170.9838409423828,193.38795471191406,463.2572021484375,407.93890380859375,109.44361114501953,178.0800018310547,471.5079650878906,109.10225677490234
2024-06-03,192.19789123535156,178.33999633789062,171.64796447753906,192.61492919921875,473.83563232421875,406.3567810058594,114.80133819580078,176.2899932861328,473.4782409667969,106.48774719238281
2024-06-04,192.51486206054688,179.33999633789062,172.2624969482422,190.07623291015625,473.3394470214844,408.86260986328125,116.23584747314453,174.77000427246094,481.1404724121094,104.83158111572266
2024-06-05,194.02052307128906,181.27999877929688,173.86827087402344,188.2628936767578,491.2710876464844,416.66510009765625,122.2284927368164,175.0,478.8846435546875,105.25028228759766
2024-06-06,192.6436309814453,185.0,175.17666625976562,187.92884826660156,489.9810791015625,417.1662292480469,120.78897094726562,177.94000244140625,477.7424621582031,106.04115295410156
2024-06-07,195.03089904785156,184.3000030517578,172.92662048339844,190.8302001953125,489.18719482421875,416.5079040527344,120.67916870117188,177.47999572753906,467.0534362792969,104.90601348876953
2024-06-10,191.29649353027344,187.05999755859375,173.67086791992188,190.5057373046875,498.75341796875,420.458251953125,121.5796127319336,173.7899932861328,471.15576171875,105.21305847167969
2024-06-11,205.19398498535156,187.22999572753906,175.2685546875,185.49514770507812,503.586181640625,425.1849060058594,120.71104431152344,170.66000366210938,472.3170166015625,104.36636352539062
2024-06-12,211.05812072753906,186.88999938964844,176.42959594726562,182.7942657470703,504.9456481933594,433.4197692871094,124.99398040771484,177.2899932861328,469.31878662109375,103.2126235961914
2024-06-13,212.21707153320312,183.8300018310547,173.81973266601562,184.82711791992188,500.2419738769531,433.93072509765625,129.396728515625,182.47000122070312,473.344970703125,102.38455963134766
2024-06-14,210.48362731933594,183.66000366210938,175.43722534179688,184.94163513183594,500.7982177734375,434.9035949707031,131.66299438476562,178.00999450683594,473.1737060546875,101.51924896240234
2024-06-17,214.62411499023438,184.05999755859375,175.88381958007812,186.08689880371094,503.2517395019531,440.60308837890625,130.7644805908203,187.44000244140625,467.6392517089844,100.82141876220703
2024-06-18,212.26658630371094,182.80999755859375,173.75025939941406,188.0147705078125,496.1593322753906,438.60833740234375,135.35691833496094,184.86000061035156,459.82025146484375,101.77045440673828
2024-06-20,207.7001190185547,186.10000610351562,174.9510040283203,189.60861206054688,498.3545837402344,437.9793701171875,130.56480407714844,181.57000732421875,463.1371154785156,103.9662857055664
2024-06-21,205.5308380126953,189.0800018310547,178.2555389404297,187.34671020507812,491.4808044433594,441.9886779785156,126.36173248291016,183.00999450683594,461.292236328125,103.0544662475586
2024-06-24,206.17466735839844,185.57000732421875,177.84866333007812,189.80902099609375,495.58319091796875,439.915283203125,117.91564178466797,182.5800018310547,468.3561096191406,106.11557006835938
2024-06-25,207.09588623046875,186.33999633789062,182.62184143066406,189.03594970703125,507.1952819824219,443.1383972167969,125.88251495361328,187.35000610351562,463.117919921875,106.41331481933594
2024-06-26,211.2364044189453,193.61000061035156,182.4730224609375,188.4251251220703,509.6984558105469,444.3274841308594,126.19200897216797,196.3699951171875,462.67828369140625,106.45052337646484
2024-06-27,212.07838439941406,197.85000610351562,183.99131774902344,190.08578491210938,516.0955200195312,445.0055236816406,123.78597259521484,197.4199981689453,464.9723205566406,106.90644836425781
2024-06-28,208.63124084472656,193.25,180.75624084472656,193.03485107421875,500.85784912109375,439.2077331542969,123.33672332763672,197.8800048828125,486.7852783203125,107.11112976074219
2024-07-01,214.703369140625,197.1999969482422,181.58984375,196.07937622070312,501.31475830078125,448.81829833984375,124.09547424316406,209.86000061035156,472.8199768066406,106.9622573852539
2024-07-02,218.19012451171875,200.0,183.82261657714844,199.30519104003906,506.1026306152344,451.3240966796875,122.46814727783203,231.25999450683594,476.2516174316406,106.23654174804688
2024-07-03,219.45806884765625,197.58999633789062,184.39816284179688,199.17160034179688,506.55950927734375,452.7882995605469,128.0689239501953,246.38999938964844,468.2701110839844,106.77619171142578
2024-07-05,224.20281982421875,200.0,189.1416015625,196.532470703125,536.3098754882812,459.460693359375,125.62294006347656,251.52000427246094,466.4731140136719,105.4828872680664
2024-07-08,225.66883850097656,199.2899932861328,187.5836181640625,196.8971405029297,525.7904663085938,458.16357421875,127.98904418945312,252.94000244140625,467.7443542480469,104.37567138671875
2024-07-09,226.52072143554688,199.33999633789062,187.5340118408203,199.2579345703125,526.4658813476562,451.57965087890625,131.16380310058594,262.3299865722656,470.3921203613281,103.22193908691406
2024-07-10,230.7801055908203,199.7899932861328,189.71713256835938,199.42111206054688,531.1246948242188,458.17333984375,134.68801879882812,263.260009765625,478.8228454589844,104.1337661743164
2024-07-11,225.4212188720703,195.0500030517578,184.1501007080078,199.085205078125,509.28125,446.823486328125,127.19036102294922,241.02999877929688,482.1015319824219,105.37122344970703
2024-07-12,228.3631591796875,194.49000549316406,183.6538848876953,196.67642211914062,495.5434265136719,445.6933288574219,129.02732849121094,248.22999572753906,488.955078125,105.38984680175781
2024-07-15,232.18670654296875,192.72000122070312,185.1027374267578,201.5803680419922,492.8515319824219,446.09625244140625,128.22865295410156,252.63999938964844,492.6256103515625,107.19487762451172
2024-07-16,232.60275268554688,193.02000427246094,182.5126953125,205.00640869140625,486.5240783691406,441.73321533203125,126.1520767211914,256.55999755859375,524.6470947265625,107.96713256835938
2024-07-17,226.71884155273438,187.92999267578125,179.6348876953125,208.12535095214844,458.9093933105469,435.8371276855469,117.79584503173828,248.5,547.97998046875,109.45582580566406
2024-07-18,222.06321716308594,183.75,176.33038330078125,201.51319885253906,472.6769714355469,432.74169921875,120.89073944091797,249.22999572753906,539.4343872070312,110.5351333618164
2024-07-19,222.1919708251953,183.1300048828125,176.3006134033203,201.32125854492188,473.6107482910156,429.5381774902344,117.73595428466797,239.1999969482422,540.3807373046875,107.99504852294922
2024-07-22,221.84530639648438,182.5500030517578,180.2799072265625,201.8011016845703,484.1499938964844,435.2671813964844,123.33672332763672,251.50999450683594,533.880859375,107.25070190429688
2024-07-23,222.88536071777344,186.41000366210938,180.39901733398438,201.8490753173828,485.431396484375,437.14404296875,122.38826751708984,246.3800048828125,530.2199096679688,105.52010345458984
2024-07-24,216.47647094726562,180.8300018310547,171.30908203125,200.17922973632812,458.1942443847656,421.4703674316406,114.06201171875,215.99000549316406,535.0469970703125,107.00879669189453
2024-07-25,215.43637084960938,179.85000610351562,166.00003051757812,200.25601196289062,450.38665771484375,411.1523132324219,112.0952377319336,220.25,534.9801025390625,109.26042938232422
2024-07-26,215.90194702148438,182.5,165.72216796875,203.68209838867188,462.5946960449219,417.9032287597656,112.87395477294922,219.8000030517578,544.5769653320312,109.16737365722656
2024-07-29,216.17929077148438,183.1999969482422,168.23280334472656,202.34811401367188,462.6046142578125,419.3380432128906,111.40638732910156,232.10000610351562,541.7380981445312,108.02295684814453
2024-07-30,216.73402404785156,181.7100067138672,168.9870147705078,206.51312255859375,460.1014404296875,415.59393310546875,103.55931091308594,222.6199951171875,550.8953247070312,109.9489517211914
2024-07-31,219.98304748535156,186.97999572753906,170.22743225097656,204.21951293945312,471.6638488769531,411.1031188964844,116.82743835449219,232.07000732421875,550.7328491210938,110.33973693847656
2024-08-01,216.29818725585938,184.07000732421875,169.45338439941406,199.57464599609375,494.4210205078125,409.88458251953125,109.03028869628906,216.86000061035156,547.4924926757812,108.81382751464844
2024-08-02,217.78399658203125,167.89999389648438,165.384765625,191.1102752685547,484.8850402832031,401.4139404296875,107.09347534179688,207.6699981689453,563.7994995117188,108.74868774414062
2024-08-05,207.2940216064453,161.02000427246094,158.03146362304688,187.041259765625,472.55780029296875,388.30499267578125,100.28471374511719,198.8800048828125,544.806396484375,106.78547668457031
2024-08-06,205.2732391357422,161.92999267578125,157.07879638671875,192.26190185546875,490.79534912109375,392.6877136230469,104.07846069335938,200.63999938964844,543.2673950195312,106.21794128417969
2024-08-07,207.8387908935547,162.77000427246094,157.72384643554688,192.31948852539062,485.6598815917969,391.5282287597656,98.74723815917969,191.75999450683594,541.0977172851562,107.6321792602539
2024-08-08,211.29586791992188,165.8000030517578,160.79019165039062,195.83189392089844,506.2317810058594,395.7143859863281,104.79727172851562,198.83999633789062,541.2506103515625,109.68843078613281
2024-08-09,214.1981964111328,166.94000244140625,162.41766357421875,197.50177001953125,514.3174438476562,398.9866943359375,104.57763671875,200.0,534.1007080078125,110.58163452148438
2024-08-12,215.7254180908203,166.8000030517578,161.04818725585938,197.8760223388672,512.5095825195312,399.7630615234375,108.84061431884766,197.49000549316406,540.342529296875,110.72119903564453
2024-08-13,219.43435668945312,170.22999572753906,162.9038848876953,199.55545043945312,525.0155639648438,406.8382873535156,115.94889068603516,207.8300018310547,548.8974609375,109.66053009033203
2024-08-14,219.8806610107422,170.10000610351562,159.14288330078125,201.7627410888672,523.2476196289062,409.638916015625,117.88571166992188,201.3800048828125,554.087890625,110.6746826171875
2024-08-15,222.8557891845703,177.58999633789062,160.06576538085938,203.0198974609375,533.7471313476562,414.482421875,122.6578369140625,214.13999938964844,554.0305786132812,111.359375
2024-08-16,224.1747589111328,177.05999755859375,161.7130889892578,205.34230041503906,523.903076171875,411.9622802734375,124.375,216.1199951171875,552.1857299804688,110.8341293334961
2024-08-19,224.01605224609375,178.22000122070312,165.39468383789062,206.7626495361328,525.750732421875,414.97467041015625,129.7860870361328,222.72000122070312,553.2372436523438,111.17178344726562
2024-08-20,224.63092041015625,178.8800048828125,165.90077209472656,205.87013244628906,523.2177124023438,418.1937561035156,127.04061126708984,221.10000610351562,555.0247192382812,107.46700286865234
2024-08-21,224.52182006835938,180.11000061035156,164.58096313476562,205.9468994140625,531.5914306640625,417.54412841796875,128.28857421875,223.27000427246094,552.5584106445312,106.78231811523438
2024-08-22,222.66734313964844,176.1300048828125,162.54666137695312,207.89503479003906,528.383056640625,409.0876159667969,123.536376953125,210.66000366210938,553.1798706054688,107.6076889038086
2024-08-23,224.9581756591797,177.0399932861328,164.35272216796875,209.50730895996094,524.479248046875,410.3083801269531,129.15713500976562,220.32000732421875,558.7144165039062,109.0989761352539
2024-08-26,225.29534912109375,175.5,164.8885955810547,210.3326416015625,517.6451416015625,407.0596923828125,126.25190734863281,213.2100067138672,561.2186889648438,111.43439483642578
2024-08-27,226.1383056640625,173.1199951171875,163.419921875,211.30189514160156,515.6385498046875,407.4042663574219,128.08889770507812,209.2100067138672,561.428955078125,110.37455749511719
2024-08-28,224.61106872558594,170.8000030517578,161.60394287109375,212.36715698242188,513.3340454101562,404.21466064453125,125.40331268310547,205.75,562.5663452148438,109.28656005859375
2024-08-29,227.88369750976562,172.1199951171875,160.5421142578125,213.25006103515625,514.764404296875,406.6954345703125,117.39649200439453,206.27999877929688,565.4627075195312,110.79661560058594
2024-08-30,227.1002655029297,178.5,162.1298828125,215.7356414794922,517.8339233398438,410.6529846191406,119.17357635498047,214.11000061035156,564.1531982421875,110.618408203125
2024-09-03,220.92196655273438,176.25,156.15591430664062,211.41708374023438,508.3475341796875,403.0726623535156,107.8222885131836,210.60000610351562,572.2589721679688,108.30175018310547
2024-09-04,219.0178985595703,173.3300018310547,155.25291442871094,210.48619079589844,509.3210144042969,402.5410461425781,106.03522491455078,219.41000366210938,577.5162353515625,106.97927856445312
2024-09-05,220.53518676757812,177.88999938964844,156.03684997558594,208.854736328125,513.4135131835938,402.03900146484375,107.03358459472656,230.1699981689453,569.2097778320312,106.14453125
2024-09-06,218.98814392089844,171.38999938964844,149.7652130126953,203.8931884765625,496.9341735839844,395.4530029296875,102.66080474853516,210.72999572753906,570.5383911132812,105.64742279052734
2024-09-09,219.07736206054688,175.39999389648438,147.76795959472656,208.0677947998047,501.4240417480469,399.4105224609375,106.2947998046875,216.27000427246094,567.8810424804688,107.87030029296875
2024-09-10,218.28399658203125,179.5500030517578,147.71826171875,197.27142333984375,501.4240417480469,407.7586669921875,107.922119140625,226.1699981689453,572.593505859375,103.94041442871094
2024-09-11,220.81285095214844,184.52000427246094,150.20242309570312,198.87408447265625,508.4170837402344,416.4612121582031,116.7176284790039,228.1300048828125,563.7230834960938,102.90869903564453
2024-09-12,220.92196655273438,187.0,153.71006774902344,198.26950073242188,522.09521484375,420.359619140625,118.95413208007812,229.80999755859375,562.4517211914062,104.32496643066406
2024-09-13,220.6541748046875,186.49000549316406,156.46250915527344,196.0814208984375,521.121826171875,423.89373779296875,118.9141845703125,230.2899932861328,568.0912475585938,104.24992370605469
2024-09-16,214.52545166015625,184.88999938964844,157.05870056152344,199.47869873046875,530.2294311523438,424.63214111328125,116.59780883789062,226.77999877929688,565.1368408203125,105.71308135986328
2024-09-17,214.9915771484375,186.8800048828125,158.31072998046875,200.81263732910156,533.2520141601562,428.38287353515625,115.40966033935547,227.8699951171875,554.412353515625,107.09182739257812
2024-09-18,218.8592071533203,186.42999267578125,158.79762268066406,199.1619873046875,534.8726806640625,424.1103210449219,113.19313049316406,227.1999969482422,556.9928588867188,107.46700286865234
2024-09-19,226.97132873535156,189.8699951171875,161.1128692626953,201.9930419921875,555.9017333984375,431.8678283691406,117.68611145019531,243.9199981689453,553.5586547851562,108.7988510131836
2024-09-20,226.306884765625,191.60000610351562,162.55368041992188,202.5784454345703,558.1387329101562,428.5009765625,115.81902313232422,238.25,551.572998046875,108.11414337158203
2024-09-23,224.5912322998047,193.8800048828125,160.82469177246094,202.9143524169922,561.1812133789062,426.7683410644531,116.07862854003906,250.0,550.0476684570312,110.07440948486328
2024-09-24,225.48377990722656,193.9600067138672,161.26190185546875,203.05828857421875,560.1076049804688,422.4958801269531,120.68143463134766,254.27000427246094,551.7551879882812,109.78366088867188
2024-09-25,224.49208068847656,192.52999877929688,160.46697998046875,201.71473693847656,565.0590209960938,425.3901062011719,123.31731414794922,257.0199890136719,552.8295288085938,107.64518737792969
2024-09-26,225.63255310058594,191.16000366210938,161.69911193847656,201.32125854492188,564.5917358398438,424.6025390625,123.84648895263672,254.22000122070312,551.3907470703125,105.79750061035156
2024-09-27,225.90028381347656,187.97000122070312,162.91140747070312,202.01223754882812,564.1143798828125,421.36370849609375,121.2105941772461,260.4599914550781,558.1439208984375,108.63001251220703
2024-09-30,231.06707763671875,186.3300018310547,164.79934692382812,202.35769653320312,569.165283203125,423.6082458496094,121.25054931640625,261.6300048828125,560.8585205078125,109.94310760498047
2024-10-01,224.33340454101562,185.1300048828125,165.93214416503906,198.6917266845703,573.17236328125,414.147705078125,116.81746673583984,258.0199890136719,559.5347290039062,112.48487854003906
2024-10-02,224.898681640625,184.75999450683594,164.80929565429688,198.93165588378906,569.5332641601562,410.64306640625,118.6645736694336,249.02000427246094,568.1776123046875,113.97615814208984
2024-10-03,223.79788208007812,181.9600067138672,164.80929565429688,196.95472717285156,579.4363403320312,410.0622253417969,122.65834045410156,240.66000366210938,568.5997924804688,114.9703598022461
2024-10-04,224.91851806640625,186.50999450683594,166.001708984375,203.9453582763672,592.5309448242188,409.58966064453125,124.72510528564453,250.0800018310547,567.1129150390625,117.0806884765625
2024-10-07,219.8509063720703,180.8000030517578,161.94754028320312,203.66534423828125,581.434814453125,403.1711120605469,127.52073669433594,240.8300018310547,559.7841796875,117.58717346191406
2024-10-08,223.8970947265625,182.72000122070312,163.33868408203125,203.49156188964844,589.4984130859375,408.2607116699219,132.68267822265625,244.5,557.8848266601562,114.4638900756836
2024-10-09,227.63575744628906,185.1699981689453,160.8346405029297,206.06959533691406,587.1320190429688,410.9679260253906,132.44305419921875,241.0500030517578,567.1320190429688,114.51078796386719
2024-10-10,227.13992309570312,186.64999389648438,161.05325317382812,205.50958251953125,580.490234375,409.3731994628906,134.59971618652344,238.77000427246094,573.3480834960938,115.49559783935547
2024-10-11,225.6623077392578,188.82000732421875,162.2058868408203,214.63409423828125,586.5753173828125,409.845703125,134.5897216796875,217.8000030517578,573.683837890625,115.9364242553711
2024-10-14,229.3811798095703,187.5399932861328,163.9149932861328,213.8520050048828,587.04248046875,412.621826171875,137.8546142578125,219.16000366210938,580.7344360351562,116.37724304199219
2024-10-15,231.9100341796875,187.69000244140625,164.41183471679688,214.73065185546875,582.916259765625,412.22802734375,131.3946990966797,219.57000732421875,533.6251831054688,112.87879943847656
2024-10-16,229.8572235107422,186.88999938964844,164.11373901367188,215.93760681152344,573.490478515625,409.6488342285156,135.5082550048828,221.3300018310547,548.0621337890625,113.1695556640625
2024-10-17,230.22413635253906,187.52999877929688,161.89784240722656,216.6907501220703,573.6296997070312,410.2394714355469,136.71636962890625,220.88999938964844,542.9683837890625,112.87879943847656
2024-10-18,233.0504913330078,188.99000549316406,162.384765625,217.6080322265625,573.17236328125,411.6571044921875,137.78469848632812,220.6999969482422,546.4025268554688,112.55990600585938
2024-10-21,234.51821899414062,189.07000732421875,163.0306396484375,215.3196563720703,571.8697509765625,412.2674255371094,143.48580932617188,218.85000610351562,548.186767578125,112.62555694580078
2024-10-22,233.90335083007812,189.6999969482422,164.09385681152344,216.4010772705078,578.6806640625,420.8616943359375,143.36598205566406,217.97000122070312,546.6422729492188,113.20706939697266
2024-10-23,228.84567260742188,184.7100067138672,161.74879455566406,215.7155303955078,560.4654541015625,417.9969482421875,139.34228515625,213.64999389648438,541.635009765625,112.80375671386719
2024-10-24,228.6572265625,186.3800048828125,161.68919372558594,217.23146057128906,564.5321044921875,418.1249084472656,140.19094848632812,260.4800109863281,537.9611206054688,112.16596984863281
2024-10-25,229.49024963378906,187.8300018310547,164.22303771972656,214.65341186523438,569.9707641601562,421.49169921875,141.31918334960938,269.19000244140625,541.5582275390625,112.07218933105469
2024-10-28,231.4637451171875,188.38999938964844,165.663818359375,217.73355102539062,574.8526000976562,419.95599365234375,140.30076599121094,262.510009765625,542.2105712890625,111.5188217163086
2024-10-29,231.7315216064453,190.8300018310547,168.60507202148438,215.2230987548828,589.8862915039062,425.23260498046875,141.02963256835938,259.5199890136719,539.227294921875,109.99938201904297
2024-10-30,228.19113159179688,192.72999572753906,173.35482788085938,216.68109130859375,588.41455078125,425.8035888671875,139.12261962890625,257.54998779296875,540.0234985351562,109.44600677490234
2024-10-31,224.03590393066406,186.39999389648438,170.02603149414062,214.27685546875,564.3331909179688,400.03070068359375,132.55287170410156,249.85000610351562,541.500732421875,109.5304183959961
2024-11-01,221.06077575683594,197.92999267578125,170.20489501953125,215.26168823242188,563.9155883789062,403.9881896972656,135.18875122070312,248.97999572753906,544.4359741210938,107.81402587890625
2024-11-04,220.16822814941406,195.77999877929688,168.1678924560547,212.21054077148438,557.4727172851562,402.1079406738281,135.83773803710938,242.83999633789062,535.0449829101562,111.246826171875
2024-11-05,221.5963134765625,199.5,168.66473388671875,213.86166381835938,569.1552734375,405.0612487792969,139.69174194335938,251.44000244140625,543.9276733398438,111.5750961303711
2024-11-06,220.8723602294922,207.08999633789062,175.39181518554688,238.551025390625,568.777587890625,413.6456298828125,145.38282775878906,288.5299987792969,572.3792114257812,113.48844146728516
2024-11-07,225.59286499023438,210.0500030517578,179.60499572753906,228.23883056640625,588.3152465820312,418.8139953613281,148.6477508544922,296.9100036621094,580.7823486328125,113.62914276123047
2024-11-08,225.32481384277344,208.17999267578125,177.2201690673828,228.81817626953125,585.9686889648438,415.96893310546875,147.39967346191406,321.2200012207031,590.72021484375,113.59162139892578
2024-11-11,222.61448669433594,206.83999633789062,179.20750427246094,231.04861450195312,579.833984375,411.5093994140625,145.03338623046875,350.0,599.7755737304688,112.9913558959961
2024-11-12,222.61448669433594,208.91000366210938,180.46945190429688,231.30931091308594,581.4745483398438,416.45135498046875,148.0586395263672,328.489990234375,589.6266479492188,112.87879943847656
2024-11-13,223.49806213378906,214.10000610351562,177.746826171875,232.8542022705078,576.68212890625,418.5875549316406,146.0417938232422,330.239990234375,581.1852416992188,113.92927551269531
2024-11-14,226.57574462890625,211.47999572753906,174.4677276611328,233.53973388671875,573.8583374023438,420.2513122558594,146.53102111816406,311.17999267578125,568.9834594726562,114.00492858886719
2024-11-15,223.37893676757812,202.61000061035156,171.39730834960938,236.86126708984375,550.9104614257812,408.54620361328125,141.7584991455078,320.7200012207031,568.1009521484375,112.82289123535156
2024-11-18,226.37716674804688,201.6999969482422,174.1894989013672,236.59091186523438,551.2286987304688,409.2944641113281,139.93133544921875,338.739990234375,565.6260986328125,113.76851654052734
2024-11-19,226.6352996826172,204.61000061035156,176.99163818359375,234.71771240234375,557.8804321289062,411.2928161621094,146.7806396484375,346.0,553.4913330078125,112.17984771728516
2024-11-20,227.35011291503906,202.8800048828125,174.8651885986328,232.48727416992188,562.2850341796875,409.028564453125,145.66238403320312,342.0299987792969,576.033935546875,113.77796173095703
2024-11-21,226.87359619140625,198.3800048828125,166.56809997558594,236.33018493652344,559.8688354492188,407.2629089355469,146.4412078857422,339.6400146484375,573.1466674804688,115.30042266845703
2024-11-22,228.21385192871094,197.1199951171875,163.7162628173828,239.98968505859375,555.9414672851562,411.3367919921875,141.72854614257812,352.55999755859375,566.7963256835938,115.16804504394531
2024-11-25,231.1922149658203,201.4499969482422,166.58798217773438,241.66973876953125,561.8773193359375,413.1025085449219,135.8077850341797,338.5899963378906,581.1468505859375,113.4469985961914
2024-11-26,233.366455078125,207.86000061035156,168.04864501953125,241.3607940673828,570.2590942382812,422.1775207519531,136.70639038085938,338.2300109863281,582.0677490234375,111.55574798583984
2024-11-27,233.2373809814453,205.74000549316406,168.15792846679688,241.18695068359375,565.9439086914062,417.2454528808594,135.1288604736328,332.8900146484375,583.593017578125,111.26260375976562
2024-11-29,235.62013244628906,207.88999938964844,167.8797149658203,241.119384765625,571.03466796875,417.70904541015625,138.0343017578125,345.1600036621094,585.3388671875,111.54629516601562
2024-12-02,237.8638153076172,210.7100067138672,170.4036407470703,237.7688751220703,589.4387817382812,425.1269836425781,138.41372680664062,357.0899963378906,583.7272338867188,111.44226837158203
2024-12-03,240.90176391601562,213.44000244140625,170.25457763671875,236.38815307617188,610.1395874023438,425.3439636230469,140.04116821289062,351.4200134277344,580.5712280273438,111.27205657958984
2024-12-04,241.25917053222656,218.16000366210938,173.26536560058594,235.01705932617188,610.2689208984375,431.4794921875,144.91354370117188,357.92999267578125,585.9047241210938,108.0663833618164
2024-12-05,241.28895568847656,220.5500030517578,171.54635620117188,237.02542114257812,605.4465942382812,436.6088562011719,144.8436737060547,369.489990234375,555.3812255859375,108.53919219970703
2024-12-06,241.09039306640625,227.02999877929688,173.6032257080078,238.84068298339844,620.2017211914062,437.5459899902344,142.22760009765625,389.2200012207031,527.2269287109375,107.39498901367188
2024-12-09,244.9722137451172,226.08999633789062,174.45875549316406,235.41293334960938,610.0599975585938,439.96270751953125,138.6029815673828,389.7900085449219,539.8413696289062,106.76141357421875
2024-12-10,245.98489379882812,225.0399932861328,184.2078399658203,234.49563598632812,615.7772827148438,437.3092041015625,134.86859130859375,400.989990234375,544.2420654296875,106.5439224243164
2024-12-11,244.714111328125,230.25999450683594,194.3846893310547,235.142578125,629.0607299804688,442.892333984375,139.10223388671875,424.7699890136719,513.755615234375,105.8346939086914
2024-12-12,246.1735076904297,228.97000122070312,190.96255493164062,233.21145629882812,627.181640625,443.45458984375,137.13519287109375,418.1000061035156,496.6441345214844,105.74012756347656
2024-12-13,246.34230041503906,227.4600067138672,188.8336944580078,231.67620849609375,616.8013305664062,441.19573974609375,134.0498046875,436.2300109863281,501.189208984375,104.81341552734375
2024-12-16,249.23130798339844,232.92999267578125,195.6381378173828,231.32859802246094,621.1697387695312,445.45703125,131.80313110351562,463.0199890136719,480.0238342285156,102.57228088378906
2024-12-17,251.65371704101562,231.14999389648438,194.40457153320312,230.15065002441406,616.393310546875,448.2880554199219,130.195556640625,479.8599853515625,467.5249328613281,102.13729095458984
2024-12-18,246.26287841796875,220.52000427246094,187.4210662841797,222.43580627441406,594.252685546875,431.4499206542969,128.71774291992188,440.1300048828125,481.1986389160156,100.63374328613281
2024-12-19,247.99034118652344,223.2899932861328,187.5304718017578,224.93661499023438,592.6406860351562,431.09478759765625,130.485107421875,436.1700134277344,471.11669921875,99.7732162475586
2024-12-20,252.656494140625,224.9199981689453,190.41542053222656,229.41680908203125,582.37158203125,430.6706237792969,134.49911499023438,421.05999755859375,481.59344482421875,100.1136474609375
2024-12-23,253.43084716796875,225.05999755859375,193.6186981201172,230.1796112060547,596.8995971679688,429.3389587402344,139.46170043945312,430.6000061035156,487.5732727050781,100.52027130126953
2024-12-24,256.3397521972656,229.0500030517578,195.09097290039062,233.964599609375,604.7608642578125,433.3635559082031,140.01089477539062,462.2799987792969,487.34222412109375,100.61482238769531
2024-12-26,257.15380859375,227.0500030517578,194.5836639404297,234.76600646972656,600.3823852539062,432.1600646972656,139.7213134765625,454.1300048828125,492.20501708984375,100.69994354248047
2024-12-27,253.74853515625,223.75,191.75840759277344,232.86386108398438,596.8599853515625,424.6830749511719,136.8056640625,431.6600036621094,491.0879821777344,100.69047546386719
2024-12-30,250.3829345703125,221.3000030517578,190.24632263183594,231.07757568359375,588.3319702148438,419.0604248046875,137.2849578857422,417.4100036621094,488.9791564941406,100.00962829589844
2024-12-31,248.61578369140625,219.38999938964844,188.31639099121094,231.45413208007812,582.6301879882812,415.77569580078125,134.0897216796875,403.8399963378906,487.111083984375,101.7212142944336
2025-01-02,242.09312438964844,220.22000122070312,188.4457244873047,231.7341766357422,596.2926635742188,412.8953552246094,138.10374450683594,379.2799987792969,485.81109619140625,101.47535705566406
2025-01-03,241.60665893554688,224.19000244140625,190.79344177246094,234.9011993408203,601.6560668945312,417.6005554199219,144.2545623779297,410.44000244140625,493.9864501953125,101.99544525146484
2025-01-06,243.23484802246094,227.61000061035156,195.8470458984375,233.7559356689453,627.1004638671875,422.0394592285156,149.2071533203125,411.04998779296875,494.6315612792969,101.88197326660156
2025-01-07,240.46495056152344,222.11000061035156,194.47421264648438,236.00759887695312,614.8510131835938,416.6338806152344,139.93099975585938,394.3599853515625,495.19012451171875,102.8370590209961
2025-01-08,240.95140075683594,222.1300048828125,192.9422149658203,235.96876525878906,607.7161865234375,418.79412841796875,139.9010467529297,394.94000244140625,505.0794677734375,101.11601257324219
2025-01-10,235.1435546875,218.94000244140625,191.04214477539062,232.8048095703125,612.8309326171875,413.2603454589844,135.70733642578125,394.739990234375,501.391357421875,100.7472152709961
2025-01-13,232.71121215820312,218.4600067138672,190.01748657226562,237.01698303222656,605.3380126953125,411.52423095703125,133.03131103515625,403.30999755859375,521.08349609375,103.34768676757812
2025-01-14,231.5992889404297,217.75999450683594,188.6745147705078,240.18093872070312,591.3273315429688,410.0248718261719,131.56349182128906,396.3599853515625,523.587158203125,103.75431823730469
2025-01-15,236.15621948242188,223.35000610351562,194.53392028808594,244.91722106933594,614.084716796875,420.5203552246094,136.03683471679688,428.2200012207031,523.2789306640625,105.44699096679688
2025-01-16,226.61544799804688,220.66000366210938,191.90762329101562,246.78067016601562,608.2933349609375,418.8138427734375,133.3708038330078,413.82000732421875,491.66571044921875,105.26731872558594
2025-01-17,228.3230743408203,225.94000244140625,194.98159790039062,251.52664184570312,609.7561645507812,423.20343017578125,137.50462341308594,426.5,490.86651611328125,106.21294403076172
2025-01-21,221.03594970703125,230.7100067138672,197.0209197998047,255.28268432617188,613.4280395507812,422.6806335449219,140.61996459960938,424.07000732421875,505.5320739746094,105.40916442871094
2025-01-22,222.2173614501953,235.00999450683594,197.33924865722656,255.09823608398438,620.433349609375,440.1402587890625,146.85067749023438,415.1099853515625,500.4573669433594,103.57463836669922
2025-01-23,222.048583984375,235.4199981689453,196.95127868652344,258.1166687011719,633.3197021484375,440.6433410644531,147.00047302246094,412.3800048828125,510.13494873046875,104.16093444824219
2025-01-24,221.1749267578125,234.85000610351562,199.16970825195312,257.03936767578125,644.3052978515625,438.029296875,142.4073028564453,406.5799865722656,512.7733154296875,102.751953125
2025-01-27,228.20391845703125,235.4199981689453,190.81332397460938,258.01959228515625,656.6344604492188,428.6583557128906,118.24339294433594,397.1499938964844,523.375244140625,104.17985534667969
2025-01-28,236.54339599609375,238.14999389648438,194.2852020263672,259.2715759277344,671.0133056640625,441.126708984375,128.79763793945312,398.0899963378906,522.373779296875,102.16566467285156
2025-01-29,237.63548278808594,237.07000732421875,194.3946533203125,258.7280578613281,673.1627197265625,436.3227844238281,123.5155258178711,389.1000061035156,518.1561889648438,102.76139831542969
2025-01-30,235.87823486328125,234.63999938964844,199.82626342773438,260.3294677734375,683.6210327148438,409.3541259765625,124.46410369873047,400.2799987792969,525.3491821289062,103.61246490478516
2025-01-31,234.29966735839844,237.67999267578125,202.9599151611328,259.4268798828125,685.7902221679688,409.4231262207031,119.89093017578125,404.6000061035156,522.3834228515625,101.02145385742188
2025-02-03,226.36724853515625,237.4199981689453,200.1844024658203,258.9512939453125,694.0296020507812,405.3393859863281,116.48603057861328,383.67999267578125,527.8626098632812,101.2673110961914
2025-02-04,231.12274169921875,242.05999755859375,205.30764770507812,260.0480041503906,700.7264404296875,406.76971435546875,118.47305297851562,392.2099914550781,525.2337036132812,103.98126220703125
2025-02-05,230.7951202392578,236.1699981689453,190.33583068847656,262.46466064453125,701.4031982421875,407.6772155761719,124.64384460449219,378.1700134277344,519.8027954101562,103.90560150146484
2025-02-06,231.53970336914062,238.8300018310547,190.60443115234375,268.744140625,708.4880981445312,410.1728210449219,128.48806762695312,374.32000732421875,510.394775390625,102.5344467163086
2025-02-07,225.989990234375,229.14999389648438,184.37696838378906,267.676513671875,711.005615234375,404.1852722167969,129.6463623046875,361.6199951171875,507.4964599609375,102.96945190429688
2025-02-10,226.2583465576172,233.13999938964844,185.50108337402344,263.0567321777344,713.8714599609375,406.6217041015625,133.3708038330078,350.7300109863281,513.6015014648438,104.93634796142578
2025-02-11,231.1979522705078,232.75999450683594,184.35707092285156,266.8903503417969,716.2597045898438,405.852294921875,132.6019744873047,328.5,514.1309814453125,105.5982894897461
2025-02-12,235.42198181152344,228.92999267578125,182.65594482421875,267.33685302734375,721.8121948242188,403.4849548339844,130.94444274902344,336.510009765625,507.85272216796875,102.42118072509766
2025-02-13,240.05349731445312,230.3699951171875,185.17279052734375,268.18121337890625,724.9766235351562,404.9645080566406,135.08824157714844,355.94000244140625,511.4925842285156,103.16536712646484
2025-02-14,243.10472106933594,228.67999267578125,184.26751708984375,268.4432373046875,733.0466918945312,402.8831787109375,138.64292907714844,355.8399963378906,504.1069030761719,103.27030944824219
2025-02-18,242.9755096435547,226.64999389648438,182.81512451171875,271.70428466796875,712.8465576171875,404.0767822265625,139.19210815429688,354.1099853515625,482.17120361328125,105.08308410644531
2025-02-19,243.37306213378906,226.6300048828125,184.3073272705078,271.02490234375,700.30859375,409.1370849609375,139.02235412597656,360.55999755859375,492.09912109375,105.2357406616211
2025-02-20,244.3271942138672,222.8800048828125,183.6009979248047,258.94158935546875,691.4225463867188,411.3016662597656,139.9010467529297,354.3999938964844,483.7985534667969,106.85767364501953
2025-02-21,244.04891967773438,216.5800018310547,178.72645568847656,256.45703125,680.1879272460938,403.47357177734375,134.22952270507812,337.79998779296875,449.13287353515625,105.60784149169922
2025-02-24,245.5894317626953,212.7100067138672,178.318603515625,253.64242553710938,664.8438720703125,399.3123779296875,130.08570861816406,330.5299987792969,444.4144592285156,106.16118621826172
2025-02-25,245.52980041503906,212.8000030517578,174.50848388671875,249.81846618652344,654.2661743164062,393.2831726074219,126.4411392211914,302.79998779296875,452.9460754394531,104.69190979003906
2025-02-26,238.89060974121094,214.35000610351562,171.83245849609375,251.16754150390625,670.386474609375,395.09197998046875,131.08424377441406,290.79998779296875,446.4077453613281,104.43431091308594
2025-02-27,235.849365234375,208.74000549316406,167.62445068359375,251.4198455810547,655.0025634765625,387.97552490234375,119.97080993652344,281.95001220703125,451.19354248046875,105.09262084960938
2025-02-28,240.36158752441406,212.27999877929688,169.3952178955078,256.85491943359375,664.9135131835938,392.3837585449219,124.73370361328125,292.9800109863281,457.3563232421875,106.21843719482422
2025-03-03,236.5748748779297,205.02000427246094,166.14218139648438,252.94358825683594,651.828125,383.9823913574219,113.88990020751953,284.6499938964844,449.739501953125,102.8123550415039
2025-03-04,234.4877166748047,203.8000030517578,170.03187561035156,242.8790740966797,636.8521728515625,384.1009521484375,115.81702423095703,272.0400085449219,457.0193176269531,102.60245513916016
2025-03-05,234.2988739013672,208.36000061035156,172.12100219726562,244.12136840820312,653.2411499023438,396.36700439453125,117.12506866455078,279.1000061035156,458.3385314941406,100.598876953125
2025-03-06,233.89138793945312,200.6999969482422,171.4544677734375,239.27835083007812,624.8416137695312,392.2849426269531,110.40511322021484,263.45001220703125,469.6434326171875,102.67877960205078
2025-03-07,237.6085205078125,199.25,172.95660400390625,235.14382934570312,622.5827026367188,388.7464599609375,112.52194213867188,262.6700134277344,475.1899108886719,104.0145034790039
2025-03-10,226.08935546875,194.5399932861328,165.19815063476562,225.380126953125,595.048828125,375.7490234375,106.82044982910156,222.14999389648438,464.3976135253906,106.66687774658203
2025-03-11,219.48995971679688,196.58999633789062,163.3755645751953,222.390869140625,602.73095703125,376.0356750488281,108.59780883789062,230.5800018310547,470.02587890625,104.14807891845703
2025-03-12,215.653564453125,198.88999938964844,166.4331512451172,221.1873779296875,616.5126953125,378.82293701171875,115.57803344726562,248.08999633789062,465.2582702636719,104.11945343017578
2025-03-13,208.39817810058594,193.88999938964844,162.1007537841797,218.55718994140625,587.7349853515625,374.3751220703125,115.41825103759766,240.67999267578125,465.6547546386719,103.68057250976562
2025-03-14,212.1848907470703,197.9499969482422,164.8197021484375,225.59365844726562,605.1494750976562,384.05157470703125,121.49972534179688,249.97999572753906,472.5498352050781,106.76228332519531
2025-03-17,212.69180297851562,195.74000549316406,163.62457275390625,227.03976440429688,602.46044921875,384.1899719238281,119.36272430419922,238.00999450683594,482.57818603515625,108.53688049316406
2025-03-18,211.38978576660156,192.82000732421875,160.0192108154297,228.04913330078125,580.01123046875,379.0700378417969,115.2684555053711,225.30999755859375,487.20068359375,108.4223861694336
2025-03-19,213.92420959472656,195.5399932861328,163.22618103027344,232.0672149658203,581.7044067382812,383.3201599121094,117.35552978515625,235.86000061035156,486.6204833984375,110.11112213134766
2025-03-20,212.7911834716797,194.9499969482422,162.14059448242188,231.9701385498047,583.6366577148438,382.3515319824219,118.3641128540039,236.25999450683594,494.45355224609375,110.57862091064453
2025-03-21,216.93568420410156,196.2100067138672,163.3258056640625,234.5129852294922,593.84521484375,386.72027587890625,117.5352783203125,248.7100067138672,499.8207092285156,110.19699096679688
2025-03-24,219.38064575195312,203.25999450683594,167.00083923339844,240.7535858154297,616.3540649414062,388.5191345214844,121.24009704589844,278.3900146484375,499.4822082519531,110.48321533203125
2025-03-25,222.3821563720703,205.7100067138672,169.86917114257812,243.733154296875,623.7839965820312,390.5749816894531,120.52110290527344,288.1400146484375,496.51336669921875,111.2369384765625
2025-03-26,220.1757354736328,201.1300048828125,164.39144897460938,243.63609313964844,608.5158081054688,385.4452209472656,113.60079956054688,272.05999755859375,501.1262512207031,112.83981323242188
2025-03-27,222.48158264160156,201.36000061035156,161.58287048339844,240.81179809570312,600.149658203125,386.0481262207031,111.2740707397461,273.1300048828125,498.7279052734375,112.47724914550781
2025-03-28,216.5679168701172,192.72000122070312,153.7049102783203,235.69703674316406,574.4139404296875,374.4048156738281,109.51652526855469,263.54998779296875,499.0373840332031,112.32460021972656
2025-03-31,220.77207946777344,190.25999450683594,154.01365661621094,238.0748748779297,574.035400390625,371.0343933105469,108.22832489013672,259.1600036621094,506.4933776855469,113.46949768066406
2025-04-01,221.82559204101562,192.1699981689453,156.43380737304688,236.48316955566406,583.6366577148438,377.7554931640625,109.995849609375,268.4599914550781,505.88409423828125,113.57444763183594
2025-04-02,222.5213165283203,196.00999450683594,156.4039306640625,238.5795440673828,581.574951171875,377.7060852050781,110.26547241210938,282.760009765625,505.9615173339844,113.221435546875
2025-04-03,201.9478759765625,178.41000366210938,150.10952758789062,221.95411682128906,529.4758911132812,368.7807922363281,101.65753936767578,267.2799987792969,522.6334838867188,107.2679443359375
2025-04-04,187.2283935546875,171.0,145.01028442382812,205.34344482421875,502.6943664550781,355.664794921875,94.17802429199219,239.42999267578125,507.75054931640625,99.54936981201172
2025-04-07,180.3507080078125,175.25999450683594,146.15562438964844,209.40577697753906,514.1678466796875,353.7077941894531,97.50334930419922,233.2899932861328,507.4120788574219,98.21366119384766
2025-04-08,171.365966796875,170.66000366210938,144.11390686035156,211.7787322998047,508.3912658691406,350.4460754394531,96.16523742675781,221.86000061035156,534.8570556640625,96.1432876586914
2025-04-09,197.6343994140625,191.10000610351562,158.0671844482422,228.83859252929688,583.4075927734375,385.95916748046875,114.16999816894531,272.20001220703125,559.4395141601562,100.94234466552734
2025-04-10,189.2559356689453,181.22000122070312,152.20101928710938,221.77833557128906,544.086669921875,376.92523193359375,107.4194564819336,252.39999389648438,574.8155517578125,95.34186553955078
2025-04-11,196.93865966796875,184.8699951171875,156.50352478027344,230.65493774414062,541.3777465820312,383.94287109375,110.7747573852539,252.30999755859375,579.718505859375,98.40447998046875
2025-04-14,201.28196716308594,182.1199951171875,158.4257049560547,229.2096710205078,529.3364868164062,383.3102722167969,110.55506134033203,252.35000610351562,567.7174072265625,98.64300537109375
2025-04-15,200.90428161621094,179.58999633789062,155.67686462402344,227.65699768066406,519.4166870117188,381.25445556640625,112.04297637939453,254.11000061035156,564.36181640625,98.3663101196289
2025-04-16,193.08238220214844,174.3300018310547,152.70896911621094,224.21963500976562,500.28411865234375,367.2982482910156,104.34376525878906,241.5500030517578,565.7639770507812,99.4062728881836
2025-04-17,195.77581787109375,172.61000061035156,150.54776000976562,226.51446533203125,499.4574890136719,363.5126647949219,101.34796142578125,241.3699951171875,439.14788818359375,102.01091766357422
2025-04-21,191.9792022705078,167.32000732421875,147.07186889648438,223.61419677734375,482.70526123046875,354.9531555175781,96.77438354492188,227.5,411.31610107421875,100.51300811767578
2025-04-22,198.5189666748047,173.17999267578125,150.8564910888672,230.0592498779297,498.2622985839844,362.5638122558594,98.75160217285156,237.97000122070312,413.10516357421875,103.32756042480469
2025-04-23,203.34925842285156,180.60000610351562,154.7207794189453,235.22506713867188,518.1717529296875,370.0459899902344,102.56625366210938,250.74000549316406,413.85943603515625,102.44026947021484
2025-04-24,207.09617614746094,186.5399932861328,158.63485717773438,238.89678955078125,530.9998168945312,382.8061828613281,106.28104400634766,259.510009765625,410.271728515625,103.64241027832031
2025-04-25,208.00064086914062,188.99000549316406,161.3040008544922,237.8323974609375,545.062744140625,387.3034362792969,110.85466003417969,284.95001220703125,404.8465576171875,103.58515930175781
2025-04-28,208.85536193847656,187.6999969482422,159.95945739746094,237.5101318359375,547.5227661132812,386.62139892578125,108.57783508300781,285.8800048828125,406.1617431640625,103.64241027832031
2025-04-29,209.91885375976562,187.38999938964844,159.5113067626953,238.87725830078125,552.203857421875,389.468017578125,108.86742401123047,292.0299987792969,395.74658203125,103.38481140136719
2025-04-30,211.20094299316406,184.4199981689453,158.15679931640625,238.87725830078125,546.7857666015625,390.673828125,108.76756286621094,282.1600036621094,397.8837585449219,100.78014373779297
2025-05-01,212.01596069335938,190.1999969482422,160.64666748046875,241.09397888183594,569.9022216796875,420.464111328125,111.45380401611328,280.5199890136719,387.47833251953125,100.92325592041016
2025-05-02,204.09466552734375,189.97999572753906,163.36563110351562,246.58203125,594.6121215820312,430.2294921875,114.33976745605469,287.2099914550781,386.7433776855469,101.33352661132812
2025-05-05,197.6741485595703,186.35000610351562,163.5448760986328,246.630859375,596.8531494140625,431.10919189453125,113.66071319580078,280.260009765625,391.47222900390625,98.52850341796875
2025-05-06,197.29647827148438,185.00999450683594,162.56886291503906,243.3985595703125,584.9412841796875,428.2823486328125,113.38111877441406,275.3500061035156,381.5116271972656,99.90238952636719
2025-05-07,195.05027770996094,188.7100067138672,150.766845703125,243.53526306152344,594.4029541015625,428.3218994140625,116.89618682861328,276.2200012207031,378.17529296875,99.8069839477539
2025-05-08,196.28269958496094,192.0800018310547,153.6551055908203,247.51950073242188,595.5982055664062,433.08599853515625,117.20575714111328,284.82000732421875,372.8468017578125,101.199951171875
2025-05-09,197.31634521484375,193.05999755859375,152.1313018798828,247.13865661621094,590.100341796875,433.6394348144531,116.48675537109375,298.260009765625,368.0986022949219,102.38301086425781
2025-05-12,209.776123046875,208.63999938964844,157.81817626953125,253.9450225830078,636.85107421875,444.0472412109375,122.82787322998047,318.3800048828125,366.2708435058594,104.14807891845703
2025-05-13,211.90582275390625,211.3699951171875,158.8838653564453,256.8355407714844,653.3840942382812,443.9287109375,129.7481689453125,334.07000732421875,301.1205749511719,104.43431091308594
2025-05-14,211.3087158203125,210.25,164.70021057128906,259.4038391113281,656.7007446289062,447.6846008300781,135.15060424804688,347.67999267578125,297.86163330078125,103.49929809570312
2025-05-15,210.43295288085938,205.1699981689453,163.29591369628906,261.2103271484375,641.283203125,448.6946105957031,134.64129638671875,342.82000732421875,265.3106384277344,104.548828125
2025-05-16,210.24386596679688,205.58999633789062,165.51687622070312,261.2787170410156,637.7575073242188,449.82342529296875,135.21051025390625,349.9800109863281,282.2920837402344,104.17330932617188
2025-05-19,207.7758026123047,206.16000366210938,165.86544799804688,258.66162109375,637.8471069335938,454.3784484863281,135.3802947998047,342.0899963378906,305.48199462890625,102.51717376708984
2025-05-20,205.8650360107422,204.07000732421875,163.31582641601562,259.44287109375,634.5304565429688,453.6852722167969,134.19192504882812,343.82000732421875,310.9844665527344,101.05359649658203
2025-05-21,201.11798095703125,201.1199951171875,167.87725830078125,254.9117889404297,632.9369506835938,448.1401062011719,131.6155548095703,334.6199951171875,292.9973449707031,99.81149291992188
2025-05-22,200.39149475097656,203.10000610351562,170.17791748046875,254.55047607421875,634.0026245117188,450.40765380859375,132.64413452148438,341.0400085449219,286.895263671875,99.1471176147461
2025-05-23,194.33078002929688,200.99000549316406,167.78762817382812,254.58949279785156,624.531005859375,445.77349853515625,131.10626220703125,339.3399963378906,285.8315124511719,99.20488739013672
2025-05-27,199.24700927734375,206.02000427246094,172.19969177246094,259.06201171875,639.7294311523438,456.18060302734375,135.31036376953125,362.8900146484375,285.2802429199219,99.67668914794922
2025-05-28,199.45602416992188,204.72000122070312,171.66188049316406,257.3042297363281,640.9844360351562,452.8832092285156,134.621337890625,356.8999938964844,288.28778076171875,98.31903839111328
2025-05-29,198.98826599121094,205.6999969482422,171.1638946533203,258.16363525390625,642.4484252929688,454.1902770996094,138.99522399902344,358.42999267578125,288.3458251953125,98.87751007080078
2025-05-30,199.88394165039062,205.00999450683594,171.04440307617188,257.80230712890625,644.8786010742188,455.85382080078125,134.94088745117188,346.4599914550781,291.9626159667969,98.50199127197266
2025-06-02,200.7298583984375,206.64999389648438,168.34535217285156,258.44677734375,668.1941528320312,457.4480895996094,137.187744140625,342.69000244140625,294.6800231933594,99.22413635253906
2025-06-03,202.29229736328125,205.7100067138672,165.5069122314453,260.0190124511719,664.1605224609375,458.4382629394531,141.02236938476562,344.2699890136719,291.29534912109375,99.94630432128906
2025-06-04,201.844482421875,207.22999572753906,167.36935424804688,258.0171203613281,685.1754150390625,459.3294677734375,141.72137451171875,332.04998779296875,290.4830017089844,98.50199127197266
2025-06-05,199.66500854492188,207.91000366210938,167.5286865234375,255.80043029785156,681.8588256835938,463.1022033691406,139.79408264160156,284.70001220703125,286.09259033203125,98.04943084716797
2025-06-06,202.9391632080078,213.57000732421875,172.9765167236328,259.49169921875,694.8960571289062,465.7757263183594,141.5216827392578,295.1400146484375,293.2294921875,100.39883422851562
2025-06-09,200.48104858398438,216.97999572753906,175.58908081054688,260.47796630859375,691.2607421875,468.12255859375,142.43040466308594,308.5799865722656,293.200439453125,101.0728530883789
2025-06-10,201.6951904296875,217.61000061035156,178.0919647216797,262.2943115234375,699.567138671875,466.31048583984375,143.758544921875,326.0899963378906,293.7806701660156,103.23931884765625
2025-06-11,197.82391357421875,213.1999969482422,176.8455047607422,261.8548583984375,691.3404541015625,467.99383544921875,142.64002990722656,326.42999267578125,300.3276062011719,105.2517318725586
2025-06-12,198.2418670654297,213.24000549316406,175.2001953125,261.9427490234375,690.5635375976562,474.1826171875,144.80714416503906,319.1099853515625,308.0059814453125,105.65614318847656
2025-06-13,195.50511169433594,212.10000610351562,174.1731414794922,258.72998046875,680.1157836914062,470.3109130859375,141.7811737060547,325.30999755859375,303.1997375488281,107.95740509033203
2025-06-16,197.4656219482422,216.10000610351562,176.2671661376953,264.0129699707031,699.8262939453125,474.4499816894531,144.49754333496094,329.1300048828125,299.6352233886719,108.30403900146484
2025-06-17,194.6990203857422,214.82000732421875,175.44949340820312,263.19268798828125,694.9522705078125,473.3607482910156,143.9282989501953,316.3500061035156,300.8136291503906,109.7676010131836
2025-06-18,195.6344757080078,212.52000427246094,172.82696533203125,267.5284423828125,693.4970092773438,475.53924560546875,145.2864990234375,322.04998779296875,299.1872253417969,108.98768615722656
2025-06-20,200.03323364257812,209.69000244140625,166.1659698486328,268.5440368652344,680.1207885742188,472.7270202636719,143.65866088867188,322.1600036621094,294.132568359375,110.44161987304688
2025-06-23,200.53082275390625,208.47000122070312,164.7200927734375,271.7373046875,696.2481689453125,481.24285888671875,143.97824096679688,348.67999267578125,292.8372802734375,107.59151458740234
2025-06-24,199.3365936279297,212.77000427246094,166.2956085205078,274.6570739746094,709.8734130859375,485.3125915527344,147.70326232910156,340.4700012207031,297.6484069824219,104.31773376464844
2025-06-25,200.59051513671875,211.99000549316406,170.1944580078125,277.391357421875,706.3648681640625,487.45147705078125,154.104736328125,327.54998779296875,294.1423034667969,104.34663391113281
2025-06-26,200.03323364257812,217.1199951171875,173.0463409423828,281.97125244140625,723.718017578125,492.5807800292969,154.81381225585938,325.7799987792969,294.7266540527344,105.90648651123047
2025-06-27,200.1128387451172,223.3000030517578,178.02215576171875,280.3697509765625,731.2333374023438,491.0855407714844,157.54017639160156,323.6300048828125,301.0473937988281,105.31913757324219
2025-06-30,204.1831512451172,219.38999938964844,175.72869873046875,283.1040344238281,735.6788330078125,492.5411682128906,157.77984619140625,317.6600036621094,303.83282470703125,103.79779815673828
2025-07-01,206.8204345703125,220.4600067138672,175.3397979736328,283.59228515625,716.8704223632812,487.2336120605469,153.09608459472656,300.7099914550781,317.6332092285156,105.184326171875
2025-07-02,211.418212890625,219.9199981689453,178.1318359375,285.14495849609375,711.2389526367188,486.2830505371094,157.0408477783203,315.6499938964844,299.537841796875,106.92713165283203
2025-07-03,212.52285766601562,223.41000366210938,179.01930236816406,290.443603515625,716.6611938476562,493.9571838378906,159.1280517578125,315.3500061035156,300.5019836425781,108.03443908691406
2025-07-07,208.940185546875,223.47000122070312,176.28709411621094,286.4892272949219,716.0032958984375,492.84814453125,158.02951049804688,293.94000244140625,295.7882385253906,106.98490142822266
2025-07-08,208.9998779296875,219.36000061035156,173.864013671875,277.47174072265625,718.3156127929688,491.7589111328125,159.78717041015625,297.80999755859375,299.6741638183594,109.95055389404297
2025-07-09,210.12445068359375,222.5399932861328,176.11756896972656,277.8446350097656,730.38623046875,498.58148193359375,162.66334533691406,295.8800048828125,295.0091247558594,109.57504272460938
2025-07-10,211.38833618164062,222.25999450683594,177.11471557617188,282.7801818847656,724.8642578125,496.5713195800781,163.88172912597656,309.8699951171875,291.6977844238281,110.66307830810547
2025-07-11,210.1443634033203,225.02000427246094,179.67742919921875,281.4751281738281,715.166015625,498.3933410644531,164.7006378173828,313.510009765625,296.1680603027344,111.14451599121094
2025-07-14,207.61656188964844,225.69000244140625,181.04351806640625,283.2806396484375,718.56494140625,498.09625244140625,163.85177612304688,316.8999938964844,292.7398681640625,109.6905746459961
2025-07-15,208.10421752929688,226.35000610351562,181.48226928710938,281.1709899902344,708.0692749023438,500.8688659667969,170.4729461669922,310.7799987792969,284.1012268066406,108.71808624267578
2025-07-16,209.149169921875,223.19000244140625,182.4495086669922,280.4547119140625,700.6136474609375,500.67083740234375,171.14205932617188,321.6700134277344,284.86090087890625,108.06332397460938
2025-07-17,209.0098419189453,223.8800048828125,183.0577850341797,284.4580993652344,699.1185913085938,506.6912841796875,172.76988220214844,319.4100036621094,280.5561828613281,107.51448059082031
2025-07-18,210.16424560546875,226.1300048828125,184.53355407714844,285.8023986816406,701.979248046875,505.05743408203125,172.18067932128906,329.6499938964844,275.277587890625,103.76889038085938
2025-07-21,211.4580078125,229.3000030517578,189.55923461914062,285.50799560546875,710.6408081054688,505.06732177734375,171.15203857421875,328.489990234375,274.7809143066406,104.03850555419922
2025-07-22,213.36875915527344,227.47000122070312,190.79571533203125,285.95941162109375,702.5075073242188,500.3242492675781,166.80783081054688,332.1099853515625,277.69287109375,104.51032257080078
2025-07-23,213.11996459960938,228.2899932861328,189.68885803222656,291.1893310546875,711.2489624023438,500.9183349609375,170.5528564453125,332.55999755859375,284.8804016113281,105.84870910644531
2025-07-24,212.73184204101562,232.22999572753906,191.62335205078125,290.9832763671875,712.46484375,505.8793029785156,173.50892639160156,305.29998779296875,271.3136901855469,106.67678833007812
2025-07-25,212.8512725830078,231.44000244140625,192.63046264648438,293.0144348144531,710.3517456054688,508.681640625,173.26922607421875,316.05999755859375,273.7290344238281,106.30126190185547
2025-07-28,213.0204620361328,232.7899932861328,192.0321807861328,292.6807861328125,715.28564453125,507.48345947265625,176.51490783691406,325.5899963378906,274.7613830566406,107.30265045166016
2025-07-29,210.25384521484375,231.00999450683594,195.19314575195312,291.4640808105469,697.7131958007812,507.55279541015625,175.2765350341797,321.20001220703125,254.26046752929688,108.68917846679688
2025-07-30,208.0445098876953,230.19000244140625,195.970947265625,294.0054626464844,692.9389038085938,508.21624755859375,179.03155517578125,319.0400085449219,259.1007995605469,107.74557495117188
2025-07-31,206.57162475585938,234.11000061035156,191.35411071777344,290.6790771484375,770.913330078125,528.2778930664062,177.6334228515625,308.2699890136719,243.05064392089844,107.49522399902344
2025-08-01,201.40660095214844,214.75,188.5919952392578,283.93804931640625,747.5598754882812,518.9797973632812,173.4889373779297,302.6300048828125,231.56817626953125,105.5694808959961
2025-08-04,202.37191772460938,211.64999389648438,194.48516845703125,288.73626708984375,773.833740234375,530.39697265625,179.7605743408203,309.260009765625,234.69442749023438,103.38375854492188
2025-08-05,201.94398498535156,213.75,194.11622619628906,285.9004821777344,760.9659423828125,522.584228515625,178.02288818359375,308.7200012207031,244.45309448242188,103.25858306884766
2025-08-06,212.22430419921875,222.30999755859375,195.5321807861328,285.880859375,769.4680786132812,519.8016967773438,179.1813507080078,319.9100036621094,239.3692626953125,102.55567932128906
2025-08-07,218.9716796875,223.1300048828125,195.96096801757812,281.5536804199219,759.3411865234375,515.7418212890625,180.52957153320312,322.2699890136719,238.28822326660156,102.01646423339844
2025-08-08,228.24688720703125,222.69000244140625,200.84703063964844,283.33953857421875,766.7868041992188,516.9300537109375,182.4569854736328,329.6499938964844,244.34597778320312,102.83491516113281
2025-08-11,226.3438720703125,221.3000030517578,200.42822265625,284.1244812011719,763.3680419921875,516.662841796875,181.81784057617188,339.0299987792969,245.787353515625,101.90093231201172
2025-08-12,228.80479431152344,221.47000122070312,202.76156616210938,287.3527526855469,787.419189453125,524.0595703125,182.9163818359375,340.8399963378906,254.74737548828125,102.18978118896484
2025-08-13,232.4712677001953,224.55999755859375,201.38551330566406,285.0762939453125,777.5316772460938,515.4844360351562,181.3484649658203,339.3800048828125,264.72027587890625,103.60520935058594
2025-08-14,231.9232940673828,230.97999572753906,202.36270141601562,288.6381530761719,779.5748901367188,517.36572265625,181.77789306640625,335.5799865722656,264.40863037109375,103.39338684082031
2025-08-15,230.7376708984375,231.02999877929688,203.31996154785156,285.0370178222656,782.664794921875,515.078369140625,180.20997619628906,330.55999755859375,296.0804138183594,103.49057006835938
2025-08-18,230.04022216796875,231.49000549316406,202.92112731933594,286.0574951171875,764.8631591796875,512.0383911132812,181.7678985595703,335.1600036621094,300.44354248046875,103.7140884399414
2025-08-19,229.71145629882812,228.00999450683594,200.9966278076172,285.203857421875,749.0250244140625,504.7801818847656,175.40638732910156,329.30999755859375,296.3044128417969,104.39436340332031
2025-08-20,225.1781768798828,223.80999755859375,198.7530059814453,286.754150390625,745.2772827148438,500.7698059082031,175.1667022705078,323.8999938964844,292.0191955566406,105.47310638427734
2025-08-21,224.07228088378906,221.9499969482422,199.18177795410156,285.9986267089844,736.6854248046875,500.1251220703125,174.7472381591797,320.1099853515625,295.4376525878906,106.15339660644531
2025-08-22,226.92176818847656,228.83999633789062,205.50372314453125,290.6790771484375,752.32421875,503.09075927734375,177.7532501220703,340.010009765625,299.4014892578125,108.1456527709961
2025-08-25,226.323974609375,227.94000244140625,207.8969268798828,289.3642578125,750.839111328125,500.1449890136719,179.57083129882812,346.6000061035156,296.9082336425781,108.59268951416016
2025-08-26,228.46603393554688,228.7100067138672,206.55075073242188,292.96533203125,751.636474609375,497.9430847167969,181.52822875976562,351.6700134277344,292.5937805175781,108.3497314453125
2025-08-27,229.6417236328125,229.1199951171875,206.8897705078125,293.6620178222656,744.9384765625,502.604736328125,181.35845947265625,349.6000061035156,295.9538269042969,109.57424926757812
2025-08-28,231.70408630371094,231.60000610351562,211.0379638671875,295.4184265136719,748.6563110351562,505.4810791015625,179.9303436279297,345.9800109863281,294.4053039550781,110.15733337402344
2025-08-29,231.28562927246094,229.0,212.30433654785156,295.7618713378906,736.286865234375,502.5551452636719,173.94830322265625,333.8699951171875,301.7875671386719,111.07086944580078
2025-09-02,228.87454223632812,225.33999633789062,210.74879455566406,294.07415771484375,732.7085571289062,500.9979248046875,170.5528564453125,329.3599853515625,300.7454528808594,111.45960235595703
2025-09-03,237.5923309326172,225.99000549316406,230.0038604736328,293.8877258300781,734.6422119140625,501.22607421875,170.39305114746094,334.0899963378906,299.8494873046875,108.7579116821289
2025-09-04,238.8975067138672,235.67999267578125,231.63919067382812,298.1168212890625,746.204345703125,503.82470703125,171.43167114257812,338.5299987792969,302.2842712402344,109.2341079711914
2025-09-05,238.80784606933594,232.3300018310547,234.33151245117188,288.85400390625,749.9918823242188,490.9605407714844,166.7978515625,350.8399963378906,307.16357421875,106.15339660644531
2025-09-08,237.0045166015625,235.83999633789062,233.5829620361328,287.4115905761719,749.8423461914062,494.1344299316406,168.0861358642578,346.3999938964844,311.8968505859375,106.75592041015625
2025-09-09,233.4875030517578,238.24000549316406,239.1620635986328,292.2589111328125,763.1986083984375,494.3426818847656,170.53286743164062,346.9700012207031,338.8451232910156,107.53339385986328
2025-09-10,225.95530700683594,230.3300018310547,238.70294189453125,294.89837646484375,749.5234375,496.2867431640625,177.09414672851562,347.7900085449219,337.7348327636719,109.33128356933594
2025-09-11,229.18341064453125,229.9499969482422,239.90060424804688,299.82415771484375,748.447021484375,496.9215087890625,176.94430541992188,368.80999755859375,344.3866882324219,108.9814224243164
2025-09-12,233.2085418701172,228.14999389648438,240.32977294921875,301.1488037109375,753.1216430664062,505.73895263671875,177.593505859375,395.94000244140625,343.31536865234375,109.00086975097656
2025-09-15,235.828857421875,231.42999267578125,251.11865234375,303.1014099121094,762.201904296875,511.1543884277344,177.52357482910156,410.0400085449219,340.9534606933594,109.18550872802734
2025-09-16,237.2735137939453,234.0500030517578,250.66952514648438,303.385986328125,776.4552001953125,504.8859558105469,174.65724182128906,421.6199951171875,333.005126953125,111.44988250732422
2025-09-17,238.11044311523438,231.6199951171875,249.04270935058594,305.89794921875,773.1858520507812,505.85797119140625,170.0730743408203,425.8599853515625,334.79864501953125,112.0427017211914
2025-09-18,237.0045166015625,231.22999572753906,251.53782653808594,307.3501892089844,777.7010498046875,504.30078125,176.01551818847656,416.8500061035156,328.14404296875,110.72100830078125
2025-09-19,244.59646606445312,231.47999572753906,254.2225799560547,308.8710632324219,775.8372192382812,513.7034912109375,176.4449462890625,426.07000732421875,329.97674560546875,109.64227294921875
2025-09-22,255.13751220703125,227.6300048828125,252.036865234375,306.5749816894531,763.1751098632812,510.2518310546875,183.37612915039062,434.2099914550781,334.4948425292969,108.86480712890625
2025-09-23,253.49359130859375,220.7100067138672,251.16856384277344,306.8693542480469,753.4404907226562,505.0744323730469,178.2027130126953,425.8500061035156,340.7574157714844,110.74043273925781
2025-09-24,251.38140869140625,220.2100067138672,246.65736389160156,307.53662109375,758.686767578125,505.9869079589844,176.74456787109375,442.7900085449219,344.7952575683594,111.333251953125
2025-09-25,255.9246063232422,218.14999389648438,245.3100128173828,307.5660705566406,746.9672241210938,502.8923645019531,177.4636688232422,423.3900146484375,338.6698913574219,112.33424377441406
2025-09-26,254.51980590820312,219.77999877929688,246.0585479736328,310.12701416015625,741.8206176757812,507.28619384765625,177.96302795410156,440.3999938964844,337.2193603515625,113.91834259033203
2025-09-29,253.49359130859375,222.1699981689453,243.57342529296875,309.7640075683594,741.4716186523438,510.4005126953125,181.6183624267578,443.2099914550781,338.2974853515625,111.00284576416016
2025-09-30,253.69287109375,219.57000732421875,242.62527465820312,309.50885009765625,732.4749145507812,513.7232666015625,186.3423309326172,444.7200012207031,338.4150695800781,109.57424926757812
2025-10-01,254.5098419189453,220.6300048828125,244.4217529296875,304.8774719238281,715.4791870117188,515.4688720703125,187.0015106201172,459.4599914550781,341.3552551269531,108.83564758300781
2025-10-02,256.18365478515625,222.41000366210938,245.210205078125,301.77679443359375,725.1639404296875,511.53131103515625,188.64939880371094,436.0,346.66717529296875,108.15536499023438
2025-10-03,257.07037353515625,219.50999450683594,244.87088012695312,304.2102355957031,708.7167358398438,513.1281127929688,187.38099670410156,429.8299865722656,353.01800537109375,110.06988525390625
2025-10-06,255.7452850341797,220.89999389648438,249.9409637451172,304.85113525390625,713.8035278320312,524.256591796875,185.3036651611328,453.25,351.61651611328125,110.9833984375
2025-10-07,255.5360870361328,221.77999877929688,245.28005981445312,303.3819885253906,711.230224609375,519.7039794921875,184.80429077148438,433.0899963378906,356.4090270996094,111.04171752929688
2025-10-08,257.1102294921875,225.22000122070312,244.14230346679688,299.7732238769531,715.9779052734375,520.56689453125,188.86911010742188,438.69000244140625,362.544189453125,110.8084716796875
2025-10-09,253.10501098632812,227.74000549316406,241.05833435058594,301.2522277832031,731.6072387695312,518.136962890625,192.32470703125,435.5400085449219,360.3586730957031,109.72974395751953
2025-10-10,244.3673095703125,216.3699951171875,236.10804748535156,296.6772155761719,703.4703979492188,506.790283203125,182.92669677734375,413.489990234375,347.431640625,107.61114501953125
2025-10-13,246.74851989746094,220.07000732421875,243.67320251464844,303.6580810546875,713.8433837890625,509.8550720214844,188.08013916015625,435.8999938964844,351.5086975097656,109.07860565185547
2025-10-14,246.8581085205078,216.38999938964844,244.97067260742188,297.85052490234375,706.811767578125,509.3789978027344,179.80067443847656,429.239990234375,352.75335693359375,109.12720489501953
2025-10-15,248.42233276367188,215.57000732421875,250.53977966308594,301.4100036621094,715.6885986328125,509.2401428222656,179.60093688964844,435.1499938964844,353.9490661621094,108.46635437011719
2025-10-16,246.53929138183594,214.47000122070312,250.9689483642578,294.3600769042969,710.2228393554688,507.43499755859375,181.57839965820312,428.75,349.5583801269531,107.52367401123047
2025-10-17,251.36148071289062,213.0399932861328,252.80535888671875,293.3938293457031,715.0602416992188,509.38897705078125,182.9866180419922,439.30999755859375,349.48974609375,109.07860565185547
2025-10-20,261.27484130859375,216.47999572753906,256.0489807128906,298.1265869140625,730.2706909179688,512.57275390625,182.4073486328125,447.42999267578125,357.2126770019531,109.52565002441406
2025-10-21,261.8028869628906,222.02999877929688,249.9709014892578,292.9303894042969,731.3678588867188,513.4356079101562,180.9292449951172,442.6000061035156,358.0848693847656,109.53536987304688
2025-10-22,257.49884033203125,217.9499969482422,251.19851684570312,289.9920959472656,731.5074462890625,516.2920532226562,180.05035400390625,438.9700012207031,354.2822265625,111.47904205322266
2025-10-23,258.6246643066406,221.08999633789062,252.58578491210938,290.4161376953125,732.095947265625,516.3119506835938,181.92796325683594,448.9800109863281,353.2630310058594,112.71326446533203
2025-10-24,261.85272216796875,224.2100067138672,259.4124450683594,296.2335205078125,736.444580078125,519.3370361328125,186.02273559570312,433.7200012207031,355.2720947265625,112.139892578125
2025-10-27,267.8206787109375,226.97000122070312,268.7441711425781,299.89154052734375,748.872314453125,527.1825561523438,191.24609375,452.4200134277344,358.6827697753906,112.67440032958984
2025-10-28,268.0099792480469,229.25,266.94769287109375,301.0845947265625,749.49072265625,537.6464233398438,200.77392578125,460.54998779296875,360.5056457519531,111.79002380371094
2025-10-29,268.7073974609375,230.3000030517578,274.0338134765625,301.2325134277344,749.7201538085938,537.130615234375,206.77627563476562,461.510009765625,348.1764831542969,113.1700210571289
2025-10-30,270.4011535644531,222.86000061035156,280.93035888671875,305.1075134277344,664.7410888671875,521.469482421875,202.63156127929688,440.1000061035156,337.8760681152344,111.45960235595703
2025-10-31,269.3749084472656,244.22000122070312,280.6408996582031,306.7639465332031,646.6680908203125,513.5843505859375,202.23207092285156,456.55999755859375,334.7496643066406,111.13890075683594
2025-11-03,268.0597839355469,254.0,283.16595458984375,305.0187683105469,636.0557861328125,512.8107299804688,206.61648559570312,468.3699951171875,327.13458251953125,110.55580139160156
2025-11-04,269.0461730957031,249.32000732421875,276.9980163574219,304.920166015625,625.6926879882812,510.1328430175781,198.43690490722656,444.260009765625,324.23358154296875,110.92508697509766
2025-11-05,269.1457824707031,250.1999969482422,283.7547912597656,307.3161315917969,634.30029296875,503.0213317871094,194.9613494873047,462.07000732421875,321.2052001953125,110.4780502319336
2025-11-06,268.7771301269531,243.0399932861328,284.1939392089844,309.03179931640625,617.3344116210938,493.04339599609375,187.84043884277344,445.9100036621094,315.1484375,111.27495574951172
2025-11-07,267.4819030761719,244.41000366210938,278.2854919433594,309.8106994628906,620.0972290039062,492.76568603515625,187.91030883789062,429.5199890136719,317.74560546875,113.91834259033203
2025-11-10,268.6985778808594,248.39999389648438,289.5334777832031,312.45318603515625,630.1211547851562,501.8707580566406,198.7964630126953,445.2300109863281,315.16802978515625,114.89017486572266
2025-11-11,274.5028076171875,249.10000610351562,290.7411193847656,311.200927734375,625.453369140625,504.5289001464844,192.91395568847656,439.6199951171875,320.9209899902344,116.40624237060547
2025-11-12,272.7276916503906,244.1999969482422,286.1501159667969,315.92388916015625,607.43017578125,506.9688415527344,193.55313110351562,430.6000061035156,332.2994689941406,114.7929916381836
2025-11-13,272.20904541015625,237.5800018310547,278.0260314941406,305.1469421386719,608.3079223632812,499.1828918457031,186.62197875976562,401.989990234375,325.889892578125,115.4441146850586
2025-11-14,271.6705322265625,234.69000244140625,275.8702392578125,299.35906982421875,607.8790283203125,506.01666259765625,189.92774963378906,404.3500061035156,315.4424133300781,116.94403076171875
2025-11-17,266.73394775390625,232.8699951171875,284.4634094238281,296.1644592285156,600.4483032226562,503.34857177734375,186.36231994628906,408.9200134277344,314.129150390625,115.36569213867188
2025-11-18,266.7139892578125,222.5500030517578,283.724853515625,295.2179260253906,596.1395874023438,489.76043701171875,181.12899780273438,401.25,307.3275146484375,116.68914031982422
2025-11-19,267.83099365234375,222.69000244140625,292.23822021484375,299.02386474609375,588.7886352539062,483.14483642578125,186.28240966796875,403.989990234375,302.92706298828125,115.04218292236328
2025-11-20,265.5272521972656,217.13999938964844,288.884765625,294.2023620605469,587.6217651367188,475.41387939453125,180.40989685058594,395.2300109863281,305.3282470703125,114.71866607666016
2025-11-21,270.75299072265625,220.69000244140625,299.0748596191406,293.8473815917969,592.70849609375,469.1436462402344,178.6521453857422,391.0899963378906,313.5901184082031,114.7774887084961
2025-11-24,275.1710205078125,226.27999877929688,317.9578552246094,293.8276672363281,611.459716796875,471.0118103027344,182.31747436523438,417.7799987792969,312.6884765625,113.68932342529297
2025-11-25,276.2181396484375,229.6699981689453,322.8083801269531,298.75762939453125,634.569580078125,473.9829406738281,177.593505859375,419.3999938964844,319.7743225097656,112.25802612304688
2025-11-26,276.7966003417969,229.16000366210938,319.3252258300781,303.33270263671875,631.9664306640625,482.4393310546875,180.03036499023438,426.5799865722656,323.1358947753906,112.5129165649414
2025-11-28,278.0930480957031,233.22000122070312,319.5547790527344,308.6965026855469,646.2691650390625,488.9082946777344,176.7745361328125,430.1700134277344,323.1947021484375,113.64029693603516
2025-12-01,282.3315124511719,233.8800048828125,314.2751159667969,304.59478759765625,639.2075805664062,483.6714782714844,179.69081115722656,430.1400146484375,316.7655334472656,114.33634185791016
2025-12-02,285.4131164550781,234.4199981689453,315.1932678222656,303.5693359375,645.4213256835938,486.91094970703125,181.22886657714844,429.239990234375,318.06903076171875,113.11092376708984
2025-12-03,283.378662109375,232.3800048828125,319.00579833984375,307.75982666015625,637.9408569335938,474.7182922363281,179.3612518310547,446.739990234375,332.9365234375,115.48332977294922
2025-12-04,279.9380187988281,229.11000061035156,316.999755859375,311.6742858886719,659.81396484375,477.8087158203125,183.15660095214844,454.5299987792969,326.8405456542969,114.8363037109375
2025-12-05,278.0232238769531,229.52999877929688,320.642578125,310.6291198730469,671.673095703125,480.11407470703125,182.1877899169922,455.0,324.31201171875,114.24811553955078
2025-12-08,277.1356506347656,226.88999938964844,313.31219482421875,310.79669189453125,665.0702514648438,487.9245300292969,185.323974609375,439.5799865722656,319.2998352050781,113.6991195678711
2025-12-09,276.4275817871094,227.9199981689453,316.66778564453125,296.30255126953125,655.2557983398438,488.9181823730469,184.7446746826172,445.1700134277344,319.28009033203125,115.92448425292969
2025-12-10,278.0232238769531,231.77999877929688,319.7937316894531,305.76806640625,648.4434814453125,475.5430908203125,183.55612182617188,451.45001220703125,323.9864196777344,117.1891098022461
2025-12-11,277.2752685546875,230.27999877929688,312.0238342285156,312.9363098144531,651.016845703125,480.422119140625,180.70957946777344,446.8900146484375,332.2348327636719,117.1891098022461
2025-12-12,277.5245666503906,226.19000244140625,308.887939453125,314.06036376953125,642.558837890625,475.51324462890625,174.80679321289062,458.9599914550781,337.2765808105469,116.48326873779297
2025-12-15,273.3658752441406,222.5399932861328,307.8193054199219,315.5393371582031,646.3570556640625,471.82666015625,176.07522583007812,475.30999755859375,336.5464782714844,115.44412231445312
2025-12-16,273.8645324707031,222.55999755859375,306.1714782714844,311.1319580078125,655.9799194335938,473.38677978515625,177.5034942626953,489.8800048828125,329.7386169433594,112.42469024658203
2025-12-17,271.10205078125,221.27000427246094,296.3342590332031,310.5699462890625,648.343505859375,473.1184387207031,170.73175048828125,467.260009765625,327.2029113769531,115.10101318359375
2025-12-18,271.4511413574219,226.75999450683594,302.0668029785156,308.6176452636719,663.266845703125,480.92889404296875,173.9278564453125,483.3699951171875,323.7594909667969,114.24811553955078
2025-12-19,272.9271240234375,227.35000610351562,306.7607116699219,312.7686767578125,657.5969848632812,482.8566589355469,180.76953125,481.20001220703125,323.0491027832031,114.3951644897461
2025-12-22,270.23443603515625,228.42999267578125,309.3772888183594,318.5663757324219,660.3221435546875,481.8630065917969,183.4662322998047,488.7300109863281,320.81927490234375,115.82645416259766
2025-12-23,271.62066650390625,232.13999938964844,313.94134521484375,321.3666076660156,663.7559814453125,483.7807922363281,188.97952270507812,485.55999755859375,320.46405029296875,117.07147216796875
2025-12-24,273.06671142578125,232.3800048828125,313.68170166015625,324.5612487792969,666.361328125,484.94342041015625,188.38023376464844,485.3999938964844,323.20697021484375,116.87540435791016
2025-12-26,272.6578674316406,232.52000427246094,313.1024475097656,323.31890869140625,662.1089477539062,484.6353759765625,190.2978973388672,475.19000244140625,327.40020751953125,116.76757049560547
2025-12-29,273.0168762207031,232.07000732421875,313.1523742675781,319.2171325683594,657.5171508789062,484.02923583984375,187.99070739746094,459.6400146484375,324.548828125,118.1596450805664
2025-12-30,272.33868408203125,232.52999877929688,313.4420166015625,318.89178466796875,664.7642211914062,484.4068298339844,187.31153869628906,454.42999267578125,327.7257995605469,118.610595703125
2025-12-31,271.12200927734375,230.82000732421875,312.5931091308594,317.70855712890625,658.9146118164062,480.5711669921875,186.27279663085938,449.7200012207031,325.70318603515625,117.97338104248047
2026-01-02,270.27435302734375,226.5,314.7403259277344,320.92291259765625,649.2518310546875,469.95849609375,188.6199493408203,438.07000732421875,331.9092102050781,120.23796081542969
2026-01-05,266.5345458984375,233.05999755859375,316.1285400390625,329.3630676269531,657.616943359375,469.8691101074219,187.89083862304688,451.6700134277344,337.4541931152344,122.89466094970703
2026-01-06,261.6478271484375,240.92999267578125,313.9313659667969,331.41326904296875,659.4436645507812,475.493408203125,187.0119171142578,432.9599914550781,344.3114013671875,118.66941833496094
2026-01-07,259.6233215332031,241.55999755859375,321.5614318847656,323.8660888671875,647.534912109375,480.422119140625,188.87962341308594,431.4100036621094,337.13848876953125,116.15975952148438
2026-01-08,258.3368225097656,246.2899932861328,325.0169372558594,326.63934326171875,644.9096069335938,475.09588623046875,184.8145751953125,435.79998779296875,342.2197265625,120.49284362792969
2026-01-09,258.6659240722656,247.3800048828125,328.14288330078125,326.0450744628906,651.8971557617188,476.2585144042969,184.63479614257812,445.010009765625,339.3880310058594,122.15940856933594
2026-01-12,259.54351806640625,246.47000122070312,331.4285583496094,321.38995361328125,640.8268432617188,474.1717529296875,184.71470642089844,448.9599914550781,335.9643859863281,121.59081268310547
2026-01-13,260.34136962890625,242.60000610351562,335.53326416015625,307.9297790527344,629.96630859375,467.70281982421875,185.58364868164062,447.20001220703125,329.47216796875,124.05144500732422
2026-01-14,259.2543029785156,236.64999389648438,335.4034118652344,304.9287414550781,614.4240112304688,456.4839782714844,182.91690063476562,439.20001220703125,330.4884338378906,127.63945770263672
2026-01-15,257.50909423828125,238.17999267578125,332.3473815917969,306.30548095703125,619.694580078125,453.7811279296875,186.82212829589844,438.57000732421875,334.4350280761719,126.59051513671875
2026-01-16,254.83633422851562,239.1199951171875,329.5710144042969,309.48480224609375,619.1455688476562,456.9609375,186.0031280517578,437.5,326.6010437011719,127.33556365966797
2026-01-20,246.0303192138672,231.0,321.5814208984375,299.8477478027344,603.0443115234375,451.6546325683594,177.85308837890625,419.25,333.912109375,127.89437103271484
2026-01-21,246.9777374267578,231.30999755859375,327.953125,299.15447998046875,611.8685913085938,441.31024169921875,183.09669494628906,431.44000244140625,343.1076965332031,130.982421875
2026-01-22,247.67584228515625,234.33999633789062,330.1103210449219,300.729248046875,646.476806640625,448.2959289550781,184.6148223876953,449.3599853515625,349.7380065917969,131.01182556152344
2026-01-23,247.36666870117188,239.16000366210938,327.5036926269531,294.8757019042969,657.5870361328125,463.0125732421875,187.44137573242188,449.05999755859375,351.5041198730469,132.31565856933594
2026-01-26,254.71669006347656,238.4199981689453,332.8267822265625,298.16400146484375,671.1627197265625,467.3152770996094,186.2428436279297,435.20001220703125,346.9457702636719,132.18820190429688
2026-01-27,257.56890869140625,244.67999267578125,334.1150817871094,297.44097900390625,671.7716674804688,477.5503234863281,188.29034423828125,430.8999938964844,278.92608642578125,134.1390838623047
2026-01-28,255.74388122558594,243.00999450683594,335.5732116699219,297.89654541015625,667.5391845703125,478.5937194824219,191.28668212890625,431.4599914550781,290.094970703125,134.87432861328125
2026-01-29,257.5788879394531,241.72999572753906,337.8102722167969,303.49261474609375,736.995361328125,430.76715087890625,192.27548217773438,416.55999755859375,288.3880920410156,137.7467041015625
2026-01-30,258.7756652832031,239.3000030517578,337.56060791015625,302.9676818847656,715.2241821289062,427.577392578125,190.8971710205078,430.4100036621094,283.099609375,138.61920166015625
2026-02-02,269.27703857421875,242.9600067138672,343.24322509765625,305.1961975097656,705.152099609375,420.7010192871094,185.38388061523438,421.80999755859375,281.77752685546875,135.67820739746094
2026-02-03,268.7485046386719,238.6199951171875,339.26837158203125,311.8420715332031,690.4683227539062,408.6176452636719,180.12030029296875,421.9599914550781,280.3863220214844,140.9033966064453
2026-02-04,275.7394104003906,232.99000549316406,332.6070556640625,314.2389221191406,667.798828125,411.578857421875,173.97781372070312,406.010009765625,272.2366027832031,144.68746948242188
2026-02-05,275.1610412597656,222.69000244140625,330.8193664550781,307.1968688964844,669.0166625976562,391.188232421875,171.67062377929688,397.2099914550781,264.9649963378906,143.20716857910156
2026-02-06,277.364990234375,210.32000732421875,322.4402770996094,319.3199462890625,660.2822265625,398.61114501953125,185.18414306640625,411.1099853515625,272.95684814453125,146.1187744140625
2026-02-09,274.13079833984375,208.72000122070312,323.8984069824219,319.0228271484375,676.0140991210938,410.9925842285156,189.80848693847656,417.32000732421875,272.01953125,148.23629760742188
2026-02-10,273.19244384765625,206.9600067138672,318.16583251953125,315.2392883300781,669.525634765625,410.6646728515625,188.31031799316406,425.2099914550781,269.5726623535156,148.6088104248047
2026-02-11,275.00921630859375,204.0800018310547,310.5557556152344,307.8505859375,667.4993286132812,401.8207702636719,189.81849670410156,428.2699890136719,275.18670654296875,152.50074768066406
2026-02-12,261.2637939453125,199.60000610351562,308.5982971191406,299.74871826171875,648.6529541015625,399.30670166015625,186.7122802734375,417.07000732421875,280.57379150390625,147.9611358642578
2026-02-13,255.32435607910156,198.7899932861328,305.32257080078125,299.6595458984375,638.6307983398438,398.7900085449219,182.58729553222656,417.44000244140625,289.2760314941406,146.50057983398438
2026-02-17,263.4099426269531,201.14999389648438,301.6273498535156,304.19580078125,638.1516723632812,394.3581237792969,184.7446746826172,410.6300048828125,285.23077392578125,144.270263671875
2026-02-18,263.8791198730469,204.7899932861328,302.9356689453125,305.8300476074219,642.0746459960938,397.08087158203125,187.75099182128906,411.32000732421875,284.3526916503906,148.7012939453125
2026-02-19,260.11578369140625,204.86000061035156,302.456298828125,305.1070251464844,643.6318969726562,396.8517761230469,187.6710968017578,411.7099914550781,286.0595703125,148.98748779296875
2026-02-20,264.1086730957031,210.11000061035156,314.5705261230469,307.82086181640625,654.4925537109375,395.6267395019531,189.58877563476562,411.82000732421875,286.1286315917969,145.345947265625
2026-02-23,265.705810546875,205.27000427246094,311.0850524902344,294.82623291015625,636.1153564453125,382.918212890625,191.316650390625,399.8299865722656,278.5708923339844,148.78024291992188
2026-02-24,271.6552429199219,208.55999755859375,310.495849609375,294.459716796875,638.1616821289062,387.4299621582031,192.61508178710938,409.3800048828125,270.29290771484375,147.29994201660156
2026-02-25,273.74151611328125,210.63999938964844,312.49322509765625,300.4023742675781,652.5260009765625,398.9831237792969,195.32176208496094,417.3999938964844,280.40606689453125,147.10256958007812
2026-02-26,272.4637756347656,207.9199981689453,306.9804382324219,303.20538330078125,655.8401489257812,400.0986022949219,184.66476440429688,408.5799865722656,282.8332214355469,146.58938598632812
2026-02-27,263.7093811035156,210.0,311.354736328125,297.4310607910156,647.0258178710938,391.15484619140625,176.97415161132812,402.510009765625,289.3549499511719,150.49740600585938
2026-03-02,264.2484130859375,208.38999938964844,306.12152099609375,294.7172546386719,652.396240234375,396.9413757324219,182.25770568847656,403.32000732421875,290.9928283691406,152.19480895996094
2026-03-03,263.2801818847656,208.72999572753906,303.1853332519531,297.3914489746094,653.91357421875,402.2996826171875,179.83065795898438,392.42999267578125,285.34918212890625,149.83619689941406
2026-03-04,262.0523376464844,216.82000732421875,302.7359619140625,296.52978515625,666.541015625,403.5645751953125,182.8170166015625,405.94000244140625,288.0624694824219,147.85260009765625
2026-03-05,259.8263244628906,218.94000244140625,300.4888610839844,290.74554443359375,659.393798828125,409.0224304199219,183.11663818359375,405.54998779296875,284.9150390625,148.78024291992188
2026-03-06,257.0013427734375,213.2100067138672,298.1319274902344,286.7144470214844,643.7117309570312,407.30938720703125,177.6033935546875,396.7300109863281,282.6556396484375,149.22434997558594
2026-03-09,259.41705322265625,213.49000549316406,306.1770935058594,287.1502685546875,646.2372436523438,407.757568359375,182.427490234375,398.67999267578125,283.550537109375,148.46444702148438
2026-03-10,260.3653564453125,214.3300018310547,306.8567199707031,285.97161865234375,652.9053955078125,404.122314453125,184.54490661621094,399.239990234375,280.736572265625,146.18479919433594
2026-03-11,260.3453674316406,212.64999389648438,308.5157470703125,284.7731628417969,653.6939697265625,403.245849609375,185.8134307861328,407.82000732421875,283.63006591796875,149.5894775390625
2026-03-12,255.30438232421875,209.52999877929688,303.3687744140625,280.18743896484375,637.043701171875,400.238037109375,182.9268035888672,395.010009765625,275.47662353515625,151.5138702392578
2026-03-13,249.6744384765625,207.6699981689453,302.09954833984375,280.7321472167969,612.6171875,393.9534912109375,180.0401611328125,391.20001220703125,280.4880065917969,154.06985473632812
2026-03-16,252.36964416503906,211.74000549316406,305.3775939941406,283.4261474609375,626.8690185546875,398.33575439453125,183.0067138671875,395.55999755859375,283.8686828613281,155.165283203125
2026-03-17,253.77711486816406,215.1999969482422,310.7344055175781,284.1492004394531,622.0834350585938,397.79791259765625,181.71820068359375,399.2699890136719,285.9368896484375,156.7245330810547
2026-03-18,249.49476623535156,209.8699951171875,307.5063171386719,284.99102783203125,615.1099243164062,390.2087097167969,180.1899871826172,392.7799987792969,282.71527099609375,155.5205535888672
2026-03-19,248.5165252685547,208.75999450683594,306.9466552734375,285.2188720703125,606.1382446289062,387.4498596191406,178.3521270751953,380.29998779296875,278.8473815917969,156.08306884765625
2026-03-20,247.54823303222656,205.3699951171875,300.8203125,283.82232666015625,593.1102905273438,380.3287353515625,172.4989471435547,367.9599914550781,274.0249328613281,157.5732421875
2026-03-23,251.04200744628906,210.13999938964844,301.87969970703125,287.14031982421875,603.5006713867188,381.4541931152344,175.43553161621094,380.8500061035156,268.00927734375,159.0140838623047
2026-03-24,251.1917266845703,207.24000549316406,290.2666320800781,289.6065368652344,592.3709716796875,371.2355651855469,174.99603271484375,383.0299987792969,270.73370361328125,163.20826721191406
2026-03-25,252.16998291015625,211.7100067138672,290.7563171386719,292.59771728515625,594.3391723632812,369.5424499511719,178.47198486328125,385.95001220703125,269.0135192871094,161.11610412597656
2026-03-26,252.43951416015625,207.5399932861328,280.7523193359375,288.87359619140625,547.032958984375,364.492919921875,171.04066467285156,372.1099853515625,266.5277404785156,163.25759887695312
2026-03-27,248.35679626464844,199.33999633789062,274.1762390136719,280.13787841796875,525.233154296875,355.33001708984375,167.32498168945312,361.8299865722656,257.54901123046875,168.7445831298828
2026-03-30,246.19065856933594,200.9499969482422,273.33673095703125,281.0589904785156,535.8833618164062,357.51116943359375,164.97772216796875,355.2799987792969,260.3033142089844,169.21827697753906
2026-03-31,253.337890625,208.27000427246094,287.3883361816406,291.3497314453125,571.6002197265625,368.67596435546875,174.1969757080078,371.75,269.0533142089844,167.4320526123047
2026-04-01,255.17462158203125,210.57000732421875,297.2124938964844,292.5580749511719,578.6936645507812,367.8791809082031,175.54541015625,381.260009765625,272.424072265625,158.66867065429688
2026-04-02,255.464111328125,209.77000427246094,295.59344482421875,291.7855224609375,573.9281005859375,371.9526672363281,177.18348693847656,360.5899963378906,275.6854553222656,158.57984924316406
2026-04-06,258.3988342285156,212.7899932861328,299.8109130859375,294.125,572.4894409179688,371.375,177.43319702148438,352.82000732421875,279.76214599609375,161.2246551513672
2026-04-07,253.0484161376953,213.77000427246094,305.27764892578125,296.0662536621094,574.5175170898438,370.78741455078125,177.89266967773438,346.6499938964844,305.982421875,161.757568359375
2026-04-08,258.43878173828125,221.25,317.1305847167969,306.5888366699219,611.8529052734375,372.81915283203125,181.8680419921875,343.25,304.2423400878906,154.16854858398438
2026-04-09,260.02593994140625,233.64999389648438,318.29986572265625,308.938232421875,627.8081665039062,371.56427001953125,183.69590759277344,345.6199951171875,305.16705322265625,153.00404357910156
2026-04-10,260.0159912109375,238.3800048828125,317.0506286621094,308.4803161621094,629.2767333984375,369.3731384277344,188.41041564941406,348.95001220703125,302.6016845703125,150.5072479248047
2026-04-13,258.73828125,239.88999938964844,321.1181945800781,312.2732238769531,633.9425048828125,382.8186340332031,189.08961486816406,352.4200134277344,311.22247314453125,150.63555908203125
2026-04-14,258.368896484375,249.02000427246094,332.7112731933594,309.7247009277344,661.8765258789062,391.5233459472656,196.28123474121094,364.20001220703125,312.40570068359375,147.28021240234375
2026-04-15,265.95538330078125,248.5,336.91876220703125,304.5579833984375,670.9581909179688,409.5602722167969,198.63848876953125,391.95001220703125,312.2664794921875,147.05322265625
2026-04-16,262.9307556152344,249.6999969482422,335.81939697265625,308.5599670410156,676.2432250976562,418.56378173828125,198.1190948486328,388.8999938964844,314.6031494140625,149.98422241210938
2026-04-17,269.7486267089844,250.55999755859375,341.4760437011719,308.8984375,687.9124145507812,421.0835876464844,201.44520568847656,400.6199951171875,322.78643798828125,144.5169677734375
2026-04-20,272.5635681152344,248.27999877929688,337.2185974121094,315.5683898925781,670.2887573242188,416.38262939453125,201.82476806640625,392.5,321.6429748535156,145.7406768798828
2026-04-21,265.69586181640625,249.91000366210938,332.0916442871094,311.5962829589844,668.220703125,422.44805908203125,199.64732360839844,386.4200134277344,344.0450134277344,146.41175842285156
2026-04-22,272.68341064453125,255.36000061035156,339.1174621582031,311.6161804199219,674.09521484375,431.1726989746094,202.26426696777344,387.510009765625,351.5123596191406,147.5367889404297
2026-04-23,272.9429016113281,255.0800018310547,338.6877136230469,310.29217529296875,658.5396728515625,414.07196044921875,199.4075927734375,373.7200012207031,352.54644775390625,148.5532684326172
2026-04-24,270.5771179199219,263.989990234375,344.19439697265625,306.8974609375,674.4049682617188,422.90618896484375,208.0275421142578,376.29998779296875,352.9044189453125,146.9545440673828
2026-04-27,267.1332702636719,261.1199951171875,350.130859375,310.232421875,677.9916381835938,423.1053771972656,216.3578338623047,378.6700134277344,352.67572021484375,146.24400329589844
2026-04-28,270.2277526855469,259.70001220703125,349.5711975097656,310.0532531738281,670.7183837890625,427.5174865722656,212.92184448242188,376.0199890136719,364.6871032714844,148.58287048339844
2026-04-29,269.688720703125,263.0400085449219,349.7311096191406,307.86309814453125,668.5004272460938,422.7467956542969,209.00640869140625,372.79998779296875,368.6345520019531,152.63890075683594
2026-04-30,270.86663818359375,265.05999755859375,384.5702819824219,311.82525634765625,611.3433837890625,406.1341552734375,199.33767700195312,381.6300048828125,368.37603759765625,152.30335998535156
2026-05-01,279.6409606933594,268.260009765625,385.45977783203125,311.06866455078125,608.1863403320312,412.76727294921875,198.21897888183594,390.82000732421875,366.6856994628906,150.74411010742188
2026-05-04,276.33685302734375,272.04998779296875,383.0212097167969,306.270263671875,609.8447875976562,411.9505615234375,198.24893188476562,392.510009765625,368.6445007324219,151.67176818847656
2026-05-05,283.67376708984375,273.54998779296875,388.1981201171875,308.0124206542969,604.3998413085938,409.7196350097656,196.271240234375,389.3699951171875,361.8035583496094,152.8461456298828
2026-05-06,286.9978332519531,274.989990234375,397.8023986816406,313.4877624511719,612.3125,412.2891845703125,207.5880584716797,398.7300109863281,365.1942138671875,146.7374267578125
2026-05-07,286.9279479980469,271.1700134277344,397.7524108886719,304.8964538574219,616.2388305664062,419.07171630859375,211.2537841796875,411.7900085449219,367.6402282714844,144.65513610839844
2026-05-08,292.7974853515625,272.67999267578125,400.56072998046875,300.74517822265625,609.0654907226562,413.44451904296875,214.94947814941406,428.3500061035156,377.8221130371094,142.67153930664062
2026-05-11,292.42779541015625,268.989990234375,388.40802001953125,298.6545715332031,598.3054809570312,410.99444580078125,219.18453979492188,445.0,382.25677490234375,147.7144317626953
2026-05-12,294.54595947265625,265.82000732421875,387.1187744140625,303.5126953125,602.441650390625,406.1241760253906,220.52297973632812,433.45001220703125,394.138916015625,148.65196228027344
2026-05-13,298.6124572753906,270.1300048828125,402.3796691894531,298.9034729003906,616.0590209960938,403.57452392578125,225.56710815429688,445.2699890136719,398.8818054199219,149.57962036132812
2026-05-14,297.9530334472656,267.2200012207031,400.8305969238281,298.56500244140625,617.8573608398438,407.7774963378906,235.465576171875,443.29998779296875,396.82354736328125,150.77371215820312
2026-05-15,299.9713134765625,264.1400146484375,396.54315185546875,296.4743957519531,613.6612548828125,420.2170715332031,225.05770874023438,422.239990234375,391.61334228515625,156.90402221679688
2026-05-18,297.5833435058594,264.8599853515625,396.70306396484375,299.3813171386719,610.64404296875,421.83056640625,222.0612030029297,409.989990234375,388.9087829589844,159.45748901367188
2026-05-19,298.7123718261719,259.3399963378906,387.4285888671875,294.3738708496094,602.052001953125,415.7352600097656,220.35317993164062,404.1099853515625,387.02947998046875,161.50424194335938
2026-05-20,301.98956298828125,265.010009765625,388.6778564453125,300.625732421875,604.499755859375,419.36053466796875,223.20985412597656,417.260009765625,381.12322998046875,155.27456665039062
2026-05-21,304.7271728515625,268.4599914550781,387.4285888671875,301.6411437988281,606.8175659179688,418.3025207519531,219.25445556640625,417.8500061035156,380.3078918457031,154.2909393310547
2026-05-22,308.55389404296875,266.32000732421875,382.74139404296875,305.0059814453125,609.6949462890625,417.7835388183594,215.07933044433594,426.010009765625,386.2638854980469,153.92332458496094
2026-05-26,308.0643005371094,265.2900085449219,388.6478576660156,305.3643493652344,611.7730102539062,415.248291015625,214.60987854003906,433.5899963378906,374.71978759765625,148.84619140625
2026-05-27,310.5821533203125,271.8500061035156,388.5978698730469,297.93780517578125,634.6718139648438,411.8946228027344,212.35250854492188,440.3599853515625,381.8292236328125,146.948486328125
2026-05-28,312.24072265625,274.0,389.8971252441406,295.3992614746094,634.7017211914062,426.18768310546875,214.00057983398438,442.1000061035156,380.35760498046875,146.01454162597656
2026-05-29,311.7911071777344,270.6400146484375,380.1129455566406,297.9676818847656,631.92431640625,449.3940124511719,210.8942108154297,435.7900085449219,378.15020751953125,144.32546997070312
2026-06-01,306.0460510253906,261.260009765625,376.14532470703125,295.2499084472656,599.9139404296875,459.6546936035156,224.09881591796875,415.8800048828125,377.7027587890625,148.41897583007812
2026-06-02,314.92840576171875,256.5199890136719,361.6340026855469,299.6102600097656,597.0765991210938,440.48077392578125,222.56060791015625,423.739990234375,375.7738037109375,148.59780883789062
2026-06-03,309.9926452636719,250.02000427246094,358.77569580078125,299.50079345703125,622.4031372070312,426.53704833984375,214.5,423.70001220703125,374.8590087890625,151.5487060546875
2026-06-04,310.9618225097656,253.7899932861328,371.96783447265625,309.4957580566406,626.9888916015625,427.2456970214844,218.66000366210938,418.45001220703125,394.21844482421875,151.0618438720703
2026-06-05,307.0751647949219,246.02999877929688,368.30999755859375,310.9691162109375,592.450927734375,415.8870849609375,205.10000610351562,391.0,397.201416015625,148.9554901123047
2026-06-08,301.2801818847656,245.22000122070312,363.30999755859375,309.7147521972656,584.8479614257812,410.9663391113281,208.63999938964844,408.95001220703125,404.2610778808594,150.77371215820312
2026-06-09,290.29962158203125,244.19000244140625,364.260009765625,311.2976379394531,584.0487060546875,402.6520080566406,208.19000244140625,396.67999267578125,410.6545715332031,147.95199584960938
2026-06-10,291.3287353515625,238.0,356.3800048828125,307.75360107421875,570.4512939453125,396.61334228515625,200.4199981689453,381.5899963378906,405.1460266113281,149.65098571777344
2026-06-11,295.375244140625,241.50999450683594,357.7699890136719,312.0840759277344,567.9036254882812,389.6065673828125,204.8699951171875,399.1499938964844,403.2468566894531,145.6568603515625
2026-06-12,290.879150390625,238.5500030517578,359.67999267578125,319.28167724609375,566.4549560546875,390.00579833984375,205.19000244140625,406.42999267578125,406.20001220703125,146.064208984375
2026-06-15,296.1645812988281,246.02000427246094,369.3500061035156,317.96759033203125,593.47998046875,399.0088806152344,212.4499969482422,411.1499938964844,411.0400085449219,140.01339721679688
2026-06-16,298.9821472167969,246.0,373.25,329.6549377441406,600.2100219726562,393.0899963378906,207.41000366210938,404.6600036621094,407.6499938964844,140.9473419189453
2026-06-17,295.6949768066406,237.5,363.7900085449219,331.9645080566406,567.5800170898438,378.1980285644531,204.64999389648438,396.3800048828125,399.5299987792969,139.8345489501953
2026-06-18,297.7532043457031,244.38999938964844,368.0299987792969,323.761474609375,577.219970703125,378.6871032714844,210.69000244140625,400.489990234375,400.9599914550781,136.92340087890625
2026-06-22,296.75408935546875,232.7899932861328,349.67999267578125,329.993408203125,563.8499755859375,366.6497802734375,208.64999389648438,405.04998779296875,406.67999267578125,137.57916259765625
2026-06-23,294.04638671875,234.11000061035156,346.1300048828125,332.6414794921875,562.2000122070312,373.23736572265625,200.0399932861328,381.6099853515625,409.25,138.83103942871094
2026-06-24,292.8274230957031,234.27000427246094,345.2900085449219,331.95458984375,557.6699829101562,364.7733154296875,199.0,375.5299987792969,405.79998779296875,136.01925659179688
2026-06-25,274.91290283203125,227.00999450683594,343.7099914550781,333.6170654296875,542.8699951171875,352.1670227050781,195.74000549316406,375.1199951171875,415.5299987792969,136.66506958007812
2026-06-26,283.53546142578125,232.69000244140625,337.3900146484375,327.57427978515625,550.25,372.2691955566406,192.52999877929688,379.7099914550781,427.8900146484375,135.66156005859375
2026-06-29,281.4972229003906,240.13999938964844,353.6499938964844,327.91278076171875,562.5999755859375,367.8774719238281,194.97000122070312,411.8399963378906,419.82000732421875,135.18466186523438
2026-06-30,289.11065673828125,238.33999633789062,357.3699951171875,325.86199951171875,563.2899780273438,372.319091796875,200.08999633789062,420.6000061035156,415.6300048828125,135.8404083251953
2026-07-01,294.1263427734375,241.6999969482422,361.2099914550781,332.5718078613281,612.9099731445312,383.5579528808594,197.5800018310547,425.29998779296875,426.5400085449219,135.4032440185547
2026-07-02,308.3640441894531,242.6699981689453,359.9100036621094,332.9700012207031,582.9000244140625,389.7562561035156,194.8300018310547,393.45001220703125,425.3599853515625,136.20802307128906
2026-07-06,312.3905944824219,244.16000366210938,366.4599914550781,337.7200012207031,600.2899780273438,386.0133056640625,195.5500030517578,419.7699890136719,417.989990234375,135.5622100830078
2026-07-07,310.3923034667969,245.97999572753906,367.0299987792969,339.2200012207031,615.5800170898438,388.109375,196.92999267578125,402.8999938964844,428.19000244140625,140.7784423828125
2026-07-08,313.1199645996094,243.6199951171875,361.9200134277344,330.6199951171875,603.1199951171875,382.6197204589844,204.1199951171875,394.05999755859375,425.6000061035156,140.2220458984375
2026-07-09,315.947509765625,247.0399932861328,358.8900146484375,335.4700012207031,631.47998046875,383.6377868652344,202.77999877929688,406.54998779296875,431.67999267578125,136.57565307617188
2026-07-10,315.0483093261719,245.33999633789062,357.17999267578125,336.4700012207031,669.2100219726562,384.37640380859375,210.9600067138672,407.760009765625,424.6199951171875,137.9865264892578
2026-07-13,317.03656005859375,247.30999755859375,352.510009765625,334.5299987792969,656.72998046875,390.2553405761719,203.52999877929688,394.760009765625,429.0899963378906,143.58029174804688
2026-07-14,314.58868408203125,247.49000549316406,359.510009765625,342.8900146484375,661.0399780273438,384.20672607421875,211.8000030517578,396.17999267578125,425.19000244140625,144.15655517578125
2026-07-15,327.2178039550781,254.9600067138672,370.9200134277344,346.9100036621094,681.3099975585938,394.8866271972656,212.5,394.4599914550781,418.5199890136719,143.58029174804688
2026-07-16,332.97283935546875,249.88999938964844,354.4599914550781,343.1499938964844,664.5399780273438,400.3463439941406,207.39999389648438,391.05999755859375,423.3800048828125,145.0110321044922
2026-07-17,333.452392578125,247.22999572753906,346.7699890136719,341.1000061035156,646.010009765625,393.08001708984375,202.80999755859375,380.8399963378906,426.0899963378906,146.41195678710938
2026-07-20,326.3085632324219,249.99000549316406,351.989990234375,338.8699951171875,645.8499755859375,401.53411865234375,203.27999877929688,369.57000732421875,421.54998779296875,147.40553283691406
2026-07-21,327.45758056640625,247.5500030517578,347.1499938964844,345.2300109863281,643.8099975585938,397.00262451171875,207.2899932861328,378.92999267578125,436.3500061035156,150.73397827148438
2026-07-22,325.60919189453125,244.85000610351562,342.0899963378906,348.2099914550781,627.1699829101562,389.6065673828125,212.05999755859375,374.010009765625,431.30999755859375,153.4563446044922
2026-07-23,321.3828430175781,233.66000366210938,317.69000244140625,349.8999938964844,606.0999755859375,380.8630065917969,208.75999450683594,319.69000244140625,423.55999755859375,155.88064575195312
2026-07-24,332.7330322265625,232.11000061035156,319.739990234375,353.2099914550781,595.1900024414062,380.9828186035156,206.83999633789062,313.0299987792969,420.739990234375,155.93032836914062
2026-07-27,336.61968994140625,231.38999938964844,326.55999755859375,356.20001220703125,593.8699951171875,388.368896484375,196.50999450683594,309.2200012207031,417.6400146484375,153.7742919921875
2026-07-28,339.78692626953125,230.86000061035156,333.7099914550781,357.30999755859375,593.4099731445312,392.61090087890625,197.00999450683594,307.44000244140625,428.7900085449219,152.055419921875
2026-07-29,337.8985900878906,226.64999389648438,336.7099914550781,344.7099914550781,585.6099853515625,389.8061828613281,190.00999450683594,298.32000732421875,420.57000732421875,155.74154663085938
2026-07-30,333.1426696777344,235.5,333.6600036621094,350.8500061035156,539.030029296875,450.2524108886719,195.0399932861328,308.8500061035156,421.4700012207031,155.96014404296875
2026-07-31,308.6438293457031,271.5799865722656,356.1300048828125,351.7900085449219,556.7100219726562,463.8468017578125,200.75,311.2099914550781,414.3999938964844,154.4399871826172
