Date,AAPL,AMZN,GOOGL,JPM,META,MSFT,NVDA,TSLA,UNH,XOM
2020-01-03,-0.0097220709114203,-0.012139034655920922,-0.005231166731264225,-0.013196483879833187,-0.0052912060069580935,-0.012451663150115255,-0.01600607531733622,0.02963325829792085,-0.01011934525697522,-0.008039259052460168
2020-01-06,0.007968398029951196,0.01488557393050649,0.0266540576036991,-0.0007951156488333888,0.01883360795246447,0.0025847425657170575,0.004193937130595904,0.01925463704513497,0.006941716955219723,0.007678083801518909
2020-01-07,-0.004703434957479491,0.0020916204156393725,-0.0019315713402785484,-0.017000466423389704,0.002163605751833275,-0.009117801964774519,0.012106556926702705,0.03880052465815398,-0.006036662437801321,-0.008184339965024767
2020-01-08,0.01608646177004114,-0.007808640261289357,0.007117798988439672,0.007800876327572093,0.01013802718178436,0.015928452970262796,0.0018756728169750936,0.04920482578812169,0.021084262544572407,-0.015080238154449255
2020-01-09,0.021240917239346846,0.0047991747864684076,0.010497813170151193,0.0036514000102816357,0.01431102766975112,0.012492784503710164,0.010982319283891373,-0.021945011900097344,-0.00567772013283474,0.007655863901165905
2020-01-10,0.002260620826937121,-0.009410596802031268,0.006458668231458242,-0.009967888106718448,-0.0010994946400253447,-0.004627289524028799,0.005349459248625621,-0.006627297633174267,0.0030931329688952403,-0.008887723135503567
2020-01-13,0.02136431696029706,0.004322578245699482,0.007746924812028544,0.008304278880082006,0.01765574924343749,0.012024814053478217,0.031352438551786266,0.09768895885093332,-0.031443920142505744,0.009545942548706776
2020-01-14,-0.013503238438439147,-0.011558211718052602,-0.006555394645511914,0.011661967196898715,-0.012843066223794386,-0.0070434253604516606,-0.018652373583089243,0.024882822120200876,0.008361024128355155,-0.00859625277418763
2020-01-15,-0.004285793090244905,-0.003969126548924895,0.006018544274355442,-0.014985688948752074,0.009540631548266454,0.0064760287087115564,-0.0069151744036539675,-0.03610201351305786,0.028344623706683558,-0.001589623612255453
2020-01-16,0.012526647539199853,0.00854991102959346,0.007615432682835266,0.0038763748291230637,0.0028036936284860925,0.018323583808073973,0.013682474787280574,-0.009662477636014799,0.014608019019365814,-0.003907833034215269
2020-01-17,0.011071179960635114,-0.00703966144232826,0.020245876988896017,0.0069219777751661216,0.001668309341033014,0.005596910336536753,0.0014061548092605403,-0.005822894156913949,-0.007548002247921182,-0.0037778617302606232
2020-01-21,-0.006777044237408436,0.014629525206926841,0.0018450810324879274,-0.0098407331110838,-0.003151107069317316,-0.0035904939885986753,-0.005375637471545902,0.07189030619278935,0.006901789661006186,-0.01429393199662643
2020-01-22,0.0035695903354242553,-0.0023995494624704516,0.0010930870887668753,-0.0011693837707511534,-0.0005418477083317663,-0.004804964650950927,0.008752228035739495,0.04086264444061727,0.0001994125897555321,-0.005771301654393657
2020-01-23,0.004815978157239664,-0.0015259112256781338,0.0005524307054782795,-0.0010244004297251808,-0.007048743212451414,0.006155547727894506,0.01099499484268085,0.004635122144013071,-0.0037591480868094385,-0.006250749397440414
2020-01-24,-0.002882034438012271,-0.012172426638861644,-0.012473893267934022,-0.02482801738628948,-0.008281677331741566,-0.010076551213358265,-0.009412300547893993,-0.012897603180825445,-0.022206258278511526,-0.006739588529979246
2020-01-27,-0.02940517876990023,-0.01788746376771211,-0.02348975319600366,-0.00841158649897411,-0.01408650951062751,-0.016723423670257476,-0.04104100478188222,-0.012039272835579595,-0.02978048812593137,-0.02382396683932042
2020-01-28,0.028289165870365673,0.01362436592451366,0.013110025293220362,0.018177731775270267,0.013589593683334344,0.01959618893176529,0.03234778958807549,0.015913383222044608,0.006265356929100463,-0.0013898975524319068
2020-01-29,0.02093254034591774,0.0025630978623367717,0.004274473952941671,-0.0014876824013684287,0.024978238492551652,0.015592304865270634,-0.009799425799241979,0.024854513769903885,-0.010389235705166144,-0.00835274187018431
2020-01-30,-0.001449351868144766,0.006824489189870775,-0.001681968465310546,0.012366938072245981,-0.061371653458715314,0.028207856807863863,0.0010994876999794734,0.10296225866535558,-0.006786527932734043,0.010606780772587587
2020-01-31,-0.044338510837554246,0.07379135586484753,-0.014763720139907566,-0.025976930416800048,-0.03636709715724584,-0.014758654799637672,-0.03815957774975243,0.015230690473505337,-0.030358104028324395,-0.041210129516507044
2020-02-03,-0.0027464548860722804,-0.0022501685803328897,0.034771711260880744,0.007630751516003009,0.011292056946669682,0.02437881324210367,0.016495529379464635,0.19894859376394902,0.005762280243974516,-0.022376222120037537
2020-02-04,0.03301370897285172,0.022687342140775613,-0.025084394424319534,0.014395937178965701,0.027621453106430716,0.03291642966838548,0.028294186105259467,0.13725640223576474,0.024888894089228453,-0.012514384337649953
2020-02-05,0.008154432134685585,-0.004781236737139594,0.0004429471974776167,0.01700036430932661,0.0013343151615878845,-0.0012212963483401174,0.014688831219475285,-0.1717583947927872,0.053019680000728764,0.04602304958899661
2020-02-06,0.011696888181512932,0.0050787328892443195,0.02069060226496089,0.0001456482236059653,0.003522003566179821,0.020733756548154902,0.01391762151107101,0.01940931694254422,-0.011057701845272438,-0.013549988243093614
2020-02-07,-0.013592493125074268,0.014169136390608683,0.0021273693149426176,-0.003197597398201024,0.007019139177933953,0.0014159292347155628,-0.01046212266616453,-0.001188323805631053,-0.011078476057009512,-0.006625866327307328
2020-02-10,0.004749431228627143,0.026273579599096486,0.019978466522936777,0.004155582017256743,0.0034380581180797343,0.02615690590475772,0.045232486816578765,0.031026496329857656,-0.007572092676583653,-0.010561076697717109
2020-02-11,-0.006033265148285283,0.007915025985726132,0.0009278330949380464,0.001887544400169583,-0.027550890438635123,-0.022575492330479396,0.018709155988291037,0.004019260937028868,0.013099684756713081,0.00950651610808495
2020-02-12,0.023747684489421772,0.004277469597884664,0.005675301322300097,0.0,0.017230573508480784,0.0014639001948886232,0.017358009007381492,-0.009155657933695438,0.043640106069881446,0.012225461552999306
2020-02-13,-0.0071212623475059855,-0.00468981707537619,-0.003450475204404113,-0.0008696493621629386,0.011292473215816168,-0.005413985495870355,-0.006457666708215792,0.047843652551780025,-0.004217988486259205,-0.005549344395127442
2020-02-14,0.0002464356409614954,-0.006977166077050345,0.003528539731393998,-0.0030459944170038167,0.004879340974454083,0.008927025342258421,0.07020426425523585,-0.004937755668348531,-0.011317134395203543,-0.004595731668564973
2020-02-18,-0.018310300214319897,0.009742990607446878,0.0004675811105745442,-0.013240120973942449,0.0169017364138071,0.010143156650028962,0.02339649553316714,0.0729597130158357,0.011245526607920997,-0.012695588588619966
2020-02-19,0.014482600650876698,0.006749650094826309,0.0035737584370698627,0.013638885386879851,-0.0014233732589297166,0.0029992277778834175,0.061132255256792334,0.06875580895325561,0.010491892259246294,0.007682021511725479
2020-02-20,-0.010258808718477286,-0.007888626914309249,-0.005167807356579179,0.0,-0.013379812483889864,-0.01527123241709094,-0.019065692037180892,-0.019631105097986157,-0.010415577404844334,-0.007954832290561153
2020-02-21,-0.02263519165297745,-0.026533823330561868,-0.02210309847463532,-0.01221886740663225,-0.020505228797834896,-0.031612741122668986,-0.0473923409744631,0.0017678087791648256,-0.0023166059780627135,-0.01219515602658472
2020-02-24,-0.04750031702310509,-0.04135555023463999,-0.042872695246941483,-0.026875900731272773,-0.04500906627576107,-0.0431154245430625,-0.07069766974634906,-0.07459490327646512,-0.07842646130601927,-0.04684570471964611
2020-02-25,-0.03387235091638008,-0.018190498951138112,-0.023621962727876755,-0.04464299810613992,-0.01967917637247285,-0.01650164050900138,-0.04109324523214164,-0.040633739641448896,-0.05183756445775678,-0.03832523870650728
2020-02-26,0.015863775127635815,0.003472315416060967,0.0029934930003587823,0.0030096786373385864,0.0021852014130041564,0.012494711221920918,0.02137022006913436,-0.026390470576789893,-0.0014805720086938923,-0.021955933087178803
2020-02-27,-0.06536836496131038,-0.048136265467272676,-0.0543124814627548,-0.04161414327419166,-0.03777875522150742,-0.07045904918389534,-0.05566592489867883,-0.1281458395846271,-0.034524953205545716,-0.06017706290290947
2020-02-28,-0.0005849391694487949,-0.0002918467224900523,0.01847969904637292,-0.043338330816652726,0.01433471856229529,0.024212922239004175,0.069160588581054,-0.016215047800994142,0.004095911342456571,0.03251696875218424
2020-03-02,0.09310095643424932,0.03726611425327642,0.03514657750564787,0.04659376781888347,0.020626666328639187,0.06653883417243112,0.023549792461167396,0.11322034293215233,0.07118762589271665,0.04743407068253824
2020-03-03,-0.03175934807257619,-0.023009811402324054,-0.03505689224613362,-0.03752488191355874,-0.05370611178260165,-0.04791906652791067,-0.038129370474180524,0.0025416095259802596,-0.04287644118706613,-0.04788417618792551
2020-03-04,0.046384453339595844,0.03501322901563819,0.03280214899560141,0.024709415063630225,0.0315779397516005,0.0367146925241193,0.07002914702730756,0.0053520173720666975,0.10719187084366255,0.021832073905242
2020-03-05,-0.03243715738285169,-0.026216794314283476,-0.04837874010905119,-0.04906115537705358,-0.03436605830281558,-0.02509520863057213,-0.03943625225423364,-0.033302230445070524,-0.022320506267591744,-0.044066907720517245
2020-03-06,-0.013280147519039165,-0.011922924014239333,-0.014466531291013274,-0.05168037103154022,-0.022033704856687097,-0.02826703004993092,-0.026528491215999872,-0.029066704869448956,0.003216280019537665,-0.048294015500564
2020-03-09,-0.07909199404424794,-0.05285383245165354,-0.061702125131799734,-0.13545522587440229,-0.0640014796929399,-0.0677726761084152,-0.07743190240900566,-0.13572525720249962,-0.03674232531772059,-0.12224778364535605
2020-03-10,0.07202177715141289,0.05065506668458686,0.04884055569859869,0.07769700635486365,0.05126860631525654,0.06838404088614336,0.06372219898104725,0.061398023823663106,0.023990541197365323,0.03702831019687003
2020-03-11,-0.03473077351150655,-0.03750889642974897,-0.05040114676135765,-0.0470704162595067,-0.044615319893751004,-0.04530188578450778,-0.05595993180005843,-0.017200452670558586,-0.0079286308712887,-0.03294186259663201
2020-03-12,-0.09875445524428261,-0.07922082514747941,-0.08204636051545355,-0.08243023647046932,-0.09263393210338733,-0.09483849449589254,-0.12236804013230795,-0.11617242301113506,-0.09853095523365807,-0.1143400193599271
2020-03-13,0.11980841887078708,0.06464833687376514,0.09241171161451778,0.18012493713836863,0.10235001301914526,0.14216875211378555,0.11340259360896354,-0.0248505535904755,0.09108391962020157,0.025282245636076395
2020-03-16,-0.1286469851513552,-0.053697516604298,-0.1163416487093043,-0.149648794034977,-0.14252988024399205,-0.14739026093988805,-0.1845211628625587,-0.18577806455584012,-0.17276861396614784,-0.09522541012487429
2020-03-17,0.043969993295218446,0.07026613247879654,0.04199437993695021,0.06111368240614068,0.023354418596413407,0.08233653335969415,0.10626305349834486,-0.03341046380880208,0.08522911200093808,0.0672659338175643
2020-03-18,-0.024479947860308715,0.012257741060410998,-0.024032702567398534,-0.10526885632291783,-0.01646374912500015,-0.04209612520613237,-0.06650729266637545,-0.1603440409986845,-0.11121119754159603,-0.10024490731105429
2020-03-19,-0.007661877175937359,0.027830613766863133,0.018768493765525918,0.016807646876448645,0.0419844126037765,0.016453317400824563,0.05004438669049582,0.1838768421567878,0.01262343661170573,0.03955338353194171
2020-03-20,-0.0634858012316517,-0.018522798541689034,-0.03909432324575557,-0.0211018022049827,-0.022203384582970442,-0.03755859895934577,-0.03390143579131,-0.0002571736151377735,-0.06010028018531921,-0.04908506548495517
2020-03-23,-0.02124410331594151,0.030735291504301987,-0.013180906056780795,-0.0535331894149359,-0.010886285330387713,-0.009974928225866986,0.03373007831196717,0.015811747064244486,-0.056778978857387696,-0.03940134117930083
2020-03-24,0.10032534554968109,0.019586561347294085,0.07198347690375084,0.11894237021978271,0.08696829803507611,0.09089592521887968,0.1715644857073686,0.16281749323562988,0.12798937467549654,0.12686799222146505
2020-03-25,-0.005508684462933178,-0.027967604900146936,-0.025123754468845183,0.03731772162702929,-0.02963106179326036,-0.009572323503218128,-0.014286772687291172,0.06782176450892674,0.06683339600104543,0.05220091376966485
2020-03-26,0.05262286563014151,0.03693312450375408,0.05564536988684243,0.06966094317840965,0.04564368220328596,0.06255073793193322,0.04730862137016856,-0.020565621439638027,0.08912971376679879,0.04102955657994256
2020-03-27,-0.04140219807926626,-0.028325389436650084,-0.04528246464343744,-0.07123941150533752,-0.040100495077729614,-0.04106093302240921,-0.01753202730773129,-0.026128393930185068,-0.05066778086484314,-0.048170743609292965
2020-03-30,0.028538072937773773,0.03360354691971379,0.032469767572452346,0.026006657208891948,0.058422197656770036,0.0703408977048312,0.050884389532206864,-0.02377714859552571,0.03641973752221994,0.014885192234002309
2020-03-31,-0.0020407650246428988,-0.007245622950859176,0.013643858078252968,-0.0371119584863947,0.005122054721141911,-0.01572743448596725,-0.007492905678474382,0.04355446239344318,-0.00756107016913965,0.012533046435310169
2020-04-01,-0.052617090581329906,-0.02155179126735396,-0.051508305052758496,-0.06297952086128922,-0.0431655021489914,-0.035507990852403304,-0.07788298247498537,-0.08099239055277141,-0.04835983338015837,-0.011588142042190164
2020-04-02,0.01668670529611993,0.005834205106051371,0.013546899778950072,0.03734034448984436,-0.008834552057415457,0.020708829449126664,0.05101392645442715,-0.05625466454987249,0.013146695770559713,0.07647229663358424
2020-04-03,-0.01437142808067604,-0.0063788821910731874,-0.02178095359501664,-0.029557815601087056,-0.025349393050993152,-0.009210915185887125,-0.04524969863750539,0.05619734693587186,-0.045541435933820096,-0.029455479175791055
2020-04-06,0.08723743535383588,0.04772922477644714,0.08281329961106221,0.0643665960880404,0.07374500568069497,0.07436795541751673,0.10040548166568941,0.0754775752334993,0.0821387401584941,0.03213451863985517
2020-04-07,-0.011582157508327584,0.007013456003121421,-0.0005325916559208999,0.01319002836184291,0.01981285421771628,-0.010770135646014478,-0.034910471420072864,0.05658223700690801,-0.0012083029992595584,0.01902656377343903
2020-04-08,0.02559453385671806,0.015609461784076739,0.020667132479790906,0.04037964327661547,0.03228099312498789,0.010031295265697127,0.030575765189728044,0.006214994497730331,0.07978573519549426,0.06328819270717534
2020-04-09,0.007215927754412377,-0.00011748445832981957,-0.00035634707516407627,0.08971388582092388,0.005221428932287608,6.0751911365564126e-05,-0.014984294411912957,0.04402015748241661,-0.013814638228804799,-0.01641976983934157
2020-04-13,0.019627776778434303,0.0617350661426328,0.0031826860247159416,-0.0444725128695409,-0.0022832177607736703,0.002240261557227008,0.026240704142013627,0.13603839302984921,-0.0023473577759762776,-0.008578916702881245
2020-04-14,0.05050310128391211,0.052769449861283624,0.045290482221268746,-0.027396162986348727,0.01933745592374314,0.0494835226270014,0.05225141639286024,0.09054457315006381,0.026526359908024322,-0.007717036426635571
2020-04-15,-0.009127372740595385,0.010668695718768717,-0.006267723559737037,-0.049319364137530464,-0.006735175232138069,-0.010477991204411397,-0.010952720386795511,0.028088878270565276,0.0413308303254174,-0.04595806690657589
2020-04-16,0.007945874326426239,0.043554542393708484,0.0001032762002293186,-0.038109674691164885,-0.004068385477045022,0.03002109812335174,0.04935197557599991,0.021073401625000487,0.05946478600006433,-0.03285616908662825
2020-04-17,-0.013568622232843719,-0.013782136130354505,0.017154137737370734,0.08988868358510582,0.016964551618010804,0.0088112176195565,-0.008075845528914383,0.011647723586206471,-0.02637127980652787,0.10395952056246993
2020-04-20,-0.020756489087273566,0.007835757606907912,-0.013956267297290825,-0.03645711634704174,-0.005579240248781869,-0.019820523226485642,-0.01802836265298524,-0.009988248360573104,-0.028978674606372268,-0.047200355004160754
2020-04-21,-0.030910827710457056,-0.02736033095931456,-0.03884550465380954,-0.02900452853714619,-0.041741447132635834,-0.04135769182329274,-0.061104184410562756,-0.07990777996173748,-0.028177546111795015,-0.005342512052083914
2020-04-22,0.02880351937197445,0.015192527091639096,0.038155103973247284,0.0032563782040746503,0.0672131225843442,0.03396532540981423,0.06174135851303819,0.06609682849410836,0.010321277052191213,0.028564421237866844
2020-04-23,-0.0038751843505104855,0.015214823484082762,0.010139725598572902,0.0005596776240806012,0.015635145374762516,-0.01210227581678025,-0.0074786403519644384,-0.03616946277907396,0.029997744825434935,0.03133153709116554
2020-04-24,0.028869810801684492,0.004488511186874211,0.004271683089277056,0.014766862797485736,0.026684241478446058,0.01825936890309987,0.01964707105288732,0.02766324531628772,0.020888219483181647,0.006444251867082196
2020-04-27,0.000706476071644202,-0.01419786171076054,-0.004496254367422625,0.04310470260294075,-0.013521386550722325,-0.0028645167037054664,0.025864445855073415,0.10149622245552825,0.009234958622936329,0.004802010235464449
2020-04-28,-0.016209328529559808,-0.0260606110425593,-0.030113602983706023,0.007080647492233805,-0.02448002763641044,-0.02436102465866863,-0.01925402486833283,-0.037095477323576875,-0.0191168577555324,0.023441403872710875
2020-04-29,0.0328450448795341,0.02533616474965794,0.08891041753726969,0.026970256086320754,0.061669685024791976,0.04487369934334606,0.02436854215703188,0.040812876924676944,-0.0024624580555933084,0.05537010104033868
2020-04-30,0.02109629774255173,0.042689574239964,0.0033675509665953562,-0.021459269995253827,0.05417381948818978,0.0100321953076552,-0.02070630047846811,-0.023272674923369818,0.016756367775135006,-0.020859553639042905
2020-05-01,-0.016099376132217902,-0.07597409237648922,-0.02181613047772335,-0.026211092908963285,-0.011919538248071015,-0.02589155265257692,-0.03250328572082595,-0.1030337133662409,-0.027216462499120353,-0.07165927737130506
2020-05-04,0.014148913866071311,0.013101236487597756,0.004235911079055299,-0.011903496447476236,0.014782387674202813,0.024460126966341145,0.030094327598924053,0.08536758793631605,0.0106503408750096,0.04033372030275961
2020-05-05,0.015009137939182793,0.0007815221854263754,0.019744443424300373,-0.0015192607297362937,0.008818042449620034,0.01073608068392895,0.00841060129586535,0.009222447764407393,0.019127487329858583,-0.0011139800086665819
2020-05-06,0.010316721763594883,0.014436139090531874,-0.0026612327506563282,-0.018804608770663034,0.006761169711945847,0.00984728908003163,0.013787957509870052,0.018705825945557253,-0.014571473174431304,-0.018737295606166438
2020-05-07,0.010345315941274968,0.006953694859791026,0.01772683955248522,0.010413217567259325,0.013383015736124548,0.00580677556697573,0.023774898617160867,-0.003245695176505081,-0.01305527032181153,0.005682703271198131
2020-05-08,0.023801160351998307,0.005068389389295991,0.0109982841741314,0.016335935287445258,0.005159636218469155,0.005882532250752082,0.025027281005867597,0.05048456274844226,0.00701735403282755,0.0438519258540877
2020-05-11,0.015735867634762757,0.012350743942999287,0.013905547518145323,-0.029449960182469037,0.00390854214350056,0.011154712323840688,0.03238405706638514,-0.0099216488475673,0.005888537634065161,-0.009527807731671611
2020-05-12,-0.01142836656375601,-0.021606420523622827,-0.020240700578807114,-0.03267748371619528,-0.014447759081747225,-0.0226524378868469,-0.03260805751626905,-0.002317270311292141,-0.003429008247477716,-0.016714989281853776
2020-05-13,-0.012074283302161315,0.004654320575239401,-0.019524986037989467,-0.03447083402583673,-0.02379829870543093,-0.015122284485375448,-0.002883818638034663,-0.02279437261341355,-0.03371578685554666,-0.0496373951775001
2020-05-14,0.006143431640749375,0.008838926123896362,0.006326474248776748,0.04153269528550374,0.008337471098187832,0.004339412746327209,0.032197839477253964,0.01563919280204029,0.04535954276588905,0.008824382840448841
2020-05-15,-0.005912081595714769,0.008761547889003296,0.011939309935455,-0.018510172741846853,0.01967992892866932,0.014568324949067346,0.057312733593441134,-0.005178425650618879,0.0012045178241641974,-0.007092306954499583
2020-05-18,0.02356106849216477,0.006838841203809398,0.008827055105525172,0.05296879893001494,0.010954073766529904,0.009554294928591833,0.030562761766067315,0.018093785504579962,0.008248496776915193,0.07952360489109389
2020-05-19,-0.0057782932645839,0.009508426590011165,-0.007782396516253121,-0.019679569219816395,0.017308452652260664,-0.006922171472482419,0.006313734906605806,-0.006907343337870575,-0.014692301681248687,-0.030877708277748495
2020-05-20,0.019448039515639115,0.019846275173532213,0.02529104453455444,0.02999893982724755,0.060355856660864404,0.013870666223759986,0.018682050168372655,0.00934395713390801,-0.003667013119705853,0.032544301363901296
2020-05-21,-0.007455446186392822,-0.02049693045417056,-0.0017101996503785521,-0.012701028341396747,0.00617485206773849,-0.012011365537306085,-0.021711168105190692,0.01476284478490908,-0.003749732894769764,-0.01785287082978304
2020-05-22,0.006438170120020903,-0.004029821100215103,0.004613357463417289,-0.00776296210146632,0.015212440248934866,0.0004361372792505147,0.028602677994064907,-0.012953077701596039,0.010560478938997031,0.0008975606969283678
2020-05-26,-0.00677329594759668,-0.0061636144559754635,0.005752578453782853,0.0709732425582954,-0.011536561023630987,-0.010571411543221387,-0.034177865927870976,0.0024360442933191173,0.01707288389595596,0.02937198554488507
2020-05-27,0.004357084954192736,-0.004736042347035618,-0.0007666884431166698,0.05792107114518874,-0.013178135320898843,0.001321814888514794,-0.022081332858049807,0.0016608447192643094,0.030112828814357062,0.007188109663183839
2020-05-28,0.00043970886394162356,-0.003854151605534595,-0.0014363541317454764,-0.014895886541205439,-0.0160599804046635,-0.0022554070941245286,-0.0044863479068244505,-0.017580381620416863,0.0006582855998011894,-0.02595174126667721
2020-05-29,-0.0009736945846304801,0.017187950901155657,0.010773932378402629,-0.025535843067822084,-0.0016412096764668593,0.010198563614808531,0.045775492557649455,0.03622440280883765,0.002894864035241529,0.009547276821020079
2020-06-01,0.012298388777122415,0.011738616181262485,0.0009416735823672973,0.013256638053257275,0.03029894377957487,-0.0022916625524697087,-0.00780236766640785,0.07556883131087,0.003543018661257502,0.01781382335371484
2020-06-02,0.004629156797359313,0.0005543957444538172,0.0051852216622985114,0.003346926227754121,0.003492929977854997,0.01137642716671805,0.0021576639192724123,-0.018416628784101885,0.0012421116364069729,0.02225602111216607
2020-06-03,0.005504922810199542,0.002422733405640143,-0.0021217293519092406,0.053977533910551934,-0.011000562016507565,0.0024338320133150404,-0.006317316446028398,0.0015880436011630472,-0.0031343009540941713,0.0407947025992319
2020-06-04,-0.008612325891731332,-0.0071820481181339435,-0.01733550888215407,0.0208115352645859,-0.016814225460456078,-0.013163591899322702,0.00011433055959675364,-0.021042854169221026,-0.02380878497273986,-0.0028430855293550827
2020-06-05,0.028481123229111338,0.009103493113018724,0.018185778198552383,0.0450017680434911,0.019797573560081938,0.02339821822990662,0.017509920266283174,0.024618805538279664,0.04619579366434845,0.08105886592928191
2020-06-08,0.0059122214776328175,0.016536458949464095,0.005569377382777407,0.01995874529116093,0.002729973121157414,0.006196372956698282,-0.012892781453745616,0.0725560681818036,-0.007599789988607553,0.03127353781820452
2020-06-09,0.031578265233625835,0.030427139202305886,0.0027899960293267245,-0.025650260797595026,0.03141751253258085,0.0076451686750453884,0.027370973903871,-0.009737634144336038,-0.0008726402800525168,-0.022287016744805266
2020-06-10,0.02572730518310662,0.017913292558120908,0.008691034569178413,-0.04052819331566049,-0.00812843749018477,0.03709154720292096,0.03545788461375521,0.08970205725269786,-0.011189590167544505,-0.053625024212349603
2020-06-11,-0.048010132976088804,-0.03380230045218746,-0.042875705133399555,-0.08344352651595066,-0.05195794888487326,-0.0536983998271674,-0.06090700296283047,-0.0509341048991272,-0.07201952604238748,-0.08825258851851803
2020-06-12,0.008633454862990941,-0.005058743377937103,0.007860881061719116,0.027363870594955042,0.018491301255187942,0.007891898314205337,0.015489804114080297,-0.03860863311078977,0.005004624823707671,0.021437599316184608
2020-06-15,0.012367072822244696,0.01086830941079775,0.005534668790946329,0.013817823516137917,0.0171494403902972,0.006391697783586503,0.027007946504313596,0.059468762792361796,0.003962753074819858,-0.0006358176354435141
2020-06-16,0.026502237867216838,0.0165547312399128,0.01811027393059761,0.007999650257500601,0.013548364458756623,0.02450505437442807,-0.01147297864651975,-0.008850490655781473,0.023473878204462784,0.022486002216019152
2020-06-17,-0.0013917488547841028,0.009830663019560593,0.004196346890063207,-0.02527878974009068,-0.0005093042245860602,0.0034612044070696513,0.018470357519350333,0.009835722116904755,-0.001365544623496917,-0.032572620571119426
2020-06-18,0.00039828644412920333,0.004922484646629588,-0.012681202810857273,-0.005428560417475747,0.0017406990401613864,0.010708489759640338,-0.001949068209710969,0.012270733625858066,-0.0038276158005540184,0.006219404396703432
2020-06-19,-0.005714511729659755,0.007923935918584757,-0.006610210645250469,-0.011421118724423973,0.012079429492210858,-0.0059595626677388935,0.004691929345210788,-0.0030478518902198326,0.003479960370839974,-0.020034083883824882
2020-06-22,0.02616352255720722,0.014508287231048467,0.018264056653326532,-0.01083742666653198,0.0018007992206849899,0.02777352412201939,0.028668025884450277,-0.0065740925163715325,0.004910225167420679,0.009569121362783317
2020-06-23,0.021345168524273372,0.018641697717608263,0.009182059503463957,0.012196642992964746,0.012624245160300696,0.006680732040986959,-0.008056250847919166,0.0075025599927995845,0.01684467155224456,0.006031819954983586
2020-06-24,-0.017652106406491508,-0.010855867894827953,-0.021366534553268757,-0.03339119474228569,-0.033933264799511864,-0.02015732315642671,-0.022698267282765583,-0.040857298187609414,-0.028293129796667538,-0.04710923689066604
2020-06-25,0.013275487278800568,0.007380066387785211,0.0058632297017584545,0.0348614839793544,0.007093362948100701,0.012636291082640527,0.02755659517000475,0.02615401198303724,0.02434492032232405,0.015056319578243382
2020-06-26,-0.030725882137081828,-0.02240276315369638,-0.0545140547594245,-0.05481815256345823,-0.0831634997637003,-0.02001583649759553,-0.03530029271783375,-0.026613159231048233,-0.0315307493872794,-0.03431475824871355
2020-06-29,0.023046833637335062,-0.004638148068063508,0.025415721534727487,0.004427895996905518,0.0211033167290533,0.010747277790207121,0.0049152059730526165,0.05169110801188981,0.010039131240950905,0.01604785769625905
2020-06-30,0.008347295048789505,0.029264486024190406,0.014944778064994058,0.011397846825581981,0.02914248085442228,0.02554914496039351,0.03236414668974974,0.0698073149894527,0.01791141449023015,0.009025334545985197
2020-07-01,-0.0018912149304803894,0.043453386195574595,0.01688926155699333,-0.008504908521021481,0.04615313593665071,0.005847406464060123,0.003395778755375334,0.03687680726581788,0.009425316954644325,-0.02258510356675769
2020-07-02,0.0,0.004029609482701257,0.019368906282860587,0.0032483005149721578,-0.01738584440489599,0.007620892049488903,0.008630669418759895,0.0795173412803385,0.0017799143969190467,0.008464914161588899
2020-07-06,0.02675027345484482,0.05768955229869066,0.020218642128222664,0.0252534616163389,0.029389062312160874,0.021526248486152477,0.02361557470914355,0.1347939370342961,0.015255282098342704,0.007032520458174707
2020-07-07,-0.0031030607009774336,-0.018619371729473477,-0.0064882766130512914,-0.028210660389040743,0.002413979324672688,-0.011627638916941962,0.0033031378251346943,0.013327688522591696,-0.020342776583913147,-0.025906839635057577
2020-07-08,0.02329003988960321,0.026995584181255694,0.009181675250454102,0.010615296745379421,0.0112928557953198,0.021992545166986233,0.034872152328842665,-0.01725350030984496,0.005764203210562924,-0.0023127479638261894
2020-07-09,0.00430034699402948,0.032949191382365184,0.010016092336718296,-0.021650706497089445,0.003776913200193688,0.007000817224251721,0.028680396944233966,0.020792456491456113,-0.024131744996930715,-0.041260568240440665
2020-07-10,0.0017492440025714817,0.005457748808544549,0.013400014779204383,0.05466723569186871,0.002331330172723467,-0.0030327415564916915,-0.0028309714402097175,0.10784776505418647,0.00024053230693832361,0.031189261681712654
2020-07-13,-0.0046130383080494886,-0.030000019073486373,-0.01740061197868603,0.014334567073833071,-0.02476852096111981,-0.030888777232669584,-0.04074697779343428,-0.030809585105470272,0.029117614307522466,0.00023467230222151692
2020-07-14,0.016548468629384416,-0.006443299095769239,0.005706551448442898,0.005734804166713792,0.003054534128640096,0.006181534576211289,0.03230611366089753,0.013185863099901995,0.029395211909051033,0.03305189365137151
2020-07-15,0.006877300115489815,-0.02436122126125273,-0.0026168317761701143,0.015477048124871606,0.0022941174242163687,-0.0014879508404200825,-0.014430841388988869,0.019257581163604875,-0.01442373720506307,0.012707035527101729
2020-07-16,-0.012304948707792751,-0.002981196241378159,-0.0012922113843893968,0.002807464782089264,0.002705268640242009,-0.01980381269664999,-0.00904445983507951,-0.029346504366899673,0.010129296131747845,-0.007842342992714912
2020-07-17,-0.0020202827366325726,-0.01264375276193297,0.0012741697471718716,-0.018498215705261223,0.0045656379616869636,-0.005099764769426085,0.006586182431458365,0.00013330494375263235,-0.0020185138699889693,-0.01716318109086823
2020-07-20,0.021074155354995794,0.07929519957328535,0.03097846776009683,-0.008761105604495056,0.014006460733772208,0.04298085154185438,0.03031408402396596,0.09472028755869433,-0.010015570484962044,-0.023437834710534178
2020-07-21,-0.013801964437803238,-0.018314900474015072,-0.005064524975730178,0.021685478586761953,-0.014953869624700689,-0.013468783551387697,-0.017339410236543507,-0.045429074387502544,0.00543727355604906,0.05058851744611159
2020-07-22,0.002809399397988077,-0.012229630062539742,0.005739442754623791,-0.007242779492771967,-0.007776682826065473,0.014370986571464073,0.010674400047939292,0.015283476518254346,0.0052440584701158865,-0.023292437290705514
2020-07-23,-0.04551661345324054,-0.036568799201794455,-0.03073771923067803,0.0029385023729033843,-0.030308199014648762,-0.04349445609446789,-0.02960124919334861,-0.04977615338574293,-0.012193620066887179,0.0020638472383645023
2020-07-24,-0.0024771122793060263,0.007486874288995304,-0.005630477246786336,-0.0070718454399308905,-0.00812541931446642,-0.006122455137942073,0.00639241981928218,-0.06349339370613127,-0.007195641808210307,-0.006178562082579608
2020-07-27,0.023700171764317046,0.015387648743417026,0.01406954751957934,-0.014041670191432098,0.012093053791481623,0.012667823877561935,0.022266318221807246,0.08652080631985237,-0.0072806223470586184,0.014736348736707816
2020-07-28,-0.016427491598968502,-0.017962780502695397,-0.0168557692094774,0.004334278561430205,-0.01447534926131766,-0.008977162554188567,-0.019766590079342894,-0.040991122577997974,0.004453978014252291,-0.011799494895648022
2020-07-29,0.0191683177226194,0.011065474265779418,0.013207703055035713,0.02424982724639757,0.01377537891489422,0.010098011280289754,0.024472685910479575,0.015320072049045619,0.022505435252592187,0.011022008396002647
2020-07-30,0.012100339045160169,0.006049030252796905,0.009753839606220893,-0.026685457906682752,0.005186660869986426,-0.000784325841948319,0.014189338139707575,-0.007751257440881121,-0.00472796242770579,-0.049057582594985605
2020-07-31,0.10468821048803112,0.036960821567137314,-0.032774726217669525,-0.0039166755796583574,0.08174842883632705,0.0054440279370071565,7.049839749284637e-05,-0.03813804798718812,-0.008026793276642463,0.005015411986377449
2020-08-03,0.025197915178414076,-0.01668096589563972,-0.003488202589707945,-0.005587440321875414,-0.006741041364706102,0.056241082772115814,0.03725970293293268,0.03790989277703116,0.0027409915952008035,0.004039924010531104
2020-08-04,0.006678090137891779,0.008657119256458845,-0.006380082572614354,-0.005723298966706536,-0.00845375263910586,-0.015008766447069166,0.019754349365363133,0.0013467807962437295,0.00293153354400566,0.028875892339236486
2020-08-05,0.003624582408208177,0.021090645909052075,0.003929971034069668,0.017372958524987103,-0.002841901550985071,-0.0016408773928268117,0.005254605331592277,-0.001331501252462397,0.026174083430654527,0.008741552088159965
2020-08-06,0.03488918921959416,0.0062308600392182445,0.017483669620196096,0.00030880662338983456,0.06486849369493286,0.01601397279854333,0.004319532689820438,0.003070674289896047,0.005088611315591018,-0.004788833357692868
2020-08-07,-0.02273546973539653,-0.017841853651889505,-0.004372170154473887,0.022007292755599428,0.01191188374177865,-0.017887880373378184,-0.01199772434655888,-0.024751944680411975,0.009456500742630158,-0.004582983794181983
2020-08-10,0.014534792480603409,-0.006093187166982039,-0.0010343755204368366,0.012678532747112614,-0.020265331142118925,-0.019907445675655944,-0.0030806600659162298,-0.02350091468597615,0.006529219408843989,0.024631421452777635
2020-08-11,-0.029739893776416504,-0.021437993092404684,-0.010876405548257528,0.03159782621756624,-0.02612167464613857,-0.023385518606112154,-0.02821296197056178,-0.031144060652225414,-0.011124912425941602,0.010334999700625902
2020-08-12,0.03323417229031489,0.026478049605839216,0.018033943236899663,-0.008476435109565639,0.014679968818986255,0.028567304992862752,0.05440099337803894,0.1312363947417745,0.021296127311449364,-0.00022687753599492932
2020-08-13,0.01769771196732739,-0.0003858318082136103,0.006243164022903036,-0.005537189340208637,0.005425411051794837,-0.00234248288423633,0.0002401877283164655,0.042604650478076156,-0.002327376941255843,-0.024495174164153033
2020-08-14,-0.0008914149410261807,-0.004112558082955964,-0.00792527036721713,0.00039104610391871297,-0.00022950744732819217,0.0009581669533280657,0.010574346206581486,0.01832819678811437,0.006780283516946373,0.004417197276764595
2020-08-17,-0.002610929387411254,0.010924312234330102,0.007716024278512368,-0.026364803076022514,-0.000306276584135845,0.006606201250653365,0.0668453050222857,0.11203058154519474,-0.009854551578257653,-0.012962725941095377
2020-08-18,0.00833295267795342,0.04087466955935781,0.026077791626207825,-0.013940351870351253,0.004518344798156937,0.005754450761791263,-0.006180652490394567,0.028028374195693928,-0.011544211292744633,-0.004925047681025196
2020-08-19,0.0012548078829184295,-0.015701145907449088,-0.007179746980733426,0.002339191123716944,0.0009531157862001649,-0.006067400759645736,-0.009971049573307855,-0.004536059116861502,-0.004450620643617231,-0.0110769645173312
2020-08-20,0.022189681042767972,0.011314270642265756,0.020484096528288864,-0.011973629053083079,0.0244486084828599,0.023271805376576582,0.0002062441868027065,0.06563643667445929,-0.006563070092533541,-0.015252687455457936
2020-08-21,0.05153240117328828,-0.0038364352508537536,-0.00043118110319273484,-0.0005134058560960497,-0.007434724716860575,-0.0072701131784671524,0.0446833391979411,0.024052926729070556,0.0025851335985129786,-0.007502148831795452
2020-08-24,0.011960125656327314,0.006923017605080961,0.006080175462354287,0.02815442870066165,0.01640405943860057,0.0031451228338583714,0.0028973528380664693,-0.017453806448256226,-0.01687140223636585,0.029505055169570138
2020-08-25,-0.008203835061613707,0.011800549645987202,0.01305878180448694,0.004397435226385138,0.034746772586224495,0.01300965559496281,0.0023387682145952216,0.004537751185374361,0.01094406418292726,-0.03173875329326614
2020-08-26,0.013599163780399826,0.0284955613728457,0.023837666321561368,-0.014029843377609708,0.08222374847960467,0.021619470108846794,0.0018037680145732704,0.06416619165356252,-0.010889707151001238,-0.021281987134626035
2020-08-27,-0.011954390535642956,-0.01215915158498826,-0.009494240077376315,0.03289926377236707,-0.035175024215358563,0.024553497580520167,-0.011332386517490467,0.039746079206424145,0.009228886817609139,-0.006747991015758958
2020-08-28,-0.0016199376005376909,0.0005293902228860059,0.006699301550714631,0.0041038325140785314,0.0015007466986511897,0.010283430603095223,0.041137891671576554,-0.011323299439907841,0.008662970069716724,0.023905229843774967
2020-08-31,0.0339122865667123,0.014451219151166761,-0.006038741809068493,-0.02510482841001971,-0.0015665351278965067,-0.01476578090205416,0.017246496626610597,0.1256890549105465,-0.005789535507616517,-0.01843199026022857
2020-09-01,0.03983249409970102,0.01395547583299983,0.01567929636073151,-0.0004991327745542673,0.007639797928232106,0.007715150208699173,0.033693360142285744,-0.04669690804684601,0.0008960676242175669,-0.012769145294418638
2020-09-02,-0.020718464617648702,0.009239471142122424,0.03764785521805725,0.015079135269930433,0.023896642013758074,0.019272331534594622,0.03802178524405542,-0.05826756524083643,0.02368669904986409,-0.006086622803559982
2020-09-03,-0.08006069980192698,-0.04628410915968095,-0.05117063994134896,-0.0031479899952229218,-0.03761975967310516,-0.06194684565007924,-0.09277519496601394,-0.09023849203316048,-0.012521949552117717,-0.002041423300530365
2020-09-04,0.0006616735495477144,-0.021787358799564616,-0.029640836651222302,0.021612439442346476,-0.028820013578134573,-0.014035921699033893,-0.030194628340802887,0.027813247275265907,-0.01337613891696543,-0.0007672243837723025
2020-09-08,-0.06729501878404942,-0.04394435952982134,-0.03643397902047385,-0.03477577215406025,-0.040922066754814135,-0.05409542721503824,-0.05620923920157306,-0.21062824320390794,-0.015224018359605518,-0.0230296629399932
2020-09-09,0.03988663866475606,0.03770662418145765,0.01550927247366829,0.00950754464131176,0.0094405953661576,0.04258354632548644,0.06732127836694035,0.10923349433825735,0.01552430804721161,-0.006023905208753733
2020-09-10,-0.032645840002947124,-0.02860545100214451,-0.013689152261933235,-0.010310102618833805,-0.02056836563164066,-0.028018676839748236,-0.0317144044109533,0.013814582587770685,-0.023780168749482522,-0.02503303261787926
2020-09-11,-0.013128705317941747,-0.018547317429499666,-0.006742916376902053,0.012420792939487946,-0.005520594660198386,-0.006524791865272439,-0.011960054525700037,0.003716263443279244,-0.006164853032701312,-0.002702685428777718
2020-09-14,0.029999846770290217,-0.004251985314208007,-0.004571936836849755,0.013851921126185607,-0.0017253591303506566,0.006764009198712895,0.05818177494762766,0.12583177074233998,0.02351746830646695,-0.006504010144466665
2020-09-15,0.001560276389477755,0.017132004407634627,0.01742432195868382,-0.031131231127360937,0.023558277553403784,0.016406008402189753,0.009225022372788771,0.07182685140266343,-0.0043425863998868275,-0.010638481812155542
2020-09-16,-0.02951349072317322,-0.024723344317983953,-0.015002197622796865,0.004230375390398278,-0.032670309433252664,-0.017865811938684195,-0.03667921401104968,-0.01778729846250804,-0.0023109328212640445,0.04245945607683965
2020-09-17,-0.015963752775121964,-0.02253666798925036,-0.016566700958561054,-0.011434089791014235,-0.03301440655413046,-0.010436553352043187,-0.004075294562814524,-0.04149312452942333,-0.005024368682526537,-0.00026462045759867436
2020-09-18,-0.03172007866931681,-0.01788790878106783,-0.02417542874558165,-0.0021305941629514713,-0.008986855606909816,-0.012419263086927534,-0.022004207166969603,0.04421041843491591,0.009968074995436726,-0.016137542574441444
2020-09-21,0.03032595036158381,0.001881613182508124,-0.014437405728963237,-0.030910032497285855,-0.01734460223612011,0.010729295177041687,0.026909077365119938,0.016374511668703073,-0.028666828264168442,-0.020435420188807507
2020-09-22,0.015715668504478364,0.05692335984779917,0.020753080643048483,-0.010912018324555572,0.02659692490385468,0.024093608111688924,0.009626835218285779,-0.055986946823462835,-0.016477733144424245,-0.02470502151047238
2020-09-23,-0.04194617298800685,-0.04126889165142078,-0.034545233479704285,-0.01622974430022006,-0.022492560556487073,-0.03292826363837131,-0.040671910927647326,-0.10341090738483938,-0.0072046091369930565,-0.03208554975549249
2020-09-24,0.010268893923347289,0.006643681788120581,0.009557424884453436,-0.0008624405004743485,0.0020479412722813617,0.012961968137524593,0.018496438808447868,0.0195341463945935,0.0017798989008201982,-0.002035349045595658
2020-09-25,0.03751610460670851,0.02494874307344297,0.011385607780763918,0.008741630848569715,0.021200010536159164,0.022786728285996816,0.04257798674166624,0.05041385121376596,0.03362266673877956,0.00932355098775206
2020-09-28,0.023868908347590256,0.025498115680328004,0.013619831895844925,0.028778790015491218,0.007848676412127276,0.007795038750137984,0.012525443830653682,0.034025594039789775,0.0024130860403501764,0.019342135016937823
2020-09-29,-0.0075676900155399185,-0.009190126805558863,0.005045880128369484,-0.008423459965725133,0.019352160533747442,-0.01040870492185697,0.014633593632088271,-0.005056919415549199,0.0030340020806425283,-0.029170131517498366
2020-09-30,0.015075737147207002,0.0012241460404771587,-0.000286456378143396,0.00964905433784069,0.0004198191814090979,0.01481238112483152,0.023042157135526153,0.02371912031427703,0.025053295401409326,0.0014584247945443884
2020-10-01,0.008461980465335417,0.023034752317315554,0.015215318211567297,0.0072710086253460204,0.018060518163900863,0.010126804373406406,0.006208375838960389,0.04463774876849502,0.00416979475086765,-0.03495470106738108
2020-10-02,-0.032280021497141154,-0.02988273802333874,-0.021708269553391224,0.009487486815038748,-0.02509111087608229,-0.029511253424360118,-0.040563619755479396,-0.0737906918190171,-0.0034818782693705197,-0.0045276628736722335
2020-10-05,0.030790915825867016,0.0237440429687501,0.018707057084623946,0.021136206201501695,0.018119597587038072,0.020320913540383678,0.04442206527472914,0.025512531789757986,0.019777490013778376,0.023044210439477242
2020-10-06,-0.028669287090475448,-0.03102028886576813,-0.021452251771146402,-0.010298830198776532,-0.02263359095191464,-0.021247280140391678,0.0068902325664992325,-0.02748539351192436,-0.011630068366836444,-0.010373378172905956
2020-10-07,0.016966949063046854,0.030881037106998743,0.005596009431111826,0.017445498042251817,-0.0020877201919354826,0.019037506960408734,0.016561777431683744,0.027344297266189477,0.027731067507083873,0.003294393004438234
2020-10-08,-0.0009556549427575112,-0.0016084400175445657,0.016646813111385717,0.02055541538926886,0.02185021862503267,0.003574429337710905,-0.008969515390461424,0.0014577830589765917,-0.0023515957681280453,0.05253735540295912
2020-10-09,0.017395725923303074,0.030120249141207367,0.018214555933418364,-0.005698643929798131,0.002616236963022267,0.024835883388420577,-0.005492029839721968,0.01897077543397918,0.01684174945534389,-0.0147476602429365
2020-10-12,0.0635206018119534,0.04754990740220588,0.03584358595461978,0.012253172984952432,0.04272994939269359,0.025902521815107438,0.03365993596928285,0.01912439516394837,0.006497166580805569,-0.0031663024963817232
2020-10-13,-0.02652735810006479,0.00020333647320058823,0.0015849739471567315,-0.016204875894088255,0.0014146292830605756,0.006594385025439742,0.0015639578576343016,0.009834932884270176,0.004394285214472937,-0.011839524098665066
2020-10-14,0.000743225454155505,-0.023208080547411636,-0.0023162803792613484,-0.005556397698903037,-0.015644405419615315,-0.008974201968177442,-0.010738218670145794,0.032799718116372834,-0.028876107000421092,-0.0020454603582430453
2020-10-15,-0.003960795310861132,-0.007450142689235051,-0.005097722512490965,0.014966982567632625,-0.0187625269537971,-0.005433324126443706,-0.008885791770832041,-0.02692390743031925,0.008451435506178884,0.00878464460143391
2020-10-16,-0.014000409171893824,-0.019750480983333984,0.007862667998504769,-0.0020645668891696722,-0.0029618649926972385,0.0,-0.011345641282307528,-0.02051768046956881,0.01642140004256243,-0.010159586961550837
2020-10-19,-0.02554201790030719,-0.020013957457728493,-0.02408015964212884,-0.01684562112271859,-0.01703446009249443,-0.02476540992927534,-0.02271673177094169,-0.020106014344170586,-0.01721715375969668,-0.01994140654602894
2020-10-20,0.013191993903033383,0.003055554339711275,0.013811268866054993,0.0057116842834532555,0.02356556496173412,0.0020072324482132142,0.010946207060984037,-0.020634587544658856,-0.0024982307963893335,0.008378352885838547
2020-10-21,-0.005446400075460933,-0.009968886774915697,0.02250666571389015,-0.009963368111376103,0.041747487022910645,0.0006986834671622866,-0.008848900946946903,0.0016590325709362475,-0.0019170768961306317,-0.0160237647611009
2020-10-22,-0.00958315937637122,-0.0026812857408547996,0.013032938908165592,0.035322556692621854,-0.002188555516910551,0.00041897714748206916,-0.012107592609103879,0.007453064711647084,0.009108321216866111,0.05126647437146814
2020-10-23,-0.006134176968281668,0.008814971867029398,0.016381841245179052,0.009039746677115268,0.023982571815106768,0.006235881589854442,0.01715827592127228,-0.012118551755604834,0.014950807238132358,-0.02008026314630018
2020-10-26,8.704479830345946e-05,0.0008238907949942309,-0.029816731706636457,-0.02475678923600888,-0.026967397175778896,-0.02844219611766896,-0.03303853577284743,-0.0008320996760948773,-0.022806845262410058,-0.023711948160409224
2020-10-27,0.013472226128177223,0.024723687101579017,0.009209112917448303,-0.018866216916982537,0.02230157130741417,0.015089600013442173,0.019442624738304826,0.010469159823756513,-0.007893339682558898,-0.015892141804532023
2020-10-28,-0.04631178869467867,-0.037595069983728635,-0.05508861126090747,-0.02808793732821835,-0.055137465758940074,-0.04956616103472178,-0.05745789637747267,-0.043938975190562446,-0.03903141434973767,-0.03808651383916428
2020-10-29,0.03705002914256439,0.015249235849637444,0.03050064534351571,0.006525484524412484,0.049164659687670254,0.010065002431525194,0.03144055177243321,0.011846701366300838,-0.014026107452030367,0.04434569304600622
2020-10-30,-0.05601808702500077,-0.0544564552314909,0.038043737815161904,0.008953504987437189,-0.06309864033948209,-0.010990639643925548,-0.03762269493114667,-0.05547305218949494,0.004807641657252448,-0.01061557184200379
2020-11-02,-0.0008265031180262339,-0.010430948040659138,0.005080277219642104,0.02254174873021486,-0.006651232733355328,-0.0006912647450463272,0.003729587413150659,0.03213582666134873,0.02280936836520686,0.041998613469080626
2020-11-03,0.015353365598612223,0.014621516534147005,0.013137748090807255,0.031521299625473675,0.01507498918394079,0.020263793304708733,0.03487476029640568,0.05840061701119437,0.02963798314746713,-0.017063780330429323
2020-11-04,0.040836796020883526,0.06322966294024535,0.060881625832397646,-0.03055806955893059,0.08322664366587129,0.048248965117032805,0.059506949543557175,-0.006888484603579825,0.10334493957029545,-0.00538754581716161
2020-11-05,0.03549338243069178,0.024941733698923496,0.009536602504126357,0.04089785760655973,0.025401898018541758,0.03188678899723385,0.02651456762884319,0.040643300543862226,-0.0004512679527660657,-0.001805380588798533
2020-11-06,-0.0011357803481626405,-0.003199936061909714,-0.0015714640573888383,-0.013320604828557792,-0.004309541029858144,0.0019256992938527784,0.02838987261252912,-0.01858065570474754,-0.019581954892362363,-0.011757962198213234
2020-11-09,-0.019967915942630032,-0.05062255447737596,0.000960266302657109,0.13539235711879405,-0.049896514089213806,-0.023824414044822384,-0.06395078818348643,-0.02021165833954497,0.007309862450367355,0.12660184981417588
2020-11-10,-0.0030090013982597696,-0.03458294580536425,-0.013455039734120655,-0.0032505643136708784,-0.022742587861534824,-0.0337926859901444,-0.06314761193816953,-0.02587474253102262,0.010542965108626179,0.022185306564992846
2020-11-11,0.030352682056221214,0.03372959332756431,0.005472781994265485,-0.014933036899078322,0.014866302606710624,0.026254652157928327,0.050744121964883204,0.0164977197153513,-0.005626396244168608,-0.01030927968211015
2020-11-12,-0.0023434974555439636,-0.008640935353967705,-0.002524051973902375,-0.012284329393682625,-0.00506367395177576,-0.005125872508249252,0.0028879783066844134,-0.012873745767280065,0.007705306959787883,-0.03426557172126843
2020-11-13,0.00041947412066178913,0.005957652481424658,0.016892057806503047,0.006262695637841098,0.006797939197715097,0.004966466335295738,-0.011871541085326065,-0.007917146283160204,0.003555512055691601,0.02412730104296279
2020-11-16,0.008720520296195966,0.0007190451875813686,0.00099873208451573,0.028225635180083808,0.007257480660779914,0.0033255671305465473,0.016413359979301045,-0.0010037182511209997,0.00323290891639183,0.057649600549469326
2020-11-17,-0.007564366492063823,0.001469221257177411,-0.0069726950359225714,-0.010145127279760136,-0.014195620846523926,-0.012751412346753588,-0.006881049114784932,0.08213879250177958,-0.013227851804870516,0.013364642554856365
2020-11-18,-0.011391267715032405,-0.00963120822903818,-0.011931849908172532,-0.007406499123119192,-0.011017878696760297,-0.013183726832844855,0.00048438856611787706,0.10196775866118779,-0.021556053007020126,-0.03775518106311537
2020-11-19,0.0051680405517202654,0.003722494885254779,0.010300697007463278,0.002689831204243598,0.003566539367879873,0.006348389710688185,0.0008563991820165207,0.025953518324515645,-0.021799079503617813,0.005106155445919747
2020-11-20,-0.010957533562662936,-0.005652814007175211,-0.012618276371477166,-0.008566880163321855,-0.011870728127119756,-0.009556495727564562,-0.02622720461836081,-0.019348255020757876,-0.0068252270978444995,-0.012299384333817165
2020-11-23,-0.0297425303778176,-0.00032591205652088284,-0.005079382360297036,0.028803224285367524,-0.004708925121321594,-0.0013308136918639413,0.003992152109557834,0.06584827501609536,0.0010756256388100294,0.06551151799807631
2020-11-24,0.011593946996180549,0.006348492495275249,0.02103548421935475,0.04623737393744798,0.031628178492765224,0.017847725568703066,-0.013869739458653219,0.06425217853318599,0.002835233607247689,0.06656518874729711
2020-11-25,0.007467527792890172,0.02149089105013391,0.0001302986404694284,-0.010460670129290417,-0.004802714182197909,4.669373556387413e-05,0.021377111067516275,0.03352658623835669,-0.008392651318492983,-0.027870623907848224
2020-11-27,0.004826151203510154,0.003224444340751864,0.012975285925932667,-0.006637833724579156,0.008055477701378377,0.006359105500542084,0.0020023471202039733,0.020487795852708768,0.014256338767303589,-0.015192188068002266
2020-11-30,0.021099573404743444,-0.008543726224847115,-0.01825406943889296,-0.027553009590588484,-0.0030235926663831902,-0.005389802849013692,0.010575963861634952,-0.031002439645386293,-0.0047344141924797745,-0.051256325160798144
2020-12-01,0.030827534075186902,0.01642659261366375,0.023347008198425945,0.015778688938101526,0.034588609128543,0.00999693723392836,-0.000858283457385034,0.030232565079099327,0.014419798656306826,0.009703506971170617
2020-12-02,0.0029335355580959455,-0.005139620139509304,0.016492815443208686,0.019208413017668624,0.0033849620533366043,-0.003885193498046391,0.011538374600282397,-0.027258998689319136,0.018669911324657784,0.037402743998993904
2020-12-03,-0.0011375712203165467,-0.005244192164348127,-0.0017151407118883855,-0.006555280204028402,-0.01972024018570706,-0.0052467548563746025,-0.010671388951570271,0.04317707064578702,0.0032223991234330285,0.006759942243255601
2020-12-04,-0.005612575247124663,-0.007578327983446487,0.0010538527011016985,0.009073067998160322,-0.007628289036777147,0.0005601526567251547,0.012111702482389353,0.00953853028069096,0.007080492551468254,0.036557835562439855
2020-12-07,0.012270134264860344,-0.00144820943300783,-0.0036903412071584984,-0.003760267804579276,0.021022461800080938,-0.0003266909898161918,0.0035770488915845,0.07131413268972531,-0.0058016702112100305,-0.018713699856598542
2020-12-08,0.005090847017265698,0.006108347649924184,-0.0031370560895767063,0.000984673373172873,-0.007633438018080918,0.008026633718045018,-0.01886925228602465,0.01265269756091203,0.0,0.03276261743339881
2020-12-09,-0.0209036463085277,-0.02300385041546993,-0.018477962026602013,-0.007786880244165628,-0.01933668288431012,-0.019489886891609243,-0.031404593297427064,-0.06985904262531573,-0.009918069380760675,0.013257567432159334
2020-12-10,0.011988758143463674,-0.0008730964486967085,-0.005742846811700009,-0.006443606506955191,-0.0028785040020576913,-0.006043316669627208,0.003209551746848227,0.03737095767859411,-0.01382069968601407,0.028271062162676053
2020-12-11,-0.006734688216495588,0.004813852496939441,0.00404488440475248,-0.005903472690889866,-0.012882570026284124,0.013015235004752546,0.00316060538890639,-0.027237767375868138,-0.007595782869406209,-0.004771720827989712
2020-12-14,-0.0051467037848745845,0.013011701561464806,-0.012700039500054605,-0.010538441761686945,0.002339725958331096,0.004407788786931821,0.02270763339793702,0.048918853305726984,-0.002789008865991871,-0.036072813472923015
2020-12-15,0.050090097345659945,0.0025815971159888207,0.005033437649734074,0.017075172239320757,0.004959890847595183,-0.0003267856174283823,0.0038884395008644823,-0.010284031966116491,0.010531736172092243,0.0194219218017051
2020-12-16,-0.0005473133526882057,0.023961224378619583,-0.0022087466647645604,0.0029089922847413963,0.0004358356811220432,0.024050584475314496,-0.008831955691868454,-0.016549539644792777,-0.0009713240098609965,0.015334569971981571
2020-12-17,0.006963282008801697,-0.0015057469987226346,-0.009492493191238238,-0.008287257119256042,-0.004317036688278875,0.0006387951621174004,0.007457070920156683,0.053197818564255206,0.006866299448777591,-0.005034251496640607
2020-12-18,-0.015850404181490196,-0.01063939440891426,-0.008210253530095968,-0.00493014045382445,0.006994946648474443,-0.0037830632397330977,-0.005190807611117454,0.059612778969587055,-0.009629175154384773,-0.017249574733794626
2020-12-21,0.01239518894949243,0.0014149045573290664,0.004831399091204336,0.03753765107038842,-0.013060702046984507,0.01829933303029052,0.0045397195884095964,-0.06494968189377415,-0.006797419947547678,-0.018253739310703954
2020-12-22,0.02846424337392639,0.00010603453584812073,-0.008267171496150194,-0.0152165819534138,-0.02089534451593278,0.00606490842461338,-0.004050218864364408,-0.01464926902636221,-0.0031835349219323517,-0.016925020962062165
2020-12-23,-0.006975545723916232,-0.006627122071927394,0.0046562961344205345,0.027944651312595825,0.0038190067654730875,-0.013039146452716754,-0.02025881321653289,0.008807772074100217,0.007700985175588482,0.01285137993682084
2020-12-24,0.0077123701207946205,-0.003949415822362745,0.0034313213312799906,-0.0043976826614440245,-0.002648080727077451,0.007827188150971498,-0.001191488848045652,0.02444349518922251,0.00947906022496392,-0.004069712969259398
2020-12-28,0.03576563043206149,0.03507113271672124,0.02295061535622267,0.006585332358168827,0.03590122689830055,0.009921696604228147,-0.007215161189888852,0.002901307404113318,0.015141435666991887,0.003365439252997371
2020-12-29,-0.013314929267420728,0.011583625131030173,-0.009132095564926446,-0.002632715057077628,-0.0007942011093697854,-0.0036007641299954374,0.003352665891939166,0.003465523985226371,0.00404688414364629,-0.011260347982621766
2020-12-30,-0.008526793549438194,-0.010882060864285004,-0.012237258664890782,0.002799785162104218,-0.017739688507131035,-0.011019530185496507,0.015645427326729022,0.0432288658824449,-0.006794521257284414,0.007996237336224121
2020-12-31,-0.007702464142049781,-0.008801370623195415,0.009439936971330942,0.013640634674324303,0.00474505680785553,0.00333835535249305,-0.006903384520178468,0.01567398119122254,0.016493264193468082,-0.009134730987459871
2021-01-04,-0.024719392731958778,-0.021584740620304466,-0.01512575990454934,-0.009443516497779303,-0.015449021744532776,-0.021266138526153888,0.00448103004941558,0.03415197180829077,-0.0033648579040334026,0.006792814592579521
2021-01-05,0.01236370769127526,0.010004358381754175,0.008064166590415534,0.005441201524359451,0.007548154685659503,0.0009645662851700543,0.02220976533666419,0.007317368906131216,-0.013447841583116515,0.04819267432986751
2021-01-06,-0.03366150391317069,-0.024896614147709384,-0.00986741908004174,0.046955875587970874,-0.0282686026233121,-0.02592932820980065,-0.058952719776304785,0.028390302267496503,0.04196633408728889,0.02551716076480015
2021-01-07,0.0341233034767463,0.0075771277744003385,0.02986867379818081,0.03283913244894454,0.020621805081097566,0.028456988348624312,0.057830279437642185,0.07944656360858104,0.01603272674321987,0.007846117608838687
2021-01-08,0.00863116599647018,0.006495514374673217,0.013238723798512764,0.0011040985296240091,-0.004353213669693434,0.006092960255990709,-0.005039694419417318,0.07840299470467449,-0.004492736396561003,0.011121131070314538
2021-01-11,-0.023248875755125575,-0.021519462280005563,-0.023105735551776196,0.014924453627043865,-0.04010194200896244,-0.009698324937459923,0.02596631941006211,-0.07821411721500826,-0.00726521823403925,0.03035620122544147
2021-01-12,-0.0013954873899498788,0.002125797051401035,-0.01073858669628347,0.015718849427287518,-0.022387441155587995,-0.0117707862493176,-0.010039243561667965,0.047152947996006445,-0.009369091819834585,0.022203343522139374
2021-01-13,0.016226639308953406,0.014438406874172749,0.0056521413226713335,0.0009270545149351328,0.0021903867218793227,0.006559974505865096,0.0034852765651418594,0.005850950889994211,-0.006519787866982152,0.011277766342603801
2021-01-14,-0.015126962844757341,-0.012135545173177387,-0.009346233269140303,0.005842431899579781,-0.023843586687919527,-0.01534599180213636,-0.024498020101839546,-0.011013523157297866,-0.01270313816273061,0.039033512626760025
2021-01-15,-0.013730909005782,-0.007424600125642833,-0.0019065189393895343,-0.017921617553068092,0.023286194336740618,-0.0017371854215555427,-0.025813746619446243,-0.02229585445953386,0.0021967478902720217,-0.04810154780666975
2021-01-19,0.005427353058328643,0.005318518294228358,0.03290667701719463,-0.004327776617223722,0.03874914274449992,0.017822838437776767,0.012889233028013702,0.022259629183487784,0.0025335177917942264,0.019836880960521164
2021-01-20,0.03285618660339784,0.04570048462239673,0.05357320166685131,-0.014995708478139802,0.02443532471526,0.036499805469824675,0.026141670509548964,0.00698599786790699,-0.00383321553531335,0.014127843885609392
2021-01-21,0.03665770055159756,0.013363421550624865,0.0021702407063464157,-0.008384077008499413,0.02015080184262219,0.0028083503643385743,0.037540087965350244,-0.006420156263490129,0.011857426996399356,-0.028669304559766462
2021-01-22,0.016073931379782636,-0.00446331304512726,0.0044635226655869165,-0.007713437142779278,0.005973553765255657,0.004355979003720201,-0.011177414027009336,0.0019526425140830028,-0.020985988797162958,-0.014134589635742656
2021-01-25,0.027684298276862807,0.0005376354551673845,0.0009087310163511386,-0.01248231149499801,0.012786722166676201,0.015844149313468225,-0.004320915110312518,0.040347806114603646,0.0007480863597535414,-0.011174174135589743
2021-01-26,0.0016792037831299123,0.009754137082109926,0.007216600994096822,-0.0040870415650511305,0.014532040651443534,0.012198821420635664,-0.01596662582676256,0.0025999188207492807,-0.01351328013618347,-0.021961660360442004
2021-01-27,-0.007683896907304755,-0.02812581228312927,-0.046652258129531776,-0.02827198929546182,-0.035135607132254054,0.0024536041103120354,-0.03851820039293685,-0.02143608477064074,-0.02949472350402127,-0.011336230142732773
2021-01-28,-0.03498518855685184,0.0015591193708615059,0.01883523892648764,0.017597494696013793,-0.026236626478983394,0.025890771726397865,0.01031517469233112,-0.033246240146660666,0.01549590701629433,0.01565611290114144
2021-01-29,-0.037420563636455406,-0.009704654514695155,-0.013943481621496612,-0.011067639353590564,-0.02516958784971246,-0.029171652071686927,-0.00469311584388632,-0.05015373491403896,-0.013514677527074137,-0.026487278097762523
2021-02-01,0.0165201411057172,0.042629902924745666,0.035958973349795365,0.007383389837191334,0.014245281107627239,0.03315216836379187,0.01903435479161608,0.058321672867634566,0.0012590557504372768,0.0017836800337729386
2021-02-02,0.0063365989059087635,0.011104214562255077,0.013760654708564024,0.030782090976837928,0.019350341201526566,-0.0005842310763788383,0.024155726143477052,0.039270726531715816,0.01413179690472477,0.015805988955129413
2021-02-03,-0.007778453619434855,-0.019961565909300982,0.07282514879758706,0.011451446657026354,-0.0016101678602011837,0.014571619664998314,-0.0019363404162026088,-0.020738065332563282,-0.0024502779237122185,0.03922863051156522
2021-02-04,0.025758000521729052,0.005575845147329783,-0.002549930531889011,0.023012986565784432,-0.0006000098827874112,-0.004074068317745594,0.00988504774273613,-0.005499119810906672,-0.025363523544614797,0.019190431229987537
2021-02-05,-0.003098099978446789,0.006349415177487883,0.017140368886098933,-0.0019529112144784921,0.006041707990005474,0.0007849781980258097,-0.0053604592829404885,0.0026353496607176563,-0.014606015814615958,0.033519465568918605
2021-02-08,0.00109661567373176,-0.008713780773966562,-0.0020633741362781066,0.015654557653939527,-0.0056696659151512785,0.0011147316635857774,0.06237556734667371,0.0131302972383458,-0.00052365484610295,0.043043066704958166
2021-02-09,-0.006573518230178932,-0.00539885256244832,-0.004379944552260762,-0.003996081440866273,0.010766058172929638,0.005361729286065264,-0.012154760470279857,-0.016168321643152184,0.016309779556580528,-0.011711904190548683
2021-02-10,-0.0045582344656205365,-0.005573405440383872,0.005343453696224465,0.0005732218357223928,0.008981228970952992,-0.0038971441228415893,0.03512515312843889,-0.052550944303998315,0.011437260595441145,0.009678138196504982
2021-02-11,-0.0019206446522235243,-0.007439273910078148,0.00108811062074321,-0.0027926911147966305,-0.005443725204773764,0.0068773965159525385,0.03295115653091574,0.008498789811735685,-0.000989792276479995,-0.025039108725829373
2021-02-12,0.0017760285391015262,0.004775969497859078,0.0030065923932585115,0.014217172743340445,0.000406580385701405,0.0020450091839847584,-0.018982442532464838,0.005494900903412869,-0.014501413720341305,0.013643533967516053
2021-02-16,-0.016103967833105415,-0.0026726192693009576,0.007479584566802533,0.024070644131167773,0.01282842406751561,-0.0052653599126000206,0.024663426295289836,-0.024383660823671716,-0.011028304123364085,0.03008731124888131
2021-02-17,-0.017644031909564872,0.012141589169594624,0.0037522871972963667,0.0031110636479103615,-0.001460002472104538,0.0043594440305225746,-0.027673957608475463,0.0024238672272682837,0.0069003059199026495,0.015564843604447764
2021-02-18,-0.008636453652695386,0.005920814274298136,-0.006046262350180354,0.003377092258459058,-0.015279463111053881,-0.0016788816783325222,-0.005165522448596249,-0.013493691045324274,0.004741735713245987,-0.015704710483044004
2021-02-19,0.0012334737267494233,-0.023535055745747435,-0.008072977205040632,0.016690623881933986,-0.02906555706517855,-0.01156727275418401,0.0065748076060185845,-0.007721833533733569,-0.011662342606756693,0.006727979837659159
2021-02-22,-0.029799103076477484,-0.021280609604111933,-0.01654068378536311,0.009390347202450133,-0.004702931549318001,-0.026808184195415863,-0.038237337080329614,-0.08549845855559934,0.009427890829920571,0.03685286770335661
2021-02-23,-0.0011109208162197737,0.004326059526709614,0.002852642758032875,0.00803174903146564,0.021242319127204645,-0.005287787706346303,-0.014889350375968946,-0.021917429429917368,0.00570752954110243,0.013812350943914753
2021-02-24,-0.004052094654616756,-0.010946968676518232,0.01149946553474357,0.017595151907126905,-0.005830222179300404,0.005487284858324504,0.025243603905787504,0.06178807266392261,0.008193903230878652,0.029972882965081604
2021-02-25,-0.03478276111610534,-0.03240038681954516,-0.03256538819291088,-0.013571744435340483,-0.036396364853636065,-0.0237049456410382,-0.08217777116491087,-0.08059082496045267,-0.010053883067763114,-0.016578484497478008
2021-02-26,0.0022318000406784666,0.011700387973209825,0.00295648739638521,-0.026524308182527045,0.01150400412424335,0.014804131925940656,0.03058409415272645,-0.009850152211020369,0.01018660112935943,-0.024928192663213222
2021-03-01,0.05385116211467533,0.017203798394717307,0.023616287856437213,0.022626599356857513,0.028297643981137988,0.01962286453738149,0.009278569183415186,0.06355291148192554,0.0073144573231238574,0.037336770400056674
2021-03-02,-0.020893746564336513,-0.016404262105025436,-0.0025029549238280158,-0.0032561533242301266,-0.022309571893383895,-0.012956942447027275,-0.03146295526900844,-0.044527636486599076,-2.978138955955778e-05,-0.005851138004880685
2021-03-03,-0.024456487654163084,-0.02893170479822993,-0.025706185241839097,0.01933216455658271,-0.013860995655311847,-0.02698065507409786,-0.04486709922711085,-0.048423758283395624,-0.005289512808083652,0.00802569344060311
2021-03-04,-0.015811784540054163,-0.009128157985388907,0.01119636470394103,-0.015368147481862104,0.008731116400943595,-0.003647357041341226,-0.03393263738775809,-0.04862218183112754,0.0028235946419346014,0.03874743312201945
2021-03-05,0.010738325878848043,0.007687481916645478,0.03104308987104476,0.0023244815958689546,0.025772220241332855,0.021479201336739084,0.0073766459749446955,-0.037799313531283074,0.03981348730763523,0.03781296470704376
2021-03-08,-0.04167353872116197,-0.016167463748385735,-0.04271193313622412,0.013252726424362926,-0.033941131382694945,-0.01817780842965977,-0.06967459060846393,-0.05844967282854319,0.008844624410413227,-0.0009848608190664576
2021-03-09,0.040649644949859676,0.03756837366056898,0.01636850182394123,-0.00706271667696734,0.04085240736022455,0.02810144598337372,0.0803329526616745,0.1964120760817838,0.005168770609391027,-0.015442748656979255
2021-03-10,-0.009166728716115569,-0.0017010173123747085,-0.0020436580959326545,0.021734882208559902,-0.003161156663365361,-0.005817478689164601,-0.004153229672186565,-0.00819506910832657,-0.006761776765171756,0.030702587968890027
2021-03-11,0.01650278058157384,0.018298429776605563,0.03160317914292099,-0.0052215705377207655,0.03389980801145431,0.020265163562961375,0.04212705544057482,0.04721134236531421,0.01001153560189283,-0.007447061518063736
2021-03-12,-0.007625412017711053,-0.0077402727850476305,-0.024060496419778366,0.01185855124249735,-0.020008931725802537,-0.005819659437513058,-0.0105821918262331,-0.008390501992574073,0.011851764279232846,0.010765026145740153
2021-03-15,0.024456747959425318,-0.0025279442445658162,0.0021657610309746556,-0.004995433997654675,0.019932969121521538,-0.003987344253994829,0.026077308461226467,0.020483461206222797,-0.0060108794861819526,-0.02549612693391734
2021-03-16,0.012742830160510144,0.0033034103914528767,0.014334871064238364,-0.011971179900650442,0.020200619579982426,0.012350516013499346,0.0075804763477644865,-0.04387377195940434,0.0020345462783213364,-0.021195780673799125
2021-03-17,-0.006450506600548911,0.014188848597238346,-0.0008013624343333747,0.010292489496965374,0.01693669820035315,-0.0028187374372204976,0.0037621546257073923,0.03683074261011732,-0.006824881017681972,0.004398606682844086
2021-03-18,-0.03390523338297191,-0.03435878370750434,-0.029238069988846704,0.016506301070708274,-0.018978202199009586,-0.02666200106962968,-0.0463787227631135,-0.06932072763951169,0.028025556687201192,-0.043119242688483994
2021-03-19,-0.00448004947956937,0.015511909856343209,0.0027803711644711626,-0.015921227685851358,0.041238874456042796,-0.0016038970192511215,0.009687485470013302,0.0026180050626212203,0.009750057400000678,-0.005633054659591963
2021-03-22,0.028335572767934636,0.01167821172408301,0.001840188548316135,-0.026878951630336267,0.011823226229549899,0.024484565737120212,0.026506830467028175,0.023103830299388672,0.0035013873015830033,-0.01026716507735137
2021-03-23,-0.006888745685590836,0.008560288075996736,0.005239566294875209,-0.010001791497086687,-0.009913385304038735,0.00673766247508456,-0.008759094733603812,-0.01170146456365928,0.004470451108411488,-0.012341397261531162
2021-03-24,-0.01999337603392204,-0.016073304438495972,-0.004310704985250879,0.0077612484669349335,-0.029212550274282045,-0.008923337322782388,-0.032725676810370086,-0.04816058727810224,0.005698783068490254,0.02028275229323584
2021-03-25,0.004163474377777199,-0.013219634289670767,-3.453678371956315e-05,0.01281353049351952,-0.012050825980560398,-0.013250761851166915,-0.008522743403962751,0.016056627401557888,0.0013219977649105985,-0.0028401480267202794
2021-03-26,0.005141427485836791,0.0018941122432061253,-0.003803267444064007,0.016650403229644617,0.015355014296615233,0.01781885377088477,0.024251726749181968,-0.03385438241576755,0.014524938911745,0.02723399978867369
2021-03-29,0.0014851229075159011,0.007765307334585803,0.010401254683088723,-0.015539482648931346,0.02755983752895741,-0.0052434686535610675,0.008489763407589113,-0.01199266702111268,0.0068528726252266026,-0.005371526093103096
2021-03-30,-0.012274690934849564,-0.006645597502498379,0.0003324442068624034,0.01178942182093179,-0.009696893094408021,-0.014411010643344935,-0.005908263459331375,0.039801078851212424,-0.014509672571068832,-0.012369620211455712
2021-03-31,0.018765883115973603,0.01269600564306872,0.007842714828026676,-0.014565205155753103,0.022673682214414903,0.016907692414697584,0.037019120868105215,0.05083220558444013,-0.003988454445706169,-0.015169939442627123
2021-04-01,0.006958610975936752,0.02162845443110406,0.03261060539361993,0.009722264998145214,0.014022575598318543,0.027908497763315276,0.03472360013432563,-0.009252455923119962,-0.01343843565867675,0.027941801051431625
2021-04-05,0.023577184682651575,0.02079404593469847,0.04187286100292975,0.005300766786747957,0.03431973034541769,0.027728341260378375,0.01272481726769592,0.04427659122771899,0.008472573744340295,-0.015508119060575698
2021-04-06,0.002462321451933258,-0.0009018902147276409,-0.004371474002314413,-0.007030573370995774,-0.008578422334872049,-0.0048579711869224385,-0.009008247626283161,0.0008247761127986308,-0.015695082454396325,-0.002831526063537426
2021-04-07,0.013390314364560618,0.01723733655641202,0.013475249851094162,0.015668215374967875,0.02230119153596921,0.008230449758917402,0.02034428265469912,-0.029857428208930892,0.0034853917303161452,0.004437211955145237
2021-04-08,0.019233967853770295,0.006071242952548017,0.005091532771718921,0.001226289748334386,-0.00022369662057830642,0.013405374033300443,0.012267233639024377,0.01912159613436426,-0.0020511408893916228,-0.01042580797592052
2021-04-09,0.02025134330453371,0.02209562242522667,0.008993766994821906,0.007478448488501543,-0.001788891523581082,0.010266667297123,0.005797039436956863,-0.009915155733034697,0.031269573380376725,-0.002321359289286895
2021-04-12,-0.013232871972890026,0.0021321218730274705,-0.01147233314863616,-0.002111888350026181,-0.002944364090660123,0.00023439299017691262,0.056180876918489275,0.03686741230129442,-5.304927122118386e-05,-0.006622653621456753
2021-04-13,0.024306655059098237,0.006098747605224553,0.004370398864992575,-0.01192685924329917,-0.005713325209226072,0.010081652714734046,0.03093532247693287,0.0859569036478478,-0.00473052206451352,0.0037838398205405355
2021-04-14,-0.017852996297641477,-0.01970591825597423,-0.005553448622696355,-0.018690333519415736,-0.022404507954245867,-0.011219035590247506,-0.025670361253961937,-0.03947166704647498,0.003017448701809533,0.028899637151595936
2021-04-15,0.01870767039210608,0.013828409714570444,0.01933155239024842,0.00634900187249543,0.01651127828109966,0.01529802163069749,0.05631043580160955,0.009040931223980753,0.03828211194683395,-0.005931598523577053
2021-04-16,-0.002528214144067009,0.006022342354579324,-0.0010939052187275422,0.007425469856494393,-0.0053279180384924185,0.004778386726122408,-0.01392767804966244,0.0012587029151958085,0.00256436592773035,-0.005616084604336602
2021-04-19,0.00506889348129369,-0.00806900981526193,0.003070928480774393,-0.004239856626318872,-0.012868145174629086,-0.007670612746421779,-0.03461122986076515,-0.03399658468630862,-0.0029924885484484687,-0.003176749839873594
2021-04-20,-0.012829989716873547,-0.011067567276491497,-0.004694816111410538,-0.022141995564126882,0.001356647143197831,-0.0018550021560751473,-0.012400895770140474,0.006101017267521991,0.01716112345724663,-0.021069688162481448
2021-04-21,0.0029297838722879277,0.008195669633476843,-0.0002895751722151729,0.00850789404542951,-0.0038990306589271606,0.008983134852863062,0.012474336331426583,0.034951793439894185,0.005749874311623104,0.01284167971107908
2021-04-22,-0.01168537149018578,-0.015758395892332966,-0.011337310632946629,-0.02105743276497163,-0.016419482763163185,-0.013086025674521107,-0.033218224745405145,-0.03283069676699324,-0.005692184376802634,-0.01303565963328579
2021-04-23,0.018038739796849335,0.00962218974677076,0.021047657026051603,0.019135567313012025,0.015546962478917514,0.015475775691678795,0.027945543195129652,0.013491908213451476,0.009507386379447258,0.005427821811320843
2021-04-26,0.002977468428587704,0.020389780364207244,0.004348026303547803,0.0024633978771446685,0.006342872740767502,0.001531824439896745,0.013936841772602016,0.012064715006025573,-0.011116431047856201,0.0019795105452302675
2021-04-27,-0.0024491804378702353,0.0024729175512423485,-0.00820389964801116,0.004582815153589603,0.0017489584320653506,0.0016058487911387864,-0.00621841027420178,-0.04532647907368281,-0.0034355254038571648,0.013110577173292226
2021-04-28,-0.006027276192469233,0.012017786731569835,0.029707904092949766,0.006479214412931755,0.011628278426807359,-0.028285666816637134,-0.00682640581563132,-0.014672094304228334,0.00022783555460281768,0.030136349659966033
2021-04-29,-0.0007488726963411629,0.0037039347600635875,0.014294011088257008,0.019444469198071523,0.07297292664303057,-0.0080531514518829,0.003141988021397868,-0.02505755171974844,0.017638742746069358,0.0142833963764748
2021-04-30,-0.015133356676228837,-0.001120636171800582,-0.016407900322233937,-0.00889229128549407,-0.013444243978380288,-0.0013069092623440026,-0.02057132042544385,0.04791723957558203,-0.006848383105084399,-0.028842905683807207
2021-05-03,0.008215426827510308,-0.023340170719312603,-0.004427297889658566,-0.0029256737083428463,-0.007690332072792905,-0.0012689221638889636,-0.011509394062378164,-0.034590632711300695,0.017803596488146445,0.027603234461137438
2021-05-04,-0.03538540454561656,-0.022034541333801894,-0.015471156743281478,0.013823584546934775,-0.013082005969296873,-0.016159723958942496,-0.03272276371781668,-0.01649874089928205,0.013402268654159055,0.006290109586441828
2021-05-05,0.0019555372897164247,-0.012479432999494278,0.003441937409431217,0.013120769198760263,-0.010491423198196625,-0.005327086074767395,0.0074733870345948805,-0.003948959080373515,0.002819794882033211,0.030072704571625364
2021-05-06,0.012802419910600937,0.010955401769447537,0.009754705523662865,0.020124558729826436,0.01587213168743573,0.013226701250511841,0.004460938634238909,-0.011029338520784915,0.005988104042932818,0.009512822857679959
2021-05-07,0.005327284546756017,-0.0044640578502762596,0.006237724275858225,0.003422638552029955,-0.0029374332018935467,0.010932124225092377,0.019916625473718863,0.013307460953421169,0.0064580940637122275,0.014297503626172992
2021-05-10,-0.025804428599507268,-0.03072052637375966,-0.025587355836433456,-0.00012393503776186865,-0.04108669948029808,-0.020914430508025883,-0.03689522597713624,-0.06444373139784076,0.007757934571514635,0.0024026193049710987
2021-05-11,-0.007410300337849174,0.010474816917876772,-0.009464436071109361,-0.016623377520014637,0.0018302104047713819,-0.0038433343244184126,0.0028388841648705476,-0.018822278764288325,-0.021834786554730812,-0.031799247816679976
2021-05-12,-0.024938439237919496,-0.022323796765424953,-0.030752447426494522,-0.006875250185366166,-0.012984011751403846,-0.029362821539751782,-0.03828729899459071,-0.044248212926854213,-0.015375513843030486,0.005358352887908868
2021-05-13,0.017919578272181047,0.0030235440044839024,0.013084960624638153,0.025722440171663363,0.008957170564662498,0.016861958899113016,-0.006777535446588989,-0.030853203980896415,0.007869465300015088,-0.012325158164614214
2021-05-14,0.01984498841359139,0.019430851184491837,0.02213504815867462,0.015541676740145283,0.034986488578449215,0.02106734145228306,0.042278685297894025,0.03157303299711356,0.003035079210460312,0.02478930680483704
2021-05-17,-0.00925877379670026,0.0147351540352203,0.004626037998820776,0.004024387890294356,-0.001519303100578795,-0.011968587003225228,-0.005441137442618316,-0.02189098294684022,-0.002854870766263673,0.023366576904342518
2021-05-18,-0.011245640232199983,-0.011653058569779051,-0.011555657304637701,-0.014088942941138272,-0.017434845371448904,-0.008565138835842645,-0.01057158338870301,0.0018029458511532592,0.004282619500680651,-0.02830015087141713
2021-05-19,-0.001281511832588289,-0.000148514828115065,0.003991222155375729,-0.007637864645957393,0.011711150771134049,0.002474094814443939,0.0035674762971840135,-0.02493638386588848,-0.0021444819779262714,-0.02399475087622205
2021-05-20,0.02101205993440214,0.004913709794237331,0.015606484860285041,-0.0017378941675455506,0.016008321008730952,0.013820330915053303,0.03887116266494517,0.04138712802336375,-0.002100260685130362,-0.0023737214383401373
2021-05-21,-0.014766989113772055,-0.013732853548741542,-0.005557207103055517,0.011378427972975391,-0.007469952161154425,-0.005314818168293267,0.02595354842344144,-0.010054917128925145,0.007317082750518011,0.0013596620622602362
2021-05-24,0.013314021339457582,0.013084215261017773,0.02916572304349585,0.005410241737299204,0.026562835103238314,0.022882132364173025,0.04137282779724849,0.0440022264046771,-0.0016518721149608728,0.01171090754227655
2021-05-25,-0.0015734090420356228,0.004332851226203749,0.0007751684258623381,-0.010334212747276639,0.009734207375620807,0.0037482466915335078,0.0022899164584226916,-0.002885668382965889,0.005110114451331693,-0.022647393020885476
2021-05-26,-0.000394095603370892,0.0018747562447005706,0.007380905364390067,-0.00012336051670436277,-0.00039661814238267645,-0.0009137391396575323,0.003339093421393713,0.023879957500782645,0.00038728240359242605,0.01167186665041453
2021-05-27,-0.012376788078552026,-0.010734558114025683,-0.007406632773035549,0.015571780444064487,0.01553437665655899,-0.008668350175174755,-0.013503118526567603,0.018929840154243482,-0.001234308450226318,-0.006447241409275661
2021-05-28,-0.005347943015386658,-0.0021794289420000723,-0.0024676883915635273,-0.0006691144778362412,-0.012081266505900135,0.0014840125537265436,0.04884455557027145,-0.008924522802159385,-0.0018896841862366953,-0.003244736020761807
2021-06-01,-0.002648428586256024,-0.0013714148069622345,0.010323124751757007,0.011020407731048287,0.001216888509543823,-0.00913166148580613,0.0012311594712719476,-0.002111268599623961,-0.01262404566752473,0.03580615024476996
2021-06-02,0.006276149704535161,0.004765962837133042,-0.004447334686178528,6.0224868136282694e-05,6.0892071655826996e-05,-0.0004040330677403947,0.031586954904599285,-0.030100952337768105,-0.0021390337401372417,0.00793915489689967
2021-06-03,-0.012154233288516503,-0.014526941142032901,-0.00970644927912212,0.0006621194567395516,-0.009448639495803213,-0.006429524384217289,0.011413226719060976,-0.05334476431283097,0.005198964063032108,0.0039384241684494725
2021-06-04,0.019022397878428743,0.006027657821926935,0.019590323226234663,0.0016251069658863582,0.013219269478171203,0.020674800918208724,0.03585808025735493,0.045754470575515294,-0.0056868067918416365,0.004413062732057771
2021-06-07,7.933946750826593e-05,-0.0025606925929613222,0.003647331925020314,-0.004686114645022554,0.01885873556719675,0.012041880061263832,0.0023184006607572805,0.010149431698305955,-0.013287706396547416,-0.006509112073582957
2021-06-08,0.006671950981929964,0.020669153552085318,-0.0016067579956779987,-0.003984198009286843,-0.00861608166947836,-0.0048854898591347284,-0.009194674188459095,-0.002544921741878703,0.003722741202694113,0.017690291336470487
2021-06-09,0.0030772579904341235,0.005220349302289318,0.003960844563406951,-0.0124849546951733,-0.010279140469223513,0.0040384818784542365,-0.005428750555031225,-0.007968981371759054,-0.0015930745039495209,0.008369588006447382
2021-06-10,-0.008023427956107998,0.02087684594544914,0.011291733383523184,-0.015588875847873496,0.0066916307074480486,0.014393295767233916,0.0038452577598424575,0.018938501740255687,0.0009722089300499004,0.001596108826472209
2021-06-11,0.009832673293342697,-0.0008418265339896758,-0.0020243891383807666,-0.0006854837485487097,-0.003609336753582215,0.00252690181934323,0.02297020933243421,-0.0003770180312155924,-0.008966583398753336,-0.00924313478587424
2021-06-14,0.024578084066514405,0.011067127216432215,0.007699009588906458,-0.01696916852875352,0.01663346417309053,0.007755119310834502,0.010855059396975397,0.012789221849023313,0.0031918512619666384,-0.0016083580586532253
2021-06-15,-0.006437817327226036,-0.0002186996793457352,-0.008379181520980716,-0.015168044743645859,-5.951066328702126e-05,-0.005887041521212444,-0.012778229211478087,-0.029675082579620482,0.002805984077699053,0.03641064496095581
2021-06-16,0.003933860909758113,0.0094941835711142,-0.005328808823175213,0.00702434036204469,-0.016837217678918548,-0.0037932197661018074,0.001222812199071388,0.009193155632698069,-0.007569643603152043,-0.0035757315057515227
2021-06-17,0.012601012051113747,0.02166464377780497,0.008039891505567054,-0.028860280676457517,0.01640083723949015,0.01367607210979327,0.047556744575662835,0.019392614586788648,0.00025151036689030626,-0.03291701075870712
2021-06-18,-0.01009187476253226,-0.0006706583139327593,-0.013409318671641968,-0.025303277998098728,-0.020356112116885483,-0.005634132347709264,-0.0009915824233655002,0.010882243306208794,-0.01649377011976727,-0.025649377741151946
2021-06-21,0.01410419407697705,-0.009446804682075038,0.014166138571185982,0.01696862039778191,0.007977857846786174,0.012334929110446202,-0.011347256717717857,-0.003978800587379316,0.022343732018277995,0.03625836893490475
2021-06-22,0.012697914940880795,0.01490466106187549,0.004252402568274638,-0.0014621771073727308,0.020283699034584268,0.01096609649410385,0.02493569459959266,0.004638983624974058,0.0015573697157038602,0.019172403746515077
2021-06-23,-0.0020895883678138105,-0.0004621896804161141,-0.0016635442572047188,0.006057810407207098,0.004601263204386807,-0.0009041387898038877,0.009027395015567041,0.05268476618207507,-0.007850699580402964,0.007367885921570672
2021-06-24,-0.002169078941817615,-0.015622946391951387,0.0030541883346391074,0.009198186602439096,0.007604331438178402,0.00535275758171716,0.007779516914907969,0.035411302984154513,0.008367886492136378,0.0040461540748299996
2021-06-25,-0.0022486026532266834,-0.013806561613952328,6.936766597154254e-05,0.010097584361687506,-0.0052741309229240585,-0.006261728458774263,-0.00908604768386212,-0.011694312026312215,0.015243107416899049,0.0021696874678842626
2021-06-28,0.01254590586374471,0.012474089136242261,0.00022461250416250245,0.0018176534568044023,0.041802255931207455,0.013961025495536239,0.050128769712205035,0.025079265670401973,-0.00861828250070873,-0.025518167170092143
2021-06-29,0.011500018366736864,0.0012340341405479016,-0.002150456583358884,-0.0012312825555682583,-0.010544342939670326,0.009973383602164931,0.0020892991510355063,-0.011557681931348984,-0.008369471334023326,-0.006189487815489447
2021-06-30,0.004621535500400675,-0.0023143032508132766,-0.0014966346964931931,0.009082510300417068,-0.011878895110528531,-0.001842166922650379,-0.0012111516166288805,-0.0015570796861552605,0.005877941638350315,0.007346164669659538
2021-07-01,0.0022633024356610854,-0.0020900020900020966,0.002907665649657165,0.00990099342028472,0.019211433877641904,0.002583769949685344,0.010473525685102292,-0.0026188230779431443,0.011112869366814992,0.0028534258043821925
2021-07-02,0.019596445148945874,0.022723749230608936,0.022973681269269353,-0.000960163936477243,0.0008749464994364242,0.022275531788732206,0.013606139173022225,0.0014456370513082906,0.011039689678129516,-0.0014227993493315383
2021-07-06,0.014718470985922272,0.04692710742205475,0.007444640967671834,-0.016791532949969934,-0.0054131215601122,3.591529910274005e-05,0.010323553685113618,-0.028457809785947474,0.0021985436093177047,-0.028494486558047427
2021-07-07,0.01795510033469716,0.005669564076709488,0.002250496977633132,0.001173068193845772,-0.0064914285514821035,0.00817519886378637,-0.015786295710324083,-0.02263562857139878,0.0034125535487821157,-0.015642787835634553
2021-07-08,-0.00919959073915666,0.009422227593882448,-0.011306577848628208,-0.017253519303167097,-0.01380919496897548,-0.008966357636153832,-0.023022031130095044,0.012658037290573132,-0.004153764301857654,-0.00446969457405344
2021-07-09,0.01305499307135416,-0.003234704202571881,0.003794662628842538,0.03199936119278224,0.013800112614718918,0.0018743121052930967,0.007410851535344598,0.006341837079579804,0.005268942051470882,0.018124623995726674
2021-07-12,-0.004203703067880538,-0.00021234814297532711,0.01160782615947653,0.014316031501929949,0.007819299712148453,-0.0022302717465250144,0.023054793831423392,0.0437628194032984,0.0095363123537211,-0.0009799802632397547
2021-07-13,0.007889384033221702,-0.011076947823728367,0.002882463491230558,-0.014873411452698604,-0.003029914984027049,0.013197287133044355,-0.012797334574431773,-0.0250255268170938,0.006008776773174018,-0.004740790113581528
2021-07-14,0.02410037885409566,0.0011747744165069296,0.0070321908506447706,-0.0034050116296328037,-0.012667035707643604,0.005445339169512398,-0.020172710735887334,-0.022676262535623493,-0.009078969771711964,-0.02217487845052113
2021-07-15,-0.004492162141380152,-0.013711143174944485,-0.009607128121731479,0.0021918522890878034,-0.009118949909581842,-0.005238458576910188,-0.0441120607878881,-0.004254796226577984,0.012803252256136988,-0.009742944724740688
2021-07-16,-0.014075974830662474,-0.01585423166667732,-0.0002755070365806356,-0.022835752479072435,-0.009580383749803079,-0.0009963675493213087,-0.04245703189292782,-0.009806316575730722,-0.0008332741121260812,-0.027650501110051184
2021-07-19,-0.026914450222298214,-0.006727030092302577,-0.018839241655825623,-0.03251901567014159,-0.012340127708333704,-0.013321564871094815,0.03407026387921808,0.003104482057777691,-0.02535143626677805,-0.03436847015368427
2021-07-20,0.02597388599167072,0.0066486136498793424,0.013096372364106879,0.018643199318522985,0.013978357182594658,0.008339064688793085,-0.008932478792930132,0.02209778342837665,0.009558386421227194,0.011020685345457082
2021-07-21,-0.005131637781349507,0.003361110852517335,0.01061337784842431,0.02104049869496727,0.013375764784772759,0.007446705493222794,0.042875600087696863,-0.007888019850240235,0.004044021164635758,0.03216569151771731
2021-07-22,0.009628739975315659,0.014735635895966048,0.006840195001377447,-0.012625740995439005,0.014325698781719076,0.01684442560023003,0.009479801115275466,-0.009202007847976312,0.0027251155036462915,-0.011253159541255386
2021-07-23,0.01198928460889892,0.005115384934792466,0.035769154812111736,-0.0019213607771325636,0.052962950365790684,0.012336445975899668,-0.0018372667519088726,-0.009056424875986235,0.004641885530713319,-0.001225682582791987
2021-07-26,0.002894315102790257,0.01180863619816197,0.007668401913605294,0.006704533440533567,0.007220235240405826,-0.002140287839018651,-0.013498415304284417,0.022133069927244398,-0.009959197789425667,0.02524526139683947
2021-07-27,-0.014900288974791454,-0.019846876786293155,-0.015928952086692538,-0.0013187264284064693,-0.012484497077123069,-0.008683561534370665,-0.0044575078528422685,-0.01952494819687245,0.0037723484962004505,-0.011114846762333208
2021-07-28,-0.012195944698138894,0.0010837371680696428,0.031796915602433584,0.0016507845165592006,0.014871754137964377,-0.001116634428475649,0.015358301920821438,0.0034120354402995545,-0.014285866779586986,0.006743897000617505
2021-07-29,0.004552421414643959,-0.008373940689987869,-0.002325504057161365,0.008569522011308228,-0.040077076089958696,0.000977855170132269,0.00815244992047548,0.04694118807422987,0.007112066403496264,0.012194970204876032
2021-07-30,0.001510274199914452,-0.07564890713277761,-0.007740610797717262,-0.007973760089404314,-0.00563766300490931,-0.005549480897520276,-0.00828997054029701,0.014541928508582602,0.00033980471456196426,-0.023078095787545716
2021-08-02,-0.0023307942617282196,0.0011690369463182027,0.0009498582696743085,-0.004019096890916285,-0.012208645156451703,-0.0003158955981262812,0.012872192011408101,0.032697928666004517,0.008126761082453804,0.00017376715489780814
2021-08-03,0.012644268095090005,0.01043374884144277,0.005750818051527773,0.011378085825916706,-0.002017528575167349,0.008075276932233644,0.0032915033472742383,9.862621233169833e-05,0.015232139815009704,0.01076760485162076
2021-08-04,-0.0027824314070055145,-0.0034222398904129037,-0.003719642976926618,-0.010792242433893873,0.021865612596948747,-0.002124343500740533,0.023164200994536976,0.001662548831768751,-0.0008533101698763312,-0.023367796984682276
2021-08-05,0.0007487787166446935,0.006340362999381677,0.008332886180070442,0.012628920082925932,0.011283839402801865,0.010505444703916345,0.017904466213578107,0.005218642492307302,-0.024552789382350282,0.006333442683184032
2021-08-06,-0.004767162680571757,-0.009197334693852421,-0.0037652689360793135,0.02840332092446629,0.0014875833145042705,-0.00020731712819122006,-0.013131543397344236,-0.021731523084098314,0.009557567611560902,0.01153862473881273
2021-08-09,-0.0003424485229966967,-0.0009177334401756498,0.008652838441071564,-0.001079146248086582,-0.005226628526915689,-0.003903851383991186,-0.0034863775843344547,0.020969779282747014,-0.010238105289211541,-0.011407003604822386
2021-08-10,-0.0033536970285225065,-0.006340816609805455,-0.0007740166087503164,0.012267240781434152,-0.001327335535030949,-0.006554791101254009,-0.017689031781787268,-0.005281893495678203,0.0022147893176998057,0.017133045902971933
2021-08-11,0.0017856388819079694,-0.008603643493863333,-0.003859577975965256,0.01193019517675964,-0.0032400161732277777,0.0017804764220343827,-0.011887951970089627,-0.0030563570472872392,-0.009811111190220267,0.0029218797487187143
2021-08-12,0.020773405099203668,0.003459810192938395,0.006714123471282418,0.003909318070032475,0.007473087426202563,0.009966736465316428,0.010457379554463131,0.020386528392057013,-0.00436553200529477,-0.002261435980611237
2021-08-13,0.001410373659183728,-0.0028848279463596915,0.0038887492538250967,-0.011187853895666011,0.0014616461354535204,0.010489819910210585,0.014217335033336553,-0.007033557040173943,0.009138976454333259,-0.010113492148789538
2021-08-16,0.013547924147489177,0.0015239472057770875,0.004225655786435745,-0.0065630140359304034,0.009306534740313399,0.005975815408334917,-0.011788953946969216,-0.0432254973537064,0.018405026718102402,-0.01462034682949187
2021-08-17,-0.006154216599562612,-0.01728702615047184,-0.01191529979744188,-0.012080853686241788,-0.022124609164938858,-0.005159846224405573,-0.02466131311848274,-0.02981764971635026,0.010953576861497227,-0.006792880208673191
2021-08-18,-0.025501039953202076,-0.012566487390164305,-0.008872063386106688,-0.009107478354953291,-0.008369260567450798,-0.006119291230563095,-0.02148226000559683,0.03497015710402862,-0.010574311888922772,-0.02105838685421413
2021-08-19,0.0023232047591545957,-0.0042078187123096855,0.0017051252749391566,-0.008355917469823892,-0.0009285470849416111,0.02077562281423706,0.039810467130349414,-0.02252568828990298,0.02532837506563279,-0.030520540691602815
2021-08-20,0.010156924997755334,0.003827154714335368,0.012894255239245034,0.002851965238864551,0.011967639433619004,0.025575259034519293,0.051419494042627134,0.010082056516856674,0.004253619130611286,0.00018981920797989105
2021-08-23,0.01025696137413723,0.02060035500127988,0.019006393450647696,0.012797290106593362,0.011075080242782587,0.0009527124881081317,0.05486173174597919,0.03827951753459802,-0.010123238037510696,0.04114520102796648
2021-08-24,-0.0006012695628130338,0.012220318769066596,0.008711572210689189,0.006190006141119975,0.005944618845650007,-0.006663370469307317,-0.007514490569471621,0.0031006472789958384,-0.00458422599860564,0.00819512405102274
2021-08-25,-0.008421269893748362,-0.0019965141547840792,0.005787162535846324,0.020612838971181935,0.00787954351676512,-0.002015678009334332,0.019272162996228026,0.0038250458739306215,-0.00866790862626865,0.001806454134407831
2021-08-26,-0.0055268880880556814,0.005098257262930783,-0.004493983931870282,0.005158015260203097,-0.010885300502969986,-0.009668747658647114,-0.006527303783673499,-0.01411697599720807,-0.0068852654715675365,-0.013523114988973517
2021-08-27,0.007184359904239601,0.01014175672465778,0.018124128140124096,0.00803685733391557,0.022641310489703415,0.00210655395139403,0.025738438379030004,0.015346011908018431,0.00458222566708133,0.019374695084259708
2021-08-30,0.030417216999456098,0.021476998866989616,0.004072907394165659,-0.016007286394082332,0.021549402315655053,0.012911936379877309,0.002297056297876132,0.02667435264494311,-0.0010987022027746374,-0.010937780680051357
2021-08-31,-0.008424736085249629,0.01438520002272603,0.0007399444477389494,-0.003053950320036969,-0.0033623447953369245,-0.005632422897079548,-0.013180903764226315,0.00658083407543808,-0.0048529874999651,-0.011602532783183128
2021-09-01,0.0044787025930046465,0.0023654092095504176,0.003580066145740801,-0.0014382995027358847,0.007037558421813417,-0.00016558478288486445,0.002501411376980789,-0.0022155233598404322,0.002594553997704363,-0.013756354991962483
2021-09-02,0.007475022651661556,-0.004564478889317991,-0.013280225857657202,0.004633461043935583,-0.01772017707606599,-0.0022529370355457434,-0.002005191924964622,-0.002315788147756681,0.015238941711021914,0.02436295328393112
2021-09-03,0.004230367643577537,0.004311086264728647,0.003157739916842983,-0.00604517256410908,0.002611375797100024,-3.326058592056924e-05,0.019959000446189812,0.0016111325842673718,-0.002005905039727307,-0.0038125819578445075
2021-09-07,0.015489162999989592,0.008982024369138308,0.0037638228976959454,-0.0017557878439284913,0.015733729756416404,-0.0031879484124880397,-0.007923678156220637,0.02637783858939624,-0.003831178546534697,-0.0058320094644235265
2021-09-08,-0.010083640793671966,0.004619174430729789,-0.004085907444353665,-0.00445953390327547,-0.012062180770237019,9.98923429607057e-05,-0.014252761673650083,0.0012617502122473923,-0.013887504812630902,-0.00916580416270063
2021-09-09,-0.006704838733590512,-0.011726004336084506,-0.0010436928256242206,0.004353282477759901,0.0011388140727641716,-0.009859755837928308,-0.007251906369825423,0.001313231087076927,-0.0020221810312794908,0.0007398927231239139
2021-09-10,-0.03310175376818136,-0.004308001431212238,-0.01856619101966861,-0.011495613825934115,0.0018253073670355668,-0.005180776804154963,0.013572752537060362,-0.024627038366134335,-0.02224646966392696,-0.00203374686998703
2021-09-13,0.0038932207572630606,-0.0034532897607970625,0.010338964844678333,0.01588708699046326,-0.005756574401271086,0.004328470860378797,-0.01450325576429945,0.00914066245943812,0.02626819642460121,0.025750304618496367
2021-09-14,-0.009561983375111938,-0.002073980962099431,0.0014893058753062682,-0.017452773806993394,5.306587912223826e-05,0.009427889679504142,0.004062703329533512,0.0020053498586631857,-0.0047765541901710895,-0.014267515442512368
2021-09-15,0.006143883972680841,0.007475391332653958,0.013224095671473979,0.006939578197741936,-0.006931556824490426,0.01677871533810782,0.004451321191843771,0.015231899000174076,0.012071407532830092,0.03371198244165674
2021-09-16,-0.0016107011693748952,0.0035819053548502566,-0.005674079226496209,-0.00044258358165794043,-0.002300107887796665,0.0013122145276200925,-0.00443159474026289,0.0015347617076681974,-0.0016284009538378719,-0.010634525021454566
2021-09-17,-0.018348024832871457,-0.007373319866162298,-0.019566928762478453,-0.0025934543225533124,-0.022355559058146124,-0.01752827268461532,-0.015376149460047839,0.0033025333532406,0.007964773183604335,-0.011823806713658458
2021-09-20,-0.02136093701718056,-0.03084174438431353,-0.014776141693870537,-0.02993374924069503,-0.024731347982757,-0.018574896377848038,-0.03593599215962329,-0.03860484330594227,-0.01775536884075235,-0.026649781225698055
2021-09-21,0.0034277115026815075,-0.0036057473697842513,0.0022597389165370796,0.00013057361384238853,0.0050041911474829615,0.0016988201395380376,0.006299326643393721,0.012613531089680885,-0.0008721772793233162,-0.0009311098112712024
2021-09-22,0.016872449573362314,0.01089234819407503,0.008994327792664514,0.01915281787415468,-0.039918501086899094,0.012822498616649636,0.03271184143152239,0.0169871810945057,-0.008827775132875137,0.029269078910740376
2021-09-23,0.0067195029588615895,0.01063594079605279,0.006647342961241254,0.03380145471807361,0.008012717157784843,0.0032823751015325087,0.02465721668433818,0.00226081461648886,-0.0016394168380992058,0.03387092936511604
2021-09-24,0.0006129565570103246,0.0027868730462519142,0.007074047871070466,0.011539715951395468,0.02023353110752235,-0.0007014364586460653,-0.017836682772289336,0.027533059916662994,-0.002328016101812991,0.00893457452429458
2021-09-27,-0.010550492418071378,-0.005756835077931344,-0.00803699128939872,0.024166195665673795,0.0017566336688759066,-0.017304011234260286,-0.019065977602257922,0.02191406322043732,-0.0044466170666158655,0.029692719759457642
2021-09-28,-0.023800822312949443,-0.0263784679831095,-0.03715841329719938,-0.005390130765738466,-0.03656881334156303,-0.036203571898396736,-0.04436744462594966,-0.01743835612317879,-0.016408815221364392,0.010455313058820082
2021-09-29,0.00648274239648039,-0.004475351789266391,-0.010870045653013083,-0.0007825658978064531,-0.0030529814557268553,0.0016928671903406745,-0.008792946635113097,0.004822778775393388,0.004490935301698196,-0.0006674858457953459
2021-09-30,-0.009311753262635003,-0.0048710792439015105,-0.005042851404085558,-0.013618933086667395,-0.0006476926414229478,-0.007323658922838816,0.009699367456077246,-0.0074618094773734045,-0.024150603920560676,-0.017702125243376776
2021-10-01,0.008127407213151194,-0.0005418778291703674,0.021447581012000727,0.021015754235989226,0.010666143459888033,0.02546809027559238,0.0012550782310851716,-0.0003352887910832436,0.004325247461659298,0.0358720320635435
2021-10-04,-0.02460579156816234,-0.028471678341373097,-0.021117761869672402,-0.001077286289762669,-0.048919803599185796,-0.02071952093532181,-0.04869332230669643,0.008139621398127295,-0.013811285331485235,0.012965945239728827
2021-10-05,0.014158493454534238,0.00978753803838428,0.01768276748193287,0.016330430196380696,0.020629434278057523,0.019957229534084853,0.03643846961763719,-0.001202850103416031,0.016588530079090447,-0.0016203058099831802
2021-10-06,0.006307190125790063,0.012732016728672857,0.011336510921393428,0.0021345705859536768,0.002042447401200631,0.015063826488328491,0.012175285029430771,0.0027671424905384434,0.002084548820870946,-0.01833826339045319
2021-10-07,0.009084695525373387,0.012391203105561077,0.012066732451364803,0.006330376113711678,-0.013247925314457731,0.00593665249086528,0.01811595375206343,0.013874260399496352,0.026506015168212826,0.0028104027885809124
2021-10-08,-0.0027219106107130298,-0.004181805261295635,0.004026071054647806,0.0007644911495370277,0.002521233693265179,0.0,-0.011577624939322906,-0.010231834522373306,0.009290406541627494,0.025057809603689085
2021-10-11,-0.0006300328733747085,-0.01286860335091844,-0.006234702738240783,-0.02103173208700848,-0.013937406380582718,-0.002102767050768395,-0.0065288291935516884,0.008211528565575943,-0.008495239141806832,-0.009971051573522405
2021-10-12,-0.009103059595961693,0.0003172745113595443,-0.017744641395342153,-0.007681161303871642,-0.005162270559052495,-0.00458811076914567,-0.0011599083021471834,0.01740026730336086,-0.004321025353059449,-0.005198440150450012
2021-10-13,-0.004239966657785699,0.011378601203982708,0.008303280132982538,-0.026366873933439172,0.00237854402108284,0.011711190768193935,0.012965066805503911,0.006652379022320076,0.0007688118917037468,-0.0027757617664999623
2021-10-14,0.02022584728257959,0.004743759227551214,0.025940874472045516,0.015341904039380738,0.012294116659408383,0.021733958372301743,0.03854030933945918,0.008926471099504285,0.041655395911200266,0.015228464178063339
2021-10-15,0.0075125557489181816,0.03308023939004423,0.0015374353567161325,0.019208364457365068,-0.011475176490178485,0.0048222946656995,0.005334627258958058,0.030195999501915205,0.018341235386624577,0.009516052170470468
2021-10-18,0.011806077301043327,0.011064772529006062,0.009974014683016286,-0.00036036262817740194,0.03257775853653477,0.010124597322497042,0.016466818212454104,0.03212224493643445,-0.008059225437975881,-0.0004792407211835492
2021-10-19,0.015080235847253931,-0.0007514424560826072,0.0032149282732876205,0.012128772929022924,0.013866543526827257,0.0030591612374479826,0.0030600342816842208,-0.006711860640270406,-0.0005652070163543188,0.01502554039609838
2021-10-20,0.0033610172061786514,-0.008446195751808605,-0.010248826530749322,0.013466036602470366,0.002323654608328063,-0.0026602848166722426,-0.008389486742529928,0.0017703140411262641,0.025236617244690507,0.00551178007969555
2021-10-21,0.0014739566749180089,0.005841756945129006,0.0008252515687108275,-0.007843663991878524,0.003227886569476812,0.010897399295952903,0.026648190006465455,0.03257101073349511,0.0165254408326847,-0.01816735882432674
2021-10-22,-0.005284954582650547,-0.028954833317208384,-0.030443381639817968,0.01345137776075922,-0.05051497032517105,-0.00514852980495939,0.0014981161600393644,0.01753910755951127,0.015555691171429187,0.006858979903929141
2021-10-25,-0.0003364703919206402,-0.004550989805058192,-0.000868702202775018,-0.004889935672065193,0.012569061507039292,-0.003331629051616103,0.01936124741084755,0.12661598362581983,0.0007346347038359458,0.019486619111875658
2021-10-26,0.004574822133226686,0.01677526160393561,0.013543399402994094,0.0026909207844043603,-0.039185876232993966,0.006425681094229585,0.06695143080764177,-0.006274050392506725,0.01145732452763526,0.023154441704907658
2021-10-27,-0.003147466374431418,0.004863638245470758,0.04959489933066874,-0.020828477918072852,-0.01136768516111275,0.04211405447557004,-0.010761716430401802,0.019078438805710585,-0.0025510006620305115,-0.02597190550850592
2021-10-28,0.024991649831451745,0.01594115275917063,-0.0025203491955970714,0.015074986258177825,0.015053694313306387,0.003651423376193952,0.020040178655631236,0.03775074872979922,0.004321744159656804,0.002806677820702985
2021-10-29,-0.018155730880317855,-0.021511245053778105,0.015063833416294248,-0.002758904312210597,0.02098308658834469,0.022414112567608502,0.02509902755922755,0.03431629436179362,0.0110442727293667,0.0024880384939511835
2021-11-01,-0.005607225019928497,-0.01610709978002456,-0.0307271405380517,-0.000529652603538433,0.019810297244369224,-0.006784991705740762,0.010169512330302721,0.0849102277797451,-0.013811838217900219,0.017992787853089665
2021-11-02,0.007115978252456356,-0.0016154097805501921,0.01348808134429813,0.0039458012378674745,-0.005757810352751247,0.01141594919551192,0.022224738102315733,-0.03027499529203259,-0.004558470210384025,-0.012341732941482553
2021-11-03,0.009798668720009118,0.021507811127532195,0.008014041694271556,0.0003515978341896986,0.010789868237999212,0.0026115871233483023,0.007461848151060435,0.03571673801973452,0.0117025502718473,-0.013730431242831909
2021-11-04,-0.003498516502189797,0.02748232410840923,0.011388213215073772,-0.01313548097845918,0.012755561236989177,0.007305106710480791,0.12042272343508476,0.013222297879683653,-0.0012462920850434545,0.007508268160356879
2021-11-05,0.0035823042378198,0.01207642928374364,0.003942395405719612,-0.0014260398845848954,0.015721312333450976,-0.0011291549276738477,-0.001644427817587668,-0.006358169933862068,-0.0020798665861709864,0.009470508137030764
2021-11-08,-0.005552639587089181,-0.008527948857282919,0.0012024499905629593,0.006009949279865756,-0.007357745441681329,0.002767082504930629,0.03535924444619676,-0.04840070953386311,0.014940406697151465,0.010765928801933722
2021-11-09,0.0024592827957157226,0.025007238016599764,-0.0007547733448802774,-0.007571211603300876,-0.009597874775781445,-0.003086024841438384,-0.004772279146741054,-0.11990303254359846,0.0037395396194639385,0.00973821804124575
2021-11-10,-0.0191631895724671,-0.026334994227121156,-0.020313436006427654,-0.0009533782074706565,-0.02304910893779366,-0.01532966508223177,-0.039077510535083126,0.043429451929624774,-0.009583167223290223,-0.019700611476468732
2021-11-11,-0.00033804583948049416,-0.0027425987825921982,-0.0008704012709187525,-5.957890939423116e-05,0.00030509321504457176,0.004927467857694934,0.03160321717977177,-0.004157528824601631,-0.0054577906433234125,0.0018696180876902613
2021-11-12,0.014336997456879219,0.015162029225161966,0.01997393808356951,-0.004474734986245732,0.04012334894122582,0.012905125921946814,0.0,-0.02829310201599211,0.003498131315294195,-0.007619417060787725
2021-11-15,6.665526583882198e-05,0.0058238044631160335,-0.001520274852605974,-0.0017980835138970974,0.01956634331387619,-0.0019305358396145555,-0.0120105847292159,-0.01938224449936754,-0.0178437098922668,0.008618041467041815
2021-11-16,0.006666540307814328,-0.001404486161877938,-0.0038800473565498983,-0.00720446418371401,-0.01323506798761065,0.010236028629429184,0.0059283942667076595,0.04079376842602822,-0.0026173595599536803,0.010097680309523405
2021-11-17,0.01649028748964443,0.0023441312596286235,0.0011564620609862963,-0.005382165674614248,-0.006385743846386682,0.0006786532731768435,-0.031189037506169526,0.032501208284666294,-0.0014900653694187582,-0.010919508950106738
2021-11-18,0.028535993786088953,0.04143700734081479,0.012100906185015026,-0.008633838925651283,-0.006103633117101603,0.006339972187160203,0.08249895935551654,0.006767610267700563,0.0011581138591347795,-0.010884672284652064
2021-11-19,0.016975916086966247,-0.005273114275827329,-0.006086603728748585,-0.013063494238817586,0.019516191442631392,0.005391549042169874,0.041357687604474336,0.03710391800920432,-0.021069229843665993,-0.0462193053826957
2021-11-22,0.0029276170545733393,-0.02828730052206352,-0.017622737773409725,0.021314933239022782,-0.012423802803992579,-0.009559590385996963,-0.031196195177022545,0.017422122080461122,-0.005591075104889209,0.013845305266725116
2021-11-23,0.002422065535082396,0.0020909577736383245,-0.003554271481146065,0.02391269766316717,-0.011026056557301045,-0.006326726313747422,-0.006571457708595574,-0.041352932727292124,0.021918004668732838,0.026337323428098136
2021-11-24,0.0032834602621174547,0.00010331533981333685,0.002318480143129964,-0.007844294477738045,0.011297322600268389,0.0006812731197429756,0.029231928437093213,0.006284772484400847,0.00677679119419583,0.005544168662086735
2021-11-26,-0.03167839404612338,-0.021184701669844985,-0.026943559455045785,-0.030127218384215726,-0.023280355367227945,-0.024356027947372128,-0.03583884455844388,-0.030537595031082,-0.022769839968092787,-0.035129339094298495
2021-11-29,0.021873586030041636,0.016267432688752415,0.023543649849299575,-0.004322484679811223,0.014739311067583305,0.021081357157676672,0.05945459208361448,0.050900227900227524,0.02748300391689318,0.005551189543754775
2021-11-30,0.03157753740130187,-0.015302274022490625,-0.024963770645443195,-0.014885792330036063,-0.040144373334265904,-0.017942500271548867,-0.020973211312491524,0.006833823403773698,-0.01721240204901786,-0.02841382982666729
2021-12-01,-0.003206191359925281,-0.0180634873037836,-0.0059620331014560435,-0.005918149116882376,-0.04271723321156429,-0.001542600476653666,-0.03786100509557799,-0.04346763456194869,0.0002701717799260539,-0.0008356552642084791
2021-12-02,-0.006129816614613093,-0.0018468889124809706,0.013572956894279509,0.021027242008586633,-0.0006759742975145366,-0.0017875924735337723,0.021981678718560937,-0.00949773919092467,0.003780710850747049,0.02492063862380922
2021-12-03,-0.011724550613743112,-0.013839076006382012,-0.00674647655288485,-0.018112875849530807,-0.011437247435387099,-0.01966665228123421,-0.0446054044524703,-0.06419876077133224,0.01068465644509331,-0.006364343864868061
2021-12-06,0.021502919677099497,0.011086219388703134,0.008123225158451763,0.011813475441077914,0.035946999936891766,0.009844827137244216,-0.02137296271903233,-0.005872086315763081,0.02401382634553073,0.01133206346886606
2021-12-07,0.035446484152502844,0.027986504263362688,0.028741587984618677,0.01504770725597826,0.015540966351456742,0.026763413063254582,0.07956832667184544,0.04235837141187604,0.010041283212359087,0.011204795373022769
2021-12-08,0.02278281888709799,-3.689871657430732e-05,0.006226542798531298,-0.011441242819816844,0.02400790176693035,0.00014945107765873544,-0.018533776929565704,0.016363195584229162,0.008886759046598192,0.002890717370846785
2021-12-09,-0.0029699896937690484,-0.011279643604146683,-0.0036979316431668963,-0.001555547118029188,-0.002238510520654824,-0.005582779213580302,-0.041978202707533385,-0.06095644581905246,0.009512430251670922,0.0025619206842397713
2021-12-10,0.02801325446803138,-0.011247564604614624,0.002458658717211959,-0.003988550458526863,-0.00021216299755977275,0.028339889240254434,-0.009576974245695036,0.013179927022311633,0.010373549723887265,0.006388829051846789
2021-12-13,-0.020674331209581176,-0.015356076499860039,-0.014695800731732045,-0.011888702361059433,0.014374315902213608,-0.009166770678676328,-0.06745477563915525,-0.04977243020772948,-0.00018821218765252556,-0.021901011873814435
2021-12-14,-0.008023265353977238,-0.0028071293797337082,-0.013162724309917384,0.007662303538981341,-0.00224212192482498,-0.032586917071250165,0.006249771537911064,-0.008174578197676419,0.002760665161885445,-0.0014604040341996694
2021-12-15,0.028509366366030298,0.024977573145925636,0.017608420360801125,-0.007478415868577559,0.023731105279844344,0.019217971819222246,0.0748843244837496,0.018236618133556703,0.03111841905927859,-0.004387619800255815
2021-12-16,-0.03926379053224671,-0.025641174633125208,-0.013630049181077464,0.015639363912426818,-0.019785805749600982,-0.02913488506553319,-0.06802570966158916,-0.050277132790258694,-0.003074535857737426,0.0016322302705986669
2021-12-17,-0.00650188596226331,0.00678920370502567,-0.018830573331223177,-0.022754594707657172,-0.003314251917525546,-0.003386001978652131,-0.02064323529877643,0.006095449446181567,-0.011646459153734412,-0.021834796769976128
2021-12-20,-0.008121900433423646,-0.017283556389377508,-0.0008327852577348915,-0.017989223636945773,-0.02498593717877906,-0.012013408483629195,-0.002949518335727208,-0.03498927121736173,-0.006959175491028757,-0.014492617184998724
2021-12-21,0.019086770966846522,0.019978649621920752,0.013173909432416586,0.013966548751833896,0.026885939010989013,0.02306905068883025,0.04891946378864209,0.04288056302579579,0.007194085639739445,0.02265031025734765
2021-12-22,0.01531886604216437,0.0036381058820253998,0.020509074490781654,0.003908057520651376,-0.011220888201407986,0.018057405286630246,0.011177921814432779,0.07494705523716627,0.014203353183487977,0.008099178161161458
2021-12-23,0.003643484272387809,0.0001841364158221559,0.0034252552487006316,0.003573751290384175,0.014495163698274416,0.0044717162967828905,0.008163274603373516,0.05761886305530961,0.002529623611588372,0.0004919097068809553
2021-12-27,0.02297485271740718,-0.008178022851368039,0.006738480927825252,0.005722888636209289,0.032633592956160085,0.02318586148759816,0.04402839385401469,0.025248391499066658,0.008316814778109416,0.01425755912675264
2021-12-28,-0.005766961331221898,0.005843719029521299,-0.008245104810530868,0.0030349696405225224,0.00011569710976888636,-0.0035044336043762447,-0.020132566623384696,-0.005000275342793459,0.006886928694798566,-0.0032316127560869656
2021-12-29,0.0005018607183160384,-0.0085549217086347,-0.00021818101678228174,-0.0005043699785119982,-0.009473794657385848,0.0020513645690134474,-0.010586408013026238,-0.0020947102761840197,0.005249073394913095,-0.008753250214790675
2021-12-30,-0.006578218605373776,-0.0032890070546229833,-0.0030989725094906495,-0.0005044076862928959,0.004140620034622344,-0.0076911402909100035,-0.013832852805382045,-0.014592268383646134,-0.002274472175187392,-0.005887104144451483
2021-12-31,-0.0035350396361695235,-0.011429400216389607,-0.009223787727371424,-0.000820387964114655,-0.02326055419921813,-0.008841339217020572,-0.005914930314721123,-0.012668840823859995,-0.004539699491980853,0.006579881779047225
2022-01-03,0.025003905980584218,0.022118320898886212,0.000963167018134703,0.02115612066435202,0.006511053789942656,-0.004668151999196679,0.02414061449948779,0.1353166841897706,0.00027876045046903997,0.03840495388897214
2022-01-04,-0.012691341681623336,-0.016915587005979504,-0.004082964791329857,0.03790913161221354,-0.005937320713438776,-0.017147150472873185,-0.02758877234689161,-0.041832696836128,-0.02265671112568135,0.037614074102257256
2022-01-05,-0.026599994992843934,-0.018893091563845,-0.04587625623788005,-0.018281974713408644,-0.03672770783667634,-0.03838777481374234,-0.05756225783141067,-0.05347121367683638,-0.0024648368923761987,0.012437360628013927
2022-01-06,-0.01669366366297176,-0.006710981961323137,-0.00019955614958089285,0.010623981011287587,0.025572809858067425,-0.007901719832701826,0.02079404755113523,-0.02152337383085412,-0.04092393557870444,0.02352098403446301
2022-01-07,0.0009885007321117634,-0.004287778294336242,-0.005303262958428201,0.009908313135108537,-0.0020149614592320786,0.0005093503765318808,-0.03303982885152312,-0.035446567451716815,-0.02352807385764244,0.00819653619994587
2022-01-10,0.00011613666309240323,-0.006570176170610398,0.012060730137736453,0.0009573451916300435,-0.011212017235239458,0.0007325574908045862,0.005615054582108536,0.03034195341380186,0.013955335940143865,-0.005952410409750808
2022-01-11,0.016783881522425714,0.024002125643924677,0.00769085598642083,0.0010158617602900044,0.019203186151852902,0.0022592874185263234,0.015219009110805315,0.005935024657598653,0.008602351940521391,0.04206212766269646
2022-01-12,0.002570445912452035,-0.0009373300985386912,0.012126251026054247,0.005671953587097489,-0.0033197811892508033,0.010445072927274701,0.006542905722301429,0.039289748931841784,0.010063818493540877,-0.0029431405413570255
2022-01-13,-0.01902836731991342,-0.024169655027437842,-0.020105097002151462,-0.0012468783661633287,-0.020344287371661718,-0.04232263754745014,-0.0508589614476177,-0.06749107331435766,-0.013277720823131056,-0.007169085868258929
2022-01-14,0.005110871324814914,0.005731487003565627,0.006447130332203566,-0.06146338480876412,0.01660117850404097,0.01771677178495734,0.0138099179527853,0.017497758575059086,0.002695568347163446,0.017556332958221565
2022-01-18,-0.018894380904465824,-0.019862738846190164,-0.024967632016728136,-0.04192781483520358,-0.04142825009681361,-0.024339297819274797,-0.038564271857098764,-0.01819724123253097,-0.016428727312342573,0.01683585901798157
2022-01-19,-0.021024618619271185,-0.016477101806013472,-0.006481574132473522,-0.015469115646811749,0.004526248584095782,0.0022468200637340008,-0.03227429378814861,-0.0338278969185718,0.003318762497043437,0.0004105919717425355
2022-01-20,-0.010347094626494968,-0.02963230963415675,-0.013388488563565004,-0.008527637380949527,-0.009480730577174357,-0.0057032370453414805,-0.036581805319450766,0.0006227038828787723,0.0010379173598278335,0.0021885570014377187
2022-01-21,-0.012764997376352949,-0.05950180896147472,-0.022174442535463856,-0.017472273602224475,-0.04229835216116018,-0.01846829999113886,-0.03213264031429086,-0.05256606712507206,-0.003952318312465342,-0.015012997131718109
2022-01-24,-0.004864422521274059,0.01332698348311534,0.0034714550031762492,-0.0008961211931779456,0.01827322209492932,0.0011484251907296628,-8.570646232453072e-05,-0.014726129872195681,0.002385077290596893,0.00859075957165456
2022-01-25,-0.011384537882637935,-0.031533745543573244,-0.029578643162913698,0.010899836504809857,-0.027728157136761244,-0.02658824794407344,-0.044839946859075996,-0.012473124842489969,-0.011746325470355923,0.02939960411345388
2022-01-26,-0.0005634338747825263,-0.007954330670553511,0.018103809436087026,0.009486470104938194,-0.018391031188863538,0.02849315297579058,0.020068318884887804,0.02069905258271132,0.0034803810252304057,-0.010142634254787897
2022-01-27,-0.0029430900528232273,0.005508645722495764,-0.001764269907208793,-0.017644742506658817,3.406339406608616e-05,0.010548871434853835,-0.036360576395104816,-0.11554175561970448,0.006914892503540493,0.01280833778609014
2022-01-28,0.06977765912847911,0.031084056738273746,0.03368872419307367,0.008946442223867868,0.02399527642495336,0.02808191329033649,0.04083123662015642,0.020805692766870276,0.00966189670138018,0.002129997304813669
2022-01-31,0.026125690040235794,0.03886361030218932,0.01464176540667328,0.013573553218936274,0.038282027952212916,0.008823720503381205,0.0720664366428927,0.10677611383930952,0.013968328892834725,0.009032502997488256
2022-02-01,-0.0009725989332515228,0.010830762802234384,0.017298050792132313,0.017159952590831917,0.0183235358256415,-0.007138921087492034,0.006207800622725745,-0.0058395266373975074,-0.00880283884567834,0.06411302451030232
2022-02-02,0.0070442059755242425,-0.0038427158906232384,0.07523761507208304,-0.008005161031858221,0.012538989822330704,0.015222424415749058,0.024514921452490013,-0.02747919159891432,0.02427343283016925,-0.0025979041642043565
2022-02-03,-0.016719858463181247,-0.0781276325178123,-0.033175724182807786,-0.008270091756835574,-0.2639009245965088,-0.03895235582129064,-0.05126360243294603,-0.016032495024879134,0.018737791074374455,-0.01165976582997641
2022-02-04,-0.0016791304191483558,0.13535901735711864,0.0014188083988981859,0.025958234855656848,-0.0028178457130904055,0.015568508210862086,0.015491792937918136,0.03611110968421327,-0.011457462638164162,0.021712067040389194
2022-02-07,-0.004234706566112023,0.0018777353189827206,-0.02855684252955848,0.003343220796936608,-0.05137296957307147,-0.01631076542887111,0.01681816407983372,-0.01730718642133755,0.001097112428032565,0.012037837737775003
2022-02-08,0.018466757527957345,0.022021627828944013,0.001422284289647413,0.018814743177165028,-0.021030578129077493,0.011995643815470913,0.015367113938219434,0.0161571905234128,0.020074399289871536,-0.025852750551138004
2022-02-09,0.008293653091873132,-0.0013877341505965646,0.015731903225902677,0.004167862266071909,0.05368319094413798,0.021834662768144497,0.06360513590230066,0.010845920427172029,0.00950524542966491,-0.004787204555086855
2022-02-10,-0.02359877149951084,-0.013561706274733853,-0.020990093842939928,-0.004150563289952891,-0.01693956241360217,-0.02837303303313099,-0.03298999829333171,-0.029452771017468238,-0.022846777806773133,-0.009620239631137673
2022-02-11,-0.020218202201238267,-0.03591110674363196,-0.031290478627284846,-0.013016886520004323,-0.03735694671722045,-0.02427418044436569,-0.07260671150964515,-0.04925102969626416,-0.017648766138551264,0.025178796397197223
2022-02-14,0.0014230362386697948,0.012221683270054351,0.009260357888792425,-0.009290426626754389,-0.008426314027114246,-0.00013533438889856697,0.013278170472988293,0.01832566437213501,-0.007801088439950532,-0.015334263788758795
2022-02-15,0.023152312164146593,0.008658352201907249,0.00798748990063003,0.014623762468316981,0.015158534369323684,0.01854213729885923,0.09181190762441704,0.053290764282768466,0.008073151596916128,-0.012535130751718082
2022-02-16,-0.0013886782094899575,0.010159039538768955,0.008268005486085528,0.001809561188589992,-0.020180984312106576,-0.0011674765868232573,0.00060372924130081,0.0010407532409399955,0.0038057611473858444,0.004615999614129507
2022-02-17,-0.02126927006573298,-0.021808901106176726,-0.03774569268724148,-0.02303215963631633,-0.04077772583031214,-0.029281946342659793,-0.07559123813018354,-0.05094269900666093,-0.020227102179988465,-0.001531521197442376
2022-02-18,-0.009355856218724257,-0.013261957754408193,-0.01611595253277398,0.004688536121293385,-0.0074625101480400025,-0.009631053304938408,-0.03529612094942147,-0.022103035296720752,-0.005378959377891679,-0.011121098752444603
2022-02-22,-0.017812091139089437,-0.015753494788264932,-0.004520376400547033,-0.0017746613577316328,-0.019790363619503037,-0.0007290234155457043,-0.01065895684111462,-0.04136624223452856,-0.011329506607923867,-0.011633805275369502
2022-02-23,-0.02586451462460926,-0.03575624663287669,-0.017143889181665095,-0.020938788753741888,-0.017963124954868293,-0.025893432747487344,-0.04288167092956208,-0.06997917599526948,-0.00624853014586324,0.00405427577569073
2022-02-24,0.01668026482341234,0.04509522427819257,0.03999582534750057,-0.02784326798408565,0.04610730473540858,0.05109392534930013,0.060794489290034504,0.04807345500262783,-0.008115473440776011,-0.012635152517010861
2022-02-25,0.012965640850425508,0.01605793012842116,0.013328220956760672,0.023659642331730346,0.013872784710545094,0.009232827017013001,0.017222299524565,0.011364031324829549,0.04356319965181732,0.026912907450779455
2022-02-28,0.0016377456216212227,-0.0014662630028149382,0.004443534132334559,-0.04169757923017525,0.002613146264082822,0.004977957423415669,0.009438320824494362,0.07477746853358713,0.0002522809270193438,0.007451327020078891
2022-03-01,-0.011627925654067228,-0.015765550251120253,-0.0073709998095358165,-0.037729225218655515,-0.035729452277115326,-0.012851441810517339,-0.03723582429786776,-0.006962143345558558,0.0007985838002226853,0.00956366006032372
2022-03-02,0.020588412148336177,0.0060241839623909055,0.003804385831852164,0.020740167140978594,0.022703769813698926,0.017765378319041236,0.031823522656858616,0.01795529711451649,0.019170589985047837,0.017178324276548862
2022-03-03,-0.0019814611519713976,-0.027319556126581324,-0.004993728954476473,-0.007108005892843106,-0.024698499723113332,-0.014224296886087395,-0.020891720670922376,-0.04614210448825773,0.0024928682424538717,0.006332955961151132
2022-03-04,-0.018408124934419234,-0.0152637929917393,-0.014884382929165052,-0.02812942727942669,-0.014337123602158885,-0.020478572270346995,-0.03280771969883001,-0.0011915196265851469,0.024784812826194713,0.0376356687719579
2022-03-07,-0.023717640606535917,-0.05622045424233624,-0.04190838130280594,-0.038615888792891684,-0.06293122457970679,-0.03777678409856833,-0.06906174718968894,-0.04021280504200253,-0.023623760638997515,0.03603299915109237
2022-03-08,-0.011675985072790884,-0.010465446730283379,0.005744592940949422,-0.007042772688260035,0.015042432183512089,-0.010971243569624978,0.007587147095789781,0.02463394210323222,-0.027543366620967458,0.007575778406113898
2022-03-09,0.03499733485859302,0.024001199930983708,0.049687669048185334,0.04006233085627087,0.04314461631847322,0.045858318883501115,0.06972204867789467,0.04193357517885765,0.025577683066845047,-0.056846812646402234
2022-03-10,-0.027186186428563963,0.05412515560997311,-0.007424053846774248,-0.011840398228479487,-0.016574193623431155,-0.010086799416045289,-0.015468808642383203,-0.024063755330148706,0.012088797659195016,0.031042481220935336
2022-03-11,-0.023908479609661692,-0.008806846762653975,-0.019323417670827903,-0.022524084471326034,-0.03893244829349507,-0.019328292722746054,-0.024626971210979454,-0.0512345859010529,-0.014531103723790184,-0.005154653640722318
2022-03-14,-0.026562520165974046,-0.025229488143872714,-0.030180218143145865,0.00993094510678505,-0.005223586759529386,-0.012961291874540648,-0.0348417125848699,-0.036436802368687404,0.010458436765681478,-0.03579845198537546
2022-03-15,0.029677374447355298,0.038867730338306705,0.025779858282585444,0.01774616748872182,0.028934362796157354,0.0387427453385234,0.07702768090211931,0.046348355546253384,0.020474795125934975,-0.056912442845709954
2022-03-16,0.02901535796522814,0.038933563723705156,0.031598889511122774,0.044686064014368476,0.06040723905732004,0.025213501692493256,0.06629532674293648,0.047812040425278646,0.000702934732629279,-0.0037555193335081505
2022-03-17,0.006453873981409064,0.027007748989816838,0.0041903925894271055,0.012644318001264532,0.020674694226878287,0.0028192866622660517,0.011022049174611581,0.037335010469022656,0.017581154345972738,0.02664791150676815
2022-03-18,0.020918925214150397,0.025512151358369817,0.017084072333446,-0.0003567814255676094,0.041618508668439747,0.017647851518787006,0.06811768205532731,0.03876779427650434,-0.001774957443254399,-0.003925365483945842
2022-03-21,0.008537866768253188,0.0014945523217748669,-0.00017641646589872106,-0.003212117897093303,-0.023095577402233336,-0.004227463849580393,0.01062275780209121,0.017417963888751054,0.0030425976050747483,0.04487086447211874
2022-03-22,0.020800398025494715,0.02103830044237709,0.027674221639894858,0.021267523581386616,0.02439809554253425,0.01637919588649228,-0.007855274717434746,0.07905243778179138,-0.004609162588098181,-0.0043794766430430565
2022-03-23,0.008233666644579696,-0.008981816492546923,-0.011385868799571708,-0.019912877119263928,-0.014724143014719582,-0.01502976618326568,-0.03355450517263703,0.005161136057840299,-0.0041361076972006305,0.015762335304686736
2022-03-24,0.022678093095526375,0.0014779010051912955,0.023840134022475645,0.006510144976430876,0.028623686284283023,0.015393001485107805,0.09815069286981748,0.014823128420135223,0.02032859392640818,0.003007623275360638
2022-03-25,0.0037338688976429335,0.006868294014676479,0.0007133136845860477,0.008742601124068772,0.01024720431370918,-0.0013812462568028039,-0.016269813897429986,-0.003234937980317265,-0.0008373431796820929,0.021827641045929047
2022-03-28,0.00503679439606497,0.025592678900108856,-0.0015351390703650658,-0.007398604855495816,0.007979378025150474,0.023116271632749763,0.019030517372005784,0.0803450783611821,0.0003312049183479271,-0.028051659997865297
2022-03-29,0.019134468403818827,0.00192027764251268,0.007422830929376456,0.002200581359560916,0.028042491774025624,0.015159470027676258,0.015486141024738886,0.007079858095940583,-0.0048130321150827715,-0.00531338288090899
2022-03-30,-0.0066496895890342245,-0.01780118433038691,-0.003978652188496357,-0.0045332186826895216,-0.008744275251339806,-0.004914229695122896,-0.03371006596798831,-0.00507475414515135,0.019756489391308696,0.017117906601713306
2022-03-31,-0.017775706210127584,-0.019864567358571672,-0.020227054927787758,-0.030026896807913595,-0.024094957085314284,-0.017683024179720785,-0.01459028992384015,-0.014981813142339484,-0.02083286612928381,-0.014203988892656505
2022-04-01,-0.0017182009301516254,0.003450973226124532,0.007787399887356772,-0.007409243860051373,0.011198257976458015,0.003600186281361939,-0.021036380590474746,0.006486599368272561,0.005137631393418607,0.006417665843949649
2022-04-04,0.023693537529707376,0.029264484561530857,0.020128459759226836,0.004434332070879066,0.0402043580912157,0.017936664282864,0.024258729607615992,0.05611341298759176,-0.005013726551239328,0.00048074798580044487
2022-04-05,-0.018942105000861242,-0.025492089193307588,-0.01665025200198078,-0.011637221029129008,-0.00876491737524876,-0.012985115332739827,-0.052229575307468634,-0.047308971544201106,0.01517564692481388,-0.005170465105014954
2022-04-06,-0.018450676472520078,-0.032300120131985244,-0.028757261336049722,-0.013874464323033187,-0.0368356615499017,-0.0366061420909094,-0.05877125795824745,-0.041694894294368345,0.027020306714446107,0.011120376751222016
2022-04-07,0.001803926909544895,-0.0061194323502751224,-0.004829566112429795,-0.003041906803343264,-0.0015674033053197922,0.00624407819390993,-0.008153361770529388,0.010996816105212748,0.009779382355974198,0.016736439394349212
2022-04-08,-0.011908877033807053,-0.021066740550443774,-0.01914092573552373,0.01830816444821659,-0.002780919546165883,-0.014600149665354945,-0.04498523844072988,-0.03004944796541842,0.01677948993481926,0.02104645937292804
2022-04-11,-0.025515720651390295,-0.021613947156313595,-0.0334912425030488,-0.0036709278270876666,-0.02640216248116234,-0.03943141624587787,-0.05199173745817198,-0.048328086073804455,-0.015605281015742323,-0.034430847898324735
2022-04-12,0.011523203692153983,-0.002213363562407644,-0.008608781108492503,-0.010977483486272477,-0.010717918493757028,-0.011218026835811079,-0.018843833581836722,0.011291813566499442,-0.006940276273962209,0.02087024515356295
2022-04-13,0.01634258335182781,0.03152445706895657,0.01706555276081323,-0.03223346434748031,0.003969389245550792,0.019712244531731926,0.032505359986477744,0.03588835603591267,0.006164290832074704,0.014135502152719859
2022-04-14,-0.02998849121367797,-0.024652684274885983,-0.024358449256534298,-0.00926953853955137,-0.022373129447961104,-0.027084316672132625,-0.04256181866009401,-0.03655231880843268,-0.004059466505576648,0.011749943252911788
2022-04-18,-0.0013308725719716197,0.007109164667870926,0.007468618277376438,0.018553915228650908,0.002807143664310452,0.0024658951476708157,0.02469684642165526,0.019583733431163042,-0.0013834914905649365,0.008197897048894509
2022-04-19,0.014115274648448528,0.03488883060861969,0.018268565773444045,0.020706876396709095,0.031029128564771247,0.01703972480622573,0.019051527588580308,0.023758093445249484,0.006777726249000304,-0.008921958710992994
2022-04-20,-0.0010156760625246175,-0.026041044919075107,-0.015144965040653546,0.003508393407278154,-0.07772311178613667,0.003715244247555427,-0.03225517327917027,-0.04955503671370076,0.015454746272320019,0.002278976760361262
2022-04-21,-0.004843406987339427,-0.037026427673936824,-0.025191235898967435,-0.007752243744918119,-0.06162075379332077,-0.01938117915492621,-0.06046940120400379,0.03231684066245499,-0.015695637392918682,-0.01057294929537378
2022-04-22,-0.027821263459168688,-0.026608937569704394,-0.04149366513613151,-0.028722295907829043,-0.021055715882881576,-0.024144717154520712,-0.0330971698389515,-0.003697576672395231,-0.03070104273889307,-0.021831623415811685
2022-04-25,0.006737082429141283,0.011943186356370372,0.028741481717862172,-0.00031537684824978207,0.015642599157247083,0.024413837983541464,0.01983120079647116,-0.006994645387893739,0.006392350434744953,-0.03371301985433672
2022-04-26,-0.037328062876140544,-0.0457507730510871,-0.035945795342897324,-0.029581124881871923,-0.032300979148820685,-0.03740406757866943,-0.055974482697499495,-0.12184121881948873,-0.020008927651597785,0.0003648698990206256
2022-04-27,-0.0014665127353979956,-0.008781047317448887,-0.036708907976351624,-0.013005993125897009,-0.03315841109049378,0.048109269578991976,-0.01985301866668021,0.005807678470473254,5.8373944645362386e-05,0.02855728637532784
2022-04-28,0.045155592561466396,0.04653418536434306,0.03699225079545032,0.01581267202623393,0.17593587380996278,0.022632548931409646,0.07423302246343466,-0.004537702888526063,0.02064968527107136,0.030245842398183287
2022-04-29,-0.03660514421145833,-0.140494377749234,-0.03723344702450382,-0.03226853970530963,-0.025567452319998796,-0.04181216868000881,-0.06243081858381838,-0.007692220213591394,-0.03026203842448405,-0.02236218335018547
2022-05-02,0.001966480469041798,0.0017580913238786078,0.021676611622867048,0.009131989586947054,0.05317517368808122,0.025043285522376557,0.053162373661629125,0.03695628471433299,-0.014551139290158721,0.013606675455126505
2022-05-03,0.009622877695653287,-0.0019799044812061073,0.006441702784564685,0.021419841222904745,0.004262633703524088,-0.009456064457790903,0.003532572899899611,0.006988279761963367,-0.003053086936607774,0.020599602220100932
2022-05-04,0.04100798706339326,0.01348046853293483,0.041991192617700124,0.033081312546535235,0.05367162178888951,0.02910066946310308,0.037343187519921495,0.04769864576468552,0.01601225080389468,0.03980025327488779
2022-05-05,-0.05571570135166182,-0.07561036490424522,-0.04707555867816615,-0.02501972446136791,-0.06772302107862904,-0.04355461287349405,-0.07327621973994058,-0.08328615317548016,-0.02541274100743085,-0.015158076628730588
2022-05-06,0.004726895826273836,-0.014041240035030156,-0.006514697361788335,-0.0016138650463095594,-0.02165358782423843,-0.009446650811279933,-0.008968402727687397,-0.008737180698190294,0.00990454325704837,0.015280860198490176
2022-05-09,-0.033189437391398346,-0.05213354825727934,-0.027953193360110817,-0.015033898791863565,-0.03710049063987597,-0.03694525905781143,-0.09236954497010219,-0.09072948807249681,-0.02641993976956636,-0.07885281457538373
2022-05-10,0.01611197931660624,0.0006434445934944133,0.016744807413780816,-0.024372242095261898,0.007338971208802336,0.018595214713452934,0.038053069878180024,0.016427173986372612,0.0032685852115985625,0.006630415075328466
2022-05-11,-0.051840964955025326,-0.03203225709010704,-0.0069275106304971246,-0.006308308521651762,-0.04507963946070037,-0.033209690670032765,-0.05484495936498324,-0.08254582843646041,-0.0038113149939307256,0.020818780480118315
2022-05-12,-0.026894371794905836,0.014790404884573283,-0.006676904324648292,-0.0008465910175788904,0.01324567313420788,-0.019957623724004003,-0.02736049761795034,-0.008174386751047313,-0.015118783460816854,0.0045395859294099505
2022-05-13,0.03191629910455185,0.05727556035084924,0.028415444867563755,0.008895372578590521,0.03859038335634524,0.022596397938340562,0.09465232248830913,0.05712909369145702,0.01378449120358205,0.0296638844107715
2022-05-16,-0.010671886405448916,-0.01985316173972196,-0.013834658097127472,-0.0069694990952909874,0.0071490963385061335,0.0014553316297147845,-0.024963305146139203,-0.05875856161837267,0.007869776304196607,0.023520060041712476
2022-05-17,0.025422396263553804,0.04113327357999652,0.01772032371379062,0.03314725890757875,0.012897653738772163,0.020343822778177367,0.052884643087472316,0.05141017778952928,0.006765948415367484,0.012754577366665076
2022-05-18,-0.05641910349819379,-0.07156196640827217,-0.03926654792624562,-0.017105943995394113,-0.051228904338733616,-0.04552933375024837,-0.06816312513622724,-0.06801379812405906,-0.042941578873892716,-0.015850791714862922
2022-05-19,-0.024641537558310223,0.0019278532990965047,-0.01354342212604498,-0.014822213795387507,-0.004941881111243052,-0.0036994501040950034,0.010981675822863357,-0.0005494634476534976,0.015210549841162546,0.005405477148450855
2022-05-20,0.0017472668402553904,0.0025345295167615856,-0.013371442023288882,-0.008198714792572503,0.011762296566014241,-0.002291366292847097,-0.025111376601160806,-0.06416505716141863,0.015003752696280959,0.007899753312778701
2022-05-23,0.04011941985717438,-0.0003160506951839226,0.023689681309885913,0.06187147358690348,0.013898919967935575,0.03203205845936696,0.01222006452613944,0.01656871415985961,0.01307294406357462,0.022098773009536776
2022-05-24,-0.01921597305921119,-0.03214110432537598,-0.04949415645035615,0.014125157031264157,-0.07618616931985589,-0.003951732475428238,-0.04402864115716665,-0.06925464690507588,0.011136616809864774,0.005432205789270617
2022-05-25,0.0011397534896002703,0.025696475417555487,-0.001557131992104055,0.00696420798425601,0.014066551215107248,0.011170084571228145,0.05082319442044669,0.04877737911795821,0.0010650904759943458,0.020127119136815752
2022-05-26,0.023199601069255005,0.04029499229486544,0.018784853771385723,0.01729024134771473,0.04243077264710893,0.012874957334358506,0.051604965653038626,0.07427138936829314,0.008311876331892343,0.0035305346470075882
2022-05-27,0.04075660594568964,0.036632083603781895,0.041969306648674154,0.014137817829013688,0.01826426139859616,0.027604603362020752,0.05377873471294459,0.07333306253742577,0.009716625680899815,0.009830344654109924
2022-05-31,-0.005346085428054814,0.04397010379074828,0.012869791139842546,0.007312913765888274,-0.0076358092055056614,-0.005013671336039138,-0.007389201136825174,-0.001803563389055185,-0.020370456276854076,-0.0162926584408164
2022-06-01,-0.0008734395967587849,0.012266042992872705,0.0011428317029944512,-0.017544979158791718,-0.025821147843456238,0.002022966551891603,-0.01885180229377259,-0.02359349020027357,-0.008514776679135472,0.019166674976125897
2022-06-02,0.01681141389816454,0.03145034300738625,0.03275475278682727,0.016087897632059533,0.05417706744453099,0.007928672341206422,0.06943247629052429,0.04677398003874078,-0.0005887372533762703,-0.001737751410711308
2022-06-03,-0.038555826799356874,-0.025185068024527135,-0.02619812751513073,-0.013939248513302971,-0.040631430916140965,-0.016607048875003527,-0.04450814544202564,-0.09219359988526965,-0.013508986598454675,0.014538810233247768
2022-06-06,0.005227773443862382,0.01994280728922404,0.019901062853614038,-0.0033036947473878975,0.01818846502926097,-0.0047035207825048,0.0035256498692444183,0.0160472016783606,0.009410716145653808,-0.002522784604712447
2022-06-07,0.01758579644992264,-0.014344105316090427,0.002816176457023145,0.0026208884297980184,0.007207151380766552,0.013953598300564973,0.007452497115559842,0.0025460558898939833,0.014117305759746568,0.04583168883547506
2022-06-08,-0.005043141323609612,-0.014796745486375773,0.0003800248330196876,-0.01591450231973479,0.005060225797568929,-0.007669479137590307,-0.01448067964047317,0.012474516432601446,-0.0071817102177968994,0.011802108385319032
2022-06-09,-0.035955987215845475,-0.04150848957443054,-0.02012466699706983,-0.02101569220446131,-0.06428005471389098,-0.020783437571505692,-0.03217494333761306,-0.008930555308462429,-0.008307381123905833,-0.02160798311188572
2022-06-10,-0.038628814848437054,-0.05596211721574329,-0.03199378903760852,-0.045966015585664266,-0.045815119931548964,-0.04456352556496701,-0.059507937185842574,-0.031190911234383223,-0.009807401914520675,-0.01827447099244406
2022-06-13,-0.038284337988865214,-0.05453719355874542,-0.04290152303356476,-0.02977826032429165,-0.0644188485457734,-0.04241279119513619,-0.07817849696668944,-0.07102153990705962,-0.030806990249594324,-0.04588900974074506
2022-06-14,0.0066724903003423375,-0.013118555361940287,0.0030359174997884875,-0.016639206997408507,-0.0032265249948154606,0.00920506944076216,0.012079042912802596,0.023887157055640484,-0.016925671859695512,0.0026085202131456153
2022-06-15,0.020111262731913326,0.052389802934770247,0.028571440936021153,0.011835718082832347,0.03432479047743864,0.02973517982969276,0.04363469492055727,0.05482367080362738,0.005587331067104184,-0.012591037827578977
2022-06-16,-0.039651613026419286,-0.037243378610853584,-0.03399113165068346,-0.0171562837339716,-0.05007367812928454,-0.026970190036618047,-0.056029521400388194,-0.08540769912654234,-0.014242979712786985,-0.03688494245771645
2022-06-17,0.011533510267650371,0.02469609751257895,0.010468523653101247,-0.003526305090620241,0.017840394633930723,0.010940256961911254,0.01788348490576208,0.017174980283869212,-0.008836209320048027,-0.05766498164348133
2022-06-21,0.03276059738338666,0.023159471438541024,0.041071025376935744,0.02477201264349782,-0.04085762267129389,0.024591239673924514,0.04319925594777474,0.0935443480214786,0.06251390432197423,0.06223886050407801
2022-06-22,-0.0038268102362587486,0.0024843268523027096,-0.000506424567339625,-0.005611634316013636,-0.00764091848625148,-0.00240413759752256,-0.012435415377648917,-0.004007805884153504,0.019487123746586343,-0.03957151609627452
2022-06-23,0.02157339431379035,0.0320330939965241,0.006767462549848169,-0.010939310054587925,0.018607741411446943,0.02263655159589595,-0.008251726406787174,-0.004306310889948484,0.020686892292620218,-0.030161532408836456
2022-06-24,0.024517099134793385,0.03575237064906034,0.05107698781215286,0.029845448768191396,0.07187398219750407,0.03414981084988056,0.05553150752172997,0.04524889345059324,-0.008343032864390199,0.01983307091450892
2022-06-27,0.0,-0.027820692849391482,-0.01815198313389188,-0.008012306074053122,-0.003937390729175316,-0.010496800471429979,-0.015006091624872986,-0.0032016505127857586,0.020216255348227463,0.02451097849575712
2022-06-28,-0.029789661364551412,-0.05140434227234392,-0.033030180904686235,-0.0048117760157065925,-0.05197937009008169,-0.03174911930780078,-0.05258204586965298,-0.0500435578248114,0.005497652394434116,0.02774369144109845
2022-06-29,0.01302377594857096,0.014152668728781626,-0.002731993536838284,-0.004489592159318323,0.020288814903218322,0.014738001320939054,-0.027530850242847293,-0.01793718238090891,0.014298755612791147,-0.036939845542413696
2022-06-30,-0.018027472266804345,-0.024880638358707907,-0.024516107248666708,-0.023330514668323366,-0.016408608616014786,-0.013179028370244539,-0.024642919091852233,-0.017579227799377373,-0.004033340273592367,-0.02814380131470484
2022-07-01,0.016164423114502835,0.03154127203651247,-0.0020695835847790445,0.012787423329492453,-0.0075658999739109944,0.010707098273565752,-0.041955274993508485,0.012429131666979787,0.007340082107223367,0.022302908340676497
2022-07-05,0.018930485804686592,0.035962053023039786,0.04161858851732059,-0.0038035171435990556,0.05099039295127206,0.012597799822419153,0.030365708373621736,0.025535704813974602,-0.023502286871110445,-0.03129650291554942
2022-07-06,0.009607156345990076,0.007312791463036872,0.011557155541855435,-0.0064819262090587415,0.009394276160620496,0.012782807803073837,0.011093180608138686,-0.005720802000385383,0.019891540676410857,-0.018040445540053573
2022-07-07,0.023999225652105327,0.01749322109655349,0.036754180715585116,0.025292482716384068,0.014254441439691679,0.00822640002526076,0.048116396459876754,0.055279044880592876,-0.0017659768942158705,0.031940705995993746
2022-07-08,0.004714538875732144,-0.006791033294013538,0.004802853550388342,-0.0031379288438638797,-0.007607713967905161,-0.0027568471417447338,-0.0012611653812183432,0.02543516968760029,0.008262281779281455,0.0016290942207519699
2022-07-11,-0.014757432060613862,-0.03280250030721621,-0.03080753157260263,-0.01311641143156872,-0.046816383585859156,-0.011768736725917828,-0.043313750209901136,-0.06548005948146851,-0.0032392885254575177,-0.005111843316110587
2022-07-12,0.006833385236636014,-0.022639810105564928,-0.014315886102906239,0.0009745821381326181,0.0023942542434340908,-0.040981376777086465,-0.004619719952633328,-0.005433611636988744,-0.004894120562054072,-0.013311295337616436
2022-07-13,-0.002536289543079162,0.010803884746268588,-0.023390560257710136,-0.00938304168236681,0.0013474225029364018,-0.0037452931570618464,0.005436869909077213,0.017033448479672808,-0.025621054598660153,0.004023452488693513
2022-07-14,0.020482072070210355,0.002083294604712016,-0.008854539244820159,-0.03493887668300377,-0.03327426912752873,0.005381626169423281,0.013716700502245605,0.005371861218914864,0.002374177667880284,-0.020037681088310833
2022-07-15,0.01145016782037489,0.02639434033114041,0.012775278291065284,0.045833469540243366,0.0420753351473544,0.010390536412491658,0.025370902962240427,0.0073572315408600986,0.05437571708689748,0.016839277260083385
2022-07-18,-0.020643073387324073,0.0018493974357440823,-0.024580006456354053,-0.01027024464512949,0.015361102403797844,-0.009621369529240087,0.021507415074854652,0.001999426810217919,-0.019594242149577612,0.018452502085153144
2022-07-19,0.02672192325817857,0.03911741266419111,0.043841184019342005,0.024778832529311234,0.051127379252495775,0.020766678356243018,0.05533790517914183,0.020716718219316865,0.02710991691953768,0.025203431816044564
2022-07-20,0.013510085235142189,0.03857539627705431,0.000790805367602454,-0.00017470735051272612,0.04158600151528469,0.010557659374453854,0.047963903789213,0.008023464466653252,-0.026206827526055965,0.010988927897267464
2022-07-21,0.015093878285597384,0.01515028639903937,0.0038630520510194444,0.006809933624558173,0.0004370074890707176,0.009798940708790616,0.013646507015785403,0.09780470722853529,0.005755786798239626,-0.016696438974772354
2022-07-22,-0.00811045818703715,-0.017732481209791984,-0.05632333785480359,-0.004855995557083714,-0.07588574901399037,-0.016915683967400064,-0.04049866914960676,0.0019752262198982073,-0.0020096195686202245,-0.007635179914622925
2022-07-25,-0.007398607952434411,-0.010455798059483823,-0.0036143304596741865,0.00400840942675007,-0.01547835530096231,-0.005876579094710399,-0.017033452770042645,-0.013994935471540293,0.015458116958473544,0.03330262083565971
2022-07-26,-0.008826233926977456,-0.052253606265046715,-0.02316072578034878,-0.015622503560583811,-0.04500457211471853,-0.026774359750737386,-0.02884144703484537,-0.0356637312112531,0.004003840099985112,-0.003889874438698593
2022-07-27,0.03423482543220113,0.0536538959419941,0.0765568067592115,0.016046680605866115,0.0655356506240583,0.06685201579724565,0.07602958611096455,0.061655036992220635,0.005681147015295096,0.021644571607402296
2022-07-28,0.003571663129978031,0.010829110898360028,0.010260232473135344,-0.003731527273257762,-0.052246522780381444,0.02854086201126549,0.010904974164790637,0.02212352234272652,0.012869093353290895,0.011685181791179833
2022-07-29,0.03279330437487604,0.10361464095050721,0.01838543866249598,0.0047906601163854035,-0.010079630266703554,0.015664796360391087,0.009953428221072924,0.05784976985791013,0.0015699683237730966,0.04630817328470438
2022-08-01,-0.006153758845776736,0.0032604850044939404,-0.012551637604119703,-0.009968904101853138,0.005216615460585716,-0.009724228975318439,0.015305889812209594,0.00042631152414229767,-0.012833459038639972,-0.025275855417486226
2022-08-02,-0.009287310830337847,-0.009084834427092181,0.0023506616504742617,-0.01558512578140725,0.001625804829695321,-0.011474505891046594,0.004609076392493083,0.011134400598203698,0.0001495282338166426,-0.0043397441105132994
2022-08-03,0.038247553132338075,0.039952299225118226,0.025623350137404355,0.010495313983165167,0.05374877616348428,0.02783642168233036,0.01981010455533716,0.02265568716125621,0.009692831423372628,-0.032422571896690955
2022-08-04,-0.0019260991213367884,0.021860686341448332,0.0009314937515934041,-0.011002488404414201,0.010485787344121755,0.004177370666243574,0.0170435178395838,0.004023022853486102,-0.012762656666049699,-0.04207876418312406
2022-08-05,-0.0013888287322000314,-0.012414983387324718,-0.006091861404194154,0.030259859065576267,-0.020284959182093276,-0.0026088524959455572,-0.011761738446298242,-0.0663030068235908,0.0024543313040514825,0.014451248114072612
2022-08-08,-0.0029029838873338987,-0.009872154542052702,-0.0014470865923905674,-0.012180511283607198,0.018789956325240942,-0.009154811584619393,-0.06298409108169489,0.007819434052879659,0.002878311757464891,0.005653017049007003
2022-08-09,0.0003029855827552108,-0.011333489631663474,-0.005711955696515725,0.009007374561878168,-0.010102730684743433,0.007063557474854321,-0.039734373217947594,-0.024412625864385085,0.0012298992590338287,0.01843699610250149
2022-08-10,0.02619470195239626,0.0352608325167747,0.026322538374028426,0.026087982181620673,0.05820916870375448,0.024300426081903526,0.05917116907351638,0.03890581776676605,0.0008562125835345213,0.009493481907630663
2022-08-11,-0.004431476471552287,-0.014366830308238487,-0.007184617224665013,0.01478145235309758,-0.0047661188161830514,-0.0074008170843031795,-0.008564991842965552,-0.026249292544206493,-0.009038301443995644,0.02892795078869015
2022-08-12,0.02142548888062823,0.020691152408548463,0.023897696384946654,0.016564139582367243,0.016958687860704647,0.017037262702032763,0.04274879614938376,0.046750143628413676,0.020343165986957068,0.008691907535329113
2022-08-15,0.006333678279118349,-0.0025775713556979163,0.003287248471755655,0.0027018951878583497,0.002160533018461974,0.005344057027524274,0.017264400725146567,0.03096359891583922,0.0017288461096578445,-0.017872459490923864
2022-08-16,-0.0009242163271631076,0.0111747882760318,-0.0031126129991440044,0.009554295118646916,-0.007849904455628498,-0.0025897170036941475,-0.00803899414137188,-0.008912075793144236,0.002717640141128186,-0.009315252270025165
2022-08-17,0.008784805706257615,-0.01851079360669594,-0.017666332875031276,-0.008412234649964767,-0.02574258156044429,-0.0026361703779219647,-0.028815182009658935,-0.008372333511224461,-0.0020510218627973753,0.008091259948130203
2022-08-18,-0.002291692030387593,0.0014074379989574837,0.005186025127327909,-0.0077493605226188755,-0.0010866946198844207,-0.003947712670165915,0.02388880439247809,-0.0037062197211366055,0.00040338629736491605,0.023643787896339807
2022-08-19,-0.015101862264648713,-0.02860159688639219,-0.024631828262038802,-0.024745056741628635,-0.03836008387509049,-0.013853933435349686,-0.049219736431491135,-0.020481852686155544,0.005686134744714577,-0.0031782463743634803
2022-08-22,-0.023029343806191704,-0.036243902638259384,-0.02533904993847158,-0.016522223369338063,-0.029233093643593833,-0.029355289823689068,-0.045660642339398816,-0.022764022407583906,-0.006839189029812509,-0.0007442141509963474
2022-08-23,-0.0020291662593386883,0.003002506326521548,-0.003326290734074755,-0.009856755811946227,-0.011898277159979043,-0.004716431134621724,0.008629690757811836,0.0225584954757323,-0.016104363646593844,0.042442177984108875
2022-08-24,0.0017938405304327443,0.001347163157822573,-0.0014930348363303425,0.002423976233506764,0.013344935963874427,-0.0023511391064211518,0.0023864355789857683,0.002170125887066332,0.001231551577043799,0.0059184511170427
2022-08-25,0.01492295599017357,0.026008936084948253,0.026035565372652725,0.02374771350885707,0.03381104456346007,0.0110950678144357,0.040122985821203105,-0.003455684406709514,0.009525660308974393,0.005173386896480503
2022-08-26,-0.03769945472584957,-0.04756700784791723,-0.05409337701657335,-0.032728741126994865,-0.0414739718466518,-0.03858692929501051,-0.09227907028393045,-0.026953121859416895,-0.022748728163516252,-0.012311989759845599
2022-08-29,-0.013690122471953892,-0.007342307563037775,-0.008337978022192716,-0.002441870599990903,-0.0161332125608461,-0.010667996926694734,-0.028228959186705427,-0.01135058160727187,0.0009825384950781224,0.022989765234108672
2022-08-30,-0.015305502739474064,-0.008167020675137082,-0.004386585050678016,0.00017489352070954034,-0.012627848516492013,-0.008520965827561122,-0.02107460902678071,-0.0249982267189629,-0.013081117349887816,-0.03805443071117909
2022-08-31,-0.010634913113896416,-0.015225659516225343,-0.0066091858802529435,-0.005943576578946175,0.03671408139037302,-0.00570412239400464,-0.024179030286618386,-0.007526203685978228,-0.006713334221209122,-0.00747608927489507
2022-09-01,0.004706752414057158,0.008282741023605045,0.014045365769697504,0.006858360574508282,0.014914364700648441,-0.00409218222060137,-0.0766530022991897,0.005623955563764049,0.008992323106274513,-0.017993091233837633
2022-09-02,-0.013611214685977147,-0.002425266463259912,-0.017222474449614555,-0.006986280695047253,-0.0304788509773386,-0.016666620245532227,-0.020807843363827128,-0.02507581222110289,-0.014599261444476652,0.01832277458866849
2022-09-06,-0.008214981565540236,-0.010979542799969155,-0.00964311042302779,0.00026361340347746953,-0.011102928680677526,-0.010974181428330176,-0.013336160650873508,0.015580556255471167,0.002575685801096572,-0.0066950338864379955
2022-09-07,0.009254213519201526,0.026722663554652915,0.024716880774181327,0.018990904630428407,0.011669157047389023,0.019111646592146148,0.01879497340480696,0.03381677109982606,0.0077268298779646916,-0.008530701842773714
2022-09-08,-0.009618030850276349,0.0026259778181887405,-0.009776197752125015,0.02329590635742207,0.010411986082674352,0.001666080496148803,0.02012531387200811,0.01959815762903916,0.01117549640181048,0.008179383787910943
2022-09-09,0.018839713972826466,0.02657523304266962,0.0209449427536621,0.004806111905790278,0.0437490958899478,0.02297699062388059,0.028377446498608627,0.03602289482946186,-0.0028904021720677076,0.016752431474219565
2022-09-12,0.03850782951475429,0.023861278411006825,0.001897862537794781,0.011831829857639198,-0.0011232230157796064,0.008281123820385927,0.008201844069272601,0.01581694096302666,0.013178367495801924,0.011502645377702514
2022-09-13,-0.05867944523605573,-0.0705752837581286,-0.05899334781140697,-0.03474859332740177,-0.09369065199784632,-0.054978445900463746,-0.09472605214094154,-0.04037188096320543,-0.03254589416058962,-0.02335823984296026
2022-09-14,0.009555608679349126,0.01364140798846103,0.006518361792431815,-0.0023199850356162566,-0.010840387898555792,0.0009126473932423718,-0.00022832496408764502,0.03587437200418364,-0.008152428288193514,0.024546247641757724
2022-09-15,-0.01892992589859155,-0.0176585314552421,-0.01990478094316961,0.015070558047013849,-0.01267600280722403,-0.027119282760365904,-0.015158457737927677,0.003767273730617582,0.025776333883215985,-0.02907734453427402
2022-09-16,-0.010960387210519729,-0.021777003694830932,-0.0010688804481414627,-0.006702194430246777,-0.02179857322097778,-0.002608070864168477,0.020805895031938082,-0.0013168523341049454,-0.003614379297982584,-0.017083083860894188
2022-09-19,0.025082966760028746,0.009147615105472573,0.002626354910344686,0.0092245331140004,0.011826001462151403,-0.0008989028978070301,0.013941507112116502,0.018856110452001085,0.004855923185871136,-0.00010749526605591253
2022-09-20,0.015665472405765435,-0.019813903001303146,-0.01872509960159363,-0.019719174561732666,-0.013038939722110454,-0.008465594750476257,-0.015393696222421482,-0.0011000625419275156,-0.0014324535519909531,-0.008154373824552419
2022-09-21,-0.020267612600959994,-0.02987152347123645,-0.018390264004739643,-0.02883533446974862,-0.027175338335153842,-0.014435961725991708,0.00645107830701197,-0.025685948599634356,-0.020505013664283478,-0.01611878564802005
2022-09-22,-0.006375277182114281,-0.010376272544574294,0.00866235529759174,-0.011378656261638587,0.004925540689025398,0.008495461540730442,-0.052786395007061615,-0.040591728559117746,0.01050617630505113,-0.00417800446900829
2022-09-23,-0.015123836032553628,-0.03009120154088929,-0.013980430410449163,-0.018613639208415744,-0.01687440425971276,-0.012698100509415777,-0.0035824971014798423,-0.04594757245188685,-0.007440367803395631,-0.05321852027092111
2022-09-26,0.0022602665492961194,0.012040804722097675,-0.005772706558578533,-0.02153173690309662,-0.02877270452503644,-0.0019755850792861906,-0.023010599523417108,0.0024698479153155706,-0.010221744777666575,-0.020641459955385133
2022-09-27,0.006566158097931485,-0.006426381710496365,-0.006824943916707293,-0.0088023950587508,-0.014445987322314724,-0.004379777921441175,0.015128979112901897,0.02510775852537339,1.979214253222672e-05,0.02095751080002195
2022-09-28,-0.012651371357974228,0.0314657666190894,0.02615393129198207,0.020217229076527454,0.05364579921304391,0.019711634109173648,0.026021442734141198,0.017212112374233923,0.010956571418919703,0.036389118484966065
2022-09-29,-0.04911920306752726,-0.027201076403397084,-0.026286891389110112,-0.016946097003396332,-0.03672061188519493,-0.014809190521176241,-0.040515179464644335,-0.06810050474193607,-0.009942884166569632,-0.0020257204638876036
2022-09-30,-0.030039103014217527,-0.015679468675155683,-0.018168725690940635,-0.015636612467957223,-0.005351534606853781,-0.019368299961754154,-0.006628346915017458,-0.011036096899372572,-0.007448304397906225,-0.015448734571763878
2022-10-03,0.03075258974153461,0.025486701357681163,0.03125966154243809,0.030909218734515465,0.021594712088090162,0.033662730638647664,0.030727332969630927,-0.08614516909902215,0.020731012800335957,0.05280033614912005
2022-10-04,0.025623087261867017,0.04496029692750958,0.03041371235409529,0.04678337978444569,0.012048374734282552,0.0338120860612694,0.05234956692524717,0.029042940273044104,0.014858890415897719,0.03644466497540355
2022-10-05,0.00205327767346164,-0.001156159830559278,-0.002066100994875808,-0.012346635153006713,-0.009267163812249235,0.0012857284584575357,0.003189842922091346,-0.034597517632881325,0.007454821409285772,0.0404115689495943
2022-10-06,-0.006625713596218885,-0.00537407121029132,-9.857500309418121e-05,-0.020382385676110837,0.0006476975890210568,-0.009670852883695069,-0.005980792242724298,-0.011129075632041241,-0.015064829244251454,0.029660990178521862
2022-10-07,-0.03671882362669321,-0.04771409266460691,-0.027016463572528182,-0.01997410448929482,-0.040411398075852256,-0.05085293687715109,-0.08027420596422075,-0.06324275500689214,-0.027507383290971688,-0.01009206195322554
2022-10-10,0.0023556912826208087,-0.007768849586377025,-0.008309659013352233,-0.009341465552515471,0.0025475088602233686,-0.021302937445831116,-0.033620379601556394,-0.0004931214719139376,-0.01186475711543955,-0.021676762499237
2022-10-11,-0.010254798994883019,-0.012844190270001499,-0.006948656784412255,-0.028859923283768296,-0.03924033782910008,-0.016750201601463566,-0.007197810894212564,-0.02897383620084637,0.0019041685023568622,-0.008498726906900789
2022-10-12,-0.004604948189715463,0.006149206372302096,0.00391014368162268,0.016183012367953165,-0.008090912035693454,0.0015082944654134511,-0.007422784842715413,0.003418039229395209,0.0003001247317597766,0.004387762120616978
2022-10-13,0.03361299934146844,-0.00327726077574253,0.015375316637305625,0.055593022555491256,0.02188226365946755,0.03760796930096255,0.03999979382835139,0.020622332969329804,0.01990160147199882,0.034948750162809405
2022-10-14,-0.03224019019485136,-0.05003107895219994,-0.02523738967742728,0.016640727462696514,-0.02709332572810641,-0.02424862220142443,-0.06128739639656777,-0.07545550981161053,0.006315004659832146,-0.026307786277582457
2022-10-17,0.02912249385418897,0.06445275295885255,0.0353149854632151,0.042000182527393015,0.05743132702730214,0.039245690364342334,0.05887607520195193,0.07005219876844393,0.017052131885336053,0.014416582239432874
2022-10-18,0.009409523351754823,0.022585461588422673,0.008002402198935998,0.02572061041497653,-0.009250715579684154,0.004083645431511185,0.006645298430451252,0.003829479437051919,0.0006322638039710782,0.0017888772204399661
2022-10-19,0.0007651294886965587,-0.01108629175628062,-0.011312984473919818,-0.019606135855066653,0.003237700262650911,-0.008469578304710623,0.00701925209358456,0.008401793106927569,-0.003619161554735073,0.029662698789342468
2022-10-20,-0.0032669949485992777,0.0015642678860967596,0.003412720375564504,-0.0032615414274612675,-0.012759849309438964,-0.001395484417779591,0.011866261012364099,-0.0664744863679374,0.001076332563078708,0.0013488444862588267
2022-10-21,0.027059305369081965,0.03531453097461368,0.01160346778974608,0.052527387241486645,-0.011556350726607878,0.025280678695152714,0.022305928014447307,0.03454266549727758,0.02466944713916419,0.01857025109393695
2022-10-24,0.014802460964065567,0.004190412347291339,0.01374462689040179,0.0012272465223017726,-0.0022305984113024646,0.021187820906968025,0.010668956576583621,-0.014875967194030837,0.014745568994465552,0.00699028705036997
2022-10-25,0.019337518068190507,0.006509754475742646,0.019118285777995236,0.0026145990699608657,0.06005251489084795,0.013791647301958365,0.0525439950852713,0.05287573097725584,-0.0025483746721342015,-0.006754266026144706
2022-10-26,-0.019626995584651086,-0.040961814879887926,-0.09140507110669127,0.011491658611987976,-0.055923239131860814,-0.07715621629037273,-0.027524387579943133,0.009981122376490958,0.00546121710174674,0.011900220413699536
2022-10-27,-0.030465295901610734,-0.04063638620803933,-0.028547340481296812,0.003948120618327167,-0.24557077983988518,-0.019756306150733094,0.021712276035185774,0.00200319154854367,-0.0025223640785524415,0.003826895817691023
2022-10-28,0.07555211183441424,-0.06804249715805744,0.044133569035540665,0.011877886977131213,0.012864936243471847,0.04022058975892673,0.04993926083534883,0.015238384603380561,0.01742348578961539,0.02928871341832262
2022-10-31,-0.015410176544119247,-0.009380148789788212,-0.018485780248975292,-0.0015862514390581062,-0.06088692865334688,-0.015856211984086044,-0.024360305039225927,-0.004288512900427199,0.007092926372570529,0.0009935849110860318
2022-11-01,-0.017542565669217636,-0.05515425020719422,-0.04274674178622773,0.01803310403088676,0.021897705895216557,-0.017059484183546414,0.0034080762212274074,0.0012306146011606955,-0.014122426319482684,0.009927007184684422
2022-11-02,-0.037305090698392274,-0.048248766657425834,-0.03868694720824073,-0.00920800160087143,-0.04894954343494051,-0.03536821467720275,-0.023923749639623848,-0.05636033352596026,-0.007089008300530275,-0.020552247464165063
2022-11-03,-0.04240494869211664,-0.030612240672440172,-0.04070371727405797,0.0018115499828477155,-0.018003047104999448,-0.026578885120686957,0.015280911975808165,0.0015350350619269815,0.0003310964321676657,0.01359352126000224
2022-11-04,-0.0019474143244113673,0.01881299269611514,0.037756211861311506,0.027358400104377845,0.021144779256115243,0.03332544920055036,0.05476507045624612,-0.03641259777431871,-0.010007137016857182,0.010891181579686382
2022-11-07,0.003902203822583994,-0.00494619214148917,0.02206059828042406,0.005280105382793998,0.06531584036328275,0.02926969238495869,0.010243031226225163,-0.05007952633400592,0.012728448399758951,0.011842319963118575
2022-11-08,0.00417503064696545,-0.006075283660437414,0.004633188244300257,0.000608887062136132,-0.002584879932470363,0.004388574525260758,0.021047472783739973,-0.02932818513088775,0.014733141200184985,0.0031678426998866804
2022-11-09,-0.033189789877453135,-0.042676192754212194,-0.017772817651431128,-0.013008728640917178,0.05182966232885966,-0.019050097804271027,-0.05656775474624143,-0.07166757185130745,-0.022402878233313106,-0.044736868607645475
2022-11-10,0.08897469322327445,0.12177847617944293,0.07581308869911885,0.0411591202061381,0.10249330633111087,0.08226803472105182,0.14329271953046985,0.07393437216942544,0.006492065832110372,0.014692315402619505
2022-11-11,0.019268687869336665,0.0430508514990382,0.026293518036235364,0.0016288980452299207,0.010279743593941904,0.016997292323721158,0.03663507168554836,0.027527264924482875,-0.04059377794909014,0.03122171065986601
2022-11-14,-0.009485826713489076,-0.022819754250081425,-0.007364526287594542,-0.010273448143683805,0.01061750781522286,-0.02250020258323937,-0.0019600912905755052,-0.02561618738169713,-0.015955404942310403,0.0029194781531074465
2022-11-15,0.011869682050304364,0.004569038353104293,0.028631083843922767,-0.007243831357782504,0.02503935456492057,0.0017387150623495717,0.02276772612923672,0.018172303095892017,-0.020905262741560682,0.006703571496251337
2022-11-16,-0.008331273417311658,-0.018394983322363,0.004165115893573601,0.00135417692890627,-0.03288321570937236,0.001823664713114015,-0.045361666996130534,-0.03857627852399581,0.016918137556468427,-0.010689506711134111
2022-11-17,0.012971468052065838,-0.02337318995330062,-0.004957022295115077,-0.004357071313074501,-0.015720404103020003,-0.000206835214384693,-0.01464498517901014,-0.020062058831236462,0.007409327171814972,0.0013284938509494637
2022-11-18,0.003781697958579633,-0.007485493894513584,-0.009455096702947197,0.009808313091592469,0.005383745798750228,-0.0019033426931535091,-0.017094948525373854,-0.016269016527425406,0.02850705263734321,-0.008667977804323379
2022-11-21,-0.02168016449938248,-0.017845764989037338,-0.018782594736556857,-0.005902425596881367,-0.01954505637872872,0.0034407237434772586,-0.005970629308498454,-0.06837231343190053,-0.024169756517812724,-0.009903656267400307
2022-11-22,0.01466114690612108,0.008003437930963697,0.015167285946048326,0.014956703800595106,0.014382012774219133,0.012311277708754176,0.047071741600511086,0.012152311933396831,0.011408036307802627,0.028926784187291554
2022-11-23,0.0059263045083246535,0.009978544373689724,0.01452858110327182,0.010663463761282133,0.007178695468375906,0.010407239528658074,0.02999138504737031,0.07821783885404354,0.012655369553732587,-0.004992125630816635
2022-11-25,-0.01959358916391296,-0.0076489282090407285,-0.010156333060244327,0.0019049587591628558,-0.007394749735230799,-0.0003636968441058652,-0.015073787211050127,-0.0018558752377418886,0.014932829059403963,-0.0035209743352093703
2022-11-28,-0.02626442629185821,0.00578089353348199,-0.014467460553825529,-0.0174783945786251,-0.02360659796537823,-0.023152482220843207,-0.027227871419631344,0.0003281065208000644,-0.009951232620242889,-0.030032582842670075
2022-11-29,-0.021147864143904904,-0.016285245651894598,-0.008953655371415903,0.016449544568218455,0.006251214279660022,-0.005914689223392888,-0.011878380518692389,-0.011425739989130657,-0.008022408806288461,0.006647778675784144
2022-11-30,0.04859365426775275,0.04457912603558589,0.060930698047389154,0.011862931605757243,0.07893281005928188,0.061623434890912376,0.08237942484651972,0.07670184691003823,0.037424176628512607,0.007237289686099269
2022-12-01,0.0018916880089223653,-0.010772746070691896,0.0,-0.014039549235284055,0.019813813755103604,-0.0017639234034255713,0.012527143782752104,0.0,-0.019807951577026084,-0.004849939380601076
2022-12-02,-0.0033713818958656105,-0.01434557849824114,-0.005446008716967432,-0.007927093900554683,0.02532384086027828,0.001295710223165436,-0.01511542537353483,0.0008217959148295595,0.0016814456990277282,-0.008483923468076693
2022-12-05,-0.007983393096526403,-0.033145598727553405,-0.009558007666851887,-0.02804095315903532,-0.008583699279160473,-0.018900386545429915,-0.015761645605150587,-0.06368676805520912,-0.002088681103459833,-0.027398554530866592
2022-12-06,-0.02536990675168005,-0.03032636052572657,-0.025130839334689847,0.0016746455330449717,-0.06787547950008088,-0.020303751599451636,-0.037507661882368315,-0.01441485156488942,0.007999217372283374,-0.027795782796249946
2022-12-07,-0.01378491138954363,0.0023795930251859776,-0.021035050454231374,-0.0006839714460440405,-0.0016650562827330573,-0.0030597491354646955,0.008319114808734707,-0.032143331123685615,0.006656370175458282,-0.0022141797372735583
2022-12-08,0.012132785463886853,0.021365582288144003,-0.012955585193945796,0.010494550206047837,0.01228835594423261,0.012399320185054297,0.06507471316708702,-0.003447430865732959,0.009228254765092148,0.0074289426925713276
2022-12-09,-0.003434816923539419,-0.01394579034322141,-0.009390707905615914,-0.005418650367077449,0.004942294408460501,-0.008003276225421185,-0.00978506481902608,0.0323454827685834,-0.01591473105030594,-0.00842726965271523
2022-12-12,0.016389640324427912,0.01638799835988136,0.00517061066686364,0.015511505279445448,-0.010267545600462391,0.02888934816078259,0.03140990323443882,-0.0627198857086465,0.012351691415617205,0.02462761254538437
2022-12-13,0.006782691490565762,0.02142456926150338,0.024863416804210114,-0.0009685894084130453,0.04742403308986143,0.017464551631366287,0.030624411248260985,-0.04093677795344208,-0.013996549061784047,0.010934295655885329
2022-12-14,-0.015535844310584523,-0.009838858835905628,-0.0058557275829856925,-0.004997082653188656,0.011984977461708679,0.0011679445516106224,-0.02202301752488678,-0.025784367661833008,0.0002600024136576451,-0.007365899361348571
2022-12-15,-0.04685415384695468,-0.034177820705733164,-0.044283229565850846,-0.02481063787667126,-0.04474048173507161,-0.03191850392897011,-0.04085099672572934,0.005548438139381551,-0.019837949477723993,-0.009580997794418122
2022-12-16,-0.014579136700470285,-0.006670394101153776,-0.006603567156300727,-0.006226178587955045,0.028239432485309912,-0.017348737455390117,-0.022475576864569358,-0.047187179094365206,-0.007542197427136688,-0.007018383979610632
2022-12-19,-0.01590964382733462,-0.033462353983410575,-0.020164110976289118,0.005955748679056461,-0.041447032513469706,-0.017327904067753308,-0.01912948544143578,-0.00239632976495896,-0.0001910968221403575,0.0044892712301547455
2022-12-20,-0.0005286950840861504,0.0031795134041781026,0.0065581554798248565,0.004843930603253721,0.0227987495377997,0.005614475922743445,-0.010397648609577592,-0.08053641461716088,-0.006474384730648319,0.014452647982617473
2022-12-21,0.02380961604721099,0.018546709195681466,0.006290792206978146,0.011247956362970601,0.022803054105466014,0.010876708635777499,0.025862698012971475,-0.0016690545895901021,0.014090261433039819,0.012840880942239341
2022-12-22,-0.023772574916433364,-0.034343619255829294,-0.020317005221841655,-0.011349854235675805,-0.02204403357030671,-0.025528740569610187,-0.07041986910477704,-0.08882756559936855,-0.0008527164574709811,-0.020174011246926193
2022-12-23,-0.002798026135974352,0.01742450254827599,0.01675019604400263,0.004745297949810601,0.007855156424962706,0.0022669537186443822,-0.00867074498418785,-0.017550833466474902,0.00800637033366458,0.026445158856668538
2022-12-27,-0.0138783258541747,-0.025923742926365456,-0.02062097555896747,0.003503896889019087,-0.009827244550714265,-0.007414045596647156,-0.071353440152223,-0.1140885333144338,0.0012796529704626192,0.013894022797092953
2022-12-28,-0.03068538836731216,-0.01469172937442731,-0.015676820914406364,0.005465161319903045,-0.010780217873502695,-0.01025507301189188,-0.006019312293062851,0.03308891531476843,-0.006654117622203137,-0.01642619869812867
2022-12-29,0.028324443751651884,0.02884381103830358,0.02824928874796817,0.005737739923968421,0.04013147371134851,0.02762971957653404,0.040396091761335295,0.0808269069678893,0.0027060873672746233,0.007565983628025963
2022-12-30,0.0024688542763047217,-0.002138278742257471,-0.002487072747574093,0.006605684606045603,0.0006651305881160141,-0.004937450587167436,0.0007532853392373529,0.011164017515666869,0.0005660491489747344,0.010073434016052207
2023-01-03,-0.03740468823579235,0.021666663033621747,0.010087115401844926,0.007605900498347529,0.03656317488937,-0.0010009128650509957,-0.020459890034713046,-0.12242248574195735,-0.021766266077593688,-0.03436103891877751
2023-01-04,0.010314173844404584,-0.007923564525679994,-0.011669764946450556,0.00932537832767788,0.02108375863808032,-0.043742968559325024,0.03031784687622152,0.05124885285593783,-0.02726360123109639,0.002910448541045385
2023-01-05,-0.010604776921669057,-0.023725589118479662,-0.021344186798446296,-0.00022163227527949303,-0.003375850511238787,-0.029637927037479694,-0.03281581117789012,-0.029039097760312105,-0.02882063343272745,0.022374286746561056
2023-01-06,0.03679436426235516,0.035611152390083056,0.01322507940592721,0.01913560260222691,0.02426339970374891,0.011785436440018726,0.04164043232014314,0.024651090365942707,8.175586524972189e-05,0.012086586365941843
2023-01-09,0.00408887788669543,0.01486987397850048,0.007785614261126783,-0.004132382285051972,-0.004230233525891136,0.009736447663815317,0.05175319805481027,0.059349011404278285,0.0001224904134748961,-0.018637427934557915
2023-01-10,0.00445617988348479,0.028731709234134817,0.004544510520040346,0.008954083590832607,0.027187937629434833,0.007617133538460719,0.017980632769681426,-0.007681374256751861,-0.008284858205542589,0.014935030018330187
2023-01-11,0.021112525925839787,0.058083825879343465,0.03505986146361906,0.007431258664476248,-0.000752103963962858,0.03023806829662279,0.005782762473810932,0.036769060182475055,0.01522635971969799,0.011627026641513938
2023-01-12,-0.0005991864095680199,0.0018929468094222024,-0.004261213470672431,-0.0010025266324641402,0.028745903201164325,0.01162169658111134,0.03187300020201822,0.0027592625752506095,0.004600774828304566,0.01661116518709216
2023-01-13,0.010118817141836711,0.029915043601747016,0.010863535346778308,0.025234762382239317,0.0019745680766038998,0.0030187029985973,0.023499515532988458,-0.009388119582672827,-0.012306609040403038,-0.0006183425204522308
2023-01-17,0.00875626688634945,-0.02109661268732821,-0.009010022202117107,-0.015453587998544571,-0.011826196123979726,0.004681656986111449,0.04751773129871162,0.07426473736900463,-0.009171292177686308,-0.0019442487046158474
2023-01-18,-0.005369865617973257,-0.006142675153973931,-0.0018622484210895074,-0.03004244628369468,-0.017287540716501293,-0.01888925383731721,-0.018359739582787804,-0.020609982513142944,-0.018223813976997127,-0.020543656195797122
2023-01-19,0.00044384550316967086,-0.01864654092151996,0.021180984747227738,-0.013326433863036224,0.02353041238366016,-0.01645402653188277,-0.035218984345272375,-0.012501946153228194,0.017050211759811473,0.006418881471213167
2023-01-20,0.01922063893663961,0.03810845093076898,0.05341203703780306,0.0024486167027990557,0.023650282253820265,0.03574381105116964,0.06406205103646445,0.0491468120625187,0.0048724166953411086,0.018235669026281043
2023-01-23,0.023500281626675612,0.002776315095798454,0.0180576697392294,0.01621276742424338,0.027983350564669163,0.00982425063581105,0.07590132786657411,0.07742468874848996,-0.0018696084542739744,-0.005205125611210781
2023-01-24,0.010063383732433318,-0.012305137300550828,-0.020944154962141526,0.008596225216039866,-0.0009076444874296374,-0.0022260579511361733,0.003751263277548711,0.0009739087975544347,0.011918271290767501,0.00931175185720079
2023-01-25,-0.004700751135114922,0.008928577793566816,-0.02538370999229511,0.004839175127054451,-0.011457377713967931,-0.00590810583207757,0.0030108111567606066,0.003752820129427681,0.0018305786590537831,-0.005271953661392326
2023-01-26,0.014803307019287004,0.02099198301215366,0.024154513223689555,0.006181548875575649,0.04098930696231551,0.03071359076718183,0.024788991446484276,0.10967259156647335,-4.040174861952295e-05,0.040190942530669904
2023-01-27,0.013684367130116115,0.03043737760442866,0.01897055161508132,0.0024289749916961423,0.030143009771965268,0.0006451390805359836,0.028431496908851717,0.11000180416824756,-0.01305652837697302,-0.01825742898671645
2023-01-30,-0.020078205960668782,-0.01652968356145279,-0.02445409611105931,-0.008480577033813774,-0.03084247332612622,-0.021961642394196068,-0.05907192165094999,-0.06318150994943417,-0.0005348141779534243,-0.017731983260465656
2023-01-31,0.009020772093462748,0.025658817736008643,0.01959975678160264,0.005966040777079629,0.012987885691031043,0.021012656243451167,0.019569969834800638,0.03936155894904236,0.027583898806038842,0.021574454868046322
2023-02-01,0.007900876198365658,0.019586971068148662,0.016086545822109777,-0.002643818727941616,0.027857977600535655,0.019934640999762943,0.07196594700784886,0.047280928205116535,-0.004387119222131308,-0.010947349224701863
2023-02-02,0.03706255305024775,0.07379935352944922,0.07278709722711652,-0.004656336289479701,0.2328239298309316,0.046884280454446925,0.036575445744818635,0.03781489703913388,-0.05265586485341356,-0.03128810389563519
2023-02-03,0.024400026815479592,-0.08431497620839845,-0.027473610077400568,0.015474007783611299,-0.01186623402367526,-0.023620520551914215,-0.02805292530273762,0.009082654784473565,0.0025272774069837745,0.0069275861038411435
2023-02-06,-0.01792887298267254,-0.011703250716856073,-0.017942242621656,0.005883161167173689,-0.0025197196075429362,-0.006115706754505457,-0.0005212018536050467,0.025160537355481072,0.006821793190292524,-0.0016976437897583407
2023-02-07,0.019244680405687165,-0.0006850625818668465,0.04606408699202302,0.012189455137054495,0.029882735699853447,0.042021944097696995,0.05140118509486369,0.010525791279409002,0.0034510019393838576,0.028550937963797374
2023-02-08,-0.01765278320366437,-0.02017429777965274,-0.07683016143631283,-0.0070307487597740526,-0.04274080931259583,-0.0031020014808372798,0.001443022467371824,0.022763049555982517,0.013294611907735954,-0.008701644174461731
2023-02-09,-0.006911524189107898,-0.01809100582487666,-0.043876414120117,-0.015563599070834044,-0.030038800428410006,-0.011659683109758179,0.005944902045910361,0.029956849516678652,0.005194400733110838,0.0037745086307159337
2023-02-10,0.00245624163323388,-0.006412838631079665,-0.004631108492050617,0.004415489232319825,-0.02118913438062886,-0.001972587510683299,-0.04799222665456804,-0.05030873801899527,0.017540558905914105,0.04215120578181297
2023-02-13,0.01880664472624871,0.019772567289289666,0.0004229834749138739,0.010847764690595119,0.030318792845019704,0.03124299319649837,0.02459415977699919,-0.011427700782035255,0.0022255984878067903,-0.0038897231204088056
2023-02-14,-0.004224765082237014,0.0016073541414833858,0.0007399284510747339,0.0044188608601789525,0.00027846500412942454,0.0031327238796543533,0.05429616211255106,0.0750616556523096,-0.005087187156062822,-0.011714809127103432
2023-02-15,0.013903275304832485,0.014643999584324163,0.023869783032421266,0.0041897757136468705,-0.012926064281093441,-0.007993017922882872,-0.009011528021916848,0.02384709913101113,-0.0032061082062845303,-0.0030063507937811984
2023-02-16,-0.010429430029342712,-0.02975486385196624,-0.014751507053667012,-0.013768814175933008,-0.026642653599192823,-0.02662243792948671,-0.03347376606320063,-0.05694553722096751,-0.007938825227058244,-0.002929255121309371
2023-02-17,-0.007546612453575241,-0.009679109147912035,-0.012145151912112961,0.002961485986708201,0.0025517174461651138,-0.015601722923561767,-0.027906455449742462,0.031033480898909227,0.02406887644362743,-0.03845165580484067
2023-02-21,-0.026679759829910887,-0.02695468312187932,-0.027133166638793615,-0.018349395183375306,-0.004627540136496133,-0.020886767969915176,-0.03427181137392199,-0.05251789433835996,-0.015568645648090462,-0.000988337464037592
2023-02-22,0.002895848566556447,0.012793392483054111,-0.0015250701593487737,-0.007663115513504404,-0.005578810912775678,-0.004591010052005462,0.004793266327063339,0.017682553475729224,-0.004925522961910733,-0.012953136418138111
2023-02-23,0.003290716511630043,0.000313172345862478,-0.00829248538233196,0.008010940456296911,0.005376230435525375,0.012961745381766754,0.14021396432699795,0.006024129792842503,0.005727215027829358,0.00920444447635016
2023-02-24,-0.018005272332027533,-0.024212061179431754,-0.01936405410848152,0.009021340253519305,-0.009590697188356034,-0.021784337667206444,-0.015973832331953042,-0.025684180003413215,-0.014968951710220946,9.038537726957507e-05
2023-02-27,0.008247465832780465,0.0027807715104863906,0.008302498659947144,0.008727779156190607,-0.00498849448284433,0.00377178035445902,0.009233179947760073,0.0546017865369246,-0.002085262836144963,-0.0018060752502748745
2023-02-28,-0.0034478749514211815,0.005012811540044737,0.002114268115164908,0.008370692905999677,0.031850733032075196,-0.0029582005664372524,-0.012127158862193954,-0.009247209573726933,-0.015269282562138997,-0.005789107787308456
2023-03-01,-0.014246022482623966,-0.02186145722806776,0.003331027467494474,-0.005580753266689498,-0.008688732417168943,-0.012629257032620078,-0.02231219151107644,-0.014291975817664837,-0.001512895757857624,0.00891632196791492
2023-03-02,0.00412920708594644,-0.00043399062951077205,0.018149644164960455,-0.010381859055121234,0.006400672588981138,0.0196533147308251,0.02713892126146189,-0.05853928157947319,0.005218591559870145,0.004599172297237386
2023-03-03,0.035090180543891236,0.030066258059702422,0.017934701946131115,0.018359350679637787,0.06142218303983582,0.016646025841118517,0.024706237238289352,0.03609219282314147,0.0018004009676189092,0.012657073968205923
2023-03-06,0.018539244277083755,-0.012118034851298809,0.01580356053112486,-0.005847110899259267,-0.0018894280356753779,0.006189030359441405,-0.014064524409416523,-0.020122331071529054,0.004638779869262866,0.008864413060047482
2023-03-07,-0.01449635499335411,-0.0021333007812499583,-0.013350122867120118,-0.029407850872270935,-0.0021092862875162766,-0.010588937365974549,-0.01112524967129136,-0.03147407730028162,-0.014351576589142767,-0.019330416654096516
2023-03-08,0.008377101525327335,0.003955051898638651,0.004155059798894412,-0.005915382272980718,0.0024932461028117636,-0.001770689807530812,0.03834580301608126,-0.03041929843714275,-0.006921673940549211,-0.014604319593320092
2023-03-09,-0.014914541528362912,-0.017781071140368643,-0.0204775729306359,-0.05413644057486988,-0.017732534698259528,-0.0054395043610123706,-0.030809254110545803,-0.04989011995084991,-0.012090817628454875,-0.007728840435704987
2023-03-10,-0.013878768431532573,-0.0164769283801236,-0.01830591593777331,0.02539523689086609,-0.011998560098234523,-0.014782731225967405,-0.02009712239075112,0.0030071956856769777,-0.006324750008415814,-0.01237051087633323
2023-03-13,0.013266040311068261,0.01873687738723384,0.0052964654136069544,-0.017957371014547308,0.007743297287067685,0.021440815319671902,4.3443443876745036e-05,0.005996271168666301,0.007277294593329708,-0.011505104464607174
2023-03-14,0.014088948792062128,0.0265065123894086,0.03139061565299128,0.025676058514149558,0.07252631174993684,0.027055739550992053,0.04776632170852824,0.050320947926932424,0.0019410088892926058,0.0037547275652616285
2023-03-15,0.002621402203221823,0.01391230747297123,0.02277308253703536,-0.04724394453049685,0.019224637467871952,0.01783050376952433,0.006856968933792507,-0.015333393227232373,0.0018296782516156185,-0.04974771211478257
2023-03-16,0.01869431515637321,0.03991688242309577,0.043804213586605245,0.01941356056640009,0.03630853014954716,0.04053648924510411,0.05419352324520732,0.020393505108375454,0.014158883103752462,-0.005805685466727217
2023-03-17,-0.005454131524032402,-0.010895681300578386,0.0129585340873144,-0.03778200319463776,-0.045478987716041086,0.01169444601543912,0.007204067940083103,-0.02172378153438792,-0.005338646528503688,-0.0117789268697166
2023-03-20,0.015483960172010924,-0.012531560404374087,-0.003936384929212888,0.010571446864898304,0.011247019570503447,-0.025766697345449008,0.006802681160706925,0.017320796272765726,0.01588915433029814,0.02614189796866806
2023-03-21,0.011944003254401148,0.029679680207260972,0.03655412619703635,0.026821046145888205,0.021990648694488524,0.005693466081400311,0.011544392013876248,0.07819919143822474,0.006583491115140339,0.044802288349715225
2023-03-22,-0.009103434873779848,-0.018984232685839597,-0.014773236465392192,-0.025813982850142136,-0.011624234472289885,-0.0054421767148711275,0.010267589826911783,-0.03254381959196684,-0.00953980306821467,-0.022888678583167232
2023-03-23,0.00696956819705874,0.00010133876939955044,0.02157295101418666,-0.0026733728912666788,0.022371035651384874,0.019721666462384713,0.02731592675305472,0.0055977366381618765,-0.011797478636492942,-0.011281975126638977
2023-03-24,0.00830551736338081,-0.005875816395847999,-0.0015151373791614242,-0.015216040904381778,0.008468896179389507,0.010480559891044017,-0.015152047653416156,-0.009416281069083654,0.012938429010359798,0.0011603466798593143
2023-03-27,-0.012293142194845674,-0.0009171134251457769,-0.028262556007802475,0.028660755223549605,-0.015387704137835523,-0.014934069941559214,-0.009260832079570847,0.007352522816861606,0.01241639725029442,0.02192600897213315
2023-03-28,-0.003980328598042759,-0.00815996577200262,-0.0139564751011505,0.0030352685109091837,-0.010648827506615222,-0.004160840748138717,-0.004560705490546546,-0.013659325116185062,-0.01934019393566133,0.012476453795054132
2023-03-29,0.019790737206288878,0.0309543624265336,0.003563207041756389,0.002017324852829905,0.02327112069048165,0.019183916007885493,0.021734036295593784,0.024789906342217005,-0.012675188394155379,0.01717694630253952
2023-03-30,0.009889784796623724,0.0174563591022443,-0.004931377939001447,-0.0030200552726855623,0.0121255556412585,0.012620000653034369,0.014786570649305775,0.007220929756684091,0.007437135325859101,0.004864203844559878
2023-03-31,0.015644339864216983,0.012647067799287592,0.028149488843403958,0.01211655759957675,0.01972674548210951,0.014961913052370157,0.014388454058865241,0.06237201971890638,0.005382238757549063,0.001552764187702449
2023-04-03,0.007701635177446153,-0.008519675143944028,0.0060733419408456335,-0.0011510866430538558,0.005331623572705002,-0.0037113688305511205,0.006768167621346022,-0.061168427796826186,0.04570558620004084,0.0590004633268304
2023-04-04,-0.003249783817470875,0.015037527888523972,0.0034496573649136497,-0.01336810714818315,0.007743928547768952,-0.00017418166831306703,-0.018308408897617534,-0.011244043709844997,-0.001902076024539845,-0.009558346724529931
2023-04-05,-0.01129022094984966,-0.027417013542964663,-0.0023873924861192997,0.001491059183322374,-0.015089546555147382,-0.009889016571549059,-0.02083555970425388,-0.036660076287605925,0.03239724383597675,0.017127415857891348
2023-04-06,0.0054959852546458965,0.009495540049077267,0.037809833372615564,-0.0010971612768559957,0.021846214493705496,0.025532897398910848,0.00580317964388577,-0.002479553165553039,0.0070302965361714875,-0.016582410274883608
2023-04-10,-0.015972428238170466,0.0010778033801970288,-0.01826220534232692,0.003294905960668615,-0.0062470773474976315,-0.007578825714438464,0.02004658511326407,-0.0029720256079851515,0.004621638723791399,-0.0044330972343954445
2023-04-11,-0.007591319453782552,-0.022022120390757682,-0.010240527622227491,0.0049260957313115306,-0.004190994672770509,-0.02266850827950795,-0.01486645767225614,0.012357047570192181,0.011238745597724531,0.00707174848403791
2023-04-12,-0.004352989793325324,-0.020916697119598093,-0.00673942682688311,-0.0001556001761212622,0.0007014388385642167,0.0023336355828742494,-0.024807577628277566,-0.03346003653646468,0.000422328543860262,-0.001040163926212423
2023-04-13,0.03410345040680718,0.046713683014299345,0.026662790682278725,0.00381327652947272,0.029672902590929473,0.02239929434732102,-0.0012077848779533662,0.029688716127604264,0.009670101879512005,0.004686317376958238
2023-04-14,-0.0021137781581065385,0.001074224694457282,0.013404166507251958,0.07550969631876603,0.005173610499870529,-0.012765797187022643,0.011147548087600434,-0.004841279860318459,-0.02744039870021764,0.0024186874166571837
2023-04-17,0.00012080449599238818,0.0022436418178335416,-0.02663734903199766,0.00792929632892525,-0.01187403699536227,0.009296063429228063,0.009118745112560056,0.011026990735853115,-0.012583307389397058,-0.011633082781324244
2023-04-18,0.007504929204164457,-0.004282604839014548,-0.013871824895793528,0.01122767194320251,-0.00443215953805054,-0.001488950227638064,0.02462797557955798,-0.014595786064655836,-0.0017215579422917848,0.019529334199860582
2023-04-19,0.006968066931300587,0.019550341547772243,-0.003062245827151422,-0.0012730143361516788,-0.010050982198723246,0.00027769773890073957,0.009542079125844483,-0.020183393575926356,-0.03623526283674405,-0.003164021951999385
2023-04-20,-0.005846361609635253,-0.0046980391066805405,0.010654772028380721,-0.002903262282704211,-0.012192841847939229,-0.008112655912863032,-0.029608923829736122,-0.09745828230593856,0.0025914386100247544,-0.007978094377102396
2023-04-21,-0.009780641612025298,0.03034391291745231,0.0011397533860530995,-0.0019172894166440413,-0.0008448079672890296,-0.0012228388674631052,0.0005536906847747325,0.012822849668400638,-0.007467161440748993,0.0031994433201116834
2023-04-24,0.001878525465578873,-0.007011967150520215,0.005312428759799426,0.0013518040967746003,-0.00046968639250699606,-0.01396307277829223,-0.00283944209110476,-0.015325895028073244,0.01058228259687577,0.018877779744302936
2023-04-25,-0.009435890413143189,-0.03427172037496595,-0.020005565232448674,-0.02174386617200086,-0.024625200981857054,-0.022536030965919385,-0.029620675046855727,-0.011565701922588656,0.006094907240323355,-0.014213344906142233
2023-04-26,-6.09807138076679e-05,0.023496184744855597,-0.001348187358760855,-0.017723502113519918,0.008913575687187203,0.07243472680382146,0.027247559482493022,-0.04306963495243776,-0.018234643532759387,-0.009182895972616012
2023-04-27,0.02839535563772677,0.046103983455159314,0.037411904408490404,0.013458605472133511,0.13925492898038527,0.0320276447534491,0.010016258064333261,0.041886194740853755,0.015570752661206999,0.011953414501103099
2023-04-28,0.007540933278661344,-0.039792412663683385,-0.0023234222019492545,0.008682906588565631,0.007377645231662733,0.007971737996525396,0.01920956751463687,0.025719427270091355,0.0033030331814773994,0.012924585757033702
2023-05-01,-0.0005304417737337364,-0.032242712137328766,-0.0013042813255008667,0.021412105053337127,0.011900712953906822,-0.005532746176425962,0.0418392776532408,-0.015093395194377579,0.007336036617594965,-0.031012241190531364
2023-05-02,-0.006191466931430911,0.015482549283793778,-0.017537416472337863,-0.01614710611913517,-0.01620192286390132,-0.000491095758437532,-0.024212936436017407,-0.00939259874721976,-0.004659985762121566,-0.03985365240647021
2023-05-03,-0.006467335442891797,0.00019303553981586674,0.0008546995429641324,-0.02116345578831147,-0.009237600987804462,-0.003306870902935577,-0.014462989234127255,0.0018713932775662467,-0.008005935083082227,-0.019709133673008417
2023-05-04,-0.009913298919616786,0.0033767339022539034,-0.006830588922885461,-0.01367844060008061,-0.014808257774823974,0.0033178425800239886,-0.008632508545579842,0.003673471985857102,-0.004413201222219554,-0.01751141025807823
2023-05-05,0.04692705324565316,0.015961573674128537,0.008405727031534083,0.019534610531146024,-0.003168928300418261,0.017157563802180587,0.04056311017176051,0.05496278398315546,0.014365509094699247,0.024896187494988675
2023-05-08,-0.00040338893161528944,0.0016089169321718,0.020839185832302043,0.002413275934164849,0.0021051178201414444,-0.006438467025890682,0.016422659758489333,0.010172855182730478,-0.003358523743430375,0.003956616430771387
2023-05-09,-0.009971258000759153,0.00746481056277859,-0.0038971611131799477,-0.004814812375814714,0.0004285194685356153,-0.005345432261618099,-0.019896374470192102,-0.015367597024416146,-0.004547028979420276,0.000274971539582447
2023-05-10,0.010421070659156317,0.03348339526223332,0.040987507768746934,0.0005130705767109056,-0.0012425303400211973,0.017296131318346175,0.010990140855811292,-0.0036062703657255835,-0.0006321130981190581,-0.0128276147417975
2023-05-11,0.0010946185172713285,0.01805969525073481,0.04313197241296085,-0.0031506183902535456,0.011626874897636696,-0.007044319514295738,-0.010628429692985275,0.021003967520705658,-0.00267321576516355,-0.018099071042090298
2023-05-12,-0.005417573537536247,-0.01711533396079623,0.008063773298387922,-0.01433299966971402,-0.00839725722629836,-0.003676110249726472,-0.008328014797334138,-0.023826162598143963,0.005053816114099607,-9.469552112040258e-05
2023-05-15,-0.0028975433204667667,0.008525256609829501,-0.008509785388580937,0.008426479676185261,0.021598746772871102,0.001586161814291387,0.021630104170523357,-0.009703474612936969,-0.008896171653139162,0.0019072027135020875
2023-05-16,0.0,0.01978421437062372,0.025748866500887146,-0.006728968990952544,-0.00016755102460352944,0.0073675601321208095,0.008980153186149975,0.001021930644472091,-0.014665381842790537,-0.024269535872382897
2023-05-17,0.0036033623101694445,0.018518504813616277,0.011128674363454438,0.030747061886395644,0.015367197073862693,0.009451523086371871,0.033033239524713265,0.04407876621166107,0.010610289836551656,0.022434588037237857
2023-05-18,0.013666176231761584,0.022943736154795724,0.0164682010524011,0.0075840256917329985,0.017980149660862255,0.014394706451213546,0.04970497291027676,0.01742780840135616,-0.011509631965900713,0.009063250582325821
2023-05-19,0.000628288573596425,-0.01608126535201726,-0.000569993668408042,-0.0022940000000000182,-0.00490180856027167,-0.0005650077253751551,-0.013069020290162214,0.018373000232992265,-0.0008555879731804161,0.004632733947045109
2023-05-22,-0.0054806789071530915,-0.010666648290490577,0.018654301066099777,-0.00826236563146443,0.010910304312066632,0.008921353851332858,-0.002814624677584532,0.04846228354123516,0.0037594066760100464,-0.012139987553892562
2023-05-23,-0.015154904054944685,-0.00017393506729301844,-0.01991211272488158,-0.010432519994216682,-0.006362727342209884,-0.01843216841576789,-0.015653086566205232,-0.01641335799687571,-0.0024552244154371072,0.013622834607337042
2023-05-24,0.0016321009275832576,0.015305697616548875,-0.013544314632847554,-0.009151728587752261,0.010010550489507386,-0.004472289141316144,-0.004888017903882047,-0.015449266889003499,0.0028991278306018664,0.011184046032450379
2023-05-25,0.006692236428980758,-0.01498929336188437,0.02133991624926579,0.002438239728428604,0.013964067937269897,0.03845787934675804,0.24369664590927398,0.008583965973816943,-0.006509445626286525,-0.01793817074841053
2023-05-26,0.01410466667263477,0.04443478791610045,0.009151181878056747,0.009361190714958889,0.03700201728397401,0.02138546441815503,0.025434376787719204,0.047162123329924865,0.00799654651366688,-0.006530418513655323
2023-05-30,0.010659449082158101,0.01290486257498391,-0.0075434270704043405,0.0037972724283650283,0.001831814046907354,-0.005046737108687971,0.02991326739530109,0.041362559242642094,-0.0034681447785130937,-0.00885969450757007
2023-05-31,-0.0002816836946279988,-0.00887721353399118,-0.006468829702344636,-0.012731055314779693,0.008380072033907782,-0.008514119420496735,-0.05676759015180022,0.013770078361723614,0.01540056392857303,-0.01787769910079129
2023-06-01,0.01602240195453586,0.01816217265513176,0.0069177568727003536,0.013779484351834848,0.02980520728801217,0.012759186462712124,0.05117094485477769,0.017604137329555458,0.013114828804553502,0.011548162773027837
2023-06-02,0.004775488822251983,0.01205508998453797,0.007678631742280562,0.02100557651593493,0.0,0.008479234622523535,-0.01113924099299124,0.031081326211682914,0.012053485805702202,0.023219712663950176
2023-06-05,-0.007571261283227271,0.008450728786783213,0.01074851512191577,-0.009823810955868928,-0.004475149582902516,0.0016099956533011106,-0.00396667025005093,0.017011727666879306,-0.002782252885170755,-0.004443912569369157
2023-06-06,-0.0020601499985813954,0.010454888481148839,0.010316643552928495,0.0017972821063882982,-0.0009949526373731477,-0.006727578534766798,-0.013198254076930205,0.017002881015874438,-0.021317252193265968,0.00816788604754115
2023-06-07,-0.007756417385470393,-0.04249267220189956,-0.03778184815193508,0.009688523931742354,-0.02773687468802244,-0.030867665157677582,-0.03040119586620793,0.014730512862447087,-0.011157349944590833,0.02242109183270613
2023-06-08,0.015465147985302519,0.024911297199049942,-0.00293876368220658,0.0002843974850303965,0.0037177430346186924,0.0058136102377301935,0.027618359516911495,0.045820870777622646,0.016800442062163468,-0.0031327952763573474
2023-06-09,0.0021597449711938665,-0.006599595129369917,0.0007369351400658974,0.001989516669898883,0.001398603676908028,0.004703719645145377,0.006751600435788152,0.0406199151040636,0.00691512595225352,-0.007394549832475894
2023-06-12,0.015638804671419537,0.025439515368102628,0.011535492901532995,-7.099621776374132e-05,0.023023001970880363,0.015484025938688584,0.01836455296822237,0.02221770896144215,-0.0020866399115243572,-0.009032346390472235
2023-06-13,-0.0026116225333775445,0.0007111003199982147,0.0015367946718807257,0.007234213481230212,0.000996314476919613,0.007352713017081403,0.03900513512061421,0.035544128242966044,-0.002598469708545048,0.0001878467087901292
2023-06-14,0.0034911404865345386,-0.001894879884926648,-0.0012920818573357584,-0.0037319948150752458,0.007481827586077738,0.00912373632020036,0.048145016166388555,-0.007421371317580694,-0.06401261594524432,-0.0120254342132452
2023-06-15,0.011198701242613573,0.005458016543269828,0.011482085587640967,0.011308447703779478,0.0310223039116313,0.03189691004772621,-0.008000539757754388,-0.0034659239799892383,0.017271602618553317,0.006941744782854586
2023-06-16,-0.005859740211301645,-0.012744888197649074,-0.012470950709858597,0.00118778535493691,-0.0029449636969868243,-0.016575960150872815,0.0009141995659478486,0.01813214052015355,-0.015883757914684438,-0.007177109629728284
2023-06-20,0.00048663980698537834,0.002310948445805039,-0.003480961509535696,-0.0050954834649104,0.011850583260623937,-0.012502385122576731,0.026140920102445175,0.05338912722001776,0.02377388480753906,-0.022924135300457005
2023-06-21,-0.005675288805504941,-0.00755284590127181,-0.02071487114356718,-0.0014734086357682807,-0.009460773380165488,-0.013282199071980139,-0.017417084777384684,-0.054618400747766804,0.015679872854544863,0.011195577467170148
2023-06-22,0.01652527102479917,0.04261789623803569,0.02156775584394488,-0.01925234218206362,0.011504144640147373,0.018437444522053648,-0.00046448035028801016,0.019848894111198723,0.004824383622014761,-0.005487636249045469
2023-06-23,-0.0017110843017497102,-0.006300361919969633,-0.0065773342567706505,-0.005229941651111902,0.013514288953149212,-0.013806026838505625,-0.018965752041629536,-0.030270888067223778,-0.004279310621164378,-0.008712521469041667
2023-06-26,-0.007553139757183969,-0.01546431587167707,-0.03269571285699979,0.0024485854383866634,-0.035534928770846075,-0.01916286887728491,-0.03736176149153658,-0.060600166336257755,0.00431863803671062,0.018456978646370414
2023-06-27,0.01505900655409187,0.014529104045574393,-8.448929408777506e-05,7.216035729284975e-05,0.030811109780795265,0.018167974325725478,0.030616256181963175,0.03800042956291749,0.007305979525795259,0.002493103268927932
2023-06-28,0.006327739053043624,-0.001083754432466999,0.015634311926486122,-0.004382364290840379,-0.006131268277762336,0.003825940923460891,-0.018124991899562293,0.0240996896954786,-0.016806213388597002,0.008130135428643381
2023-06-29,0.0017966274367005042,-0.008834406537251538,-0.00898654733449289,0.0349231036858908,-0.013179557619653282,-0.002382262391622536,-0.007174451367807588,0.004917303362650394,0.004194303103903119,0.012333995186144309
2023-06-30,0.023102550424006107,0.019233769000189582,0.005037719725292433,0.014013675668630876,0.019358726665054116,0.016385718327886822,0.03625488357826567,0.016582481606492783,0.008815455531442362,0.005154574792528566
2023-07-03,-0.007784779601431202,-0.0010739443770555468,0.0016709728114860933,0.008044744178331342,-0.0033453476924931724,-0.007488142441795853,0.002623681348939755,0.06895373445427366,-0.005742324375148988,0.001958115482432854
2023-07-05,-0.005871277818023102,0.0012287180203460757,0.01542939819376854,-0.006661646457657433,0.02919387483160607,0.00047347292249755313,-0.0022631066751148676,0.009506123909958086,-0.013936636122610091,-0.005118277521168779
2023-07-06,0.0025086218193117737,-0.015493205988729275,-0.013470178702971514,-0.009886725033038557,-0.008085172602904755,0.009226547733389712,-0.0050570018010076545,-0.021028045208104085,-0.0039471999307511,-0.037321004819309445
2023-07-07,-0.005891255318006605,0.011062622017709689,-0.005245282699660514,0.00789063491458264,-0.005000190834905882,-0.011867228859862133,0.009500261946907784,-0.007630056425625198,-0.016575753527181547,0.002331807112572637
2023-07-10,-0.010855748096160966,-0.020419182854096718,-0.025359797310246845,0.005611547057856381,0.012287949842819001,-0.01598373467004155,-0.007599564829614325,-0.01756370459810941,0.0031845120350306733,0.01483134632471561
2023-07-11,-0.002810002406532619,0.012978852839820476,0.005925238120953136,0.015639184440568554,0.014246988200888655,0.0019285776402706567,0.00533448933568792,0.000667717084456676,-0.00034521126158959525,0.012226449718381938
2023-07-12,0.008985498296641747,0.01568569880112225,0.015280877465901677,0.004951753435959549,0.03704433796480866,0.014227171771477698,0.03530229968571197,0.008154422401772665,-0.024174183850301678,0.004907157713533561
2023-07-13,0.0040574478007842085,0.026758409161619312,0.04717066732283226,0.004859910644185783,0.013157164049252934,0.0161920381967553,0.04726461196970155,0.02172875427149612,-0.008744916487002263,-0.018311583080677596
2023-07-14,0.0007874690262725803,0.002829408900884234,0.007065967031131937,0.00604561716843155,-0.014485846359973409,0.007529225517617588,-0.011048982464447632,0.012522529912772917,0.07240652435662809,-0.034436550498585294
2023-07-17,0.017305489470437863,-0.008315972513331604,-0.006139348444017756,0.024103537008006937,0.005665732544412716,0.0014195097279205982,0.021816871397815074,0.03198521516746822,0.008142888725716224,0.004358920473185091
2023-07-18,-0.0013404105563138424,-0.005465676406731013,-0.0071400673993217145,0.0018256269608301068,0.004603761901137204,0.03979956233019655,0.022233682694939416,0.010193509901870401,0.03288711560113011,-0.004537271792535935
2023-07-19,0.007071720727023445,0.019046892602732513,-0.013978634725831607,0.003839676201486064,0.012690204842168873,-0.012267255169877589,-0.00878001625455016,-0.007090702250741598,0.007400117063412592,0.006936054843130535
2023-07-20,-0.01009720651811119,-0.03989357175040831,-0.023191049097982863,0.012317698256019582,-0.042688492815401324,-0.02312171693479448,-0.03307358846234598,-0.09737009860008494,0.001071979154952496,0.017614717400781688
2023-07-21,-0.006161703749094083,0.00030773533446226686,0.0068791705786861446,-0.007684872221514705,-0.027304027951652432,-0.008936944396045421,-0.026603598175319543,-0.010954754468143868,0.004541499935375892,0.004641762896351098
2023-07-24,0.00421997643771177,-0.009230745755709147,0.012581291315830745,0.01968359730029956,-0.00900571582572518,0.003897901617338384,0.006838237057389396,0.03476659075024635,0.004244564606147305,0.015689482572271096
2023-07-25,0.004513651264280272,0.002562125956798944,0.005595289531928671,-0.00746810418722843,0.009807550314633318,0.0170093362167123,0.023917523158786036,-0.014048906614123058,0.004423202714157304,0.0015165566280892495
2023-07-26,0.004544877950383608,-0.007589335934878205,0.05776941598999197,0.005993784823686177,0.013923502231109941,-0.037637528271663334,-0.00496954530233551,-0.0035057022016762307,-0.00573455721830185,-0.005583051210139023
2023-07-27,-0.006580974530422279,0.0007803832093540297,0.0010055520908494042,-0.011029347949172985,0.04400974390039569,-0.020872133649113334,0.00985670632592095,-0.032683938680391544,-0.005452838961833906,0.0031402721956954593
2023-07-28,0.013507856634208393,0.030877245332297854,0.02457499392385354,0.005704415735127588,0.04417562994817481,0.02313116994211306,0.018518419827236565,0.04196157931177735,-0.004591900027230089,-0.011952156588276641
2023-07-31,0.0031661673219551822,0.011118568090654923,0.0010562684428976343,0.006691850659924059,-0.02113798222461416,-0.007240633905802096,-0.0004493351703532822,0.00371562162326855,0.0068798124000513106,0.029569588397614366
2023-08-01,-0.00427578931751893,-0.014886223394710907,-0.008815760522164928,-0.004937929423302512,0.012900178606559676,0.0012503737378282143,-0.004750730988651308,-0.023781870118334214,-0.0032188949066991324,-0.0057811758909862565
2023-08-02,-0.015490243734448406,-0.026425663778747666,-0.024097225131490485,-0.011324735293840038,-0.026029553232871372,-0.02628293823748673,-0.04812166117431327,-0.02665954157355066,0.00011897044824182856,-0.012474224505946485
2023-08-03,-0.007321497684047995,0.005459768439170398,0.0005452323733730058,0.006113167760419147,-0.0035631965160813905,-0.0025647546309556235,0.005556845839639557,0.020502958173047814,0.00011882783343519776,0.01738054107891518
2023-08-04,-0.048020038463597925,0.08269337801006271,-0.002647016719157791,-0.002110584846240604,-0.007854698497258616,0.0034284979532299698,0.003706816663433976,-0.02105509239416581,-0.004219107133556221,0.0028005555308139307
2023-08-07,-0.017253682563486916,0.01898684357254843,0.026695851075162258,0.00474316286565557,0.018762323688648497,0.0071081854132382105,0.01649503161852839,-0.009493435973824349,0.01593302865113788,-0.0020481052655618726
2023-08-08,0.0053117535947591055,-0.016031491771390738,-0.0009883912887206359,-0.005613851062316599,-0.012383176820266129,-0.012298669679421614,-0.016579807512585365,-0.006959634206558429,-0.009554760210790603,0.004944133226645109
2023-08-09,-0.008954346390161794,-0.01493494570121734,-0.013241965373367637,-0.013407618755629569,-0.023765564121106753,-0.011716025077559866,-0.04724167749548913,-0.03007606967809695,-0.007413036994742717,0.016986807256052616
2023-08-10,-0.0012350424590928943,0.005150463718840648,0.00023139815299400013,-0.0014956958997561776,0.0017366247265624413,0.002172331499826541,-0.003900719857914625,0.013006292021680244,0.0027284387824468848,0.005111443840323471
2023-08-11,0.00033770508122143994,-0.0010825194798443905,-0.0010022955226328678,0.0057960116807616036,-0.013410159983470393,-0.005945285578112691,-0.03616603443936817,-0.01096438608281991,0.008997406045879286,0.01552853658726483
2023-08-14,0.009393399898766086,0.015605834874352187,0.013661482350086684,0.002071855345828988,0.015084359246939405,0.00943867997515313,0.0709336733691519,-0.011910156448968756,0.005747860428908069,0.0008048340749879923
2023-08-15,-0.011200394341849385,-0.020630355012962953,-0.011802332498553891,-0.025457397039787555,-0.013847623954166388,-0.006727761990955483,0.0042741139056117206,-0.028361644764614224,-0.008298557431783427,-0.025673302642818974
2023-08-16,-0.0049593112323379485,-0.018885675014943426,-0.008321800812216895,-0.004243055094767634,-0.02536855255421322,-0.0024283405192323526,-0.010332533881595052,-0.03159340830287438,-0.006177372645042256,-0.016827088307709404
2023-08-17,-0.014555143217248934,-0.008069975106044458,0.009479507436889634,-0.01038689042393326,-0.031261755508848466,-0.010986300851754116,-0.0032652373862737116,-0.028280162722535862,-0.01906416651932219,0.01937191876603217
2023-08-18,0.0028164382295403634,-0.005672447612115605,-0.018934779151907888,0.0022877656247122236,-0.006453859000793316,-0.0012622845309775421,-0.0010381580626293019,-0.017014851321818125,0.0090695268911416,0.015129219934670646
2023-08-21,0.007736658471876323,0.01095925117625085,0.007139302881712162,0.0034235420075683365,0.02347735073483226,0.01706292152151523,0.08471321544309829,0.073274828918382,-0.0015247917543633749,-0.012086576880288025
2023-08-22,0.00790478932010008,-0.0031926989840012077,0.005531117248869011,-0.020738542747333,-0.007933735942202591,0.0018016719026219263,-0.027657802483004423,0.008258403978685713,-0.010729779125894345,-0.005611244608906718
2023-08-23,0.02194905438916961,0.009459994580714559,0.025487846771787614,0.00676312192193107,0.023087679252891125,0.014079353184462962,0.0317073187062209,0.01573823118710882,-0.005890101576230156,-0.008788294279266973
2023-08-24,-0.02617047099589953,-0.027154721211281152,-0.01956621146882709,-0.0009498734903006234,-0.02545553465913697,-0.021498648412966892,0.0009974720055214714,-0.02879341090367582,-0.002737989085142001,-0.007466197925711238
2023-08-25,0.012643065704502687,0.010770617478674804,0.000770534915634391,-0.0012227908282606004,-0.004359043840373222,0.009407286117625313,-0.024277482505513426,0.037167463490241914,0.0020895873370583296,0.017865657721118033
2023-08-28,0.008846081813074003,-0.0009004586682715976,0.00870012728453462,0.0034682429479300225,0.01667273032726735,0.002229238170692094,0.017753819636860513,0.0009640428763089126,0.004416198557176676,0.008406588846691987
2023-08-29,0.021810269817753136,0.013294308852149106,0.027173791708644757,0.008132236663330739,0.02663079366419452,0.01455049249082463,0.04161424007654224,0.07687791972402569,0.003155077972764264,0.005954328500175299
2023-08-30,0.019172455674767885,0.0011860029483812262,0.0097345288644064,-0.004033318431640676,-0.009698091839761225,0.001157197501221896,0.009839254979485457,-0.0010887269121663268,-0.00263783778093718,0.009744123316429265
2023-08-31,0.001172187726074414,0.021766395374215985,0.002134418034608787,-0.012351383493570123,0.002677019631407651,-0.003132638823120315,0.0018472898760135692,0.004593198535678855,-0.03041536528043587,0.0027958954553790605
2023-09-01,0.00846348909218797,0.0007970481467276525,-0.0037453640803644106,0.0033486310067503133,0.0016560678807835405,0.0027457896224876155,-0.017141303443779954,-0.05064318329763218,-0.0007132071222741843,0.020955049266912162
2023-09-05,0.0012666153990947837,-0.006154002858205887,0.000811009669023699,-0.011034184768139998,0.012720159198307934,0.014878651312963509,0.0008041528514450835,0.046855214011356505,0.009595918058332487,8.80377011998057e-05
2023-09-06,-0.03579334102705667,-0.013914209970579572,-0.009648829501591849,-0.0016526583979115106,-0.0032651267762344727,-0.0020087768933633177,-0.03054970928188816,-0.017817428513501543,-0.008048968848304972,0.008632126541831209
2023-09-07,-0.029249380137775338,0.018395430569861038,0.005949611426844248,-0.008554256832352225,-0.0016713549397274763,-0.008922255019149561,-0.01742412934575932,-0.0017068620153485314,0.01650110585003617,-0.004890355409746583
2023-09-08,0.003491769127604627,0.0027565441218631026,0.008280556267823425,0.0007655427289658956,-0.0026114189977717306,0.013215741424025262,-0.014467781376813371,-0.01188916230408743,-0.004472713152600338,0.014567680700627195
2023-09-11,0.0066225596664841735,0.035231212663680456,0.003959367187538865,0.004379974487830118,0.032461625001408034,0.010979488883349209,-0.008645625946606006,0.10092549928477124,-0.002891165774122184,-0.012541975910142611
2023-09-12,-0.01706065792313405,-0.013067856717097759,-0.011539610499778474,0.013014132418063928,-0.019183125391939004,-0.018257898148591467,-0.006817392781442777,-0.022296863386701782,0.0010846695079587132,0.029169381678052275
2023-09-13,-0.011854931304574934,0.025632022130484877,0.010122747814866884,0.00047827954804691153,0.011270725606985721,0.012930683897788064,0.013706231736828167,0.014281354305895722,-0.00012497974210967655,-0.008936836243303992
2023-09-14,0.008782592724206895,-0.0008975138235036706,0.010167464653607627,0.019397689257336648,0.021831861685524645,0.00785585647878384,0.002110504992808737,0.017471511114000693,0.007835869846238186,0.01786333167289378
2023-09-15,-0.004153700560790452,-0.029919857618376344,-0.00506890333201282,-0.00294816504438411,-0.03660344260735959,-0.02503705325276062,-0.03687936185991991,-0.005977372284481253,0.006410286806921572,-0.015356139553866055
2023-09-18,0.016913062730809836,-0.0029204620264398073,0.005895355341957842,0.0020831261306692994,0.007459127695288226,-0.0035128116756133476,0.001503304867928934,-0.033200974462619715,-0.0013148895748913425,0.008054946733358603
2023-09-19,0.006180853397123043,-0.016788047695762587,-0.0012299902429462328,-0.001274188763572326,0.008329147018460326,-0.0012459340096324656,-0.010144072128206338,0.004598918977371191,-0.011109810187059255,-0.002635161814566467
2023-09-20,-0.019992099438600697,-0.01700219075536713,-0.031150507573426633,-0.004230095757766672,-0.0177008698611123,-0.02397682581653604,-0.02943472895989141,-0.014671683535119606,0.023863086658264088,-0.007926372718415009
2023-09-21,-0.008889496368210681,-0.04405345369833069,-0.024674633748584807,-0.007821826131790721,-0.013147689166318921,-0.0038656564147871997,-0.02893074807081597,-0.026238620989897266,0.01830818107525678,-0.014089339100020859
2023-09-22,0.0049445323922934215,-0.0016238050792075631,-0.001456797469628679,-0.009582818125079884,0.011327772645057133,-0.007886624036970935,0.014457615335783824,-0.042315182614647506,0.009897440911274202,0.0015684361793282253
2023-09-25,0.007380527620661992,0.01665124873434287,0.006602854945558123,0.004940502242078315,0.005851193537871113,0.0016718137657198984,0.01470796650213857,0.008616467528091087,0.008259177005156548,0.011223296461967847
2023-09-26,-0.02339861380908792,-0.040298626825268746,-0.01937294350153529,-0.010379019584273785,-0.006215957473481026,-0.01700576461762704,-0.007366011582208509,-0.011619945391094011,-0.009465398419066351,0.0015487445245216946
2023-09-27,-0.008897417094171134,0.0,0.015322309942047418,0.005865035027245558,-0.004080920650755937,0.002082523482545895,0.013290222908326932,-0.014828753029631048,-0.003402925874697149,0.03255731366233894
2023-09-28,0.0015254644858329058,0.0,0.013559041009675088,0.012415951597422703,0.02089063708781369,0.0027174406871015577,0.014622838856835907,0.02444908475181906,0.012645692353659976,-0.006073163045396179
2023-09-29,0.0030465537881869675,0.009049050319664742,-0.010959113218418137,-0.017413056202855937,-0.012337017554947316,0.006727342234279732,0.009515108887408585,0.015585665483353939,-0.011586009258904517,-0.015820164545046533
2023-10-02,0.014835575681579227,0.01840783446134786,0.02529414172822264,-0.008619393213240789,0.022017921690561604,0.01916078700575974,0.029494890424756504,0.005515166158101437,0.020587603364974116,-0.01658438039829091
2023-10-03,-0.007769699595707169,-0.03661366636292884,-0.012968579276823045,-0.0073730692785983765,-0.019164272445360675,-0.02613423504040402,-0.02824790193652693,-0.020151062008054166,-0.00991128208385672,0.0017298619299745965
2023-10-04,0.007308725779838099,0.018280939360016735,0.021218808016273183,0.004484706994954957,0.015418051099908237,0.017773307708835784,0.01204112456898443,0.05934371052307452,0.002257330905108823,-0.0373826171168411
2023-10-05,0.007197721564551562,-0.008188983586829512,-0.0012572296395672033,0.00421623557704609,-0.002585210652708003,0.0012541508004708657,0.014690915604034238,-0.00425032873937603,0.01098665325367354,-0.02251116103959372
2023-10-06,0.014750573677138501,0.015878056641289273,0.018583123322343464,0.015395642153141154,0.03490934118323907,0.024736887812343067,0.024033351589463514,0.001845841218459432,0.01662066014149821,-0.016698792753368386
2023-10-09,0.008451077791024941,0.0023444468936362206,0.006105383176712609,-0.002274292499328645,0.009289058506838588,0.007822784708650499,-0.010685745949835068,-0.003300907210654902,0.0032389900800620097,0.034991257920606866
2023-10-10,-0.0033522404834663844,0.009511938819224852,-0.002600492006014421,0.006078194712575202,0.01093112033612309,-0.0043358051598799685,0.011596373273723648,0.015211543440507347,-0.0043113152256580856,-0.004237191322308709
2023-10-11,0.00790432280874298,0.01814956889912689,0.01803548178226677,0.003433051768949813,0.018580481622306744,0.012272098698739464,0.022009685967530723,-0.002389822071472425,-0.0002099654610513424,-0.0358534485886669
2023-10-12,0.005061185450360606,0.0037927633547389927,-0.011241684944983232,-0.002326262397571388,-0.011164582412819812,-0.003790592790648639,0.00296969134806524,-0.015665976919941982,0.002690316076089827,-0.0001877781785468713
2023-10-13,-0.010292793170578407,-0.019194502454286222,-0.011585061093407178,0.015019470115029687,-0.0292140002539506,-0.010357433843224628,-0.03161135558671946,-0.02993780718577166,0.026372936567398808,0.031934137659901385
2023-10-16,-0.0007270399814054418,0.021265196921155027,0.012667288586765135,-0.001013354213379003,0.02052818055023886,0.0149818626916558,0.013945950017561826,0.01115006015531006,-0.00253996588629235,0.00072785228935901
2023-10-17,-0.008784650925690474,-0.008147882355257097,0.004457315033212339,-0.0021644675801540947,0.008874276781191792,-0.001743862281732067,-0.04679452255599792,0.0036626021631882555,-0.0025649231348479073,0.013097019499957563
2023-10-18,-0.007394820064121732,-0.025405007278304192,-0.012596558761482912,-0.010980604540303807,-0.02169746126410299,-0.005872502474622676,-0.03964707244388077,-0.04775363208267347,-0.0010995173655012902,0.014004736701713316
2023-10-19,-0.002161112654637365,0.002107149015711185,-0.0015222252473811038,-0.004249538545646692,-0.01312414906753634,0.003665645866668177,-0.0022510990796071884,-0.09300310180733784,-0.008264043043879177,0.0006196719801072614
2023-10-20,-0.014704247861508368,-0.02515573116103942,-0.015608100723293217,-0.01610559500650599,-0.013299076629887607,-0.014034760929059642,-0.016959370368941462,-0.036890623300491754,-0.00865258978971073,-0.017165003845874494
2023-10-23,0.0006941791823178445,0.011104892625885654,0.0066372839278281415,-0.013641026012519153,0.01736619521634175,0.008111977916787971,0.03836958225072307,0.0004245310418349302,-0.010359904792493935,-0.014674304924384152
2023-10-24,0.0025433493974396093,0.015802781594350668,0.016923125851045162,0.0012057288818714262,-0.004649648869450851,0.0036744392221919053,0.01600928654051903,0.02093550737020089,0.0065762471133670175,-0.009684554637722664
2023-10-25,-0.013491716942872545,-0.055771610960691276,-0.0950941411736107,-0.0054547196718113256,-0.04165729293441878,0.030677870360763748,-0.043148867189277906,-0.018935922882932887,0.009923918328214931,0.001845098421820568
2023-10-26,-0.02460543262108905,-0.01499299533713827,-0.02651059981570225,0.0025643221210842615,-0.03732522717627795,-0.03751430195460048,-0.03477806507632197,-0.031352997455599385,-0.003489261748237049,-0.00911693211326603
2023-10-27,0.00796943922395621,0.06832816082460003,-0.0008994994716621241,-0.03601875670017629,0.02906196307418396,0.005855553922503809,0.004314822849454947,0.00748448962886572,-0.007002591877154796,-0.019051878767145203
2023-10-30,0.012305111079444986,0.03890722509168976,0.01874438921133348,0.012749556361801195,0.019984423060303236,0.022740403468485493,0.01632103313163591,-0.04794984223383958,0.010158797151926802,0.0031262915037093553
2023-10-31,0.0028188579316126283,0.002863308000901066,-0.0030532151214854863,0.011934216219875893,-0.004592609937170589,0.002371847679156769,-0.00925643849958635,0.017632730628176496,0.010509548628250709,-0.0002833297986688521
2023-11-01,0.018738596059711066,0.02937864429857373,0.019100559723134625,-0.0008628942889337132,0.03511815458654621,0.02354263745267593,0.037886381155213256,0.023999240251476817,-0.0073939847743196285,-0.001983791137814772
2023-11-02,0.020693204252196118,0.007810272439553012,0.00822460887805132,0.017849365243586934,-0.003142625378501518,0.0065016025000317335,0.02790316747760757,0.06248172039245192,0.00852141703592002,0.0328473506066973
2023-11-03,-0.005181009155862504,0.0038386235328597973,0.012628613390034626,0.011172529832599754,0.011998716962604128,0.012861644073905998,0.03445500241970878,0.006635907937775798,-0.009754887112596755,-0.012189597997759427
2023-11-06,0.014605104248696321,0.008225103459209127,0.008907525819829232,0.007552526709872609,0.0038143374033363653,0.010572610787200398,0.016575826589784848,-0.0031369449915676917,0.004821734178062975,-0.0177212674269962
2023-11-07,0.014450693231696787,0.02125376487729147,0.005527927605091465,-0.00048592943972125546,0.00956282741346448,0.011219222300245413,0.004458936112111456,0.013271256198382764,0.008191707013699645,-0.015679645345445303
2023-11-08,0.005885047764925488,-0.004414580990635519,0.00664260328364219,0.0049301941584165565,0.0030111576213167623,0.007405825626241036,0.013469700554580966,-0.00031502415940676265,-0.002045039143636962,-0.012282921756171739
2023-11-09,-0.002624570932373782,-0.010416636461610618,-0.012135693621083687,-0.002971219808996728,0.002407932584048922,-0.006910672820608643,0.008073206437361202,-0.054612601186257326,0.00422940254363513,0.00029145010702191776
2023-11-10,0.023220045621431984,0.021052569890351647,0.018043614779414963,0.014831294155140728,0.025643212394209636,0.024896600065549057,0.029499436821755154,0.022240205086035525,0.004100134262259303,0.007672889217443579
2023-11-13,-0.008583722636924196,-0.006756765374750118,-0.003771140171681453,-0.004439092835196057,0.0012777928848117792,-0.008088457321255293,0.005896354716198093,0.04220830689495392,0.0025127922286174442,0.010506092569597891
2023-11-14,0.014285704734187776,0.02251214528584833,0.011583038131292911,0.018246881759766742,0.021628639601354083,0.009790560620217992,0.021308066495473676,0.06123998273248876,-0.003888678952808644,0.0038503268168066374
2023-11-15,0.003041090023169657,-0.017832688951265996,0.007484026699222879,0.008757857900662636,-0.010704236336825379,0.000406146262421192,-0.01546635543747632,0.022871793909364557,-0.003793302739502624,-0.0060409408926841435
2023-11-16,0.009042048412652992,-0.0025837648398919777,0.017159459772846164,0.01141955084677626,0.004448366882609411,0.017583082844652154,0.012109289740515727,-0.038090924639652135,0.0026190818408486916,-0.011576207166516306
2023-11-17,-0.00010559236543583594,0.016453061783939793,-0.011831065910044458,0.009045762784114952,0.002543155432516153,-0.01680074917836971,-0.0036782255166786237,0.0030395424675642158,-0.006539575139419163,0.024399749326902365
2023-11-20,0.009278453593239089,0.0065436854591447435,0.0069470808846909815,0.0030754678105553435,0.014714850722947315,0.02052187250467208,0.022536436813358707,0.005548455120893081,-0.002218819627947566,-0.0043826088947230835
2023-11-21,-0.0042309683065413495,-0.015260459261028925,0.005284382267000121,-0.0020875491316093564,-0.008794945577629498,-0.011578078450557028,-0.009224544612504326,0.023769060694616817,0.008391075964349959,-0.0003828329864550284
2023-11-22,0.003514457805361193,0.019527539517508297,0.011097188456757223,0.0023534981762241003,0.013383565211774862,0.012812601510272303,-0.024587659407715345,-0.028980059381488954,0.007727949736452855,-0.0043077418028986125
2023-11-24,-0.007004299296389238,0.0002044767086364363,-0.012997110925627609,0.0013696328784493783,-0.009546511193925578,-0.001111643725610123,-0.019295470103694812,0.00529435207219775,0.006142338310561657,0.005383868448695539
2023-11-27,-0.0009474859913700673,0.006746559883569869,-0.0020483409823275345,-0.0022796343775018935,-0.010436585747470195,0.003126405707833513,0.009754041118738233,0.0026757481035388775,-0.006415484061708887,-0.0058333583331364736
2023-11-28,0.003213960897975543,-0.00473835354015173,0.00579120666935018,0.002284842984115576,0.012817541171908475,0.010802857765940255,-0.008727062544898856,0.04506946504203557,-0.005629177201704638,-0.0005771922390436224
2023-11-29,-0.005409499440206411,-0.0048288883967405605,-0.016107920215517324,0.005080279866429782,-0.02003009991165461,-0.010060193710914933,0.006670852299482055,-0.010457205813430348,-0.0102679885190885,-0.015014300021649163
2023-11-30,0.003062783014632142,-0.001571972217158657,-0.01822350868085887,0.011404621927729286,-0.015201695523118341,0.00015812849577501176,-0.028458538879530648,-0.016629792613843564,0.03362750157512506,0.003908397359791538
2023-12-01,0.006791247541188428,0.006434406632690459,-0.005055669278268837,0.0048693685194822756,-0.007122227228465006,-0.011612051862552986,-0.00010696500724360902,-0.005206597761023168,-0.0071312246499308785,0.0024333905523215016
2023-12-04,-0.009464675229586605,-0.014894936132684111,-0.01964188940394518,0.007332466676866156,-0.014777302648476764,-0.014338645030710917,-0.026836542109248684,-0.01360800559009756,0.0020471013320453313,-0.005437352494831682
2023-12-05,0.021063266931127478,0.014084566393959497,0.013305464313439819,-0.00012668642988633572,-0.005405800600858268,0.009156266417723824,0.023293668258963285,0.013328802806870987,0.003611243464924474,-0.019427968207061386
2023-12-06,-0.005687082008934752,-0.016067541747663228,-0.007405006494217714,-0.010508419057241314,-0.0026390529934607887,-0.00998612317947789,-0.022827764221867608,0.002722829646282676,-0.0013269392535119051,-0.013241683462885123
2023-12-07,0.010139355912866854,0.016329923474831087,0.053145724806887173,0.003070876207955431,0.028791703675774105,0.005830005911816372,0.024020479084330137,0.01366087788429815,-0.0022926031741717923,-0.006962109232120706
2023-12-08,0.0074123518314714865,0.0036764247561378305,-0.014168004126376088,0.011033734323305788,0.01886159463398407,0.0088422049610557,0.01952950946630949,0.0049455858525417895,0.0027357231977445107,0.01148172411852122
2023-12-11,-0.012927212457751858,-0.010378502226973785,-0.012593528893089623,0.0036590722137008758,-0.022449365715467295,-0.007829708198509922,-0.01850286807929269,-0.01681426716823431,-0.011077208723263787,0.0007030818771489589
2023-12-12,0.007919965819608299,0.010898597193382598,-0.005776740494560451,0.00892506732776921,0.027484131157445857,0.008295191842680794,0.022090349217677607,-0.011387381846063915,0.0037520370848611595,-0.015759945253587038
2023-12-13,0.016691445588525644,0.009221593773735215,0.00037741775626831675,0.0033640014249101124,0.0015557664913321556,-2.6475159681460525e-05,0.009043662844628209,0.009619842336358264,0.0060286899817694195,0.008873067802181556
2023-12-14,0.0007577292558158533,-0.00954043404920335,-0.00475246195690604,0.018192085412104264,-0.0046901232609309895,-0.022544611617024812,0.0054481963607593276,0.04914543063053567,-0.026902918608440296,0.02689030580766616
2023-12-15,-0.002725588419075331,0.01729753821347546,0.0050024385064673105,0.007561556229978672,0.005252498595951893,0.013117369194062922,0.011168675228253377,0.009758999874367902,-0.005839992355374801,-0.0066941759059769845
2023-12-18,-0.008503365464367807,0.027338841569267247,0.0241326167225564,0.0060521635924213335,0.02896226368267585,0.0051789285816676855,0.024279007744569814,-0.005601570686174839,-0.008604360851894421,0.007433047624772815
2023-12-19,0.005360153443696003,-0.0018174467759756174,0.0062590927733239266,0.013355009766367498,0.016656027234088766,0.0016367009101387886,-0.009445522097561443,0.0203903496997484,-0.0047670982558846164,0.013182471862857259
2023-12-20,-0.010713891073650061,-0.01085895208954335,0.012367433645146919,-0.011279136536683443,-0.003082598834144634,-0.007072709335846028,-0.03009826107495983,-0.03918825045959673,-0.015475912534565373,-0.01670074648865494
2023-12-21,-0.000769902275048584,0.011306871390431628,0.01503555752788266,0.005703709072171437,0.013771183919722096,0.007878641901840622,0.018270191037339956,0.029780693649462897,0.007656139776021975,0.004542382276215173
2023-12-22,-0.005547535731410647,-0.0027300973670256745,0.007619866599164471,-0.0005969853976212081,-0.001976731154738398,0.0027841402633943524,-0.0032660803167138264,-0.007701401626197146,0.0008271233042780324,0.001769452225979018
2023-12-26,-0.0028410165178162083,-6.514474615582078e-05,0.0002120509340033383,0.005913975792376958,0.004074629319193779,0.0002136020308751707,0.009195260709647712,0.01611622781987765,-0.0005380302709923068,0.0022569685787861005
2023-12-27,0.0005178674262589222,-0.0004563413242133496,-0.008126061865498135,0.005997972329631063,0.008454644662339028,-0.0015747601774772635,0.0028003284614448454,0.018822405072142834,0.005307374970296985,-0.004699407344213591
2023-12-28,0.002226325026021936,0.0002609139551152939,-0.0009975398185192441,0.0053128926309129465,0.001369576508428949,0.0032347291304934966,0.0021248305672463275,-0.03159428430420175,0.004036002439666175,-0.014460077682979966
2023-12-29,-0.005424037190115305,-0.009388462612883952,-0.0038507742111199006,-0.0011744349985239877,-0.012167997511860706,0.0020252264613311866,0.0,-0.018563856087399966,0.00299102532961526,-0.0020958557550260215
2024-01-02,-0.03578668455044931,-0.013228970207501023,-0.010881219061523395,0.011640301730288183,-0.02166896830763032,-0.01374857961597975,-0.02734144613481082,-0.0002414583049958896,0.0244459916952251,0.02380456054980562
2024-01-03,-0.0074876253841132945,-0.00973782115920796,0.0054280977592384705,-0.004358410019077441,-0.005255656044435675,-0.0007281498933198183,-0.012435591695600046,-0.04013364984377277,0.004987309414428376,0.008401727050199703
2024-01-04,-0.012700125662565953,-0.026267891590348702,-0.018211727524977128,0.006635930181922767,0.007692771733083248,-0.007177385000906256,0.00901845964452197,-0.0021807686270334248,0.006254300209973085,-0.008719225750923876
2024-01-05,-0.004013054781517478,0.00463442024626004,-0.0048391103594591645,0.005017457103091871,0.013914524808494866,-0.0005164915576459927,0.022896861496384258,-0.001849229589212631,-0.014740968987664083,0.003029822432036422
2024-01-08,0.024174834201333706,0.026576703830634596,0.02291307300120371,-0.0014512998220951312,0.019065185810314356,0.018871642606222094,0.06428087070878652,0.012463646412957496,-0.0016002556958943925,-0.01666185401537712
2024-01-09,-0.002263370306792245,0.015224607114340927,0.015197397861680173,-0.007906108291555691,-0.0034295363117553546,0.0029357285004742995,0.01697516350232342,-0.02283214932024613,0.003448380128864059,-0.012386040425411582
2024-01-10,0.0056714704887910194,0.015590940651907248,0.009435775673293678,0.0021096179657884573,0.036482753084586594,0.018574133218451916,0.022770080807639204,-0.004341182513256769,-0.0013563045952209585,-0.009832385118701548
2024-01-11,-0.003222516203828185,0.009432101662268044,-0.0014055713250898938,-0.004210353693782309,-0.0021592363695711603,0.004859436191073652,0.008684351447113103,-0.028725319101363445,0.003794548602282344,-0.0002028122166842783
2024-01-12,0.0017781638450615755,-0.0036086969005325598,0.004012020567930152,-0.007339876637872056,0.013038499654394187,0.009983458012094326,-0.0020429731183968514,-0.036660513098772496,-0.033668094352900635,0.012972721677329213
2024-01-16,-0.012317308255442638,-0.009442449238027617,-0.0011216696453035802,-0.006270315026372653,-0.018772218917971317,0.0046336005443177175,0.03056113557752549,0.004659894354722027,-0.0045253613795998016,-0.022611258248957267
2024-01-17,-0.0051735058967958825,-0.009467203666572499,-0.007158484592242442,-0.005357486792473054,0.0024766023037152696,-0.0020498264523930443,-0.005835104268150593,-0.019826295019533036,0.011152941185223808,-0.0072679398948826135
2024-01-18,0.03257100386179701,0.011798781932089941,0.014208006212044655,0.001975101897433662,0.02106576212351463,0.01129752291124242,0.01880352637022642,-0.017026203279914,-0.0163829461464583,-0.0018562042223828623
2024-01-19,0.015532835072986861,0.011986946826648914,0.020211772832217756,0.017261762511343814,0.019461294717565636,0.01218670174583103,0.04174616786544427,0.0014630807600990448,-0.02475110624640997,0.001549541054692849
2024-01-22,0.012163157464021523,-0.003604979862209201,-0.0026640467892935504,-0.0011742508579792865,-0.004355180610414178,-0.00541813692427362,0.0027399324633048394,-0.015976244642273096,0.01872668656548515,-0.0013407775459863824
2024-01-23,0.006653564046299243,0.008011406531487353,0.007192062854365133,-0.006583951478831951,0.008958037748568293,0.006027548533328986,0.0036712555278792802,0.0016283349277841364,0.004931886010937525,0.01125809090457075
2024-01-24,-0.0034841440978060634,0.005447960655367012,0.011289594456116658,0.008935433220726097,0.01427828619965732,0.009175151368158163,0.024869187809159143,-0.006263735117226887,-0.004442138930105366,0.017260567108085434
2024-01-25,-0.0016966272327491039,0.005609771850602074,0.021317864567411027,0.01431100775503813,0.006347484845770079,0.005738439016677699,0.004155659620039387,-0.12125293136804816,-0.03863768241013055,0.02540161692192422
2024-01-26,-0.009012751818466835,0.008684596622424712,0.002107147027532008,-0.0038164876021107297,0.0024417520575197305,-0.0023217262162983365,-0.00951031222908949,0.0033948152034783963,0.01986221355079487,0.008518597609244116
2024-01-29,-0.0035858916774162974,0.01344896590822775,0.008673451841242352,0.0026119458016111707,0.017455700149467956,0.014334013796253986,0.02349622488881553,0.04190991910385411,0.0026629632095929168,0.0012621040402720496
2024-01-30,-0.01924588879279565,-0.014014601164705653,-0.013354281304226778,0.02049451693258053,-0.0023939384471319824,-0.002757839172301324,0.0049467843974313475,0.0034567835721344142,-0.0018433016848733441,0.0166779941070343
2024-01-31,-0.01935760589196378,-0.023899390262627773,-0.07500315840110805,-0.010835765168433653,-0.024796212773033788,-0.026946357193651682,-0.019864940031213973,-0.02244377647032403,0.01614347918514092,-0.01945652392740249
2024-02-01,0.013340672693943567,0.026288672108771616,0.007565959172147307,-0.003613120603613851,0.011893089944220003,0.01559449988463868,0.024379647230504453,0.008382761388752824,-0.008988963204433431,-0.00408497216023751
2024-02-02,-0.005405107849234203,0.07866649218561839,0.008642763730142278,0.0057561366007072845,0.20317642398276914,0.01842571510263924,0.04970879779007076,-0.0050301649114266045,0.006092972139966291,-0.004101890573987577
2024-02-05,0.009846705296579605,-0.008730574595861018,0.009130496645909147,-0.0013161917632772413,-0.03280054593365567,-0.013545083831064453,0.04794441343954148,-0.03645365318513305,-0.014248554792957169,-0.004118949022840934
2024-02-06,0.008631750308126795,-0.00681113075414308,0.0029230342642785345,0.003438165051275366,-0.01020887224214162,-0.0003944831675015692,-0.015995396500634973,0.0223130928940527,0.015329426515101607,0.006893089131580377
2024-02-07,0.0005811591673636762,0.008158468416245013,0.009993019778149925,0.0018844747803750117,0.032701477182037086,0.02111041101704969,0.027497966673612373,0.01339813963135228,0.017075539647475102,-0.00029342251332376
2024-02-08,-0.0057547248122135075,-0.004046223223746481,0.0025423416875072213,-0.0035909001074712066,0.0008729756794718657,0.00014468537930900638,-0.006533675166931707,0.010555473441792307,0.0013478609887978,0.017120139956931846
2024-02-09,0.0040938767931471,0.02714319777292107,0.02117750502410143,0.0012012190482779683,-0.004021185452886211,0.015551428211434182,0.035783532739838364,0.021154303741671487,-0.0035956881449484834,-0.02115993705744268
2024-02-12,-0.009001874948184718,-0.012095159915523457,-0.009866062116290708,0.0044570134582417875,0.0016876788004340781,-0.012578512870785596,0.0015941145861644301,-0.028103539988478476,-0.0011191590741328472,0.0137562105278346
2024-02-13,-0.011274401323025707,-0.021469171561243172,-0.016199746544728444,-0.00870368013913736,-0.01872463834341731,-0.02152878028723204,-0.0016607626496288885,-0.021846598116614713,-0.0015262191440263972,-0.008608779559346469
2024-02-14,-0.004809851279655164,0.013875689909627953,0.005511707632366969,0.010157333606491514,0.028601233082054867,0.009665393345946072,0.024567596255112845,0.025486372853585015,0.00017412938111949217,-0.0049339356248897515
2024-02-15,-0.001574762784602779,-0.006901349311422389,-0.021721028748156734,0.0218144488760883,0.022713723678055908,-0.007155224464140741,-0.01680674267838078,0.06221180550417671,0.0076218154846299235,0.028659463763863968
2024-02-16,-0.008430215144822228,-0.0017079419299743659,-0.015759721528402215,-0.004670067153840107,-0.022126648698929108,-0.006149153944186803,-0.0006191532957711132,-0.0024943876658132247,0.0012862877278880802,0.0
2024-02-20,-0.004113961375145969,-0.01433539469369316,0.004269855386255683,0.003909967538349823,-0.0033170000447487746,-0.003142955303493622,-0.04353209703130678,-0.030957752117438453,-0.0009393915043853784,-0.00944765351102117
2024-02-21,0.004185924368409255,0.00903755380828164,0.01013313401302085,0.006509723471635365,-0.006832862843256682,-0.0015145243487518778,-0.028509104482835057,0.00521268473502845,0.0017463128607611011,0.020437983100060952
2024-02-22,0.011243969691536959,0.035530017339574504,0.010803078084061335,0.011995701349964305,0.03867269359360748,0.023546783480290268,0.16400898595581914,0.013554445406056326,0.008678725882749871,-0.00085841863645153
2024-02-23,-0.010034077192944912,0.0023485144793740087,-0.0009019150791718111,0.005025362669572653,-0.0043198857460534645,-0.0031825002016034887,0.0035523029731110434,-0.027556873210526134,0.0014055294960972908,-0.008782046729635673
2024-02-26,-0.007451171488753627,-0.0014858549486425066,-0.044387503754688584,-0.003424097496928402,-0.00473108504713704,-0.006823631134057595,0.0034891099739224885,0.03870392576202142,-0.0036417993731919784,0.003948380485743641
2024-02-27,0.008114287670221598,-0.006810521779339163,0.00952258395162775,0.0004906119379723961,0.011022580947667393,-0.0001471832912153248,-0.004943588607771665,0.0016549741281637331,-0.022652776200825953,-0.0021103456894361328
2024-02-28,-0.006625299298541942,-0.0021896371944472026,-0.018001153669996328,0.005069742044855552,-0.00622111682960258,0.0005889725315397776,-0.013189320004137084,0.01156560160219966,-0.02948854284257274,0.0027876951096539315
2024-02-29,-0.0036932063351705624,0.02078996747858297,0.015251301352575908,0.009111496518036999,0.012623433165916742,0.014519844527691061,0.018657698332766204,-0.0007918650199801869,-0.009392310519757308,0.0019170862760933272
2024-03-01,-0.006030352910012415,0.00825982552183624,-0.009533419780108798,-0.004138467619183239,0.024830114678670245,0.004496673770135073,0.04003190039194404,0.003764585340074067,-0.008245539076171982,0.012629207920204832
2024-03-04,-0.025381238878788737,-0.003591063770984282,-0.02763584271040198,0.007501930420502401,-0.00818225382019433,-0.0013959390102767921,0.03595074897316275,-0.07155546804023882,-0.015647601801992872,-0.013983468799700582
2024-03-05,-0.028441090792102997,-0.01948421375262155,-0.005099270815355772,0.01001702281398198,-0.015998021698232057,-0.029571946215374734,0.008576479904120804,-0.03933237971984138,-0.018096230536462143,0.012265427510883775
2024-03-06,-0.00587809028619013,-0.0035033346396604603,-0.009572832884846671,0.0051974349802494935,0.01197421249616304,-0.0013909602880142202,0.031827321617541315,-0.02323786698783792,-0.0011623608429027765,0.010696706578438908
2024-03-07,-0.0007095999570956302,0.019076784751165476,0.022678989125960003,-0.008758365285024827,0.03245384098716397,0.01753362855358387,0.04474624037233155,0.011951969472048907,0.013076554449068967,0.005619519464579392
2024-03-08,0.010236630697807447,-0.008313545751684748,0.007664969246186759,0.0018630371125722966,-0.012182953184069145,-0.007136935152637358,-0.05547709719687588,-0.018527834714126334,-0.0006919316281194243,0.009406763590902978
2024-03-11,0.011831629397762944,-0.019332758891648982,0.01668975609334633,0.0003717436545980224,-0.04419421342679586,-0.004184841302524833,-0.020039204900175966,0.013858834181150304,0.026396914426187745,0.005905125341569173
2024-03-12,0.0027784886386181817,0.019946455814511488,0.006028933558506644,0.008231946065871076,0.033416790678333363,0.02659925062177715,0.07157180855139744,-0.0012938683737420131,0.0004089438289858194,-0.006420722712326521
2024-03-13,-0.012122395600287827,0.0066708374081581034,0.009314148182085535,0.008112383882203478,-0.008364184733519853,-0.000433470061947383,-0.01115187417956598,-0.04539820808488959,-0.0027587674535153317,0.011170554682213396
2024-03-14,0.01092729987979335,0.012403729449981915,0.02367842240465201,-0.01781812238751912,-0.007546903557255957,0.02437958644342686,-0.032391485173757895,-0.04118477639544138,0.0020492090046670963,0.017711941292373412
2024-03-15,-0.002196610358093154,-0.024223786467438835,-0.013417278279648559,0.012395674304064075,-0.015716684004524195,-0.020694943292855594,-0.0012166419586961963,0.006584660456730784,0.003721815349465807,-0.0017941931296062696
2024-03-18,0.006372451863696282,0.00034398325434925603,0.046040306612622706,0.01240150435474452,0.026605897690734404,0.002161117810282498,0.007035797096392571,0.06254200201423088,-0.007681046448758,0.009256844084868376
2024-03-19,0.013584985942723726,0.00813845829732096,-0.004401097475537297,0.005865246569396687,-0.001488886045175608,0.009800601863800606,0.01066075476764805,-0.014269250195585559,0.012873451142646486,0.0070345866255625555
2024-03-20,0.014709155870692658,0.012791359170393646,0.011630217688744393,0.013106908264338468,0.018700519690242112,0.009064956787414591,0.010895047614699838,0.025332688257929448,0.0018447418131619653,-0.0008840996200089046
2024-03-21,-0.04085740170846308,0.0,-0.007664444007228655,0.013905098981334074,0.004431168782817352,0.00973586752155442,0.011762336977884313,-0.016167575308454918,-0.005139405139950037,0.004424995006763632
2024-03-22,0.005310181858539265,0.0040415450203241665,0.02147705268638367,-0.012257665120395056,0.0035843505224808503,-0.001467359245352351,0.031213664014708264,-0.01151490226146512,-0.0032946877317321377,0.0
2024-03-25,-0.008300455985181587,0.004696213001679439,-0.004642936126929675,-0.009154594877892497,-0.012873411553638525,-0.013714583521397872,0.007561703740826875,0.010536808713131895,-0.00854978093001868,0.010221157838973038
2024-03-26,-0.006672488221913908,-0.007845994154095037,0.003998135106315859,0.004670930406381002,-0.014174342573440968,-0.002861518415419373,-0.02569411427776158,0.029195349264770964,0.013233594551438799,-0.007500883786556223
2024-03-27,0.021212536832496687,0.008581036192426339,0.0013272002175015452,0.01936357846291581,-0.004093715327435521,-0.0005216618034800113,-0.02496730917678902,0.012157391142962881,0.0016046960283055967,0.010370013164292313
2024-03-28,-0.01055906707606935,0.0030584610251771505,0.0003978363985306377,0.003909330422284807,-0.016765666497498333,-0.001684879975832998,0.001174546501837126,-0.022465709302040393,0.0032448885284397377,0.011046222059182709
2024-04-01,-0.00845575932902276,0.003270852211551434,0.030212730801751464,-0.006789939245249954,0.01188254807196909,0.009151036508382893,7.747818325154476e-05,-0.003242460249155976,-0.010107211663285098,0.006452090523696885
2024-04-02,-0.00699887271228905,-0.0015472110151306673,-0.005980915246061924,-0.0004020721183517484,0.012251982230075509,-0.007372113019574411,-0.01008153270421297,-0.049024062767074494,-0.06444758117131932,0.019574529243191918
2024-04-03,0.004797469707475965,0.009519072430478781,0.0023291329261110327,-0.0028159603866781957,0.018839075063406208,-0.002349238263756215,-0.005455470203980517,0.01050231020055925,0.0034922210759786854,0.00016757457016391974
2024-04-04,-0.004892218621053712,-0.013212014767422509,-0.0283371699317998,-0.007608636328949592,0.008248869552942573,-0.00611242782629029,-0.03438472731433728,0.016213301154368365,-0.009483518059168028,0.0035204858155402086
2024-04-05,0.004501631690726926,0.028166707356770848,0.013086868359617698,0.009200235084613428,0.03213806247568263,0.018282766879608836,0.02448068728481978,-0.036292482565110196,0.0007906018846726148,0.013782103820703107
2024-04-08,-0.006663335074929888,0.0006483768975988902,0.015409941677079875,0.00521656806113624,-0.01534113056336417,-0.0021855297778432536,-0.009942460825921096,0.04899940648952894,0.0005704102028853963,-0.006756061394790125
2024-04-09,0.007242441249654563,0.002591909504893186,0.011301162117232977,-0.006700978693452542,-0.0045255536358533854,0.003980409077489977,-0.020417040063355985,0.02254601255405486,0.008157953206341606,0.005226006202140754
2024-04-10,-0.01113924349838813,0.0015080453603608657,-0.0029372637618622077,-0.0085214495555066,0.005668320943313709,-0.0070846144734402206,0.019741331475915613,-0.028946236061948905,-0.021034676931270035,0.00841721671791995
2024-04-11,0.04327081977075964,0.016671181255133227,0.020942628272341057,-0.00020472697657847316,0.006405683676196761,0.011033333450940708,0.041096377557059416,0.01653476762638495,-0.018508981459601226,-0.003355221635121808
2024-04-12,0.008626761059850718,-0.015445639364236818,-0.010538787444577702,-0.0646776841005745,-0.02152282922392723,-0.014091042070286441,-0.026816481245499957,-0.020332204625772565,-0.005704921074194846,-0.011659311651485704
2024-04-15,-0.021863674147091894,-0.013485250630092094,-0.0181957320703926,0.0005468406830575478,-0.022797425187875864,-0.019578009624450554,-0.024777129161175693,-0.05594859487563397,0.014640263107024598,-0.005732473315828379
2024-04-16,-0.01916722128616999,-0.001633742516860992,-0.00297046543024182,-0.011427549378898783,-0.0009395621122915143,0.0022723677836133938,0.01644179176313476,-0.027062145360474688,0.05219567875542164,-0.008271916236893162
2024-04-17,-0.008147418320685662,-0.011128128209780819,0.006930133648446857,-0.003982411069360703,-0.011185415122512365,-0.0066091607916944906,-0.03866612880409681,-0.010565868854054306,0.02154019498685522,-0.0005056406442586203
2024-04-18,-0.005714370185268769,-0.011363622972558218,0.0034733990743345267,0.006497303976644497,0.015439883656969355,-0.018380778761949768,0.00756811265006907,-0.03550983840996058,0.0296249128233117,-0.0009271284042527972
2024-04-19,-0.012212398157294468,-0.02561096030926935,-0.012306984285613942,0.025103331036058885,-0.0413111687424087,-0.01273890644200859,-0.10004590739955788,-0.0192088959161848,0.01611993913952281,0.011474837450264896
2024-04-22,0.00509057451423911,0.014888568814227066,0.014212436676322548,0.019429474211377196,0.001371982471201072,0.004610062644032853,0.04354334460699949,-0.03400203941675628,-0.019755437386988373,0.005672260708159849
2024-04-23,0.006391982499573734,0.01303389727631088,0.012669393631526304,0.014413179906075824,0.029829961583882625,0.016485491685674925,0.03653247286603323,0.018514534090260826,-0.010280298315124226,0.00389859270663262
2024-04-24,0.0127021221713155,-0.016430862529557833,0.005497460499495954,0.004892260677262783,-0.005240893587079132,0.003655723668175348,-0.03331585793334324,0.12061109407252757,0.0023035872216492503,0.0001651515819001137
2024-04-25,0.005147278926464605,-0.016535467634067658,-0.019669380585352836,0.0015019188839595632,-0.10561295065832477,-0.02449504379696943,0.03708727055878902,0.04965143743002587,0.01346196562436508,0.0023131061515089257
2024-04-26,-0.0034728120734628387,0.034260361668536854,0.1022436099224,0.000620685657977571,0.00432727543571132,0.01824365230130276,0.061755829061549194,-0.011105884774887609,0.0030171503776210695,-0.027775451826057562
2024-04-29,0.02480804680057358,0.007460258507441919,-0.03373092077168316,-0.001085422843920214,-0.024069974822672258,-0.010016692062082222,0.00025061547571914033,0.1530691710339953,-0.012758653052638347,0.014242121460878554
2024-04-30,-0.018270828934354277,-0.03293549122868411,-0.020282773253282205,-0.007967534283062516,-0.0056631558564582685,-0.03211941947893315,-0.015440385312927463,-0.05550118063944742,-0.010899102528665217,-0.011451090292956989
2024-05-01,-0.00604716361990143,0.02285714285714291,0.006634742381115721,0.0006257952728068172,0.02096850492042024,0.014409541313728624,-0.03889965422470609,-0.017950640048260635,0.0008475187440442067,-0.01893974606097315
2024-05-02,0.022031977865066388,0.031955314082140474,0.01684350081540975,-0.0010425620476914865,0.005669326823719789,0.007342889785125095,0.03342942913315161,0.0001110562423569661,0.018301724769388183,0.001809957781425675
2024-05-03,0.059816057295242864,0.008066292135759712,0.0037213944193035253,-0.006000216554688298,0.02327491285807004,0.022169559822871276,0.03463182760363437,0.006555235656792835,-0.0010549237394847921,-0.0020646234537013974
2024-05-06,-0.009106618080316542,0.013371946429286963,0.005142163364755481,0.007821208890209208,0.030356654766539037,0.016918485676872486,0.037741115929833535,0.019703030064167848,0.0039193194949846966,0.0064655104837216815
2024-05-07,0.003797328449174131,0.0003179520909595279,0.018738757780151882,-0.0013020233739675646,0.005497266423630798,-0.010156355207614709,-0.017212847492860672,-0.03761635178001177,0.013309513274006202,-0.004967946675503154
2024-05-08,0.0018639548875727385,-0.004026247769404412,-0.0109195132104688,0.020338829010873916,0.009311526573868356,0.002931557470185364,-0.001568118943425456,-0.017378079862311324,0.004491407623674393,-0.00017206074982623054
2024-05-09,0.0100142670258494,0.007978723404255428,0.0034240898146711274,0.009455765391308768,0.005966955490096293,0.004335717107512238,-0.018415790145926314,-0.01573946875450305,0.007591255758240045,0.019715875826770368
2024-05-10,-0.006890121763036827,-0.01065965315282813,-0.007707733973491782,0.006430336122964064,0.0016407563223617139,0.005869182070653789,0.012744063288183005,-0.02035238689978358,0.011399740635602118,-0.004052755971074684
2024-05-13,0.017645491594275198,-0.004853789332504466,0.002905572278255386,-0.000201247655026493,-0.017198784425838665,-0.002459353713200274,0.0057967857179908044,0.020300339194899042,-0.0020866157485907033,-0.00042383470334439455
2024-05-14,0.006173272884015368,0.002679959159411549,0.007094533313953377,0.013988883776680838,0.008204946373730593,0.006864665561684635,0.010586382212368628,0.03292805679333921,0.004181832329988477,0.00607045902504999
2024-05-15,0.012218113163941835,-0.005773249525686364,0.012739303640042499,0.002977588861537317,0.020536331064734847,0.017483966041684562,0.03583795512086474,-0.02005067585133169,0.007141764391279892,0.007733313133921671
2024-05-16,0.0006322623494956492,-0.012688857146349708,0.009680493389089051,0.0017811387406299062,-0.017257256052860215,-0.004940052862235755,-0.00286393432746046,0.004885285464054867,0.007187762627524741,-0.00598745832649894
2024-05-17,0.0001580671407219736,0.005826891232250109,0.010793541763130188,0.011458585280467615,-0.002789229432235474,-0.0018528277735467835,-0.019923853458526652,0.014985188920464187,0.006445799850709033,0.015016513106900442
2024-05-20,0.00616218387004519,-0.006280474722663021,0.004884559610137673,-0.04497291235670109,-0.006505552224799982,0.012208261685699329,0.024881269055048172,-0.014144086952910362,-0.014105192690745061,-0.008107604818724856
2024-05-21,0.006857161379831167,-0.0021248741632045043,0.005256806505057776,0.020145231065027858,-0.008979643722674902,0.008698967619122255,0.006393801158452561,0.06659050790792542,0.012218870880299049,-0.0069099352862953545
2024-05-22,-0.007538268350148369,-0.00010914012742568868,-0.00826546286055363,-0.006064656386487899,0.006779573289769303,0.0034495213622627308,-0.004570927780799261,-0.03478030697150003,-0.004202079759107802,-0.02011034773165954
2024-05-23,-0.021058057527618468,-0.011358061353112014,-0.016044749870872232,-0.007009295311904418,-0.004275486095433378,-0.008176135652943173,0.0931964625600874,-0.03536724832380789,-0.008669810693010427,-0.017059152791774945
2024-05-24,0.016588077952640612,-0.0016570176564539851,0.00829728591238088,0.01924650298849584,0.02670794437136248,0.007400381728551286,0.025722740405429656,0.03165649721483632,-0.016755955957247548,-0.0007928959527776502
2024-05-28,5.2785351651429835e-05,0.007745471073219212,0.00805737555871655,-0.006028620053633249,0.003554767750736376,0.00037202249346335314,0.06980440811235544,-0.01389201861667555,-0.008835617302644816,0.012696185281178662
2024-05-29,0.0015788554502011998,-0.0007136405620595809,-0.002834293573402036,-0.006967405221771306,-0.011585283058500373,-0.0026723985755098267,0.008112287081064817,-0.0031683030189180172,-0.03764294083621311,-0.010708714999175806
2024-05-30,0.00525520292856263,-0.014833517662161122,-0.021546389424828116,0.006158179018386001,-0.015410183492691854,-0.03378618345929607,-0.03766607298568725,0.014756744473008343,-0.0063334899877333095,0.0031682345232493248
2024-05-31,0.005018437335646997,-0.016060700229647673,0.0022659574287295925,0.016555323574069192,-0.00047098981277937657,0.0011093028811768324,-0.007846077393576789,-0.003971091681523098,0.028485292749107494,0.028686690840619367
2024-06-03,0.009258811146630075,0.01076849847083472,0.0038841304037615654,-0.003997278495689538,0.022834896309699815,-0.0038783327306206594,0.04895422395814353,-0.0100517100545634,0.004178669343452013,-0.023963845110131277
2024-06-04,0.0016491899216894979,0.00560726713319748,0.0035801908433557017,-0.013180163654068378,-0.0010471675595618013,0.006166573254220431,0.012495579754454589,-0.008622094682395387,0.016182858645556575,-0.015552644509119862
2024-06-05,0.007821011815018375,0.010817455564965828,0.009321668698809793,-0.00954006298228538,0.037883258489939786,0.01908340368170136,0.05155591320531672,0.0013159908560766986,-0.0046885036424242355,0.003994036600600381
2024-06-06,-0.0070966311607036925,0.020520748266509736,0.00752521077690016,-0.0017743560806506853,-0.002625858873767428,0.0012027144828621328,-0.011777301325725853,0.01680001395089281,-0.0023850867048191837,0.007514190454547487
2024-06-07,0.012392146339040844,-0.003783767287795614,-0.012844437700570532,0.015438566007678567,-0.0016202345584434008,-0.0015780884193313804,-0.0009090419864714594,-0.0025851787543875737,-0.022374033554854122,-0.010704706934140606
2024-06-10,-0.01914776343548452,0.014975553234585881,0.004303833813689151,-0.001700270136974713,0.019555342506397233,0.009484448823065872,0.007461470280686333,-0.020791089307163446,0.008783417743660316,0.0029268577910743776
2024-06-11,0.0726489607760572,0.0009087895389929823,0.009199509317330046,-0.0263015154845212,0.00968968531896408,0.011241672700625926,-0.007144030161744586,-0.018010183238054034,0.002464694220391861,-0.008047432120956488
2024-06-12,0.028578497282004234,-0.0018159287809064173,0.006624355759855094,-0.014560391424912056,0.0026995708029664556,0.01936772252478902,0.03548089672009036,0.03884911216309472,-0.006347918612040981,-0.011054710447188643
2024-06-13,0.005491145290543953,-0.016373254687715777,-0.014792661442301736,0.011120984373024001,-0.009315209138321068,0.001178893642501011,0.03522368112087437,0.029217711832219218,0.008578783114603583,-0.008022894254519297
2024-06-14,-0.008168259986548576,-0.0009247574783878276,0.009305575672982735,0.000619590962640526,0.001111949667424783,0.0022419935182693695,0.017514089383387832,-0.024442410719736185,-0.00036181782640065663,-0.008451573870718487
2024-06-17,0.01967130519190774,0.002177904217078641,0.0025456070535267994,0.006192568109709917,0.00489922216461558,0.013105188078721408,-0.006824345733164261,0.052974598199923895,-0.011696453701642184,-0.006873870791279768
2024-06-18,-0.010984453851472842,-0.006791263808433312,-0.012130508569565546,0.010360061436324619,-0.014093159883722506,-0.004527319551711928,0.035119917300103776,-0.013764414198944475,-0.016720153869817733,0.009413036001502784
2024-06-20,-0.021512887942818026,0.017996874289478493,0.006910750136758015,0.008477214574309944,0.004424488913221225,-0.0014340066786721062,-0.03540354136870716,-0.017797215597047833,0.007213392631371551,0.02157631418301631
2024-06-21,-0.010444293513696024,0.01601287280926522,0.018888344942418644,-0.011929320250213427,-0.013792948878459499,0.0091541020762127,-0.032191459436149095,0.00793075466503601,-0.003983440516280967,-0.008770337920795734
2024-06-24,0.003132519440529613,-0.0185635417434159,-0.0022825411921002514,0.013143069276851937,0.008346992268102316,-0.004691058569358697,-0.06684057374240637,-0.0023495584322592578,0.015313228220019237,0.029703747273285286
2024-06-25,0.004468147730627425,0.004149318226444709,0.026838425497340834,-0.00407289013454426,0.02343116408557777,0.007326669785608697,0.06756417595126218,0.026125557150967316,-0.011184202767260176,0.0028058535687529584
2024-06-26,0.019993242086270735,0.03901472799901873,-0.0008149023608605699,-0.0032312614923647454,0.004935325538402369,0.0026833308093605623,0.002458594179411966,0.04814512260377568,-0.0009492965215920357,0.00034966072800268755
2024-06-27,0.003985960577130632,0.0218997235669518,0.008320656213227196,0.00881336705475566,0.012550683911355831,0.0015259905700129028,-0.01906647177226395,0.0053470646120412635,0.0049581684425119565,0.004282975539543266
2024-06-28,-0.016254101352429107,-0.023249966952787915,-0.017582769360398487,0.015514396110539952,-0.029524904416649123,-0.013028581037325515,-0.003629242135917865,0.002330091774560339,0.04691237908002477,0.0019145841959595788
2024-07-01,0.029104597524862497,0.02043982896891161,0.004611751723634816,0.015771893673820703,0.0009122532081493606,0.021881593742728134,0.006151865357341801,0.060541719385108106,-0.02868883291183366,-0.0013898870810233888
2024-07-02,0.01623987264405713,0.014198798656638534,0.012295692209649989,0.016451576302981552,0.009550631085910366,0.005583102001662121,-0.013113507766957744,0.10197271435359379,0.007257816491123892,-0.006784782361063724
2024-07-03,0.005811190303754543,-0.012050018310546862,0.003130987227607518,-0.0006702820811894661,0.0009027391569846888,0.0032442382129189706,0.04573251736761663,0.06542422054051067,-0.01675901152987036,0.00507970190387752
2024-07-05,0.021620307703774655,0.012196992290986808,0.025723893598510017,-0.013250531873735483,0.058730249192990636,0.014736232816316086,-0.019098964926651307,0.02082067005771515,-0.0038375224635898153,-0.012112292287541737
2024-07-08,0.006538805702386741,-0.0035500335693359197,-0.008237127028464353,0.0018555193373390733,-0.01961442378831857,-0.002823134077348466,0.018834968555750953,0.005645666924397386,0.002725216515560458,-0.010496639881821368
2024-07-09,0.0037749249751495295,0.0002509059834530092,-0.00026444912262435505,0.011989986555176468,0.0012845707222581826,-0.014370246152960786,0.02480492710324045,0.03712336538398886,0.005660712073238816,-0.011053651530824937
2024-07-10,0.018803507812795717,0.002257434315787954,0.011641198874325243,0.0008189259342985533,0.008849222032464521,0.014601386382248505,0.026868813002772995,0.003545241645880992,0.01792276003939075,0.008833655862970913
2024-07-11,-0.023220748188110596,-0.023724863074531144,-0.029343854110517098,-0.001684410336253106,-0.04112677312330215,-0.024771964076948705,-0.055666850271793744,-0.08444127539962887,0.006847389498081835,0.011883343135013158
2024-07-12,0.013050857955331896,-0.0028710461411536325,-0.002694626928818833,-0.012099256486885257,-0.02697492492866782,-0.0025293152783674167,0.014442662584551291,0.029871787680814776,0.01421598084203568,0.0001767403987642524
2024-07-15,0.0167432758287982,-0.009100746683474936,0.00788903833942034,0.02493408142172182,-0.005432207122972987,0.0009040377270561617,-0.006189971895479318,0.01776579679334911,0.007506890491122187,0.01712717949148579
2024-07-16,0.0017918603040314451,0.0015566783408964557,-0.013992457109299417,0.016995904326855715,-0.012838457837048844,-0.009780483663552109,-0.016194323071095917,0.015516142251486675,0.06500166394546114,0.0072042149863984495
2024-07-17,-0.025295965180458957,-0.02637038381521739,-0.0157677120063352,0.015213876876586374,-0.056759133383819216,-0.013347621237974061,-0.06623935100110345,-0.031415644041518975,0.04447348699099951,0.013788392836700858
2024-07-18,-0.020534792599341767,-0.022242286163404512,-0.018395671558724014,-0.031770046605853475,0.0300006457171893,-0.007102259697870927,0.026273374993369458,0.002937608561525362,-0.015594717993910545,0.009860667974572968
2024-07-19,0.0005798063441313506,-0.0033741230867346816,-0.00016883022031521921,-0.0009524949666331883,0.001975507401244414,-0.007402849631313768,-0.02609616891119948,-0.040243947162209914,0.0017543377287385642,-0.022979886680488115
2024-07-22,-0.0015602023215486316,-0.003167158934036185,0.022571071911921425,0.0023834697990494647,0.022252969645428777,0.013337589547276707,0.047570591982691424,0.05146320115237035,-0.012028330177177637,-0.006892414317441253
2024-07-23,0.0046881961948308515,0.021144894800451786,0.000660695411120793,0.00023772730878102166,0.002646705781358838,0.004311975844914384,-0.007689970877751917,-0.020396762498772203,-0.006857240979414425,-0.016136010478060014
2024-07-24,-0.028754197897380096,-0.029934025650088625,-0.05038794244597011,-0.00827274327825911,-0.056109168662901054,-0.0358547160580428,-0.06803148673688997,-0.12334604589403697,0.009103934639811184,0.014108148007505816
2024-07-25,-0.004804679663821809,-0.005419431054668911,-0.030991068603726468,0.0003835673993932698,-0.017039905598127736,-0.02448109047878022,-0.01724302383571852,0.01972310939623889,-0.00012502552414328516,0.02104156630143894
2024-07-26,0.0021610843611916675,0.014734466536293178,-0.0016738704683473271,0.017108532184372693,0.02710568379627154,0.016419500292407463,0.0069469234980157335,-0.0020431189477511102,0.017938728463771314,-0.0008516873457639074
2024-07-29,0.0012845819772639988,0.003835599716395466,0.01514966529070505,-0.006549345207817248,2.144039474605286e-05,0.003433365320921755,-0.013001825326309557,0.055959976710561854,-0.005212976986217366,-0.010483139520012341
2024-07-30,0.0025660796387456664,-0.008133134602594794,0.004483141282712877,0.02058338208499655,-0.005411043796311854,-0.008928620162232836,-0.070436503724287,-0.04084450985365373,0.0169034199253546,0.0178294959631069
2024-07-31,0.014990832435163304,0.029002194810164417,0.007340312403016913,-0.011106362591993935,0.02513012877435794,-0.010805774221551712,0.12812104797164747,0.04244907202543402,-0.00029493005050262866,0.0035542423203460682
2024-08-01,-0.016750655432835382,-0.015563100170141508,-0.004547139326059213,-0.022744481545876938,0.048248708661995154,-0.002964065026371032,-0.06674073974423755,-0.06554059651757449,-0.005883717396708343,-0.013829192149324654
2024-08-02,0.006869263885296961,-0.0878470841762542,-0.024010253845529794,-0.042412054323296866,-0.019287165854750876,-0.02066592023973024,-0.017763993635633746,-0.042377581921705376,0.029784895782295706,-0.0005986350447882982
2024-08-05,-0.04816687699839661,-0.04097671157906757,-0.04446178566789094,-0.021291453309937203,-0.025423015696740214,-0.03265693199362729,-0.063577744348561,-0.04232673647438423,-0.033687690471156495,-0.01805273332758983
2024-08-06,-0.009748387604441633,0.005651399696776416,-0.006028339005962335,0.027911713684914075,0.0385932658752397,0.011286800401572483,0.037829762947565015,0.008849529684359148,-0.0028248593900050967,-0.005314724604985832
2024-08-07,0.012498228062333805,0.0051874985158653075,0.0041065380157361275,0.0002995220028831902,-0.010463561927580134,-0.0029526894350310195,-0.05122311089790976,-0.044258397676563366,-0.003993756581502583,0.01331449243862215
2024-08-08,0.016633454282062976,0.018615215947435537,0.019441227716297194,0.018263387774370532,0.042358655087251895,0.01069184012560953,0.06126787626792485,0.036921162045623124,0.00028256091556499996,0.01910443084968949
2024-08-09,0.013735850680766104,0.00687575011257735,0.01012171144970564,0.008527089562373913,0.015972254499176275,0.008269369185184061,-0.0020958084704209012,0.005833854775063374,-0.013209966339078782,0.008143098856916886
2024-08-12,0.00712994649476939,-0.000838620987187122,-0.008431818856534545,0.0018949314697227493,-0.003515069048796393,0.001945847314011706,0.040763759192249394,-0.012549972534179665,0.011686599915481155,0.0012620948746515648
2024-08-13,0.017192867819921576,0.020563504874259175,0.01152262352936484,0.008487274409174628,0.024401458766550865,0.01769854824284045,0.06530904305964191,0.05235706137163754,0.01583242328113088,-0.009579637454712131
2024-08-14,0.0020338853405743595,-0.0007636117446156998,-0.02308724306671306,0.011061039147531426,-0.003367413191689428,0.006883886667421235,0.01670409240163595,-0.0310349655555765,0.009456100741721318,0.009248108923238574
2024-08-15,0.013530649581241505,0.04403286281963403,0.005799078544617586,0.006230864852874829,0.02006604774656484,0.011823842096072346,0.04048094698280735,0.06336276788880446,-0.00010343487502340043,0.0061865312519646665
2024-08-16,0.005918489851166164,-0.002984395462729106,0.010291542382462548,0.011439287395701658,-0.018443293832654528,-0.006080213462761774,0.013999619829759391,0.009246267550119258,-0.0033298678882131005,-0.004716672184123749
2024-08-19,-0.0007079595660542948,0.006551472258579993,0.022766214359292603,0.0069169826101243,0.0035267138790264774,0.007312296006127816,0.04350622742619348,0.030538618603692225,0.0019042753457467754,0.0030464814024346865
2024-08-20,0.0027447504671989087,0.003703308593809629,0.003059882247073764,-0.004316626295155834,-0.004817910586377816,0.007757306464458935,-0.021153852710565357,-0.007273684933137958,0.003230938636988645,-0.033324828150936736
2024-08-21,-0.00048568710664442794,0.006876093995775934,-0.007955411800056877,0.00037289026271669634,0.01600427138307481,-0.0015534131633139214,0.009823338688417005,0.009814554993405888,-0.004443601353710469,-0.006371116111377972
2024-08-22,-0.008259673505881526,-0.022097583221652117,-0.012360492483852625,0.009459406194116893,-0.006035413361403563,-0.0202529789682655,-0.03704302814623095,-0.056478704568676985,0.0011246955054264873,0.007729470600961408
2024-08-23,0.010288138741991082,0.005166572293719973,0.011111029754264257,0.007755231728117762,-0.007388216833767891,0.0029841141909692226,0.045498809300303256,0.04585589810206048,0.010004966182843633,0.013858556452953641
2024-08-26,0.0014988273305740485,-0.00869856159361615,0.0032605082898369275,0.003939397845825532,-0.013030270445898995,-0.007917673392718538,-0.022493745010007782,-0.0322712435275504,0.004482204838399673,0.021406421800664432
2024-08-27,0.003741562115051389,-0.013561281383547064,-0.008907066622037663,0.004608193633944602,-0.003876384873750971,0.0008464949516182596,0.014550198844700546,-0.018760845523390857,0.00037465985615892095,-0.00951086370473253
2024-08-28,-0.006753552583635858,-0.013401063602498708,-0.011112347766848774,0.00504142113872863,-0.004469224411953188,-0.007829092565496909,-0.020966571421015434,-0.01653843794670573,0.0020258843553240258,-0.009857320937133207
2024-08-29,0.014570202629586193,0.007728290643119529,-0.00657056130201128,0.004157441599161427,0.0027864095504825936,0.006137268553855879,-0.06384855796388889,0.002575935743848623,0.005148481293493212,0.013817394757256185
2024-08-30,-0.0034378589403147863,0.037067191865004956,0.00989004388055914,0.011655708009040922,0.005962959010659352,0.009730992070293043,0.015137457007824429,0.03795812428442069,-0.0023158189920040595,-0.0016084191425428385
2024-09-03,-0.027205159520677036,-0.012605042016806678,-0.03684680703043586,-0.0200178223201396,-0.0183193659831562,-0.018459191944398934,-0.09525003938779997,-0.016393416920415627,0.014368036822334007,-0.020942789339054024
2024-09-04,-0.008618735487806561,-0.016567365497562103,-0.0057826812512299375,-0.004403111271176763,0.0019149895674821504,-0.0013189091213317017,-0.01657415756311187,0.04183284569452206,0.009186860214138504,-0.012210990278702316
2024-09-05,0.006927690467247949,0.026308183871355473,0.00504940953771893,-0.007750885992114376,0.008035205034851112,-0.0012471887837161022,0.009415358726124312,0.04904058305110959,-0.014383071870654351,-0.007802887864402641
2024-09-06,-0.007014947906295421,-0.03653943460735232,-0.0401933066700072,-0.02375597479277447,-0.03209759614121499,-0.01638149162434477,-0.04085427824125076,-0.0844593239607937,0.0023341364343920645,-0.004683316734442222
2024-09-09,0.0004074108216591821,0.023396899008788496,-0.013335896753269738,0.020474476633740357,0.009035136649348852,0.010007559689598988,0.03539807685176166,0.026289605928169646,-0.004657615813770666,0.02104052748024743
2024-09-10,-0.0036213941552589723,0.023660258265018275,-0.00033632376134085096,-0.05188871958944352,0.0,0.02090116324380631,0.015309491517248697,0.04577608406578748,0.008298328393429921,-0.03643158361091514
2024-09-11,0.011585156996000157,0.02768031821904482,0.016816887418312998,0.008124142390616651,0.013946363576442522,0.021342391641137937,0.08149867152736467,0.008666077418469476,-0.015491657297035055,-0.00992602731802672
2024-09-12,0.000494154213015463,0.013440254011034547,0.02335278340406921,-0.0030400328018480582,0.026903366430747644,0.009360792478654512,0.01916166075526915,0.007364189890953776,-0.0022552958037530546,0.013762368082497867
2024-09-13,-0.0012121553697239662,-0.0027272433520638684,0.017906708692264406,-0.01103588714301218,-0.001864389184578763,0.008407369526998831,-0.0003358228004953778,0.0020886633855721204,0.010026685233075039,-0.000719317026181332
2024-09-16,-0.027775242185905213,-0.008579580976924128,0.0038104425748302084,0.017325852783323548,0.0174769209867347,0.00174195383059228,-0.01947938961858864,-0.015241628421408637,-0.005200584854947121,0.014035095679629794
2024-09-17,0.0021728213816776254,0.010763186217390919,0.007971729133559702,0.006687123021767771,0.005700519115364067,0.00883289807512333,-0.01019014431212062,0.004806404196833203,-0.018976797352514785,0.01304234078676969
2024-09-18,0.017989681531628055,-0.0024080275860086653,0.0030755508502511297,-0.008219851331910388,0.003039213094129023,-0.009973677180359353,-0.019205756603683177,-0.0029402649901351108,0.0046544875032641375,0.0035033063232630113
2024-09-19,0.037065480075272106,0.01845197970580159,0.014579856693995419,0.014214834496348638,0.039315997048618545,0.01829124861924103,0.0396930532573494,0.07359155565707187,-0.006165616033976695,0.012393089124845602
2024-09-20,-0.002927435696079894,0.009111555436973395,0.008942868212950206,0.002898136671487306,0.004024091628646476,-0.007796023656948092,-0.015864984362757628,-0.02324531900421767,-0.0035870755901231677,-0.00629333522574238
2024-09-23,-0.007581088253665547,0.011899784481557152,-0.010636416493274514,0.001658157568053653,0.005451118672388899,-0.004043480861925519,0.002241474679148814,0.04931794333683115,-0.0027654174429222467,0.018131449338167904
2024-09-24,0.003974098179533758,0.0004126358007008335,0.0027185507286804356,0.0007093443884678141,-0.0019131224867154906,-0.010011194660886846,0.03965248512322783,0.017080017089843746,0.0031043119154379184,-0.0026413822935964504
2024-09-25,-0.004398095593208695,-0.007372694808574054,-0.004929384224380828,-0.006616581106715591,0.008840115669912496,0.006850306027479158,0.02184163226641722,0.010815214909361437,0.001947133155611347,-0.019478977959304422
2024-09-26,0.005080234494739155,-0.007115748848874004,0.007678414326472538,-0.001950667559181385,-0.0008269669873179897,-0.0018513997556385275,0.004291163883545446,-0.01089404681602335,-0.0026025775818848684,-0.017164601712207683
2024-09-27,0.0011865783957658582,-0.016687603998192135,0.007497230613658701,0.003432220764465699,-0.0008454887429784064,-0.007627911442916524,-0.021283564820304912,0.024545630573566513,0.012247528388908302,0.02677295669098556
2024-09-30,0.022872011207867082,-0.008724793206352333,0.011588749262168907,0.001710089391448344,0.008953686522513049,0.0053268407037869725,0.0003296340508134321,0.004492104223754234,0.004863619413798093,0.0120877744778487
2024-10-01,-0.02914163785067525,-0.006440170323887107,0.006873796907305163,-0.018116285722946546,0.007040274936612745,-0.02233323091364725,-0.036561340179978696,-0.013798172234708361,-0.002360294897022608,0.023118965712621398
2024-10-02,0.002519807965139842,-0.0019986515757441925,-0.006766913767023874,0.0012075449905353253,-0.006349048478647701,-0.0084622916628595,0.01581190711634428,-0.03488095932262847,0.01544655381117721,0.013257600678476589
2024-10-03,-0.004894646569364447,-0.015154729791167831,0.0,-0.00993772812152316,0.0173880557906978,-0.0014144669957205647,0.03365593168348191,-0.03357160254966751,0.000743042609631761,0.008722891492068063
2024-10-04,0.005007357424084757,0.02500542770436165,0.0072351096783964675,0.03549359390282869,0.02259886648580589,-0.0011524219205309993,0.01684977005144095,0.03914235030998814,-0.0026149806262149022,0.018355415064772007
2024-10-07,-0.022530878017077094,-0.03061493551686767,-0.024422451587853722,-0.0013729855901231103,-0.018726668147915126,-0.015670680197063858,0.022414343946945303,-0.03698816351676526,-0.012922885649778726,0.004325948129805912
2024-10-08,0.01840423776850164,0.010619458719785868,0.008590089089314912,-0.0008532740279538764,0.01386844824625233,0.012623919366054892,0.040479232336097404,0.015238957526229946,-0.0033930094780528774,-0.02656142922971172
2024-10-09,0.016698129666633088,0.013408477078997505,-0.0153303768373938,0.012668994347115436,-0.0040142500648662205,0.006631092040170428,-0.0018059932663959666,-0.014110416966225725,0.016575450596446384,0.0004097177559891918
2024-10-10,-0.0021781918453779303,0.007992632403596822,0.0013592387200596079,-0.002717590707485118,-0.011312250826985948,-0.003880416114033891,0.01628369264318441,-0.009458613360014412,0.01096052461226682,0.008600149322167239
2024-10-11,-0.006505308869998783,0.011626110360002828,0.007156848087682688,0.04439944652158889,0.010482662149112976,0.0011542124954182498,-7.425355059509364e-05,-0.08782510719719305,0.0005856030641699927,0.003816824400777463
2024-10-14,0.016479810507873838,-0.006779016992029097,0.010536648691361838,-0.0036438257219758574,0.0007964247251690537,0.006773580949385405,0.02425811226428709,0.00624426350457119,0.012290041445921718,0.003802245838202767
2024-10-15,0.011024681153949167,0.0007998782160802964,0.0030310920355940407,0.004108667817100287,-0.007028828134942211,-0.0009543819622400695,-0.0468603477359969,0.0018707960177875016,-0.08112012997079376,-0.03006123458564225
2024-10-16,-0.008851754415053703,-0.004262363692000948,-0.001813103683433015,0.005620785601056388,-0.01617004345322237,-0.0062567145952053815,0.03130686349208345,0.008015641700267029,0.027054477825759538,0.002575826701137096
2024-10-17,0.0015962641338513883,0.0034244710350397334,-0.013502200484632909,0.003487782057361777,0.00024276112092835866,0.0014418134696845275,0.008915431934238383,-0.001987992760882462,-0.009294110441062653,-0.0025692088643436417
2024-10-18,0.012276536358206913,0.007785456851548744,0.0030075954721413556,0.0042331391809546925,-0.0007972676903145182,0.0034556232526332664,0.00781419855077825,-0.0008601676940163117,0.006324756963639988,-0.0028250958922627634
2024-10-21,0.006297895587937585,0.0004233124965837831,0.003977429908228247,-0.010516044978108319,-0.0022726362751169793,0.0014825956803896645,0.04137695188562218,-0.008382378207102636,0.003265432780709343,0.0005832533294580777
2024-10-22,-0.0026218353810620876,0.003332044214411578,0.006521578798799332,0.005022397474798268,0.011909902690790508,0.020846344548399287,-0.0008351158283215199,-0.004021041161846095,-0.002817460617901779,0.005163237074616411
2024-10-23,-0.021622940435472637,-0.026304640562205495,-0.014290981401899105,-0.0031679457590825244,-0.03147713599597679,-0.006806858719395126,-0.028065911046121106,-0.019819274670942355,-0.009160036520005632,-0.0035626104028115835
2024-10-24,-0.0008234634405569485,0.009041189476714617,-0.0003684777388409666,0.007027450332397711,0.00725584487119546,0.00030612712752153826,0.006090493844897793,0.21919035070290427,-0.0067829610234131366,-0.005653950575885136
2024-10-25,0.0036431084370796007,0.007779788122410869,0.01567107817014035,-0.011867750183489845,0.009633924491966539,0.008052117210589405,0.00804784385484969,0.03343823359841336,0.006686555581461473,-0.0008360870744013038
2024-10-28,0.008599474210985614,0.002981406341556969,0.008773316214667481,0.01434936036371992,0.008565063761986735,-0.0036435013293327767,-0.007206504695678739,-0.024815158866218545,0.0012045680719585672,-0.00493759975645236
2024-10-29,0.0011568830752404224,0.012951868195294036,0.017754351500753884,-0.011529928477651441,0.026152254340845005,0.012564676794428964,0.005195029207424984,-0.01139012091242797,-0.00550206234469941,-0.013624961902224064
2024-10-30,-0.01527798199444419,0.009956473710913016,0.028170895468493162,0.006774331203972972,-0.0024949566447867166,0.0013427565996380064,-0.013522072664613694,-0.007590942139718337,0.001476564003305203,-0.005030712300227558
2024-10-31,-0.018209417833844443,-0.03284388507953562,-0.019202213329798434,-0.011095734405452418,-0.04092584017731704,-0.06052764433517388,-0.04722271577640458,-0.029897037679701755,0.002735499271283137,0.0007712626854203819
2024-11-01,-0.013279693663516001,0.06185621865256041,0.0010519772991159915,0.0045960762375267805,-0.0007399928726204985,0.009892963232344787,0.019885495370373096,-0.003482130697311625,0.005420568290075645,-0.015670464353421898
2024-11-04,-0.004037566612014709,-0.01086239567545566,-0.01196794347919794,-0.014174131430406356,-0.011425240278019944,-0.004654217799897831,0.004800597760879821,-0.024660613282231236,-0.017249027722860855,0.03184001585122487
2024-11-05,0.0064863370121654995,0.0190009257528736,0.0029544369225766864,0.0077805892246087804,0.020956283222678174,0.0073445654928370185,0.028372114862492248,0.03541429020427711,0.016601763801940006,0.0029508253834489295
2024-11-06,-0.0032669913849757704,0.038045094425516846,0.03988433825974713,0.11544547597476473,-0.0006635896468004665,0.021192797705003263,0.040740316759291684,0.14751032444224466,0.052307575952586394,0.017148498215752372
2024-11-07,0.021372093619307808,0.01429333510169939,0.02402153451422495,-0.043228465722721765,0.03435026116950879,0.012494669603979158,0.02245741911912802,0.02904379065700735,0.014681066396697418,0.0012397852338634774
2024-11-08,-0.0011882075591023167,-0.008902691496347037,-0.013278175534571668,0.0025383310179396545,-0.003988605821148461,-0.006793140361522121,-0.008396207715243742,0.08187665372925301,0.017111171223319177,-0.0003302089709814604
2024-11-11,-0.012028533840612421,-0.006436720074140534,0.011213933580677793,0.009747644478184103,-0.010469338559166319,-0.01072083354425779,-0.016053544596601355,0.08959591143118995,0.015329353320190586,-0.005284417068241343
2024-11-12,0.0,0.010007771034946433,0.007041823594157837,0.001128318435039244,0.002829368421052525,0.012009338239765466,0.020859013048837527,-0.06145717075892854,-0.016921205573821485,-0.000996151047369831
2024-11-13,0.003969083290910502,0.024843245179395845,-0.015086352308897655,0.006678898274018685,-0.008241838696597226,0.005129530557709483,-0.013621938642532472,0.005327407385385952,-0.014316527720312666,0.009306230040046604
2024-11-14,0.013770510874831832,-0.012237320417028852,-0.01844814099561709,0.0029440379839680286,-0.004896616979031321,0.003974693716086275,0.0033499129400862415,-0.05771559508909463,-0.020994652567033478,0.0006640354362952294
2024-11-15,-0.014109223679542482,-0.041942478231440816,-0.017598780890223376,0.01422256139392597,-0.03998874718879142,-0.02785264031597301,-0.032570045142916504,0.030657525449785616,-0.001551024567632675,-0.010368300459872026
2024-11-18,0.013422169627337555,-0.004491405455644082,0.016290749129282744,-0.001141407491106694,0.000577657036796575,0.0018315198903553487,-0.012889270888890914,0.056186046847983784,-0.0043563622033472305,0.008381502147495778
2024-11-19,0.0011402781397011896,0.014427385751800914,0.016086729107666953,-0.007917461613900167,0.012067102844530941,0.004882431173654167,0.04894760831968448,0.021432396454288627,-0.021453687611535655,-0.013964046219028137
2024-11-20,0.0031540242558105724,-0.00845508881471324,-0.012014407046479603,-0.009502641320048966,0.007895243849964428,-0.005505206072191515,-0.0076185498163298115,-0.011473991967350106,0.04072801360151446,0.014245999136132115
2024-11-21,-0.002095959916285084,-0.022180598835253806,-0.047448486971818804,0.016529553199513325,-0.004297106598246447,-0.004316704677921002,0.005346774033037516,-0.006987644766217049,-0.00501232286543174,0.013380982699444655
2024-11-22,0.005907499858088139,-0.006351495788949668,-0.017121148398889785,0.015484691991643817,-0.007014800459309911,0.010003079011757787,-0.03218125424669416,0.038040225983177356,-0.0110797849087928,-0.001148110487785181
2024-11-25,0.013050754859699643,0.021966324768223133,0.017540831380660205,0.0070005246705804325,0.01067711692701745,0.004292629755249022,-0.04177536050106789,-0.039624464821427674,0.025318662546084836,-0.01494378451155609
2024-11-26,0.00940446940493267,0.03181932866326265,0.008768116539394022,-0.0012783756200567264,0.014917446591810934,0.021967942627596937,0.006616743999274588,-0.001063189566898104,0.0015846226071285496,-0.016670785774451136
2024-11-27,-0.0005530961878666973,-0.010199148999145757,0.0006503084107158941,-0.0007202635558968273,-0.0075670613418957755,-0.01168245022214609,-0.011539547660000538,-0.015788061864523528,0.002620431311039839,-0.00262778235426675
2024-11-29,0.010215993057447692,0.010450052683389277,-0.0016544774517217586,-0.0002801391940038256,0.00899516577378634,0.0011110786854500176,0.021501263860258968,0.03685898787510977,0.0029915532859186023,0.0025497462459402875
2024-12-02,0.0095224581958826,0.01356490130596999,0.015034131918581384,-0.013895646120744232,0.0322294158338885,0.017758624846483828,0.002748773630875112,0.034563659025395044,-0.002753333822722248,-0.0009325885210151874
2024-12-03,0.012771798032708892,0.012956175029913197,-0.0008747648213268677,-0.005806992379425502,0.03511951759097842,0.0005103886340256381,0.011757803534352407,-0.01587830229999254,-0.0054066448782266185,-0.0015273539786955226
2024-12-04,0.0014836197560410547,0.02211394849472459,0.01768403531734375,-0.005800179628960511,0.00021197361843761087,0.014424863379254749,0.03479245103749973,0.018524782309774723,0.00918663522453933,-0.02880932838228356
2024-12-05,0.00012345709464356425,0.010955259211262725,-0.009921252256361202,0.008545600145642762,-0.007901969926728092,0.011887851234057889,-0.0004821495171029033,0.03229681165351517,-0.05209635163966986,0.004375170364567582
2024-12-06,-0.0008229246195863293,0.029381072944344444,0.011990167278306041,0.007658511192891737,0.02437064985341708,0.0021463920755440125,-0.018061359129204924,0.053397958017247005,-0.05069364173284163,-0.010541843576004073
2024-12-09,0.016101100625945497,-0.004140432746599476,0.0049280753952993805,-0.014351615440772014,-0.016352298431759005,0.00552334516732933,-0.025484635385710663,0.0014644862094215227,0.023926017870162353,-0.005899487911605106
2024-12-10,0.00413385680861178,-0.004644181824783544,0.05588188706893682,-0.003896546167745929,0.009371676850031152,-0.006031200764557876,-0.02694307306061494,0.02873337295448497,0.008151831349654248,-0.0020371700094730105
2024-12-11,-0.0051660996375753054,0.02319588240507109,0.05524655935992029,0.002758866432420959,0.021571837153622875,0.012767007486802928,0.03139087119578465,0.05930322291934931,-0.056016342969084865,-0.006656677354156981
2024-12-12,0.005963678818455387,-0.0056023335225716675,-0.01760495855507349,-0.008212557000822351,-0.0029871350505810135,0.0012695091249759205,-0.014140973589445771,-0.015702575706076027,-0.033306654380963585,-0.0008935287826923322
2024-12-13,0.0006856656761848878,-0.006594726378065796,-0.011148051901561984,-0.0065830719772496105,-0.01655072372375177,-0.005093757397915621,-0.02249887952900609,0.04336284290396253,0.009151571813628356,-0.008764052564401381
2024-12-16,0.011727614638216588,0.024048121869595374,0.036034053026951396,-0.0015004150658770588,0.0070823585920503085,0.009658505556646046,-0.016759991476465563,0.06141250567967771,-0.042230308187898746,-0.021382135409660608
2024-12-17,0.009719521504812478,-0.00764177579215608,-0.006305346687214719,-0.005092098461308758,-0.00768940906895732,0.006355324916474503,-0.01219678507962052,0.036369912179738284,-0.02603808493650206,-0.004240813653076936
2024-12-18,-0.021421653081199032,-0.045987410359975445,-0.03592253615204055,-0.03352084275747913,-0.035919638680628196,-0.03756097125954505,-0.01135072316471053,-0.0827949436951747,0.02924700928996926,-0.014720849303958006
2024-12-19,0.007014710376375799,0.012561168873593154,0.00058374183728227,0.011242833416554854,-0.002712649939874079,-0.000823115359720239,0.013730542983904304,-0.008997322180141931,-0.020951721143636193,-0.008551078499857367
2024-12-20,0.018815865697736855,0.00729994595290151,0.015383893096149626,0.01991758474711358,-0.017327706730038916,-0.000983922400739523,0.030762189246482885,-0.034642491239586515,0.022238111327495425,0.0034120501090615374
2024-12-23,0.0030648451367838447,0.0006224408269079884,0.01682257444768509,0.003324961789311187,0.024946298179671755,-0.003092073072866297,0.036896788871652264,0.022657123925894362,0.012416755138853652,0.004061622472507409
2024-12-24,0.011478101666798635,0.017728630305015702,0.007603990702179431,0.016443630187262803,0.013170166519029358,0.0093739389031402,0.003937958121885465,0.07357174228224572,-0.000473874588536205,0.0009406171034138655
2024-12-26,0.0031756931553008627,-0.00873171784917226,-0.00260037126484558,0.003425333839775613,-0.00724001710871236,-0.002777093723110413,-0.002068276895827892,-0.017629994630971146,0.009978189305307694,0.0008460100884257749
2024-12-27,-0.013242166064433514,-0.014534256804240364,-0.014519494033790936,-0.008102303286346868,-0.005866927459662441,-0.017301436104077528,-0.02086760667728471,-0.04947922616674816,-0.002269450479627011,-9.402268045255457e-05
2024-12-30,-0.013263527152442722,-0.010949707031249978,-0.007885364610185075,-0.007670942979625228,-0.014288133475216291,-0.013239637927955683,0.0035034647616871695,-0.03301209257078741,-0.004294191183914053,-0.006761783225594842
2024-12-31,-0.007057792824175069,-0.008630834323407832,-0.010144383417911351,0.0016295670203845258,-0.009691437003636505,-0.007838318317548554,-0.023274481452760343,-0.03251001941775111,-0.0038203520230989385,0.017114212178362287
2025-01-02,-0.026235901859931965,0.003783225458606987,0.0006867883109535899,0.0012099354336312373,0.02344965274304034,-0.006927630944431162,0.029935350576214326,-0.06081615932376483,-0.0026687707090041757,-0.002416971135026924
2025-01-03,-0.0020094145809717023,0.018027432561515733,0.012458320779330956,0.013666619016047488,0.008994582103633242,0.011395623941453437,0.0445376618357316,0.08215567328200035,0.016828257048878248,0.005125265984681215
2025-01-06,0.006739007501231242,0.015254909370185477,0.026487305218821255,-0.004875512237012103,0.042290601512569026,0.010629544791026957,0.03433230021111999,0.0014861742226248698,0.0013059287025571908,-0.0011125201187516254
2025-01-07,-0.01138774926149444,-0.02416414035082548,-0.007009721518419276,0.009632539176231747,-0.019533474123195727,-0.0128082303563809,-0.062169630329582226,-0.040603340073111505,0.0011292510954561408,0.009374433216907674
2025-01-08,0.002022956751811744,9.006470850470016e-05,-0.007877639198616726,-0.00016454393141940304,-0.01160415532734238,0.005185002716400211,-0.00021405552009168272,0.0014707807875757872,0.019970800652517218,-0.016735663817481594
2025-01-10,-0.024103807037823,-0.014360970473526025,-0.009847871761844762,-0.013408366505654357,0.008416340073167827,-0.013213611613631548,-0.029976261253818026,-0.0005064369418008585,-0.0073020397519244495,-0.003647269041379131
2025-01-13,-0.010344074846233342,-0.0021923619356289947,-0.005363519156098784,0.018093154817928614,-0.012226732566966492,-0.004201018851748062,-0.0197190915473352,0.021710512074366584,0.03927498625650605,0.025811844918860682
2025-01-14,-0.004778124815995266,-0.003204303696411115,-0.007067622175115251,0.013349067429680117,-0.023145219461702338,-0.0036434285470201555,-0.011033637137344954,-0.017232432245921525,0.004804723481252937,0.003934596723398798
2025-01-15,0.01967592630720172,0.025670516796895804,0.031055627861055646,0.019719642923622827,0.038485258569944225,0.025597187194261295,0.03400139988367168,0.08038151439752794,-0.0005886842987522511,0.01631423885048089
2025-01-16,-0.040400254989198636,-0.012043887924316987,-0.013500457879947247,0.007608485383525432,-0.009430916740846285,-0.004058097140768324,-0.019597860309961135,-0.03362756026209679,-0.06041370741742891,-0.0017039105579362834
2025-01-17,0.007535348352722071,0.023928209424767255,0.016017991138963295,0.019231537366742657,0.0024048094985911206,0.010480998844917266,0.03099493638243378,0.030641323404759335,-0.0016254831666160374,0.008983085316734085
2025-01-21,-0.03191584843024442,0.021111818274402117,0.01045904804029707,0.014932980669192242,0.006021874338417055,-0.0012353317425669585,0.022656264998191844,-0.00569752092797482,0.029876875647276036,-0.007567623789977884
2025-01-22,0.005344885050282411,0.018638063663626525,0.0016157109496053312,-0.0007225254727885044,0.011419937803501368,0.041306896646082114,0.04430887824759355,-0.021128638710367298,-0.010038348291833366,-0.017403857358649577
2025-01-23,-0.0007595152094276303,0.0017446222360446573,-0.0019660051071594964,0.011832432334787812,0.0207699224214426,0.0011430044522051652,0.0010200533956441493,-0.006576523247056931,0.019337474930616105,0.005660614324012769
2025-01-24,-0.003934531852830769,-0.002421170970448472,0.011263849517629376,-0.004173698005679127,0.017346050763710874,-0.0059323356234963764,-0.03124595500664684,-0.014064741844588391,0.005171899525379775,-0.013526965082502396
2025-01-27,0.03178023749009995,0.0024270472668348475,-0.04195610040645725,0.0038135193773563003,0.019135590905069222,-0.02139341187670274,-0.16968167662348033,-0.023193450212053546,0.02067566386923514,0.013896594451519695
2025-01-28,0.036543971704994016,0.011596277923593856,0.018195155240940064,0.004852281299609462,0.02189779257854796,0.029086924599308395,0.08925864466766176,0.0023668700890153715,-0.0019134738506678683,-0.01933378259285823
2025-01-29,0.004616855978554657,-0.004534900692607424,0.0005633537336027228,-0.0020963272370347896,0.0032032361271479015,-0.010890123999988899,-0.041010939378136047,-0.02258280870425211,-0.008073893635527019,0.005831055320647538
2025-01-30,-0.007394720284140899,-0.010250170242948609,0.027941149690325906,0.006189548691961644,0.015536084637202352,-0.06180896210331577,0.00767982708714765,0.028732954254456988,0.01388190147536883,0.008281967774933285
2025-01-31,-0.006692298277531927,0.012955989149507907,0.015681881248466034,-0.0034670984362420443,0.003173087645519823,0.00016855880950505941,-0.03674291130572671,0.010792463618949588,-0.005645310544361015,-0.025006750391898258
2025-02-03,-0.033855868907864406,-0.0010938846972727845,-0.013675176662884314,-0.001833217659306663,0.012014431842970241,-0.00997437607413909,-0.028399976480087186,-0.05170542044525339,0.010488822523902597,0.002433713131039683
2025-02-04,0.021007867502192745,0.019543422733693472,0.02559262947637775,0.0042351987834041704,0.00964921144446551,0.003528717954856875,0.017058031680128094,0.022232065633156273,-0.0049802850228033435,0.02679987333979783
2025-02-05,-0.0014175215193116264,-0.024332807771026643,-0.07292381547378302,0.009293116869080187,0.0009657946003649442,0.0022309950536536505,0.052086035354348414,-0.035797094243459227,-0.010339984212291986,-0.0007276378836001962
2025-02-06,0.0032261649601210696,0.011263088803542765,0.0014111923272439597,0.02392504943350593,0.010101037349272923,0.006121523041759724,0.030841659567378166,-0.010180622383618276,-0.018099210128540655,-0.013196158487537524
2025-02-07,-0.023968732161316564,-0.04053095448794508,-0.03267218254531179,-0.003972652020029499,0.003553365393768715,-0.014597624515616636,0.009014803468733845,-0.0339282217314959,-0.005678575819020315,0.004242527286384634
2025-02-10,0.001187469953708442,0.017412199866636335,0.006096829772656243,-0.017258822713910882,0.004030692114320056,0.006028007580292982,0.028727697886095305,-0.030114441341470455,0.012029722344026217,0.019101743485602007
2025-02-11,0.021831706047726884,-0.0016299428832775575,-0.0061671470072507395,0.014573351277975766,0.003345482713424275,-0.001892198994609795,-0.005764600074434356,-0.06338211812502892,0.0010309159512942312,0.006308029021208528
2025-02-12,0.018270185784662107,-0.01645472556041927,-0.00922734392620439,0.0016729817506517808,0.007752062832509177,-0.005833008997389921,-0.012500053220851126,0.0243835913717656,-0.01221140040947244,-0.030086744586492076
2025-02-13,0.019673249996840392,0.006290143220533118,0.013779161174015453,0.0031584135969318083,0.004384005609254338,0.0036669352969183056,0.031645473004664026,0.05773971683431944,0.007167160678018369,0.007265942416389448
2025-02-14,0.012710599049869042,-0.007336035409240549,-0.0048888037757702785,0.0009770405707392182,0.011131487688559538,-0.005139535204433332,0.02631381871952132,-0.0002809633725618932,-0.014439468684543266,0.0010172243331301178
2025-02-18,-0.0005315052098243678,-0.008877028355405714,-0.007881978338140083,0.012147995963779579,-0.02755640875363241,0.002962654135732379,0.0039611041169134165,-0.004861766535893763,-0.043513983500392706,0.017553686707133087
2025-02-19,0.001636183378388889,-8.819331220011328e-05,0.008162359447964729,-0.0025004475915754165,-0.017588587239724895,0.012523121735654952,-0.0012195664723472222,0.018214714280444966,0.0205900257130065,0.0014527224478979583
2025-02-20,0.003920450651821117,-0.016546793977871843,-0.003832345442601137,-0.04458377397718083,-0.012688759559122964,0.005290601557262464,0.006320513218736723,-0.01708454543992588,-0.016867674155775947,0.015412377707433755
2025-02-21,-0.0011389421346574835,-0.028266344731418536,-0.026549650009661363,-0.009595052350041766,-0.016248557700838107,-0.019032489106129424,-0.04053953976389957,-0.046839747148427646,-0.07165312852474193,-0.011696232106570559
2025-02-24,0.006312308560903146,-0.017868663239768212,-0.002281991053201704,-0.010974960207454365,-0.02255855266044693,-0.010313423576483016,-0.030871107960494082,-0.021521578674915554,-0.010505608884741946,0.005239617804384311
2025-02-25,-0.00024280909495266734,0.000423094048469963,-0.021366921643553582,-0.015076181922201615,-0.015910047754471246,-0.015098969266931328,-0.028016677894037056,-0.0838955952220366,0.01919743166266019,-0.013840052853232976
2025-02-26,-0.027040264206647624,0.007283848822975836,-0.015334643514306912,0.00540022256151218,0.024638749374154445,0.004599249342540412,0.03672147041557561,-0.039630120487999076,-0.014435118069587971,-0.0024605423424765016
2025-02-27,-0.01273069925239212,-0.02617215045770671,-0.02448901592475128,0.0010045250100301217,-0.022947824449734755,-0.01801214764844583,-0.08478085174764405,-0.030433204805490277,0.010720685671049335,0.006303579070592091
2025-02-28,0.019131797474015055,0.016958863624485065,0.010563895688801006,0.021617521242120352,0.01513116170786688,0.011362143639570332,0.03970043779214172,0.03912040539724382,0.01365884078889601,0.010712610800961198
2025-03-03,-0.01575423380035612,-0.034200087377916355,-0.019203827235725668,-0.015227783783090199,-0.019679834932126994,-0.021411098203082624,-0.08693563240438495,-0.02843203214376444,-0.01665401985713688,-0.032066769604912615
2025-03-04,-0.008822400114137041,-0.005950644792114046,0.02341184027543708,-0.03978956031072378,-0.022975308327540356,0.00030876621867093057,0.01692093873052891,-0.04429996705409467,0.016186738416824387,-0.0020415824757541445
2025-03-05,-0.0008053418580530325,0.022374865016246748,0.012286676127137186,0.00511486761938551,0.0257343505281582,0.03193444894495734,0.011294060111450621,0.025952056083059283,0.002886560406324623,-0.019527585215360577
2025-03-06,-0.0017391716619414854,-0.03676331176651382,-0.0038724758473357435,-0.01983856476679602,-0.04347481192367941,-0.010298692177502677,-0.05737418573970754,-0.056073068986891905,0.02466495907772348,0.020675207436907428
2025-03-07,0.01589255851233662,-0.007224698407026442,0.00876113786928956,-0.017279128972729763,-0.003615173962542295,-0.009020184772629891,0.019173286967559156,-0.0029607088371812473,0.011809977285481166,0.013008762688161646
2025-03-10,-0.04847959582612593,-0.02363867861413893,-0.04485780357346403,-0.041522256483387254,-0.044225248139900475,-0.03343422477658964,-0.05067004889183124,-0.1542620682219512,-0.02271154567044187,0.025500042579288174
2025-03-11,-0.02918932533674856,0.010537694677220655,-0.011032726774283574,-0.013263182752229596,0.012910081564997622,0.0007628805224979551,0.016638752332840845,0.037947369642955975,0.012119496778059347,-0.023613692285145316
2025-03-12,-0.01747868225326521,0.011699491808345508,0.01871507944209494,-0.0054116035230586945,0.022865489353876667,0.007412227476897515,0.06427592493873169,0.0759389121683911,-0.010143289670926925,-0.0002748537330550249
2025-03-13,-0.03364371171391467,-0.025139524437347016,-0.026030856404063885,-0.011891220976982475,-0.046678211462215846,-0.011741144758794397,-0.0013824634742628517,-0.02986820819658198,0.0008521812514483695,-0.004215167348188942
2025-03-14,0.01817056502603709,0.02093969555611075,0.016773200005459676,0.03219509048293401,0.029629833479586143,0.025846943523403665,0.05269075080871022,0.038640532386444715,0.014807280496376585,0.029723126915984333
2025-03-17,0.0023890119115481667,-0.01116439246854839,-0.00725113186683779,0.006410224325384961,-0.004443573017182789,0.00036036101896597117,-0.0175885256660947,-0.04788383640805238,0.021221784630875984,0.01662194843251319
2025-03-18,-0.006121614437795575,-0.014917738259935254,-0.022034355095912672,0.004445780232078533,-0.037262560188160654,-0.013326568771155678,-0.03430106695951218,-0.05335909096824687,0.009578753645232085,-0.001054888653610031
2025-03-19,0.011989339120307863,0.014106347155876442,0.020041157549156807,0.017619368277710157,0.002919212905865498,0.011211970469916954,0.018106204951170657,0.046824389357219776,-0.001190885429455335,0.015575528463974697
2025-03-20,-0.005296390367379944,-0.003017266841301769,-0.006650811413949742,-0.00041831163454053577,0.003321705928612362,-0.0025269423082511233,0.008594252615910625,0.0016958954271570903,0.016096874494373914,0.004245699891598731
2025-03-21,0.019476844222606093,0.006463245885351521,0.007309774491847776,0.010961956981120347,0.017491288447981646,0.011425987686862982,-0.0070024141076757696,0.05269623506518384,0.01085472428712686,-0.0034512091099059283
2025-03-24,0.01127044431081825,0.03593082692897376,0.022501242558661927,0.026610895681663527,0.03790356398439387,0.004651575711901446,0.031520908262874014,0.11933580126800525,-0.0006772448006105991,0.002597388211086571
2025-03-25,0.013681747584565418,0.012053587883713357,0.01717555386156433,0.012376008736707078,0.012054648558748937,0.005291495283754388,-0.005930332935586535,0.03502280788451673,-0.005943838446467398,0.006822060185939671
2025-03-26,-0.009921753320648263,-0.022264360904062586,-0.03224671157882486,-0.000398227141098495,-0.024476723609812345,-0.013133869250914199,-0.057419847461616325,-0.05580626179068926,0.009290554556769415,0.014409554755923981
2025-03-27,0.010472757876831995,0.0011435177345771042,-0.017084699409424475,-0.011592268647677262,-0.013748451216724522,0.001564178878533884,-0.020481623631184775,0.0039329829222258805,-0.004785911616929761,-0.0032130865563139155
2025-03-28,-0.0265804733194962,-0.04290822091507418,-0.0487549217408384,-0.0212396626452096,-0.042882166842336256,-0.03016025660028343,-0.015794744090041002,-0.03507493471452938,0.00062053628139358,-0.0013571537972427716
2025-03-31,0.01941267505554678,-0.012764667384211892,0.0020086953457216783,0.010088536400891357,-0.0006590021801687884,-0.009002080694970216,-0.011762611854777782,-0.016657121359109794,0.01494075171700504,0.010192757941696495
2025-04-01,0.0047719465966074015,0.010038913682617334,0.015713871159274806,-0.006685734154356915,0.016725897597404504,0.018114492819780725,0.016331443002860047,0.035885119854736525,-0.0012029445479618817,0.0009249177383972018
2025-04-02,0.0031363580770971122,0.01998228846583383,-0.00019098626752167558,0.008864793700362306,-0.0035325172189167864,-0.00013079348911793076,0.0024512088746246885,0.05326685079977622,0.00015304512750047294,-0.003108199884055529
2025-04-03,-0.09245604363993343,-0.08979129298487254,-0.040244532534745026,-0.06968504911468087,-0.0895827097670111,-0.02363025992526424,-0.0780655345334399,-0.05474611137253549,0.03295105651627894,-0.05258272148009191
2025-04-04,-0.07288753273930593,-0.041533565999713695,-0.03397014996984016,-0.07483831449021838,-0.05058119757236168,-0.03556583637373367,-0.0735756061203845,-0.10419786826814681,-0.028476810287069942,-0.07195602164010018
2025-04-07,-0.03673420156150675,0.024912248577988017,0.007898336110236048,0.019783110957341865,0.022823968180742726,-0.005502374034100699,0.03530892729175439,-0.025644236634809525,-0.0006666077652501823,-0.013417549711127297
2025-04-08,-0.04981816434315467,-0.026246667744515673,-0.013969476288190563,0.011331852236913909,-0.01123481533870696,-0.009221506575715854,-0.013723752947877199,-0.048994783337158565,0.05408814245896654,-0.02108030094784763
2025-04-09,0.1532885035937399,0.11977031526306248,0.09682117355552333,0.08055511544634886,0.14755628575964952,0.10133682335144667,0.18722733103945632,0.22689989839624536,0.045960800620967523,0.04991567402887842
2025-04-10,-0.04239375215021912,-0.05170070417193329,-0.03711184697576264,-0.030852562410791484,-0.06739871633249817,-0.023406454122720577,-0.0591271069044117,-0.07274069589492627,0.027484718559322996,-0.05548195996966154
2025-04-11,0.04059436218931811,0.020141230945248445,0.02826857213779821,0.04002465863036586,-0.004978845264179577,0.018618119896501417,0.031235504378898327,-0.00035656236159631316,0.008529612823746646,0.032122451386767725
2025-04-14,0.022054113206822157,-0.014875318183769082,0.012282024820079451,-0.006265925792735549,-0.02224188164668206,-0.0016476380331037488,-0.0019832681208934444,0.00015856900364230597,-0.02070159657060122,0.002423928165387723
2025-04-15,-0.0018764003164226661,-0.013891933050343641,-0.01735097428030219,-0.006774030663413089,-0.018740064310224014,-0.005363322611995791,0.013458588155291329,0.0069744183248166,-0.005910671009200508,-0.0028050164370390096
2025-04-16,-0.038933462996098456,-0.029288905919567454,-0.019064460958796214,-0.015098866742150663,-0.036834720250224384,-0.036606017507800015,-0.06871658866446717,-0.049427403598542585,0.0024845065767560293,0.01057234704941079
2025-04-17,0.013949670799717984,-0.009866352335440198,-0.01415247001504305,0.010234742921446882,-0.001652320367271809,-0.010306565614476848,-0.028710904054283892,-0.0007452201709629014,-0.22379666080405614,0.026202016228094926
2025-04-21,-0.019392668828413617,-0.030647084568839134,-0.023088295123459668,-0.012803899964782373,-0.03354084812360192,-0.023546660422884225,-0.04512747781521664,-0.05746362595919796,-0.0633767982455592,-0.014683816009169237
2025-04-22,0.03406496290719052,0.03502262189247651,0.025733148159330144,0.028822199992084574,0.03222885392601493,0.021441298999536063,0.020431219042711612,0.04602198338770602,0.00434960483026936,0.028001871198937378
2025-04-23,0.024331638578188874,0.042845673527805994,0.02561565831331536,0.02245429063809956,0.03995777806646017,0.020636857517084106,0.038628755436096895,0.0536622440095611,0.0018258606462613347,-0.00858716639531576
2025-04-24,0.01842602109134761,0.03289029336584037,0.025297686409597953,0.01560940105904951,0.024756393787031428,0.03448272165151822,0.03621844623940507,0.0349764859229853,-0.008668903514444604,0.0117350414472992
2025-04-25,0.004367365629366571,0.013133978209558528,0.0168257073145488,-0.004455447441739202,0.02648386458650509,0.011748121162394876,0.043033224509526624,0.09803091011549903,-0.013223360327717204,-0.0005523894746248814
2025-04-28,0.004109223249334493,-0.006825802991833552,-0.008335462542210181,-0.0013550114637049804,0.004513282184668288,-0.0017609896779324785,-0.020538829404824877,0.0032637046356942534,0.003248602518978627,0.000552694777402607
2025-04-29,0.005092001524013234,-0.0016515586767922308,-0.002801651381275194,0.005756076400934784,0.008549582954921808,0.007362806767170715,0.0026671090651353424,0.021512501019458785,-0.025642890567872723,-0.002485458185132572
2025-04-30,0.006107546846962464,-0.015849304820837684,-0.008491607734768092,0.0,-0.009811758370556145,0.0030960450985764165,-0.0009172729668814883,-0.03379788089732105,0.0054003663220598686,-0.025193910287868215
2025-05-01,0.0038589680928731163,0.031341496782804956,0.01574303586582637,0.009279747251048631,0.04227698760668308,0.07625359330083747,0.024697079525506593,-0.005812356915055328,-0.0261519245305305,0.0014200434461528744
2025-05-02,-0.03736178700938586,-0.0011566836184702112,0.016925116877245072,0.02276312495905941,0.04335813927784948,0.023225242288881676,0.02589380833985855,0.023848576584252656,-0.0018967636956767064,0.004065174940863114
2025-05-05,-0.03145852416663597,-0.01910722026349243,0.0010972013752612586,0.0001980198019801982,0.0037688902575157,0.0020447219983883436,-0.005938915876446016,-0.024198258752220814,0.012227362099020311,-0.02768109713696476
2025-05-06,-0.0019105699497783402,-0.007190832051464091,-0.00596786158561835,-0.013105820629578324,-0.01995778232228318,-0.006557139849642346,-0.0024599038095517445,-0.017519458684867262,-0.025443955071819957,0.013944047262854031
2025-05-07,-0.011384899422444916,0.019998985551532122,-0.07259703365263726,0.0005616446188188018,0.01617541824756641,9.234744643626946e-05,0.031002234694763375,0.003159597232260225,-0.008745039444867375,-0.0009549879543981898
2025-05-08,0.006318483057135671,0.01785806262143419,0.019157128838409143,0.016360003150311497,0.0020108437493389086,0.01112270730871101,0.002648249877935438,0.031134624811778533,-0.014090003524841133,0.013956610740289088
2025-05-09,0.005266106651622637,0.0051020185245573835,-0.009917039235880276,-0.0015386428749412095,-0.009230826617925847,0.0012778900291599005,-0.006134526046820965,0.04718770485146129,-0.012734987776493956,0.01169031880631577
2025-05-12,0.06314620219863021,0.08070031092964336,0.037381356232253804,0.02754067720521225,0.07922505565666582,0.024001060699052168,0.054436384966563,0.06745790403815088,-0.004965405404060985,0.017239852972671388
2025-05-13,0.01015225029473621,0.01308471882441209,0.006752638460946425,0.01138245656117065,0.025960574911195522,-0.00026693167401348195,0.05634141122328651,0.049280740626853614,-0.17787456935169688,0.002748317564772451
2025-05-14,-0.0028177938946358783,-0.005298742220089303,0.03660752589191585,0.009999777803839205,0.0050761113101345234,0.008460569906925786,0.041637853903059296,0.04073991993646375,-0.01082271329655593,-0.00895311903921081
2025-05-15,-0.00414447144810548,-0.024161720956264898,-0.008526381782567038,0.006963998849431441,-0.023477271238086517,0.0022560743964663565,-0.0037684467943137623,-0.013978329078298546,-0.10928226812003283,0.01014045552585685
2025-05-16,-0.0008985613302188167,0.002047074000553817,0.013600845692592012,0.0002618192524190821,-0.005497876419654157,0.0025157750296287418,0.004227632104436996,0.0208856061756566,0.06400589668448387,-0.003591803041342101
2025-05-19,-0.011739050474280921,0.0027725440652370814,0.002105959134215185,-0.0100164911130316,0.00014049165763796445,0.010126247183309012,0.0012557052375559152,-0.022544186527114873,0.0821486404486329,-0.015897887566349578
2025-05-20,-0.009196290316480504,-0.010137739138364021,-0.015371625693021196,0.003020355307047362,-0.0051997576763647135,-0.0015255482997497127,-0.008778011251444506,0.005057180873010214,0.018012426331418974,-0.014276410641527515
2025-05-21,-0.02305906406303615,-0.014455883280997672,0.027930127684908213,-0.01746466239067712,-0.0025113150093010184,-0.012222495097824582,-0.01919914509252596,-0.026758222357769146,-0.057839292686926336,-0.012291532609650102
2025-05-22,-0.003612238958434544,0.00984492359983613,0.013704412396141619,-0.0014174035171647947,0.0016836966572641998,0.00505990777447618,0.007815031539412542,0.019185982671137136,-0.020826404756119077,-0.006656300649753866
2025-05-23,-0.03024437104584321,-0.010388973643241206,-0.014045825345788243,0.00015327696193900842,-0.014939399753492122,-0.010288802231160243,-0.01159397149373409,-0.004984788190348977,-0.00370780335335108,0.0005826672199902294
2025-05-27,0.025298253047230768,0.025026113945093353,0.026295523970706114,0.017567570726297443,0.0243357417812351,0.02334617137713657,0.0320663673247068,0.06939947711644767,-0.001928652045824264,0.004755831796442456
2025-05-28,0.0010490239895504239,-0.006310081665849121,-0.0031231837511505045,-0.006785178462715757,0.001961774496683555,-0.007228263930876722,-0.005092188504347228,-0.016506435862546853,0.010542397927784553,-0.013620544266079948
2025-05-29,-0.0023451694711033033,0.004787005283780621,-0.0029009692682678834,0.0033400364947704375,0.0022839700552919062,0.0028861036233167603,0.03249028851542146,0.004286911755287504,0.00020134198348742416,0.005680198757293642
2025-05-30,0.004501148119051557,-0.0033544115296213484,-0.000698112048633015,-0.001399608913333683,0.003782678399657957,0.0036626581083925025,-0.029168891068372615,-0.03339564619395741,0.012543239594450695,-0.0037978181141418155
2025-06-02,0.004232039557867218,0.007999607012299847,-0.015779825909406298,0.0024998620920855252,0.036154947177614805,0.0034973246380332057,0.01665067372753226,-0.01088145559849063,0.00930738073285231,0.007331273928995907
2025-06-03,0.00778378950351466,-0.004548692041520419,-0.016860815607738555,0.006083399930851829,-0.0060366142894214825,0.0021645589135816934,0.02795166046472719,0.004610541775392996,-0.011485929842094178,0.007278148193542
2025-06-04,-0.0022137023863150196,0.007388989179248462,0.011252956094045974,-0.007699021971401709,0.031641285302923094,0.0019440018559315764,0.004956696799257143,-0.03549540073392177,-0.002788741442527054,-0.01445088999662747
2025-06-05,-0.010797787736391062,0.0032814165352026414,0.0009519799852635291,-0.008591251853258042,-0.004840496729264121,0.008213571870298475,-0.013599161571480667,-0.14259893789082123,-0.015114176564973603,-0.004594429198442551
2025-06-06,0.016398239666262304,0.027223334916139486,0.032518790144236975,0.014430268614483488,0.019120133016159224,0.005773073264969231,0.012358177578126739,0.036670186138995975,0.024946126172599836,0.023961417838413768
2025-06-09,-0.01211256903382385,0.015966607137600786,0.015103576695836729,0.003800765468849665,-0.0052314513863069845,0.005038545683650586,0.006421079132463259,0.04553761352840424,-9.90784868134531e-05,0.006713413208854213
2025-06-10,0.0060561427340823926,0.0029035159702168745,0.01425421159208251,0.006973124216932414,0.012016300040545325,-0.0038709366182859695,0.009324836659214242,0.05674382827003055,0.0019789558091143356,0.021434694807546117
2025-06-11,-0.01919369939968052,-0.020265629565462184,-0.006998967993224525,-0.0016754199603018494,-0.01175967840046177,0.0036099329963452664,-0.007780511518506894,0.0010426457165473302,0.022285115053541693,0.01949269955831401
2025-06-12,0.0021127551450150772,0.00018765734284498237,-0.009303654342066259,0.00033564634063898424,-0.0011237827893579855,0.013224066792120848,0.0151928898165683,-0.022424432461661592,0.0255666648206736,0.003842324574835798
2025-06-13,-0.01380513315177001,-0.0053460859139069505,-0.0058621728770100745,-0.012265155522209303,-0.01512931589553046,-0.008165006394638796,-0.02089655504520982,0.019429076154419578,-0.015604384934120974,0.02178067296806696
2025-06-16,0.010027923244132042,0.018859028217320217,0.012022661131421808,0.02041893054829491,0.028981109873564836,0.00880070712447889,0.019158888009616293,0.011742668079331553,-0.01175632336944954,0.003210839597735493
2025-06-17,-0.014010547938441476,-0.005923177895162723,-0.004638826092282278,-0.003106976079671031,-0.006964618905675013,-0.002295781305668654,-0.00393947448259413,-0.03882963749794621,0.003932801185360546,0.013513457348520053
2025-06-18,0.004804622644799528,-0.010706651956707725,-0.014947481609822955,0.016473688641092776,-0.002094044860671329,0.004602192560997587,0.009436643684034518,0.0180179597897272,-0.005406682580132105,-0.007105146224917092
2025-06-20,0.022484574452693362,-0.013316402099383007,-0.03854141320251436,0.0037962112490776967,-0.019288072658112276,-0.0059137607837524975,-0.011204331756270225,0.0003416111576173275,-0.01689462836071076,0.013340348502516752
2025-06-23,0.0024875322078592443,-0.005818118205440093,-0.008701403040059397,0.01189103976964545,0.02371252377816968,0.018014283630956918,0.002224579264125559,0.0823193093872907,-0.004403756078976251,-0.025806442253570205
2025-06-24,-0.0059553394813630645,0.02062648355436747,0.009564806093433464,0.010744823168343132,0.019569522403577455,0.008456712844384429,0.025872113294978627,-0.023545920693855638,0.016429351838304074,-0.03042787189406504
2025-06-25,0.006290473244112693,-0.0036659245365152637,0.023445294328526378,0.009955263149415083,-0.004942493770294543,0.004407232648144577,0.04334009891237289,-0.037947582404945,-0.01177934580994433,0.0002770396311482237
2025-06-26,-0.00277820461132372,0.024199205109171285,0.016756614568727013,0.016510590171581407,0.024566835351205407,0.010522694503972696,0.004601259796613855,-0.0054037218123500486,0.001986625449825752,0.014948758207438795
2025-06-27,0.0003979593844956053,0.028463559660798277,0.02875423306981495,-0.005679662203069924,0.01038432046968829,-0.0030355209103439806,0.017610600088035833,-0.006599526995335614,0.021446108314868706,-0.005545920342905464
2025-06-30,0.020340086750677333,-0.017510092291414314,-0.012882986510509231,0.00975241957358719,0.006079448758806727,0.0029641016086923155,0.0015213249425907183,-0.018446995428822777,0.009252466440764051,-0.01444504248286238
2025-07-01,0.012916263213262447,0.00487719279454657,-0.002213074811601712,0.0017246336083325264,-0.025566061983370303,-0.010775863003698594,-0.029685423770775543,-0.05335897504131726,0.045420979562663444,0.013357971361232623
2025-07-02,0.022230773907156554,-0.002449462616694653,0.015923583784937634,0.005475019671244752,-0.007855631298048893,-0.0019509358548099875,0.02576658439068691,0.04968242780731846,-0.05696938136787277,0.01656906066127406
2025-07-03,0.0052249272202584685,0.015869432167251007,0.004982076482810349,0.01858228547149232,0.0076236561437419414,0.01578120662915361,0.013290834894361447,-0.0009503811144286889,0.003218764747450198,0.010355719983934586
2025-07-07,-0.01685782018219839,0.0002685535903059755,-0.015262087472188712,-0.013614953721955203,-0.0009180041487757418,-0.0022452134373747157,-0.0069035047411851735,-0.06789282780315342,-0.01568623627720911,-0.009714843410692842
2025-07-08,0.0002856912501358888,-0.018391733064396676,-0.013745081320238994,-0.0314758312464668,0.0032294780034911597,-0.0022100791298980127,0.01112235244271731,0.013165935514200422,0.01313752471139984,0.02772028974396923
2025-07-09,0.005380734022651268,0.014496684294917905,0.012961597114079071,0.0013439000531665357,0.016804058634961372,0.013873812240768224,0.018000036669871378,-0.0064806174796113725,-0.015567037888950641,-0.0034152731035395067
2025-07-10,0.006014937785369989,-0.0012581953255335065,0.005661823589086179,0.017763693277095483,-0.007560346055135891,-0.004031762964239682,0.007490217212359207,0.0472826483827995,-0.011224535291142645,0.009929593057340647
2025-07-11,-0.0058847749161117235,0.012417933203629827,0.014469230378233222,-0.0046150819418785405,-0.013379390807276681,0.0036692040247425783,0.004996949298580855,0.01174690904506881,0.015325025137698844,0.004350481574035614
2025-07-14,-0.012028880873765746,0.0029775049161142597,0.007603007641392878,0.00641446186142014,0.004752638837682399,-0.0005960926813596279,-0.005153967255895786,0.010813001260769006,-0.011575158155702758,-0.013081539221690641
2025-07-15,0.0023488282206871602,0.0029243814744550622,0.002423457218403202,-0.007447207337646811,-0.014606427198307181,0.0055664211722146195,0.04040951035509699,-0.01931207079538977,-0.029509616888193868,-0.008865742626099071
2025-07-16,0.00502129368152282,-0.013960696164789232,0.005329663243039073,-0.002547482143149815,-0.010529516963484253,-0.00039537008168966103,0.003925040155780657,0.03504091219258654,0.0026739556206938353,-0.006022569847346948
2025-07-17,-0.0006661656987771991,0.0030915472640284936,0.0033339435750288082,0.014274630737523886,-0.0021339238220121626,0.012024760236845289,0.009511530259631584,-0.007025863995037018,-0.015111649244583636,-0.005078905252979493
2025-07-18,0.0055232025244587035,0.010050026580880944,0.008061766084918043,0.004725825418246288,0.004091804700725676,-0.0032245474683887387,-0.0034103332904399375,0.03205907804067243,-0.01881475188629933,-0.034838006837571434
2025-07-21,0.006155957704908399,0.014018476542235536,0.027234507930688157,-0.0010300930906455008,0.012338769390538129,1.9577368127299266e-05,-0.0059741938010993145,-0.0035188948387289143,-0.0018042645163750537,0.0025982273911793197
2025-07-22,0.009036079373582862,-0.007980819043607368,0.006522925223743092,0.0015810976314960534,-0.011445023545626265,-0.009390970877059757,-0.025382156121897648,0.0110201078413521,0.01059737643881542,0.004535023009877515
2025-07-23,-0.0011660308502943195,0.003604836070819184,-0.005801269163086209,0.018289027117329493,0.012443219448885712,0.0011874013586770094,0.02245113803451515,0.0013550095657464123,0.025883021372743897,0.0128062616469089
2025-07-24,-0.0018211459415494735,0.01725876103762447,0.010198248007935451,-0.0007076313089963149,0.0017095017524517697,0.009903746122539081,0.01733228049004798,-0.08197020076301287,-0.04762248069381325,0.00782323403490981
2025-07-25,0.0005614135657658892,-0.00340177109187767,0.005255677791484503,0.0069803270917279114,-0.0029658981254557792,0.005539538047879766,-0.0013814869492179138,0.03524405566934252,0.008902404580577672,-0.003520226228227896
2025-07-28,0.000794871701126576,0.005833005662313484,-0.003105852792606001,-0.0011386766042836838,0.006945712397139037,-0.002355463725546625,0.01873201512024436,0.030152499060024596,0.0037714253987908286,0.009420288450848746
2025-07-29,-0.01298756370559273,-0.007646371539299812,0.016460600264393666,-0.004157106923013076,-0.024567036770302475,0.0001366269899161221,-0.007015683932365291,-0.013483166498468035,-0.07461352574105218,0.012921656727960862
2025-07-30,-0.010507942553397154,-0.003549595623255297,0.003984778823434176,0.008719365449320726,-0.006842771529794511,0.0013071588895523512,0.021423404683743374,-0.006724793213012448,0.019036903684967355,-0.008681669407532233
2025-07-31,-0.007079663542340131,0.017029402351838252,-0.023558780585949624,-0.011314026168440794,0.11252713022888616,0.03947462444222527,-0.007809418417027092,-0.03375758288237862,-0.06194560443993469,-0.0023235381338110317
2025-08-01,-0.02500354930071025,-0.08269617085933034,-0.014434576127760557,-0.023190619353001818,-0.03029322970388526,-0.01760076623527418,-0.02333167602752384,-0.01829559909125389,-0.04724310730525849,-0.01791468524261919
2025-08-04,0.004792875545773567,-0.01443541840985152,0.031248268041796035,0.016898819249443475,0.03514616769517298,0.021999267314401605,0.036150068457843076,0.021907956170373222,0.013500349102651965,-0.020704111950948456
2025-08-05,-0.0021145855811879333,0.009922070229506863,-0.0018970200332972809,-0.009821367231387601,-0.016628633752342137,-0.014729993841213762,-0.00966667003373034,-0.0017461311772288823,0.04158030975232063,-0.001210784729013592
2025-08-06,0.05090678593181619,0.04004677220394748,0.007294364915233498,-6.863508093757353e-05,0.011172820959432173,-0.005324561260076521,0.006507379675917635,0.03624644466558724,-0.020796757749675154,-0.006807218602737697
2025-08-07,0.031793604006576714,0.0036885760119835798,0.002192924099354787,-0.015136301760594661,-0.013160899550367589,-0.00781043138845372,0.007524336767571027,0.007377028928595486,-0.004516199851803737,-0.005257778910530697
2025-08-08,0.04235802334241634,-0.001971955504762035,0.02493385632608236,0.006342869152459185,0.009805365240189712,0.002303928773712993,0.010676444440988364,0.02290006868278205,0.02542196350939263,0.008022733721312791
2025-08-11,-0.008337529418276923,-0.006241858073597895,-0.002085208738534128,0.0027703250697130866,-0.00445855639182724,-0.0005169208331847752,-0.003502989462430328,0.02845443669493286,0.005898913276570328,-0.009082351530680266
2025-08-12,0.010872493338129674,0.0007681796954406295,0.011641791135678758,0.011362172913530921,0.03150662084067646,0.01431635472351811,0.006041988268502108,0.005338753399730889,0.03645436530601098,0.0028346048500194065
2025-08-13,0.016024460500071003,0.01395221168040428,-0.006786556656132481,-0.007922174814610328,-0.012556859598377712,-0.016362899874589387,-0.008571768446215433,-0.004283509772223915,0.039148196802850865,0.013850975558933332
2025-08-14,-0.0023571671382598414,0.02858923333961183,0.004852325742360497,0.012494406608017261,0.0026278194836533153,0.003649550771238852,0.0023679720733609244,-0.011196942235471519,-0.0011772634596189935,-0.0020445160151054687
2025-08-15,-0.005112134913885957,0.00021648217457226338,0.004730417834598821,-0.012476296759548311,0.003963576590588103,-0.004421153964126789,-0.008625454083926454,-0.014959143019665277,0.11978347076952334,0.0009399365908060453
2025-08-18,-0.0030226912135892237,0.0019911124801876845,-0.0019616088134157827,0.0035801570712412634,-0.022744904150140632,-0.0059019718347244066,0.00864503950427431,0.013915797850586165,0.014736296149552519,0.0021597945729199264
2025-08-19,-0.0014291668910864086,-0.01503309388634011,-0.009483978022111872,-0.002984147277675042,-0.02070714816832242,-0.01417512701095458,-0.03499799073918386,-0.017454368181154756,-0.013776730245220525,0.006559137467354148
2025-08-20,-0.01973466840525373,-0.01842023178556884,-0.01116248491650984,0.0054357363282671045,-0.005003493310721474,-0.007944796805588572,-0.001366455704626346,-0.016428300696053943,-0.014462212169091826,0.01033334507524497
2025-08-21,-0.004911204146943904,-0.008310623433453235,0.002157310630543474,-0.0026347436666964708,-0.011528404406556447,-0.0012873856016966112,-0.0023946566664271307,-0.011701168929731831,0.011706275078026351,0.0064498927308485055
2025-08-22,0.012716821971234138,0.031043025385826706,0.03173957605643274,0.01636528990824737,0.021228591497461258,0.005929790518730105,0.017202057065716758,0.062166209505171155,0.01341682969384772,0.018767710014375716
2025-08-25,-0.0026343597790277062,-0.003932852258726194,0.011645549281208867,-0.004523267889921301,-0.0019740258054466997,-0.005855345599873996,0.01022530488477491,0.019381771561470362,-0.00832746564292286,0.004133654305186862
2025-08-26,0.00946457099769904,0.0033781006590050122,-0.006475209459150477,0.012444778930103428,0.0010619629015322651,-0.004402531956217981,0.010900419888796753,0.01462783391499567,-0.014531268035475886,-0.0022373335620901047
2025-08-27,0.005146015261057624,0.0017926124405795996,0.0016413388679947793,0.002378048577233338,-0.0089112200819631,0.00936181614808329,-0.0009352225175625062,-0.0058862207330171445,0.011483656217077032,0.011301530755373213
2025-08-28,0.008980783797791325,0.0108240705271474,0.02005025840182051,0.00598105503882107,0.004990793991219489,0.0057228723995941255,-0.007874547726525405,-0.010354676927882056,-0.005232312639496639,0.005321360724283242
2025-08-29,-0.0018059976322623017,-0.011226278216735164,0.006000686594289872,0.0011625707586078171,-0.016522195323082522,-0.005788414163970579,-0.03324642350288309,-0.03500206799409333,0.025075170468804364,0.008293011856737253
2025-09-02,-0.010424716156024028,-0.015982548742835667,-0.007326944034592997,-0.005706325887824715,-0.004859937443444262,-0.003098606140361726,-0.01951986144410689,-0.01350828116207925,-0.0034531384698616163,0.0034998637545187172
2025-09-03,0.03808981379539955,0.0028845707190781056,0.09136501092955474,-0.000633962148236078,0.0026390503650361996,0.0004553899382946369,-0.000936984001219554,0.014361219324440011,-0.002979149202720688,-0.024239191749491518
2025-09-04,0.005493341372285965,0.042877945692648245,0.007110011966006802,0.01439017382246699,0.015738455538701013,0.005184552333097336,0.006095436334538906,0.01328983953448204,0.008120020338980183,0.0043784979106098465
2025-09-05,-0.0003753100891029648,-0.014214150326010255,0.011622911345493314,-0.031071099385670098,0.005075736482779147,-0.025533019878216767,-0.027030125467447763,0.036363092201525005,0.016141438515793194,-0.028202833546812855
2025-09-08,-0.0075513828270526995,0.015107797009308976,-0.0031944078165545564,-0.004993572221855924,-0.00019938366845928535,0.00646465224103121,0.007723626471741962,-0.01265534855703887,0.01540962784804889,0.005675972912527083
2025-09-09,-0.014839436818485985,0.010176429751274751,0.023884882329889168,0.01686543172084054,0.01781209380194415,0.00042144797146348445,0.014556415107065845,0.001645517708609212,0.08640123378755638,0.007282719747251365
2025-09-10,-0.032259525441291736,-0.03320182790348514,-0.0019197095776530837,0.009031256983065283,-0.017918233534433003,0.003932618708716085,0.038475159631647715,0.0023633378140295314,-0.0032766902960270627,0.01671936172511823
2025-09-11,0.014286469658345569,-0.0016498279850283293,0.005017375755866471,0.016703317627749792,-0.0014361338975807936,0.0012790299836604735,-0.0008461110170030484,0.06043873744853956,0.019695497246517757,-0.003200009490400335
2025-09-12,0.017562925755691072,-0.007827802024989672,0.001788943810779875,0.0044180762690697595,0.006245761487246204,0.017744138041324353,0.0036689535609097934,0.07356092584909457,-0.003110804269400469,0.00017844625466922892
2025-09-15,0.011235933001189746,0.014376501718361023,0.04489198014101614,0.006483858401928444,0.012056832138693574,0.010707966556227744,-0.0003937701997325238,0.03561147147692467,-0.0068797035456229505,0.001693922052847796
2025-09-16,0.006125867664642737,0.011320962964584513,-0.0017885059236890655,0.0009388818616784533,0.018700157816564422,-0.012263286316427147,-0.016146210499489166,0.028241113869250656,-0.023312078205837028,0.020738775737513482
2025-09-17,0.0035272766349128126,-0.010382430689534927,-0.006489882625132726,0.008279759131353481,-0.004210607571059954,0.0019252177044593033,-0.026246649910796838,0.01005642588937583,0.005385857217323542,0.005319155126325414
2025-09-18,-0.0046445947485665995,-0.0016837898189709932,0.010018832488637663,0.004747465597410239,0.005839731471974252,-0.003078314527175885,0.03494053288969079,-0.021157139806429193,-0.01987643065399214,-0.011796336576201827
2025-09-19,0.03203293157342535,0.0010811746080494622,0.010673358575602698,0.004948342564394359,-0.0023965900095856973,0.018645043415620233,0.0024397172760990404,0.022118270566640064,0.005585055331610134,-0.009742824492999902
2025-09-22,0.043095660015793014,-0.016632067201427403,-0.00859764196420909,-0.007433786509294937,-0.016320574807472732,-0.006719168188079716,0.03928241078649575,0.019104804353584193,0.013692167657262999,-0.007090931256711452
2025-09-23,-0.006443273998468446,-0.030400202172415014,-0.003445136451741382,0.0009601975900692672,-0.012755420105837745,-0.010146751793009723,-0.02821204789120879,-0.019253323313789705,0.018722480725959167,0.01722894349255255
2025-09-24,-0.008332291977418138,-0.0022654160880354324,-0.017960846222761395,0.0021744329841544285,0.006963093860852698,0.0018066160697352007,-0.008182508094013552,0.03977927016229388,0.011849607990872979,0.005353231870269148
2025-09-25,0.01807292613835698,-0.00935476479077324,-0.005462440094879395,9.575920677629135e-05,-0.015447143614277459,-0.00611585677090698,0.004068588702951903,-0.04381307961359793,-0.017765227556017282,0.008990951074621556
2025-09-26,-0.005489118202509746,0.007471945580644679,0.0030513844406638846,0.008326482823286518,-0.006890003040452286,0.008737116838221759,0.0028138668279011902,0.0401756741055197,-0.00428302321191143,0.01410165558330645
2025-09-29,-0.004031963626357271,0.01087450815780766,-0.010099720985634497,-0.0011705094210510136,-0.00047046282500340375,0.006139175253390583,0.020539853219394555,0.00638055766924972,0.003197102915075911,-0.02559286555507967
2025-09-30,0.000786133425020763,-0.011702709034319914,-0.003892668642423547,-0.0008237156818382552,-0.012133578515000187,0.006510091239335214,0.02601041239849544,0.0034069849388267404,0.0003475764190012942,-0.012869908755468007
2025-10-01,0.0032203144758191637,0.004827606336181178,0.007404332767949162,-0.014963637299440169,-0.02320315303833409,0.0033979490169828708,0.003537466147390589,0.033144428390707636,0.00868810467135317,-0.006740650193885034
2025-10-02,0.006576613515574703,0.008067800117406154,0.0032257855079875775,-0.01017024141097922,0.013536037936223266,-0.007638794985508124,0.008812165089625124,-0.051059922281332826,0.015561266704507304,-0.006250549409875905
2025-10-03,0.003461262002619314,-0.013039023009411066,-0.0013838125173614158,0.008063712011643354,-0.02268067077369862,0.0031216109813123616,-0.006723594708770597,-0.014151406944344913,0.018319675269970137,0.01770157461763211
2025-10-06,-0.005154574923412314,0.00633228292302257,0.020705130865440013,0.0021067655956681364,0.007177468422781885,0.021687525447268374,-0.011086137759471537,0.054486690457546505,-0.00397002202859098,0.008299392531267547
2025-10-07,-0.0008179935673845451,0.003983725247293846,-0.01864801935955218,-0.004819226693356438,-0.0036050581460025377,-0.008683939078540814,-0.002694897530570728,-0.044478772558432134,0.013629937066961029,0.000525475815463583
2025-10-08,0.006160157159454727,0.015510877718191152,-0.004638601068985948,-0.01189511831594936,0.006675307797373353,0.0016603972128628186,0.021995264931179426,0.012930352007360923,0.017213824249745935,-0.002100524512760993
2025-10-09,-0.015577826342304535,0.01118907849570383,-0.012631850656026788,0.004933742537515995,0.021829351689455878,-0.00466785665041769,0.0182962524780399,-0.007180455170972544,-0.006028275782653081,-0.009735065431515255
2025-10-10,-0.034522040405148724,-0.049925397829666096,-0.020535638722347094,-0.015186650205699648,-0.03845894262560201,-0.021898996790729264,-0.04886532988389891,-0.05062684914805626,-0.03587268306782221,-0.019307426241771508
2025-10-13,0.009744389834039024,0.017100394188331425,0.032041072338994336,0.02353017054227835,0.014745447527121813,0.006047449842543573,0.028172172097357784,0.054197209585187034,0.011734846248981023,0.01363669750059704
2025-10-14,0.00044413082231420375,-0.016721987604375044,0.005324631840448069,-0.019125314011642747,-0.009850362657441547,-0.000933744204725584,-0.044020941066134855,-0.015278742269702716,0.003540906477267347,0.0004455433113912388
2025-10-15,0.0063365317531554055,-0.003789417568938358,0.022733770521946806,0.011950553926109997,0.012558974626446506,-0.00027259659520262325,-0.0011108832013667636,0.013768529951932784,0.0033896466327341113,-0.006055781649846881
2025-10-16,-0.007580000400476461,-0.00510277898660183,0.001712976285638046,-0.023389823403856536,-0.007637063504693287,-0.003544781944462505,0.011010314326866277,-0.01470755828163206,-0.012404852717270098,-0.00869099329797729
2025-10-17,0.019559516473121263,-0.006667636156250767,0.007317281816854759,-0.0032825360312291885,0.00681110501619453,0.0038506991074493957,0.007755428985164681,0.02462973191508744,-0.00019634498013809676,0.014461295662782092
2025-10-20,0.03943866246963412,0.016147214372026486,0.012830510557433783,0.016131073986504374,0.02127156333374791,0.006250187968145582,-0.0031656380962610253,0.018483519979771268,0.022097732464320785,0.0040983689687545954
2025-10-21,0.002021035212009581,0.025637486886977978,-0.023737955162759228,-0.017429500547240573,0.0015024127113343333,0.001683378598122065,-0.008103311893813858,-0.010794954856246153,0.0024416613378133167,8.874495271782301e-05
2025-10-22,-0.016440027383920586,-0.018375903497213075,0.004911033040772006,-0.010030688393261489,0.00019085799389140234,0.005563395425819184,-0.004857650244628253,-0.008201547294971134,-0.010619389835708648,0.01774469910886789
2025-10-23,0.00437215163049931,0.014406971477930908,0.005522596565561644,0.0014622527785170814,0.0008045044237730004,3.8539157853234585e-05,0.010428245272369407,0.022803402824313368,-0.002876789972022009,0.011071340310945033
2025-10-24,0.012481631904607271,0.01411194729592502,0.027027095600908213,0.020031196815251562,0.005939976622930443,0.00585902659276738,0.022507657786980273,-0.03398817183887881,0.0056871609661011124,-0.005086995660421034
2025-10-27,0.022791271725411066,0.012309863182682124,0.03597254584975551,0.012348433807425119,0.016875315144123437,0.015106798617622319,0.028079138485787913,0.043115401997602554,0.00960017715844863,0.004766437163228554
2025-10-28,0.0007068182263614275,0.010045375014470892,-0.006684715295764643,0.003978285606592413,0.0008257859066089779,0.019848659758150644,0.04981974713535808,0.017969970655449252,0.005082139790835161,-0.00784895702388444
2025-10-29,0.0026022098686300232,0.0045801659836763875,0.026544977891569843,0.000491286182563444,0.00030611606709496364,-0.0009593816364750207,0.029896062599559903,0.0020845119924046696,-0.03419963804433557,0.012344547451220489
2025-10-30,0.0063033475055775945,-0.03230569840563213,0.025166768008160867,0.012863817241725473,-0.11334771315631686,-0.02915702879022508,-0.020044438573744605,-0.04639120107705208,-0.029583890749157238,-0.015113708429093986
2025-10-31,-0.003795269005547608,0.09584492754129248,-0.0010303593732721161,0.005429014470537119,-0.02718802605939996,-0.015120984260318271,-0.0019715110218919696,0.03740057084027071,-0.009253108176716096,-0.002877289998728938
2025-11-03,-0.004882134417416251,0.04004585509136338,0.008997458797758817,-0.005688993906809547,-0.01641074430321443,-0.0015063165468069961,0.021680115586237392,0.02586735066967427,-0.02274858677717373,-0.0052465820811936625
2025-11-04,0.0036797357129609853,-0.018425168014886806,-0.021782061481776416,-0.00032326632052193105,-0.016292750369489406,-0.005221979194921733,-0.03958822871705392,-0.05147636612701911,-0.008867912876160955,0.003340264181958652
2025-11-05,0.0003702315251463695,0.0035295587926045258,0.024392863859447944,0.00785768159410316,0.013756921162278335,-0.013940508492654935,-0.01751466251475131,0.040089130615176494,-0.009340122430393394,-0.004030077914335295
2025-11-06,-0.0013697125043753422,-0.028617121300727022,0.0015476318382823262,0.005582745415031676,-0.02674739636056278,-0.019836009251469555,-0.036524729969592995,-0.03497306340156037,-0.018856365624310034,0.00721324748133334
2025-11-07,-0.004818963020289169,0.005636975040415049,-0.020790194478004564,0.0025204530673132997,0.004475398310548551,-0.0005632566285092011,0.0003719646075555083,-0.03675632866235745,0.008241094226431045,0.023755451736784172
2025-11-10,0.004548624750665864,0.01632498741700883,0.04041887258044019,0.00852935865948723,0.016165087203101836,0.018477487941063186,0.05793271397470856,0.03657576451501576,-0.00811207342991016,0.008530955185026556
2025-11-11,0.021601267048394046,0.0028180846386129943,0.004170991247052891,-0.004007826953764337,-0.007407758982671764,0.005296467361710189,-0.029590603550341266,-0.01260026442672324,0.018253628735756644,0.013195797696841538
2025-11-12,-0.0064666586917843105,-0.01967085120518708,-0.015790691828124315,0.015176566021720017,-0.0288162063690518,0.0048360785785346305,0.0033132668539088694,-0.02051769508633805,0.035455702053806215,-0.013858799146576062
2025-11-13,-0.0019016999597504247,-0.027108907452568887,-0.028390987874346796,-0.03411247895856662,0.0014450164266244236,-0.015357846614763582,-0.035810076045957095,-0.06644220962287406,-0.01928855449398459,0.005672149820149963
2025-11-14,-0.0019783074540463685,-0.012164320933474637,-0.007753922266712454,-0.018967492428034416,-0.0007050607549257126,0.013689913784275864,0.01771372748265021,0.005870832424868633,-0.03205831014087779,0.012992572906397548
2025-11-17,-0.018171218027207114,-0.007754941860691922,0.031149319292774313,-0.01067150094225966,-0.012224019503006667,-0.00527273312822496,-0.01877255795624766,0.011302107716671506,-0.0041632414791314964,-0.013496530030359999
2025-11-18,-7.482548157744517e-05,-0.04431653833391602,-0.002596312508870824,-0.003195971608445647,-0.00717583145324463,-0.026995476946809926,-0.028081439129234775,-0.018756757252943457,-0.02165235456094905,0.011471765623020103
2025-11-19,0.004188023274068087,0.0006290693674619874,0.030005713612078377,0.012891963479127577,-0.012330924340168359,-0.013507829718346964,0.028451611435772906,0.006828636098130891,-0.014318443518440138,-0.014114058882831126
2025-11-20,-0.008601474473370674,-0.02492255148822009,-0.011475071903252143,-0.01612414009042684,-0.0019818149456711787,-0.01600132392688336,-0.03152478448099327,-0.02168365419886953,0.007926608003736346,-0.0028121584403648647
2025-11-21,0.01968061086817685,0.016348913427910006,0.035273905746100676,-0.0012065860595535938,0.008656471320199977,-0.01318899894610226,-0.00974309888497693,-0.010474950113494086,0.027058981332926058,0.0005127555422987928
2025-11-24,0.016317565960635383,0.02532963104830621,0.06313802380285471,-6.709045818942272e-05,0.03163649724393203,0.003982072607125131,0.02051656850567385,0.0682451678419993,-0.002875224035374213,-0.009480650739508434
2025-11-25,0.0038053394528705375,0.0149814363087164,0.015255244752224506,0.016778413702743356,0.03779458016026105,0.006307974250548298,-0.025910673248993765,0.0038776272725380423,0.022661039591746146,-0.012589548949041074
2025-11-26,0.002094216889939382,-0.0022205534501759105,-0.010790160699995277,0.015313661617477159,-0.004102228495954763,0.017841128140260842,0.01372155540861364,0.017119677587676296,0.010512327066293237,0.0022705765520512067
2025-11-28,0.004683756058800448,0.01771686809963624,0.000718869679210421,0.017682894070448985,0.022632110949264872,0.01340886450717993,-0.018084887277757256,0.008415835173881447,0.00018198960250992435,0.01002000841781614
2025-12-01,0.01524117335723596,0.0028299616613276513,-0.01652193436627103,-0.013287209450729809,-0.010926692552675643,-0.010711244753378257,0.016497144261903296,-6.973703038437584e-05,-0.019892555968380576,0.006124983308225529
2025-12-02,0.010914842545035386,0.0023088475921804186,0.0029214907856902617,-0.003366609350882177,0.009721012869843504,0.006697668936617607,0.008559455044009567,-0.0020923987153301793,0.004115022553961456,-0.010717660464799383
2025-12-03,-0.007128103890149506,-0.008702300580441968,0.01209585009197589,0.01380406459603356,-0.011590055135034638,-0.025040836477469464,-0.010305282935148319,0.04076973347810542,0.04674297475669431,0.020974154633768727
2025-12-04,-0.012141504532966252,-0.014071797072686909,-0.006288420119347382,0.012719201433779581,0.03428704663202531,0.006510015802057678,0.02116036257746856,0.017437455153354264,-0.01830972979552803,-0.005602765899492379
2025-12-05,-0.006840067419534801,0.0018331725713693903,0.011491561738744771,-0.003353391867554678,0.01797344629130926,0.004824857333882715,-0.005289522900729926,0.0010340378456106247,-0.007736292112978327,-0.0051219705997094245
2025-12-08,-0.003192442810390217,-0.011501761877265149,-0.02286154054663181,0.0005394601174315561,-0.009830443232759278,0.016267915759461182,0.017214022376646154,-0.033890139401614006,-0.015454797641039963,-0.004805295641744145
2025-12-09,-0.0025549540307587826,0.004539639393836836,0.010710054941190927,-0.04663544047604784,-0.014757017177333132,0.002036487781605034,-0.003125876875773148,0.01271674558948499,-6.183803080950234e-05,0.01957240032742913
2025-12-10,0.005772369311079162,0.016935769749744978,0.00987137368128388,0.031945439201124026,-0.010396423674221444,-0.02735650265207179,-0.006433489130266867,0.014106967203253218,0.014740441036610985,0.01090904615591981
2025-12-11,-0.0026902620286017864,-0.006471654188885845,-0.02429659086777447,0.023443401047247514,0.003968525139734114,0.010259907912648192,-0.015507749510496383,-0.010100780674035192,0.02545913218875695,0.0
2025-12-12,0.0008990996456430533,-0.017760970816273702,-0.01005017704222555,0.003591957595922901,-0.012991995319821537,-0.010217836182271789,-0.03266449001911087,0.027008830833098685,0.015175254216830858,-0.006023094344211777
2025-12-15,-0.0149849487432544,-0.01613691637948922,-0.0034596172161823757,0.004709201030401955,0.005911081677603569,-0.007752853394300874,0.007256197507397255,0.035624033484225714,-0.002164699776390999,-0.008920992985516185
2025-12-16,0.0018241385327160131,8.989068511033871e-05,-0.005353228726799886,-0.013967764495178892,0.014887845170413971,0.0033065525131403817,0.008111694452662688,0.030653694218629735,-0.020228591792403994,-0.026154922462371832
2025-12-17,-0.010087037063657212,-0.005796159688549518,-0.0321297701987725,-0.0018063451994728696,-0.0116412306962268,-0.0005668537354907022,-0.038149918132835525,-0.04617456293730249,-0.00769004731660472,0.023805473078393424
2025-12-18,0.0012876722074433022,0.024811271877659857,0.019344857270350957,-0.006286187857898917,0.023017643747305305,0.016508456832468488,0.018720044443348183,0.034477560704677446,-0.010523807369761662,-0.007409992496612894
2025-12-19,0.005437378743868182,0.0026019210221046585,0.015539306686872534,0.013450402327430444,-0.008548385731286134,0.004008419781918793,0.039336279676618124,-0.00448927929345333,-0.002194184891607054,0.0012871017565661003
2025-12-22,-0.009865959632689436,0.00475032567966549,0.00852970099786754,0.018536699501717546,0.004144116767768935,-0.0020578619459044045,0.014917895904012823,0.01564837611861325,-0.006902442574978518,0.01251180221852688
2025-12-23,0.005129732868573544,0.016241329216049705,0.014752396382799793,0.008790105130071169,0.005200246461734226,0.0039799395643498325,0.03005070925675346,-0.00648622625268469,-0.0011072421053353043,0.010748995247867432
2025-12-24,0.005323766193815027,0.001033882544133169,-0.0008270447924271229,0.009940799812659273,0.003925157365835652,0.00240321276182498,-0.0031711845381520165,-0.00032952397832164415,0.008559212552445183,-0.0016747701760961853
2025-12-26,-0.0014972311784394732,0.000602458846315379,-0.001846630349570666,-0.0038277523658882817,-0.006381493330441357,-0.0006352172658270483,0.010179749413702144,-0.021034181259704576,0.012973845526599082,-0.0009226394800266879
2025-12-29,0.0013167006418859373,-0.0019353042317807878,0.00015945821634288926,-0.012686471507801111,-0.0069351077199256705,-0.0012507137670199064,-0.012124095818556446,-0.03272372674735757,-0.008709155733693796,0.011921756863249255
2025-12-30,-0.0024840667289872664,0.001982123671998126,0.000924924598326271,-0.0010192056352769097,0.011021872665698318,0.000780105758457772,-0.00361277804937421,-0.011335005235871831,0.00978888586318738,0.0038164520742349772
2025-12-31,-0.004467506365423368,-0.0073538531116630335,-0.0027083397430479605,-0.0037104359408144383,-0.008799524987244678,-0.007918267467680873,-0.005545531645618107,-0.010364613980130777,-0.006171664019441803,-0.005372324933258454
2026-01-02,-0.0031264752435974374,-0.018715913643268745,0.00686904712277614,0.010117308447080475,-0.014664693404023543,-0.022083453247643603,0.012600619910229538,-0.02590499391813139,0.01905423230723935,0.019195684254686096
2026-01-05,-0.013837077351279037,0.028962461627345393,0.004410664909989537,0.026299633644040865,0.012884233674164136,-0.00019019974544798313,-0.0038655016095672234,0.031045280151877908,0.016706324319021304,0.022095352551391834
2026-01-06,-0.018334279083890626,0.033768107781812384,-0.006950255335991251,0.00622474593398481,0.0027777891215432504,0.011969925187074626,-0.004677830570294028,-0.041424095947095174,0.020320412049559256,-0.034381010388036426
2026-01-07,-0.007737521221935606,0.0026148877348795008,0.024304885542325128,-0.022772715762333418,-0.01805878664331184,0.010365466381806243,0.009987097761727348,-0.0035799792672750463,-0.02083263165022753,-0.021148319834118467
2026-01-08,-0.004955252154698941,0.019581038977249277,0.01074601935574182,0.008562966268655936,-0.004054306766610005,-0.011086568869234759,-0.021521899209228312,0.010175897854927118,0.015071663314129236,0.03730279852760798
2026-01-09,0.0012739243260126987,0.004425724253495522,0.009617794295012638,-0.0018193423758875449,0.010834927489062007,0.0024471442660822795,-0.0009727536507572188,0.02113359850994656,-0.008274495409964278,0.013831235874492531
2026-01-12,0.0033927700267757377,-0.003678565947722645,0.010012940142957172,-0.014277537721672284,-0.016981685534529944,-0.004381573056430277,0.00043280183361860125,0.00887616368794375,-0.010087701117167946,-0.004654540267422291
2026-01-13,0.0030740569768183956,-0.0157016882298876,0.012384888710214925,-0.041881130412505296,-0.016947689976109848,-0.013642594830881816,0.004704239730442428,-0.003920124914344347,-0.019324125676351667,0.020236992170056034
2026-01-14,-0.004175543256686898,-0.024526018373191683,-0.0003870027469463633,-0.009745850521142074,-0.02467163267504846,-0.023987115487032695,-0.014369520514437517,-0.017889087168218576,0.00308452721638397,0.02892358646125137
2026-01-15,-0.00673164811609317,0.006465239039753046,-0.0091115062200543,0.004514954855955988,0.008578064579704892,-0.005921019072852141,0.021349736670481123,-0.0014344373071545347,0.011941701536874794,-0.008218011771576994
2026-01-16,-0.010379283953724894,0.0039466053837939885,-0.008353810925792238,0.010379576882297181,-0.0008859384092072542,0.007007364067386224,-0.004383850305160086,-0.0024397640202233895,-0.023424533070189324,0.005885500364261498
2026-01-20,-0.03455557089732719,-0.033957825706746436,-0.02424240347805051,-0.03113902321993911,-0.026005608590861984,-0.011612163089193217,-0.04381668070971212,-0.041714285714285704,0.022385310196735064,0.004388462712117125
2026-01-21,0.0038508189393806624,0.001341980773133189,0.019813657405210794,-0.0023120661313811297,0.014632887860037913,-0.022903320641961877,0.02948279737606585,0.02907573629435012,0.027538944830167944,0.024145322560718885
2026-01-22,0.002826590224981107,0.01309929882528893,0.0065777572478440405,0.005264063123871843,0.05656151635110929,0.015829424735219755,0.008291397296120495,0.041535283721378935,0.019324282508341062,0.0002244857447475379
2026-01-23,-0.0012482993138605014,0.020568436457892858,-0.007896234233809474,-0.019464505632873164,0.017185812975907266,0.03282796772527474,0.015310543910665775,-0.0006675890216037983,0.005049818000796735,0.009952025339882153
2026-01-26,0.029713062802263712,-0.003094185824689788,0.016253525439399175,0.011151476840279395,0.02064469469104324,0.00929284452750978,-0.006394170442939551,-0.030864440001147186,-0.012968125696567467,-0.000963277259979578
2026-01-27,0.01119761185346313,0.026256163723313408,0.0038707809267282123,-0.002424915339831024,0.000907302709176605,0.021901801392504305,0.010993714284356582,-0.009880556502607107,-0.19605278307960639,0.014758366706737025
2026-01-28,-0.0070855891539567395,-0.0068252338521122,0.004364154635023487,0.0015316195091061857,-0.006300478443859503,0.002184892240207237,0.015913391112786668,0.0012995998294869082,0.040042451462551254,0.005481211961543497
2026-01-29,0.007175173478534136,-0.005267268047532414,0.006666385960138577,0.018785277715230198,0.10404808940544918,-0.09993145889009569,0.005169204870006494,-0.03453389466363932,-0.005883861612534291,0.021296680530785705
2026-01-30,0.00464625557367615,-0.010052507834071855,-0.0007390666512366861,-0.001729639654550752,-0.029540456211264776,-0.007404831808259016,-0.007168418675203125,0.033248526466028494,-0.018338075711057722,0.006334072123790779
2026-02-02,0.04058099234146684,0.015294624385431943,0.01683436116163306,0.007355621600087403,-0.014082413278520778,-0.016082172281265295,-0.028880943472342824,-0.019980962408733927,-0.0046700259405162425,-0.021216355508276274
2026-02-03,-0.0019627887262330113,-0.017863069956986388,-0.011580282508108053,0.02177574320277964,-0.020823559716553253,-0.028721998448953512,-0.028392869459833103,0.0003555958781265023,-0.00493724552667385,0.03851163211257291
2026-02-04,0.026012817340576033,-0.023593955826118118,-0.01963435579599293,0.007686103976134895,-0.03283205598555172,0.007246902312043613,-0.03410213375324578,-0.03779974882085746,-0.02906603710025768,0.02685579600714516
2026-02-05,-0.002097520770734884,-0.04420791797466184,-0.005374778371478595,-0.02240986945591139,0.0018236547016345916,-0.04954245008532909,-0.013261403233346236,-0.02167438757390938,-0.02671061264712915,-0.010231023519974958
2026-02-06,0.008009669408572728,-0.05554804877440456,-0.025328291524331137,0.03946354478197245,-0.013055633026002988,0.018975296244727158,0.07871771529462501,0.03499406912088299,0.030161915411834883,0.020331425192257058
2026-02-09,-0.011660418612306933,-0.00760748406141476,0.004522170418437055,-0.0009304747294303084,0.023825982172041238,0.03106144763809282,0.02497159743538102,0.015105500216312517,-0.0034339380048634682,0.014491794102781563
2026-02-10,-0.003423017398520134,-0.008432323191560842,-0.017698680633528863,-0.011859774587850813,-0.00959811986747705,-0.0007978522959694034,-0.007893055623999112,0.018906316477488305,-0.008995195621580465,0.0025129662801572916
2026-02-11,0.0066501563343039916,-0.013915755650289796,-0.023918586241750917,-0.02343839320193375,-0.003026480312517177,-0.021535581637642576,0.008009007297158588,0.00719643851293883,0.020825717787699594,0.026189142115693675
2026-02-12,-0.04998167896983208,-0.021952154485218922,-0.006303082331273746,-0.02631753209469645,-0.028234297330113844,-0.006256691514144208,-0.01636413987360874,-0.02615168463063977,0.019576108993827113,-0.02976780039080318
2026-02-13,-0.022733490073462592,-0.004058180323715632,-0.010614855457529382,-0.00029749039061244265,-0.015450720910691329,-0.0012939755658649688,-0.022092733992482794,0.0008871295242764976,0.031015869100208704,-0.009871213962654224
2026-02-17,0.03166790145686926,0.011871828009746066,-0.01210267861158787,0.015138028956200644,-0.0007502393837065524,-0.011113329498388835,0.011815603840902744,-0.016313715788533356,-0.013984074475390185,-0.015223940851543327
2026-02-18,0.001781167564954833,0.018095945812067304,0.004337534684544453,0.005372351695765332,0.006147400066013331,0.006904251842566822,0.01627282163254007,0.0016803507615161806,-0.0030784976785818152,0.030713399703180322
2026-02-19,-0.01426159138112626,0.00034184934085601526,-0.0015824155632001569,-0.0023641315383948758,0.0024253425770248693,-0.0005769491188826192,-0.0004255371370144312,0.0009481282794785439,0.00600268157196826,0.001924622443174595
2026-02-20,0.015350431056632585,0.025627257563010764,0.04005281867780153,0.008894703976805918,0.016874018813183067,-0.0030868870817751803,0.010218296081220712,0.00026721690370390405,0.00024142271912608315,-0.024441921810266276
2026-02-23,0.006047273769737682,-0.023035535309270605,-0.011080102372493461,-0.04221490651923521,-0.028078542928299588,-0.03212251686356349,0.009113803019584088,-0.02911471161845125,-0.02641378185666754,0.02362842390108466
2026-02-24,0.02239105106810335,0.016027637831418806,-0.0018940250460213193,-0.0012431597747034617,0.0032169097363548005,0.011782540280649512,0.006786818574511244,0.023885197787236967,-0.029715899424323178,-0.00994957982503808
2026-02-25,0.007679856169661159,0.00997315810991184,0.006432857285513016,0.020181563493122834,0.02250890213235124,0.029820000385969436,0.014052276035389388,0.019590573349979934,0.037415555092391806,-0.0013399356022909537
2026-02-26,-0.004667689785084916,-0.012913032798065993,-0.01764130042663037,0.009330848466285513,0.005078951557882405,0.002795803754952919,-0.05456124072866231,-0.021130827631028026,0.008655856015870489,-0.003488610669514114
2026-02-27,-0.03213048968015897,0.01000385652833935,0.01424943596044792,-0.01904426117671354,-0.01343975520425933,-0.022353879899142948,-0.041646346652961186,-0.014856275407819197,0.023058566042996498,0.026659638371742345
2026-03-02,0.002044037948768729,-0.007666669573102691,-0.016807887343381123,-0.00912415181227677,0.008300167033444605,0.014793449697371397,0.029854947906472917,0.0020123662491409178,0.005660447205914965,0.011278619340691298
2026-03-03,-0.003664094667077511,0.0016315386481426941,-0.009591575706884403,0.009073762373418282,0.002325785911687417,0.013498988042953908,-0.013316571281988043,-0.027000928420799375,-0.01939445130611639,-0.015497322652886059
2026-03-04,-0.004663640952734749,0.03875826073047883,-0.0014821671387289514,-0.0028974061672935036,0.0193105662645654,0.0031441550485353797,0.016606504566419655,0.03442654745501761,0.009508656493327106,-0.01323843532340463
2026-03-05,-0.008494536639458317,0.009777672934109694,-0.007422642542599611,-0.01950644087779707,-0.010722846200504565,0.013524118716237599,0.001638915171032762,-0.0009607691927178141,-0.010926207865873838,0.006274105573070177
2026-03-06,-0.010872576884936036,-0.026171534044230005,-0.007843663772585718,-0.013864691959295294,-0.02378255285227726,-0.004188140027264309,-0.030107830089031284,-0.021748186591348584,-0.007930081267373379,0.0029849867626785542
2026-03-09,0.009399602442343502,0.0013132534612816382,0.026985254760708344,0.0015200543179132442,0.00392335974918101,0.0011003457480245338,0.027162187518686487,0.004915135319874642,0.0031660343379333877,-0.0050923522483152794
2026-03-10,0.003655516130785408,0.00393459326562029,0.0022197168869222406,-0.004104644959157633,0.010318427049766266,-0.008915233433622216,0.011606893122936501,0.0014046291985592152,-0.009924032845914033,-0.015354839982790969
2026-03-11,-7.677293916819039e-05,-0.007838417021498345,0.005406520345286214,-0.004190820810102247,0.0012077924676003882,-0.002168810809014765,0.006873796699033097,0.02149087591352461,0.010306792695345735,0.023290235123560432
2026-03-12,-0.01936268410362818,-0.014671973697334195,-0.016683014417014475,-0.01610307597524796,-0.025471045054388686,-0.0074590042350434205,-0.015535083686109119,-0.03141091003024221,-0.028746749243328207,0.01286449242188703
2026-03-13,-0.02205188879408504,-0.008877013416636048,-0.004183772956429577,0.0019440851951306737,-0.038343544763006276,-0.015702020587114007,-0.015780314308353027,-0.009645319015724074,0.01819168171995944,0.016869640337443093
2026-03-16,0.010794880344667579,0.0195984367511175,0.010850879030806393,0.009596336831564134,0.023263844608812034,0.011123808473237462,0.01647717218041489,0.011145156481373375,0.012052837162664254,0.007109946774932485
2026-03-17,0.0055770205952525576,0.016340754535353108,0.01754159974009184,0.002551115996153097,-0.0076341043414897,-0.001350222245784849,-0.007040797336696936,0.00937908655570907,0.007285787097972118,0.010048960990123534
2026-03-18,-0.01687444762321122,-0.024767666852414494,-0.010388577259506704,0.0029626245341398683,-0.011209928361989974,-0.019078035958764117,-0.008409798772097021,-0.016254640751756533,-0.011266887096326617,-0.007682138006848138
2026-03-19,-0.003920887726655109,-0.005288991452693126,-0.0018200011968599883,0.0007994786362732764,-0.014585490060935902,-0.007070190974616031,-0.010199568445272478,-0.03177353995904619,-0.013681218530110173,0.003616983387778605
2026-03-20,-0.003896289131202657,-0.01623874055782004,-0.01995898201913937,-0.004896399035656973,-0.021493370888580943,-0.018379473087377307,-0.03281811115811839,-0.03244805872728129,-0.017294222749877908,0.00954730933243142
2026-03-23,0.01411350980480508,0.02322639327005427,0.003521661147902977,0.01169038814918677,0.017518463303236143,0.0029591709988243675,0.0170237820072745,0.035031022251806876,-0.021952949517270337,0.009143948901490395
2026-03-24,0.0005963911769359953,-0.013800294588880768,-0.03846919033715546,0.00858889146089048,-0.01844190111911148,-0.02678861083223305,-0.00250518750288653,0.005724019012326664,0.010165417766627938,0.02637617529049341
2026-03-25,0.003894460372950048,0.021569200454641724,0.0016870180877650576,0.010328428537211387,0.00332258125007856,-0.00456075708567627,0.019863034004328428,0.007623458833617036,-0.006353787146608836,-0.012818977381954477
2026-03-26,0.001068847476965784,-0.019696817795534227,-0.03440681152238945,-0.012727785877155617,-0.07959464154247431,-0.013664275998505948,-0.04163858095780393,-0.03585963575004292,-0.009240349017332283,0.013291624462953289
2026-03-27,-0.016173054004998577,-0.039510442389467326,-0.02342306677223538,-0.030240623887443308,-0.03985098946866683,-0.025138767672072238,-0.021723974181843797,-0.027626237359861583,-0.03368778511357484,0.033609365142416525
2026-03-30,-0.008721878071757172,0.008076656164990315,-0.003061928559749294,0.0032880668110599753,0.02027710442953401,0.006138384709554412,-0.014028147487508913,-0.018102390725044493,0.010694286750924098,0.002807164762685499
2026-03-31,0.029031288584213888,0.03642700888472339,0.05140767278298308,0.03661416754282243,0.06665043264096115,0.031229219885810622,0.05588180888236938,0.04635780589195071,0.03361463155622779,-0.010555741360441018
2026-04-01,0.007250123353044202,0.011043371606930696,0.03418426038221156,0.004147398728892249,0.012409800730328824,-0.002161202585198585,0.007740860269023653,0.025581734406523227,0.012528216076990617,-0.052339930265919654
2026-04-02,0.0011344770271390914,-0.0037992260242744047,-0.005447446206045203,-0.002640680795986672,-0.008235037389847877,0.011072891697944343,0.009331356375359201,-0.05421500524128142,0.011971713914696425,-0.000559791739393467
2026-04-06,0.011487808933839494,0.014396667550949482,0.014267800370968198,0.008017798550562727,-0.002506689716882615,-0.0015530665248895126,0.0014093304479019242,-0.021547988276388597,0.01478747099321076,0.01667807051668735
2026-04-07,-0.02070604577917201,0.00460553135602737,0.018233945467744705,0.006600097448735687,0.003542556468156155,-0.0015821890251598303,0.00258955293576979,-0.017487708462248674,0.09372345849560482,0.003305407646910341
2026-04-08,0.02130171641798695,0.03499085736091123,0.03882673963431005,0.03554131170863384,0.06498563938087054,0.005479523310443213,0.0223470271240227,-0.009808146419583275,-0.00568686846926203,-0.046916010498687655
2026-04-09,0.00614133139171158,0.056045170153601775,0.003687064768298942,0.0076630179280876565,0.026076955903867605,-0.0033659290381612417,0.010050504643715596,0.006904574267115882,0.003039396602387834,-0.007553453772372043
2026-04-10,-3.8260530741629495e-05,0.020244002182271403,-0.003924717522926557,-0.0014822259329182463,0.002339196864400872,-0.005897045998749295,0.025664741901011645,0.009634908676839249,-0.008406440424196138,-0.016318494569759867
2026-04-13,-0.004913966848681062,0.006334400855383171,0.012829389221314713,0.01229546105901469,0.0074144986406494695,0.036400848374358086,0.003604892099032586,0.009944121218842028,0.02848889815818456,0.0008525247720341245
2026-04-14,-0.0014276386309766131,0.038059130876826774,0.03610221659486279,-0.008161195883457983,0.04406396602363416,0.02273847493355685,0.038032865411783634,0.03342602102735692,0.003801870498320481,-0.02227459903979434
2026-04-15,0.02936300351797594,-0.00208820280916866,0.012646066883422513,-0.01668164506679881,0.013721086462468168,0.04606858430342653,0.01200957407583192,0.07619439612820611,-0.0004456422885421585,-0.0015412100674709883
2026-04-16,-0.011372688335946068,0.004828961562342915,-0.0032629979618038485,0.013140301225801565,0.007876845757642137,0.021983356619898142,-0.002614769796708716,-0.007781651270713175,0.0074829354904661916,0.019931557451895232
2026-04-17,0.02593029133391722,0.003444135445984209,0.01684431209009718,0.0010969357503831656,0.01725590589309034,0.006020124096113744,0.016788441530004805,0.03013628543234881,0.02601146425094547,-0.03645219844291081
2026-04-20,0.010435424419368289,-0.009099612075002872,-0.012467774438631563,0.02159270356483467,-0.02561904227018652,-0.011163955067039488,0.00188419663120043,-0.02026857175416885,-0.0035424757678547136,0.008467580833579014
2026-04-21,-0.025196714096157535,0.0065651880571397925,-0.015203648803314485,-0.012587150870674635,-0.003085318344700272,0.01456696139394631,-0.010788787118989118,-0.015490411649084379,0.06964877309825024,0.004604627598387312
2026-04-22,0.026299050276339386,0.021807838295304194,0.02115626211004451,6.385654138285624e-05,0.00879127463617535,0.020652574215955788,0.013107830909409257,0.0028207553957204645,0.021704561612472695,0.007684017524937525
2026-04-23,0.0009516199250387825,-0.001096486445127054,-0.0012672556948888358,-0.004248833052150736,-0.023076179224611693,-0.03966099561975667,-0.014123474389033275,-0.03558619957523779,0.002941825817692534,0.006889667990523485
2026-04-24,-0.008667687188198547,0.03493017225717909,0.016258881347370746,-0.010940380150622708,0.024091631930780233,0.021335007823376717,0.043227788976992976,0.0069035282132037246,0.0010153873161591331,-0.010761960218731548
2026-04-27,-0.012727786010601316,-0.010871605831113018,0.017247411505119103,0.01086669445655386,0.005318273278916763,0.00047099862243538126,0.04004417714781017,0.0062982346841573555,-0.0006480472280631089,-0.0048351058212842135
2026-04-28,0.011584039752220443,-0.005438047398549362,-0.0015984362710370625,-0.00057753054980203,-0.010727646160971882,0.01042792082725752,-0.01588104908680843,-0.006998242057971282,0.03405786780366826,0.015992910032473162
2026-04-29,-0.001994732136373578,0.012860978748156615,0.00045745218860759884,-0.007063802772193428,-0.0033068372607277796,-0.011159054466330809,-0.018389075111261644,-0.008563377785179571,0.010824207094403793,0.027298101458409274
2026-04-30,0.0043676927881808325,0.0076793983730687465,0.09961702406520634,0.01286987049440036,-0.08550038433407037,-0.039296904321054704,-0.04626045560032954,0.02368566893502,-0.0007012755665277703,-0.002198265119970344
2026-05-01,0.03239351501021104,0.012072784412985094,0.002312960442559797,-0.0024263326381473993,-0.005164108323973515,0.016332331545263257,-0.00561207563438304,0.024080922159745333,-0.004588621306068297,-0.010237790407773395
2026-05-04,-0.0118155353844559,0.014128002271583506,-0.006326388005902461,-0.01542553598523233,0.0027268735840393354,-0.001978624467840806,0.0001511106711307164,0.00432424750456617,0.005341907994777184,0.00615385954644343
2026-05-05,0.026550617415383337,0.005513692583370089,0.013515988851422689,0.005688299482735193,-0.008928413261531043,-0.005415520021193054,-0.009975799776516192,-0.007999833304410453,-0.018557017314027258,0.007742887522395714
2026-05-06,0.011717918777652159,0.005264129064761924,0.024740662220501752,0.01777636689210116,0.0130917616958246,0.006271482596838851,0.057659075388685865,0.024038873016714035,0.009371537231543048,-0.03996645677191357
2026-05-07,-0.0002435044652232543,-0.01389133038400725,-0.00012565985809642743,-0.027405562904829983,0.006412298567163521,0.01645090871192756,0.01765865404299216,0.03275398690529352,0.006697845451588691,-0.01419058992257538
2026-05-08,0.020456485310924144,0.0055683857848436435,0.007060470320022549,-0.01361536214096759,-0.011640519045443387,-0.01342776676792301,0.017494095947569344,0.040214665764012114,0.02769524111519739,-0.01371259158244742
2026-05-11,-0.0012626131025762488,-0.013532354923427414,-0.03033924459227455,-0.006951422136867502,-0.017666424923957313,-0.005926002472735337,0.01970259096216065,0.038870068073398656,0.011737433337573933,0.03534616981468264
2026-05-12,0.007243374589372076,-0.011784761609137218,-0.0033193073752800784,0.016266698193691642,0.006913139801055568,-0.011849964945150004,0.006106452319395217,-0.025955028748244402,0.031084187105164585,0.00634691212219729
2026-05-13,0.013805987391627639,0.016213969753363422,0.039421737678543955,-0.01518625903724935,0.022603634055911037,-0.006278011135810724,0.022873482047085725,0.027269526989873505,0.012033547593429894,0.006240469798209913
2026-05-14,-0.002208293097152536,-0.010772604336833247,-0.0038497776707889786,-0.0011323737917798837,0.0029191031743067697,0.010414365037775042,0.04388258597883499,-0.004424284747029383,-0.005160070047501408,0.00798298454021018
2026-05-15,0.006773819369938039,-0.011526033074604314,-0.010696401675080014,-0.007002182681687286,-0.006791382967951565,0.03050579128821007,-0.04420122720632225,-0.04750732717914996,-0.013129777990102953,0.04065901124833604
2026-05-18,-0.007960661114649215,0.0027257161474880665,0.00040326534105239453,0.009804966055655173,-0.004916738493843331,0.003839669976186011,-0.013314388358780072,-0.029011937010514632,-0.0069061981146764095,0.016274068445146783
2026-05-19,0.0037939903054091673,-0.020841158796957915,-0.023378884460741545,-0.01672598122328084,-0.014070457436796246,-0.014449655577149945,-0.007691677106092865,-0.014341825466156255,-0.004832246174069632,0.012835727831585375
2026-05-20,0.010971059357449242,0.021863243262898013,0.00322451056536055,0.021237827780780094,0.004065685187175205,0.008720151997975822,0.012964070657941695,0.0325407064678751,-0.015260465430948722,-0.03857282767317982
2026-05-21,0.00906524661379593,0.01301830709151064,-0.0032141465159613025,0.0033776595528693942,0.0038342613642559087,-0.00252292199325177,-0.017720537361840427,0.0014139776735901943,-0.0021393031718570654,-0.006334761323473104
2026-05-22,0.012557860054279724,-0.007971333528174807,-0.012098216184623256,0.011155101734823258,0.004741755236997713,-0.0012406856469829863,-0.01904237298751621,0.019528547428303344,0.015660978328475572,-0.0023826074796587937
2026-05-26,-0.001586735786880733,-0.003867523096163561,0.015431995898472772,0.0011749537442633518,0.0034083667209183766,-0.0060683286131975045,-0.0021826918622399605,0.017792977626126305,-0.029886557697481164,-0.032984820152507255
2026-05-27,0.008173140408717527,0.024727646527565872,-0.00012861975688982508,-0.02432027250362001,0.037430228740286786,-0.008076296243599512,-0.010518481304186755,0.015613803526030035,0.01897267310257389,-0.012749436584141738
2026-05-28,0.00534019523725493,0.007908750591183455,0.0033434443979794004,-0.008520381291236778,4.712234875481336e-05,0.0347007693508532,0.007761016341909066,0.003951359818862743,-0.003854127869895363,-0.0063555925309976
2026-05-29,-0.0014399642515899869,-0.01226272026117703,-0.02509425962392897,0.008694742151130974,-0.004375921306693065,0.054450962018909976,-0.014515703746992292,-0.014272783242432974,-0.005803479231211495,-0.011567831782125393
2026-06-01,-0.01842597822736758,-0.03465860321873382,-0.010438005061361832,-0.00912103426891464,-0.05065539518815376,0.022832260484241695,0.0626124588791841,-0.045687150397476395,-0.0011832566043101789,0.02836301770024341
2026-06-02,0.029022935295418106,-0.0181429249589532,-0.03857903067859958,0.014768341793673478,-0.004729580557107038,-0.04171374717707821,-0.006863972045151545,0.018899647156100485,-0.005107071720390266,0.0012049201041330893
2026-06-03,-0.01567264307615801,-0.02533909644314114,-0.007903866515702074,-0.0003653631645685884,0.04241756940938335,-0.03165569625585285,-0.03621758578863232,-9.43456559803213e-05,-0.002434429736296151,0.019858282163609076
2026-06-04,0.00312645238815068,0.01507874949703436,0.03676987830078726,0.033372080535216675,0.007367820180195883,0.001661400069229213,0.01939395646671027,-0.012390842220308285,0.05164457991204374,-0.0032125789476651345
2026-06-05,-0.012498826008526143,-0.03057644001781823,-0.009833745219524848,0.004760511625581776,-0.055085447812264654,-0.02658566754383418,-0.062014073591381225,-0.06559926253138726,0.007566797623425048,-0.013943651856582862
2026-06-08,-0.018871545388655542,-0.0032922715222234444,-0.013575520711203493,-0.004033725371046182,-0.012833073513225268,-0.011831927529251218,0.017259839984335112,0.04590795960877547,0.01777350628819674,0.01220647889196691
2026-06-09,-0.036446341189923515,-0.004200304926880172,0.002614880442088685,0.005110785750300106,-0.0013666036710554552,-0.02023117288064602,-0.0021568105327770537,-0.03000371479396924,0.015815259005043325,-0.018714909039534655
2026-06-10,0.0035450055495178656,-0.025349123139844942,-0.021632912402002935,-0.011384721351222371,-0.023281298234914316,-0.014997232475331246,-0.03732169739825886,-0.038040729596927614,-0.013414059659213162,0.01148338593479381
2026-06-11,0.01388983748609407,0.01474787607914263,0.003900286525099661,0.014071240233745508,-0.004466057810845303,-0.017666513340103496,0.022203357892913722,0.046017971453959916,-0.004687618283609529,-0.02668960279181487
2026-06-12,-0.015221633631081977,-0.012256186172015071,0.005338635773713296,0.023063020107523924,-0.0025509071761044,0.001024702842441938,0.0015620019126554308,0.018238754580025995,0.007323443366236582,0.002796631973456698
2026-06-15,0.018170538868479413,0.031314194613874635,0.02688504677670811,-0.004115760495237097,0.04770904398522635,0.02308448313772371,0.03538181402824003,0.011613319158924273,0.011915303280256362,-0.04142569770959703
2026-06-16,0.009513514092780229,-8.13115686266741e-05,0.010559073594251789,0.03675641092824922,0.011339963815781395,-0.014833966272172594,-0.023723197733726886,-0.015784969793794956,-0.008247407984536936,0.006670395267263762
2026-06-17,-0.010994537435617069,-0.03455284552845528,-0.0253449201743553,0.0070060237177231866,-0.05436431197128366,-0.03788437231212749,-0.013307023368657411,-0.02046161890071707,-0.019919036523399103,-0.007895097229928094
2026-06-18,0.006960644246616354,0.029010523745888195,0.011655048612615904,-0.024710573715507,0.016984307627157635,0.0012931709583141604,0.029513846689763534,0.010368800900483421,0.0035791872453891926,-0.020818517978170914
2026-06-22,-0.003355513813629196,-0.047465142323687703,-0.04986008250517615,0.019248533511496246,-0.02316273829005122,-0.031786989559602685,-0.00968251232276296,0.011386046267785943,0.014265765519261286,0.0047892596483922745
2026-06-23,-0.009124398732296202,0.005670378290686617,-0.01015210440209613,0.008024618744603806,-0.002926245367292357,0.017966969581451497,-0.04126528091164561,-0.05786940661108486,0.00631948305917196,0.009099320038135073
2026-06-24,-0.004145480706800209,0.0006834550497296643,-0.0024268232341632112,-0.002064954886221937,-0.00805768267256246,-0.022677392646850314,-0.00519892681982459,-0.0159324619523894,-0.008430084806429483,-0.02025327224001594
2026-06-25,-0.06117774105404383,-0.03098992458796157,-0.0045759131476235115,0.005008141585630899,-0.026538971518130117,-0.0345592514347155,-0.016381881943899224,-0.00109180002514353,0.023977356527896676,0.004747952638936903
2026-06-26,0.03136469225316163,0.025020959746330673,-0.018387527170465212,-0.018112939266905714,0.013594423985837434,0.057081360705363515,-0.016399339040476746,0.01223607484974698,0.02974518303239404,-0.007342838404632568
2026-06-29,-0.007188654692930396,0.03201683299701785,0.04819342168436691,0.0010333563941116175,0.022444299111199495,-0.011797171738171075,0.012673362368860186,0.08461722263269356,-0.018860003851338347,-0.003515352419310225
2026-06-30,0.027046212958856453,-0.00749564027789118,0.010518878226792872,-0.006254044887290422,0.001226453024082641,0.012073639219654542,0.026260425117358155,0.02127042017171621,-0.009980473460785788,0.004850746015954366
2026-07-01,0.017348672275670385,0.014097510539473834,0.010745155973800768,0.020590950646787842,0.08808961112881497,0.030186099320729687,-0.012544327816355838,0.011174468904540102,0.026249316781606025,-0.003218219909896569
2026-07-02,0.04840675364798175,0.004013244654325954,-0.0035989807140492935,0.001197315436734403,-0.04896306153496388,0.016160017478718647,-0.013918412665829716,-0.07488825887632455,-0.0027665006088991584,0.005943572907485928
2026-07-06,0.01305778143996239,0.006140048231783268,0.018198960090917593,0.014265549396600186,0.02983350983860711,-0.009603310738029669,0.0036955356666652506,0.06689535135353153,-0.01732648902340017,-0.004741372598464633
2026-07-07,-0.006396770744445224,0.007454095831143315,0.0015554421697043797,0.004441549196311012,0.025471088344246162,0.005430044263193601,0.007056965494693257,-0.04018866417017264,0.02440252744165461,0.03847851327158702
2026-07-08,0.008787785980344909,-0.009594278605344897,-0.013922527773091553,-0.025352296658711193,-0.02024110859147288,-0.014144606893393474,0.03651044893523969,-0.021940919513048773,-0.006048708104167022,-0.003952284703236164
2026-07-09,0.00903022957872146,0.01403824906613349,-0.008372012231652626,0.01466942766663748,0.04702212757189739,0.0026607787100694225,-0.006564748040099211,0.03169565627507742,0.014285682530716048,-0.026004418912178084
2026-07-10,-0.002846043762522954,-0.006881464517662805,-0.004764752160439367,0.002980892468361418,0.05974859484207107,0.001925297686118821,0.04033932332484791,0.002976317818197627,-0.016354701812405392,0.010330343522494845
2026-07-13,0.006310939222858858,0.008029678202122303,-0.013074592658932294,-0.005765751580729228,-0.018648916026568707,0.015294738983264056,-0.03521998340020871,-0.03188149815738972,0.010527062484350314,0.04053848880111155
2026-07-14,-0.007721115748007379,0.0007278635572653958,0.01985759214228877,0.02499033240560311,0.00656281529208913,-0.015499120378526965,0.040632851776453593,0.0035970789214421206,-0.009088988160454115,0.004013527349182366
2026-07-15,0.04014486379221993,0.030183041960898382,0.03173765222711844,0.011723843920603993,0.030663833058537815,0.02779727786697772,0.0033049902651376417,-0.004341464113536642,-0.015687136079013397,-0.003997483340467567
2026-07-16,0.017587781993612772,-0.019885500434225545,-0.044376203431425565,-0.010838574056478478,-0.02461437464787497,0.013826036185691448,-0.02400002872242646,-0.00861936310433542,0.011612386496984817,0.00996474055754093
2026-07-17,0.0014402172368908062,-0.010644698341695902,-0.021694980045105727,-0.00597402835328964,-0.02788390296205223,-0.01815010181385157,-0.022131130535045007,-0.02613410035418373,0.006400848939071224,0.009660814506910809
2026-07-20,-0.02142383591993391,0.011163733419575328,0.01505320929169951,-0.006537704328423155,-0.0002477270897792705,0.02150732979277281,0.0023174460152899368,-0.029592451218471427,-0.01065504607933021,0.006786167411514166
2026-07-21,0.0035212601306020552,-0.009760399967161826,-0.013750380613573365,0.018768306314465022,-0.0031585942625343977,-0.011285452294400034,0.019726458731385677,0.025326690927467865,0.03510857250413557,0.022580193365284495
2026-07-22,-0.005644666001250687,-0.010906875035172847,-0.014575824996564957,0.008631869692429461,-0.025846157579935802,-0.01862974366480019,0.02301126164771805,-0.012983883580748534,-0.011550380369941493,0.01806073430971611
2026-07-23,-0.012979820539962161,-0.0457014586990675,-0.0713262420932762,0.004853400197806446,-0.033595369514419327,-0.022442026195170772,-0.01556164807012217,-0.14523677416617442,-0.01796851462722504,0.015797985764024025
2026-07-24,0.03531672413627751,-0.006633583101364859,0.0064527929025617325,0.009459838857765135,-0.01800028639497009,0.0003145803337292197,-0.009197155678610791,-0.020832692956452514,-0.006657869818852857,0.00031872216687212074
2026-07-27,0.011681009513348384,-0.0031019827616639573,0.021329854045531116,0.008465277948779049,-0.002217791493143717,0.019386905446111324,-0.049941993879074276,-0.012171349626078465,-0.007367912862788817,-0.013826921289160965
2026-07-28,0.009408945533389002,-0.002290499938177426,0.021894885931953434,0.003116185607869415,-0.0007746173008209567,0.01092261618510415,0.002544399847217882,-0.005756415407379811,0.026697618775514798,-0.011177889672220553
2026-07-29,-0.005557412706758247,-0.0182361894773313,0.008989841709321045,-0.035263514006347974,-0.0131443490099028,-0.007143759919297832,-0.03553119230079016,-0.029664308628561287,-0.019170225651006456,0.02424199486528189
2026-07-30,-0.014074993355015719,0.0390470167299346,-0.009058204004545156,0.017812116853705096,-0.07954091839250976,0.15506739165511707,0.026472285272951313,0.03529766197629747,0.0021399383712841225,0.0014035908647260786
2026-07-31,-0.07353858440208272,0.15320588778032107,0.0673440057965653,0.002679214550530551,0.03279964327561391,0.030192821938052727,0.029276081370092744,0.007641202217659959,-0.016774639484997467,-0.009747085511364606
