Date,Portfolio Return,Scenario,Scenario Type,Stressed Return
2020-02-19,0.0187675740810324,COVID Crash 2020,Historical,
2020-02-20,-0.0111559597956758,COVID Crash 2020,Historical,
2020-02-21,-0.0245111781097514,COVID Crash 2020,Historical,
2020-02-24,-0.0513333216999444,COVID Crash 2020,Historical,
2020-02-25,-0.0321586429290398,COVID Crash 2020,Historical,
2020-02-26,0.0067160388443378,COVID Crash 2020,Historical,
2020-02-27,-0.06148178287404,COVID Crash 2020,Historical,
2020-02-28,0.0125726864726635,COVID Crash 2020,Historical,
2020-03-02,0.054764534217602,COVID Crash 2020,Historical,
2020-03-03,-0.0366509468158957,COVID Crash 2020,Historical,
2020-03-04,0.0417320334743808,COVID Crash 2020,Historical,
2020-03-05,-0.0359125944568362,COVID Crash 2020,Historical,
2020-03-06,-0.0238742902315096,COVID Crash 2020,Historical,
2020-03-09,-0.084440673304365,COVID Crash 2020,Historical,
2020-03-10,0.0587726116036191,COVID Crash 2020,Historical,
2020-03-11,-0.0417001071684956,COVID Crash 2020,Historical,
2020-03-12,-0.1030307099012725,COVID Crash 2020,Historical,
2020-03-13,0.0995701960846836,COVID Crash 2020,Historical,
2020-03-16,-0.1486065285869183,COVID Crash 2020,Historical,
2020-03-17,0.059258711894464,COVID Crash 2020,Historical,
2020-03-18,-0.0548135136662103,COVID Crash 2020,Historical,
2020-03-19,0.0275686469498818,COVID Crash 2020,Historical,
2020-03-20,-0.0387753387081801,COVID Crash 2020,Historical,
2020-03-23,-0.0093194063467104,COVID Crash 2020,Historical,
2022-01-03,0.0207613445664578,Inflation Shock 2022,Historical,
2022-01-04,-0.0094737683871155,Inflation Shock 2022,Historical,
2022-01-05,-0.0327291527551604,Inflation Shock 2022,Historical,
2022-01-06,-0.0018584507101465,Inflation Shock 2022,Historical,
2022-01-07,-0.0074288524663657,Inflation Shock 2022,Historical,
2022-01-10,0.0029335356322822,Inflation Shock 2022,Historical,
2022-01-11,0.0129079079761018,Inflation Shock 2022,Historical,
2022-01-12,0.0068413651584712,Inflation Shock 2022,Historical,
2022-01-13,-0.02831070404377,Inflation Shock 2022,Historical,
2022-01-14,0.0032773127596636,Inflation Shock 2022,Historical,
2022-01-18,-0.0252554263437805,Inflation Shock 2022,Historical,
2022-01-19,-0.0140134792213209,Inflation Shock 2022,Historical,
2022-01-20,-0.0140246185692436,Inflation Shock 2022,Historical,
2022-01-21,-0.026219441042826,Inflation Shock 2022,Historical,
2022-01-24,0.0014752852378185,Inflation Shock 2022,Historical,
2022-01-25,-0.0195117837493789,Inflation Shock 2022,Historical,
2022-01-26,0.0087819591618464,Inflation Shock 2022,Historical,
2022-01-27,-0.0111350045362158,Inflation Shock 2022,Historical,
2022-01-28,0.033714819116112,Inflation Shock 2022,Historical,
2022-01-31,0.031622660202805,Inflation Shock 2022,Historical,
2022-02-01,0.007432746081481,Inflation Shock 2022,Historical,
2022-02-02,0.0136673399201208,Inflation Shock 2022,Historical,
2022-02-03,-0.0453505709986369,Inflation Shock 2022,Historical,
2022-02-04,0.0218169385922502,Inflation Shock 2022,Historical,
2022-02-07,-0.0060464621407886,Inflation Shock 2022,Historical,
2022-02-08,0.0113430220684998,Inflation Shock 2022,Historical,
2022-02-09,0.0193665210125436,Inflation Shock 2022,Historical,
2022-02-10,-0.0220164497709004,Inflation Shock 2022,Historical,
2022-02-11,-0.0313000751624707,Inflation Shock 2022,Historical,
2022-02-14,0.002766522538566,Inflation Shock 2022,Historical,
2022-02-15,0.0267383100778145,Inflation Shock 2022,Historical,
2022-02-16,0.0011051881019593,Inflation Shock 2022,Historical,
2022-02-17,-0.0347248799801527,Inflation Shock 2022,Historical,
2022-02-18,-0.0135347021347652,Inflation Shock 2022,Historical,
2022-02-22,-0.0117964810294798,Inflation Shock 2022,Historical,
2022-02-23,-0.0278817203765351,Inflation Shock 2022,Historical,
2022-02-24,0.0287028910369125,Inflation Shock 2022,Historical,
2022-02-25,0.0164856223223325,Inflation Shock 2022,Historical,
2022-02-28,0.0026386454083307,Inflation Shock 2022,Historical,
2022-03-01,-0.0177989931054461,Inflation Shock 2022,Historical,
2022-03-02,0.018262930362221,Inflation Shock 2022,Historical,
2022-03-03,-0.0128688587408873,Inflation Shock 2022,Historical,
2022-03-04,-0.0154246276665214,Inflation Shock 2022,Historical,
2022-03-07,-0.0400444665846424,Inflation Shock 2022,Historical,
2022-03-08,-0.0031117909037398,Inflation Shock 2022,Historical,
2022-03-09,0.0373667587782881,Inflation Shock 2022,Historical,
2022-03-10,-0.0059610515343206,Inflation Shock 2022,Historical,
2022-03-11,-0.0222272102095393,Inflation Shock 2022,Historical,
2022-03-14,-0.0207126043984024,Inflation Shock 2022,Historical,
2022-03-15,0.0325741359266145,Inflation Shock 2022,Historical,
2022-03-16,0.0355011364801477,Inflation Shock 2022,Historical,
2022-03-17,0.0127351157912609,Inflation Shock 2022,Historical,
2022-03-18,0.0244819798286716,Inflation Shock 2022,Historical,
2022-03-21,0.0045014845275877,Inflation Shock 2022,Historical,
2022-03-22,0.0168466950683101,Inflation Shock 2022,Historical,
2022-03-23,-0.0097194352475914,Inflation Shock 2022,Historical,
2022-03-24,0.0272762677041258,Inflation Shock 2022,Historical,
2022-03-25,0.0010892583516551,Inflation Shock 2022,Historical,
2022-03-28,0.011746717664109,Inflation Shock 2022,Historical,
2022-03-29,0.0107318789019072,Inflation Shock 2022,Historical,
2022-03-30,-0.008732872973944,Inflation Shock 2022,Historical,
2022-03-31,-0.0193087543872157,Inflation Shock 2022,Historical,
2022-04-01,-0.0011612878363538,Inflation Shock 2022,Historical,
2022-04-04,0.020738577197762,Inflation Shock 2022,Historical,
2022-04-05,-0.0216331051545638,Inflation Shock 2022,Historical,
2022-04-06,-0.0281222641272422,Inflation Shock 2022,Historical,
2022-04-07,0.0004484365555417,Inflation Shock 2022,Historical,
2022-04-08,-0.0135454146928623,Inflation Shock 2022,Historical,
2022-04-11,-0.0315249155856376,Inflation Shock 2022,Historical,
2022-04-12,-0.0037371139883452,Inflation Shock 2022,Historical,
2022-04-13,0.0154580362103208,Inflation Shock 2022,Historical,
2022-04-14,-0.0252382385731655,Inflation Shock 2022,Historical,
2022-04-18,0.0085023595765237,Inflation Shock 2022,Historical,
2022-04-19,0.0180494314635118,Inflation Shock 2022,Historical,
2022-04-20,-0.0140855726143315,Inflation Shock 2022,Historical,
2022-04-21,-0.0232778006765461,Inflation Shock 2022,Historical,
2022-04-22,-0.0281190232979241,Inflation Shock 2022,Historical,
2022-04-25,0.0109248681728967,Inflation Shock 2022,Historical,
2022-04-26,-0.0424440775811501,Inflation Shock 2022,Historical,
2022-04-27,-0.0021700410470477,Inflation Shock 2022,Historical,
2022-04-28,0.0430686189254035,Inflation Shock 2022,Historical,
2022-04-29,-0.0500974665022716,Inflation Shock 2022,Historical,
2022-05-02,0.0194497721764188,Inflation Shock 2022,Historical,
2022-05-03,0.0050099565316843,Inflation Shock 2022,Historical,
2022-05-04,0.034236632361463,Inflation Shock 2022,Historical,
2022-05-05,-0.0546832573635133,Inflation Shock 2022,Historical,
2022-05-06,-0.0043434004515882,Inflation Shock 2022,Historical,
2022-05-09,-0.0487305699521406,Inflation Shock 2022,Historical,
2022-05-10,0.0124938208053944,Inflation Shock 2022,Historical,
2022-05-11,-0.0345319193654201,Inflation Shock 2022,Historical,
2022-05-12,-0.0122118382198827,Inflation Shock 2022,Historical,
2022-05-13,0.0392750265401092,Inflation Shock 2022,Historical,
2022-05-16,-0.0109347978024192,Inflation Shock 2022,Historical,
2022-05-17,0.0289386206131361,Inflation Shock 2022,Historical,
2022-05-18,-0.051495081288698,Inflation Shock 2022,Historical,
2022-05-19,-0.0058228718767487,Inflation Shock 2022,Historical,
2022-05-20,-0.0073191149839819,Inflation Shock 2022,Historical,
2022-05-23,0.0259856158974381,Inflation Shock 2022,Historical,
2022-05-24,-0.0248950794978887,Inflation Shock 2022,Historical,
2022-05-25,0.0165347515694269,Inflation Shock 2022,Historical,
2022-05-26,0.0278291899650677,Inflation Shock 2022,Historical,
2022-05-27,0.0344603908807844,Inflation Shock 2022,Historical,
2022-05-31,0.0010480633719675,Inflation Shock 2022,Historical,
2022-06-01,-0.0051432297655685,Inflation Shock 2022,Historical,
2022-06-02,0.0273109774657989,Inflation Shock 2022,Historical,
2022-06-03,-0.030682872681295,Inflation Shock 2022,Historical,
2022-06-06,0.0065171365812104,Inflation Shock 2022,Historical,
2022-06-07,0.0092048200484612,Inflation Shock 2022,Historical,
2022-06-08,-0.0063124939238072,Inflation Shock 2022,Historical,
2022-06-09,-0.029055873356404,Inflation Shock 2022,Historical,
2022-06-10,-0.0429802172395135,Inflation Shock 2022,Historical,
2022-06-13,-0.0504608416541878,Inflation Shock 2022,Historical,
2022-06-14,0.0021056446727648,Inflation Shock 2022,Historical,
2022-06-15,0.0278852498992351,Inflation Shock 2022,Historical,
2022-06-16,-0.0394549544541189,Inflation Shock 2022,Historical,
2022-06-17,0.0080343304091008,Inflation Shock 2022,Historical,
2022-06-21,0.0336327710169911,Inflation Shock 2022,Historical,
2022-06-22,-0.0050082766615917,Inflation Shock 2022,Historical,
2022-06-23,0.0093096660619743,Inflation Shock 2022,Historical,
2022-06-24,0.0356693295113454,Inflation Shock 2022,Historical,
2022-06-27,-0.0074547464333894,Inflation Shock 2022,Historical,
2022-06-28,-0.0317022163660229,Inflation Shock 2022,Historical,
2022-06-29,0.0002039614435644,Inflation Shock 2022,Historical,
2022-06-30,-0.0200769930178671,Inflation Shock 2022,Historical,
2022-07-01,0.0042507564924607,Inflation Shock 2022,Historical,
2022-07-05,0.0183136253949723,Inflation Shock 2022,Historical,
2022-07-06,0.0069549654557197,Inflation Shock 2022,Historical,
2022-07-07,0.0257443731154381,Inflation Shock 2022,Historical,
2022-07-08,0.001187548538922,Inflation Shock 2022,Historical,
2022-07-11,-0.0253779885597301,Inflation Shock 2022,Historical,
2022-07-12,-0.010311971895108,Inflation Shock 2022,Historical,
2022-07-13,-0.0026775699732027,Inflation Shock 2022,Historical,
2022-07-14,0.0003483216300531,Inflation Shock 2022,Historical,
2022-07-15,0.021851397558724,Inflation Shock 2022,Historical,
2022-07-18,-0.0049795219954022,Inflation Shock 2022,Historical,
2022-07-19,0.0331124803837735,Inflation Shock 2022,Historical,
2022-07-20,0.0167886518059614,Inflation Shock 2022,Historical,
2022-07-21,0.0131925170669825,Inflation Shock 2022,Historical,
2022-07-22,-0.0227932304662824,Inflation Shock 2022,Historical,
2022-07-25,-0.0050391321604677,Inflation Shock 2022,Historical,
2022-07-26,-0.0236318198097972,Inflation Shock 2022,Historical,
2022-07-27,0.0491452876069175,Inflation Shock 2022,Historical,
2022-07-28,0.0079164556469887,Inflation Shock 2022,Historical,
2022-07-29,0.0270766177417299,Inflation Shock 2022,Historical,
2022-08-01,-0.0040057194660426,Inflation Shock 2022,Historical,
2022-08-02,-0.0047312411056716,Inflation Shock 2022,Historical,
2022-08-03,0.0246314866808943,Inflation Shock 2022,Historical,
2022-08-04,0.0018545528067664,Inflation Shock 2022,Historical,
2022-08-05,-0.0049386131368714,Inflation Shock 2022,Historical,
2022-08-08,-0.0123359092906726,Inflation Shock 2022,Historical,
2022-08-09,-0.006549923363381,Inflation Shock 2022,Historical,
2022-08-10,0.031287410310607,Inflation Shock 2022,Historical,
2022-08-11,-0.0045906006419289,Inflation Shock 2022,Historical,
2022-08-12,0.0236704585863964,Inflation Shock 2022,Historical,
2022-08-15,0.0057869634831927,Inflation Shock 2022,Historical,
2022-08-16,-0.0012080767082031,Inflation Shock 2022,Historical,
2022-08-17,-0.0089521513144983,Inflation Shock 2022,Historical,
2022-08-18,0.0033175253108502,Inflation Shock 2022,Historical,
2022-08-19,-0.0234745479018342,Inflation Shock 2022,Historical,
2022-08-22,-0.0270787890207821,Inflation Shock 2022,Historical,
2022-08-23,0.0009330154485539,Inflation Shock 2022,Historical,
2022-08-24,0.0017180269459775,Inflation Shock 2022,Historical,
2022-08-25,0.0202249282084361,Inflation Shock 2022,Historical,
2022-08-26,-0.0471275037573748,Inflation Shock 2022,Historical,
2022-08-29,-0.0106781486536123,Inflation Shock 2022,Historical,
2022-08-30,-0.0133050122990247,Inflation Shock 2022,Historical,
2022-08-31,-0.0087483141602704,Inflation Shock 2022,Historical,
2022-09-01,-0.008174966255793,Inflation Shock 2022,Historical,
2022-09-02,-0.0137421833804,Inflation Shock 2022,Historical,
2022-09-06,-0.0073580389371233,Inflation Shock 2022,Historical,
2022-09-07,0.0166346608669274,Inflation Shock 2022,Historical,
2022-09-08,0.0053396209890313,Inflation Shock 2022,Historical,
2022-09-09,0.0211092958963163,Inflation Shock 2022,Historical,
2022-09-12,0.0156981713709912,Inflation Shock 2022,Historical,
2022-09-13,-0.0622555488769908,Inflation Shock 2022,Historical,
2022-09-14,0.0057975180436013,Inflation Shock 2022,Historical,
2022-09-15,-0.0131866775560618,Inflation Shock 2022,Historical,
2022-09-16,-0.0046986724238912,Inflation Shock 2022,Historical,
2022-09-19,0.0107464073987435,Inflation Shock 2022,Historical,
2022-09-20,-0.0075689468383811,Inflation Shock 2022,Historical,
2022-09-21,-0.0176535972652257,Inflation Shock 2022,Historical,
2022-09-22,-0.0109827552326118,Inflation Shock 2022,Historical,
2022-09-23,-0.0181557709892364,Inflation Shock 2022,Historical,
2022-09-26,-0.0077887444542878,Inflation Shock 2022,Historical,
2022-09-27,0.0022395537614661,Inflation Shock 2022,Historical,
2022-09-28,0.0177143652417518,Inflation Shock 2022,Historical,
2022-09-29,-0.0316440251255709,Inflation Shock 2022,Historical,
2022-09-30,-0.0169966214865458,Inflation Shock 2022,Historical,
2022-10-03,0.0243654761202318,Inflation Shock 2022,Historical,
2022-10-04,0.0342255183436149,Inflation Shock 2022,Historical,
2022-10-05,-0.0003580211651843,Inflation Shock 2022,Historical,
2022-10-06,-0.006119755223218,Inflation Shock 2022,Historical,
2022-10-07,-0.0447390002208914,Inflation Shock 2022,Historical,
2022-10-10,-0.0120320496671866,Inflation Shock 2022,Historical,
2022-10-11,-0.014400698849257,Inflation Shock 2022,Historical,
2022-10-12,0.0007923539844312,Inflation Shock 2022,Historical,
2023-03-01,-0.0113863143428014,Banking Stress 2023,Historical,
2023-03-02,0.0062643549777197,Banking Stress 2023,Historical,
2023-03-03,0.0250662443320441,Banking Stress 2023,Historical,
2023-03-06,0.0017988340432225,Banking Stress 2023,Historical,
2023-03-07,-0.0141412347204301,Banking Stress 2023,Historical,
2023-03-08,0.004760050381192,Banking Stress 2023,Historical,
2023-03-09,-0.0223960520926524,Banking Stress 2023,Historical,
2023-03-10,-0.0104686369833963,Banking Stress 2023,Historical,
2023-03-13,0.006865501100635,Banking Stress 2023,Historical,
2023-03-14,0.0282837453207631,Banking Stress 2023,Historical,
2023-03-15,0.0007129213515437,Banking Stress 2023,Historical,
2023-03-16,0.0309097525589518,Banking Stress 2023,Historical,
2023-03-17,-0.0062180610526757,Banking Stress 2023,Historical,
2023-03-20,0.003066795165465,Banking Stress 2023,Historical,
2023-03-21,0.021481423067533,Banking Stress 2023,Historical,
2023-03-22,-0.0110115038884888,Banking Stress 2023,Historical,
2023-03-23,0.0104623984018914,Banking Stress 2023,Historical,
2023-03-24,-0.0006969254048782,Banking Stress 2023,Historical,
2023-03-27,-0.0049670462007004,Banking Stress 2023,Historical,
2023-03-28,-0.0056099982614992,Banking Stress 2023,Historical,
2023-03-29,0.0161890657721768,Banking Stress 2023,Historical,
2023-03-30,0.0085603788619894,Banking Stress 2023,Historical,
2023-03-31,0.017060315952336,Banking Stress 2023,Historical,
2023-04-03,0.0038339766546922,Banking Stress 2023,Historical,
2023-04-04,-0.0037128451420967,Banking Stress 2023,Historical,
2023-04-05,-0.0099743723279168,Banking Stress 2023,Historical,
2023-04-06,0.0107631907724378,Banking Stress 2023,Historical,
2023-04-10,-0.0032443661032978,Banking Stress 2023,Historical,
2023-04-11,-0.0086597076894243,Banking Stress 2023,Historical,
2023-04-12,-0.0087940669364073,Banking Stress 2023,Historical,
2023-04-13,0.0210658395415615,Banking Stress 2023,Historical,
2023-04-14,0.006775780865726,Banking Stress 2023,Historical,
2023-04-17,-0.0001793434221133,Banking Stress 2023,Historical,
2023-04-18,0.0041353828781353,Banking Stress 2023,Historical,
2023-04-19,0.0008286075559954,Banking Stress 2023,Historical,
2023-04-20,-0.01261630878475,Banking Stress 2023,Historical,
2023-04-21,0.0012247631945401,Banking Stress 2023,Historical,
2023-04-24,-0.0015334242627365,Banking Stress 2023,Historical,
2023-04-25,-0.0197722141746142,Banking Stress 2023,Historical,
2023-04-26,0.0117703169372738,Banking Stress 2023,Historical,
2023-04-27,0.0312778108989604,Banking Stress 2023,Historical,
2023-04-28,0.0045632180614645,Banking Stress 2023,Historical,
2023-05-01,0.0025419176045793,Banking Stress 2023,Historical,
2023-05-02,-0.0104088594945027,Banking Stress 2023,Historical,
2023-05-03,-0.0077818857924303,Banking Stress 2023,Historical,
2023-05-04,-0.0061888692534782,Banking Stress 2023,Historical,
2023-05-05,0.0265025057273194,Banking Stress 2023,Historical,
2022-01-03,0.0207613445664578,Tech Selloff,Historical,
2022-01-04,-0.0094737683871155,Tech Selloff,Historical,
2022-01-05,-0.0327291527551604,Tech Selloff,Historical,
2022-01-06,-0.0018584507101465,Tech Selloff,Historical,
2022-01-07,-0.0074288524663657,Tech Selloff,Historical,
2022-01-10,0.0029335356322822,Tech Selloff,Historical,
2022-01-11,0.0129079079761018,Tech Selloff,Historical,
2022-01-12,0.0068413651584712,Tech Selloff,Historical,
2022-01-13,-0.02831070404377,Tech Selloff,Historical,
2022-01-14,0.0032773127596636,Tech Selloff,Historical,
2022-01-18,-0.0252554263437805,Tech Selloff,Historical,
2022-01-19,-0.0140134792213209,Tech Selloff,Historical,
2022-01-20,-0.0140246185692436,Tech Selloff,Historical,
2022-01-21,-0.026219441042826,Tech Selloff,Historical,
2022-01-24,0.0014752852378185,Tech Selloff,Historical,
2022-01-25,-0.0195117837493789,Tech Selloff,Historical,
2022-01-26,0.0087819591618464,Tech Selloff,Historical,
2022-01-27,-0.0111350045362158,Tech Selloff,Historical,
2022-01-28,0.033714819116112,Tech Selloff,Historical,
2022-01-31,0.031622660202805,Tech Selloff,Historical,
2022-02-01,0.007432746081481,Tech Selloff,Historical,
2022-02-02,0.0136673399201208,Tech Selloff,Historical,
2022-02-03,-0.0453505709986369,Tech Selloff,Historical,
2022-02-04,0.0218169385922502,Tech Selloff,Historical,
2022-02-07,-0.0060464621407886,Tech Selloff,Historical,
2022-02-08,0.0113430220684998,Tech Selloff,Historical,
2022-02-09,0.0193665210125436,Tech Selloff,Historical,
2022-02-10,-0.0220164497709004,Tech Selloff,Historical,
2022-02-11,-0.0313000751624707,Tech Selloff,Historical,
2022-02-14,0.002766522538566,Tech Selloff,Historical,
2022-02-15,0.0267383100778145,Tech Selloff,Historical,
2022-02-16,0.0011051881019593,Tech Selloff,Historical,
2022-02-17,-0.0347248799801527,Tech Selloff,Historical,
2022-02-18,-0.0135347021347652,Tech Selloff,Historical,
2022-02-22,-0.0117964810294798,Tech Selloff,Historical,
2022-02-23,-0.0278817203765351,Tech Selloff,Historical,
2022-02-24,0.0287028910369125,Tech Selloff,Historical,
2022-02-25,0.0164856223223325,Tech Selloff,Historical,
2022-02-28,0.0026386454083307,Tech Selloff,Historical,
2022-03-01,-0.0177989931054461,Tech Selloff,Historical,
2022-03-02,0.018262930362221,Tech Selloff,Historical,
2022-03-03,-0.0128688587408873,Tech Selloff,Historical,
2022-03-04,-0.0154246276665214,Tech Selloff,Historical,
2022-03-07,-0.0400444665846424,Tech Selloff,Historical,
2022-03-08,-0.0031117909037398,Tech Selloff,Historical,
2022-03-09,0.0373667587782881,Tech Selloff,Historical,
2022-03-10,-0.0059610515343206,Tech Selloff,Historical,
2022-03-11,-0.0222272102095393,Tech Selloff,Historical,
2022-03-14,-0.0207126043984024,Tech Selloff,Historical,
2022-03-15,0.0325741359266145,Tech Selloff,Historical,
2022-03-16,0.0355011364801477,Tech Selloff,Historical,
2022-03-17,0.0127351157912609,Tech Selloff,Historical,
2022-03-18,0.0244819798286716,Tech Selloff,Historical,
2022-03-21,0.0045014845275877,Tech Selloff,Historical,
2022-03-22,0.0168466950683101,Tech Selloff,Historical,
2022-03-23,-0.0097194352475914,Tech Selloff,Historical,
2022-03-24,0.0272762677041258,Tech Selloff,Historical,
2022-03-25,0.0010892583516551,Tech Selloff,Historical,
2022-03-28,0.011746717664109,Tech Selloff,Historical,
2022-03-29,0.0107318789019072,Tech Selloff,Historical,
2022-03-30,-0.008732872973944,Tech Selloff,Historical,
2022-03-31,-0.0193087543872157,Tech Selloff,Historical,
2022-04-01,-0.0011612878363538,Tech Selloff,Historical,
2022-04-04,0.020738577197762,Tech Selloff,Historical,
2022-04-05,-0.0216331051545638,Tech Selloff,Historical,
2022-04-06,-0.0281222641272422,Tech Selloff,Historical,
2022-04-07,0.0004484365555417,Tech Selloff,Historical,
2022-04-08,-0.0135454146928623,Tech Selloff,Historical,
2022-04-11,-0.0315249155856376,Tech Selloff,Historical,
2022-04-12,-0.0037371139883452,Tech Selloff,Historical,
2022-04-13,0.0154580362103208,Tech Selloff,Historical,
2022-04-14,-0.0252382385731655,Tech Selloff,Historical,
2022-04-18,0.0085023595765237,Tech Selloff,Historical,
2022-04-19,0.0180494314635118,Tech Selloff,Historical,
2022-04-20,-0.0140855726143315,Tech Selloff,Historical,
2022-04-21,-0.0232778006765461,Tech Selloff,Historical,
2022-04-22,-0.0281190232979241,Tech Selloff,Historical,
2022-04-25,0.0109248681728967,Tech Selloff,Historical,
2022-04-26,-0.0424440775811501,Tech Selloff,Historical,
2022-04-27,-0.0021700410470477,Tech Selloff,Historical,
2022-04-28,0.0430686189254035,Tech Selloff,Historical,
2022-04-29,-0.0500974665022716,Tech Selloff,Historical,
2022-05-02,0.0194497721764188,Tech Selloff,Historical,
2022-05-03,0.0050099565316843,Tech Selloff,Historical,
2022-05-04,0.034236632361463,Tech Selloff,Historical,
2022-05-05,-0.0546832573635133,Tech Selloff,Historical,
2022-05-06,-0.0043434004515882,Tech Selloff,Historical,
2022-05-09,-0.0487305699521406,Tech Selloff,Historical,
2022-05-10,0.0124938208053944,Tech Selloff,Historical,
2022-05-11,-0.0345319193654201,Tech Selloff,Historical,
2022-05-12,-0.0122118382198827,Tech Selloff,Historical,
2022-05-13,0.0392750265401092,Tech Selloff,Historical,
2022-05-16,-0.0109347978024192,Tech Selloff,Historical,
2022-05-17,0.0289386206131361,Tech Selloff,Historical,
2022-05-18,-0.051495081288698,Tech Selloff,Historical,
2022-05-19,-0.0058228718767487,Tech Selloff,Historical,
2022-05-20,-0.0073191149839819,Tech Selloff,Historical,
2022-05-23,0.0259856158974381,Tech Selloff,Historical,
2022-05-24,-0.0248950794978887,Tech Selloff,Historical,
2022-05-25,0.0165347515694269,Tech Selloff,Historical,
2022-05-26,0.0278291899650677,Tech Selloff,Historical,
2022-05-27,0.0344603908807844,Tech Selloff,Historical,
2022-05-31,0.0010480633719675,Tech Selloff,Historical,
2022-06-01,-0.0051432297655685,Tech Selloff,Historical,
2022-06-02,0.0273109774657989,Tech Selloff,Historical,
2022-06-03,-0.030682872681295,Tech Selloff,Historical,
2022-06-06,0.0065171365812104,Tech Selloff,Historical,
2022-06-07,0.0092048200484612,Tech Selloff,Historical,
2022-06-08,-0.0063124939238072,Tech Selloff,Historical,
2022-06-09,-0.029055873356404,Tech Selloff,Historical,
2022-06-10,-0.0429802172395135,Tech Selloff,Historical,
2022-06-13,-0.0504608416541878,Tech Selloff,Historical,
2022-06-14,0.0021056446727648,Tech Selloff,Historical,
2022-06-15,0.0278852498992351,Tech Selloff,Historical,
2022-06-16,-0.0394549544541189,Tech Selloff,Historical,
2020-01-03,-0.0090452515114307,Equity Market Down 5%,Hypothetical,-0.0590452515114307
2020-01-06,0.0092457241799193,Equity Market Down 5%,Hypothetical,-0.040754275820080704
2020-01-07,-0.0009130844507751,Equity Market Down 5%,Hypothetical,-0.0509130844507751
2020-01-08,0.0097350818668195,Equity Market Down 5%,Hypothetical,-0.040264918133180505
2020-01-09,0.0092895759912174,Equity Market Down 5%,Hypothetical,-0.0407104240087826
2020-01-10,-0.0014267532638405,Equity Market Down 5%,Hypothetical,-0.051426753263840504
2020-01-13,0.0170945285528887,Equity Market Down 5%,Hypothetical,-0.0329054714471113
2020-01-14,-0.0066971347397461,Equity Market Down 5%,Hypothetical,-0.0566971347397461
2020-01-15,-0.0022849176809996,Equity Market Down 5%,Hypothetical,-0.052284917680999604
2020-01-16,0.0094326458634776,Equity Market Down 5%,Hypothetical,-0.040567354136522404
2020-01-17,0.0044610302492123,Equity Market Down 5%,Hypothetical,-0.0455389697507877
2020-01-21,0.0008770916226846,Equity Market Down 5%,Hypothetical,-0.0491229083773154
2020-01-22,0.0027452470228971,Equity Market Down 5%,Hypothetical,-0.0472547529771029
2020-01-23,0.0026973672286744,Equity Market Down 5%,Hypothetical,-0.047302632771325605
2020-01-24,-0.0110348389887033,Equity Market Down 5%,Hypothetical,-0.0610348389887033
2020-01-27,-0.0238438773669367,Equity Market Down 5%,Hypothetical,-0.0738438773669367
2020-01-28,0.0194298516505263,Equity Market Down 5%,Hypothetical,-0.030570148349473702
2020-01-29,0.0070401001419181,Equity Market Down 5%,Hypothetical,-0.0429598998580819
2020-01-30,0.0077085102385255,Equity Market Down 5%,Hypothetical,-0.0422914897614745
2020-01-31,-0.0188784860448927,Equity Market Down 5%,Hypothetical,-0.0688784860448927
2020-02-03,0.01825950471351,Equity Market Down 5%,Hypothetical,-0.031740495286490006
2020-02-04,0.0250643252809806,Equity Market Down 5%,Hypothetical,-0.024935674719019404
2020-02-05,0.0003560466627618,Equity Market Down 5%,Hypothetical,-0.0496439533372382
2020-02-06,0.0099452718432001,Equity Market Down 5%,Hypothetical,-0.040054728156799904
2020-02-07,-0.003402412606586,Equity Market Down 5%,Hypothetical,-0.053402412606586
2020-02-10,0.0172313682437106,Equity Market Down 5%,Hypothetical,-0.0327686317562894
2020-02-11,-0.0008577979276684,Equity Market Down 5%,Hypothetical,-0.050857797927668404
2020-02-12,0.0116251667789301,Equity Market Down 5%,Hypothetical,-0.0383748332210699
2020-02-13,-0.001709581575289,Equity Market Down 5%,Hypothetical,-0.051709581575289
2020-02-14,0.0101033048018317,Equity Market Down 5%,Hypothetical,-0.039896695198168304
2020-02-18,0.0052496969159724,Equity Market Down 5%,Hypothetical,-0.0447503030840276
2020-02-19,0.0187675740810324,Equity Market Down 5%,Hypothetical,-0.0312324259189676
2020-02-20,-0.0111559597956758,Equity Market Down 5%,Hypothetical,-0.0611559597956758
2020-02-21,-0.0245111781097514,Equity Market Down 5%,Hypothetical,-0.0745111781097514
2020-02-24,-0.0513333216999444,Equity Market Down 5%,Hypothetical,-0.10133332169994441
2020-02-25,-0.0321586429290398,Equity Market Down 5%,Hypothetical,-0.0821586429290398
2020-02-26,0.0067160388443378,Equity Market Down 5%,Hypothetical,-0.0432839611556622
2020-02-27,-0.06148178287404,Equity Market Down 5%,Hypothetical,-0.11148178287404001
2020-02-28,0.0125726864726635,Equity Market Down 5%,Hypothetical,-0.037427313527336505
2020-03-02,0.054764534217602,Equity Market Down 5%,Hypothetical,0.004764534217602
2020-03-03,-0.0366509468158957,Equity Market Down 5%,Hypothetical,-0.0866509468158957
2020-03-04,0.0417320334743808,Equity Market Down 5%,Hypothetical,-0.008267966525619203
2020-03-05,-0.0359125944568362,Equity Market Down 5%,Hypothetical,-0.0859125944568362
2020-03-06,-0.0238742902315096,Equity Market Down 5%,Hypothetical,-0.0738742902315096
2020-03-09,-0.084440673304365,Equity Market Down 5%,Hypothetical,-0.134440673304365
2020-03-10,0.0587726116036191,Equity Market Down 5%,Hypothetical,0.008772611603619099
2020-03-11,-0.0417001071684956,Equity Market Down 5%,Hypothetical,-0.09170010716849561
2020-03-12,-0.1030307099012725,Equity Market Down 5%,Hypothetical,-0.1530307099012725
2020-03-13,0.0995701960846836,Equity Market Down 5%,Hypothetical,0.04957019608468359
2020-03-16,-0.1486065285869183,Equity Market Down 5%,Hypothetical,-0.1986065285869183
2020-03-17,0.059258711894464,Equity Market Down 5%,Hypothetical,0.009258711894463999
2020-03-18,-0.0548135136662103,Equity Market Down 5%,Hypothetical,-0.1048135136662103
2020-03-19,0.0275686469498818,Equity Market Down 5%,Hypothetical,-0.022431353050118202
2020-03-20,-0.0387753387081801,Equity Market Down 5%,Hypothetical,-0.08877533870818011
2020-03-23,-0.0093194063467104,Equity Market Down 5%,Hypothetical,-0.0593194063467104
2020-03-24,0.0997571198695234,Equity Market Down 5%,Hypothetical,0.0497571198695234
2020-03-25,0.0011327587334124,Equity Market Down 5%,Hypothetical,-0.048867241266587605
2020-03-26,0.0495396419620757,Equity Market Down 5%,Hypothetical,-0.0004603580379243036
2020-03-27,-0.0407352904108082,Equity Market Down 5%,Hypothetical,-0.0907352904108082
2020-03-30,0.0365001412896016,Equity Market Down 5%,Hypothetical,-0.013499858710398403
2020-03-31,-0.0044381038865709,Equity Market Down 5%,Hypothetical,-0.0544381038865709
2020-04-01,-0.0518583891258318,Equity Market Down 5%,Hypothetical,-0.10185838912583181
2020-04-02,0.0204399102902164,Equity Market Down 5%,Hypothetical,-0.0295600897097836
2020-04-03,-0.0194469485791538,Equity Market Down 5%,Hypothetical,-0.0694469485791538
2020-04-06,0.0734207440082578,Equity Market Down 5%,Hypothetical,0.02342074400825779
2020-04-07,-0.0027135247151373,Equity Market Down 5%,Hypothetical,-0.0527135247151373
2020-04-08,0.0274272168339157,Equity Market Down 5%,Hypothetical,-0.0225727831660843
2020-04-09,0.0086175702670948,Equity Market Down 5%,Hypothetical,-0.04138242973290521
2020-04-13,0.015582332142168,Equity Market Down 5%,Hypothetical,-0.034417667857832
2020-04-14,0.0377456242884977,Equity Market Down 5%,Hypothetical,-0.0122543757115023
2020-04-15,-0.0089712766699926,Equity Market Down 5%,Hypothetical,-0.058971276669992606
2020-04-16,0.0156905003477119,Equity Market Down 5%,Hypothetical,-0.034309499652288106
2020-04-17,0.0113169553945596,Equity Market Down 5%,Hypothetical,-0.038683044605440406
2020-04-20,-0.0189351566428119,Equity Market Down 5%,Hypothetical,-0.0689351566428119
2020-04-21,-0.0397453509522163,Equity Market Down 5%,Hypothetical,-0.08974535095221631
2020-04-22,0.0336278586734491,Equity Market Down 5%,Hypothetical,-0.016372141326550904
2020-04-23,0.0007999583004313,Equity Market Down 5%,Hypothetical,-0.0492000416995687
2020-04-24,0.0177007938530642,Equity Market Down 5%,Hypothetical,-0.03229920614693581
2020-04-27,0.0107327948895353,Equity Market Down 5%,Hypothetical,-0.039267205110464706
2020-04-28,-0.0178126173310993,Equity Market Down 5%,Hypothetical,-0.0678126173310993
2020-04-29,0.0379039434493626,Equity Market Down 5%,Hypothetical,-0.012096056550637405
2020-04-30,0.0061187486209398,Equity Market Down 5%,Hypothetical,-0.0438812513790602
2020-05-01,-0.036034725609921,Equity Market Down 5%,Hypothetical,-0.08603472560992101
2020-05-04,0.0187456179366661,Equity Market Down 5%,Hypothetical,-0.031254382063333905
2020-05-05,0.0095085426537342,Equity Market Down 5%,Hypothetical,-0.0404914573462658
2020-05-06,0.0044290403140746,Equity Market Down 5%,Hypothetical,-0.0455709596859254
2020-05-07,0.0100659209768384,Equity Market Down 5%,Hypothetical,-0.0399340790231616
2020-05-08,0.0177273420810899,Equity Market Down 5%,Hypothetical,-0.032272657918910104
2020-05-11,0.0086978525427352,Equity Market Down 5%,Hypothetical,-0.04130214745726481
2020-05-12,-0.0201182141431743,Equity Market Down 5%,Hypothetical,-0.0701182141431743
2020-05-13,-0.0167814359663785,Equity Market Down 5%,Hypothetical,-0.0667814359663785
2020-05-14,0.0160563668641931,Equity Market Down 5%,Hypothetical,-0.0339436331358069
2020-05-15,0.0099531300110577,Equity Market Down 5%,Hypothetical,-0.0400468699889423
2020-05-18,0.0229994545026809,Equity Market Down 5%,Hypothetical,-0.027000545497319103
2020-05-19,-0.0048762115064735,Equity Market Down 5%,Hypothetical,-0.0548762115064735
2020-05-20,0.0209265100607378,Equity Market Down 5%,Hypothetical,-0.029073489939262204
2020-05-21,-0.0101702381800196,Equity Market Down 5%,Hypothetical,-0.060170238180019604
2020-05-22,0.0055293780322215,Equity Market Down 5%,Hypothetical,-0.044470621967778505
2020-05-26,0.0004777192857728,Equity Market Down 5%,Hypothetical,-0.0495222807142272
2020-05-27,0.0040587178170095,Equity Market Down 5%,Hypothetical,-0.045941282182990505
2020-05-28,-0.005934102486519,Equity Market Down 5%,Hypothetical,-0.055934102486519005
2020-05-29,0.0105467682464477,Equity Market Down 5%,Hypothetical,-0.0394532317535523
2020-06-01,0.0096983109291493,Equity Market Down 5%,Hypothetical,-0.0403016890708507
2020-06-02,0.0042581582008344,Equity Market Down 5%,Hypothetical,-0.0457418417991656
2020-06-03,0.0071672188632737,Equity Market Down 5%,Hypothetical,-0.042832781136726304
2020-06-04,-0.0073686088900682,Equity Market Down 5%,Hypothetical,-0.0573686088900682
2020-06-05,0.0271513187303961,Equity Market Down 5%,Hypothetical,-0.022848681269603904
2020-06-08,0.0091276196980514,Equity Market Down 5%,Hypothetical,-0.040872380301948605
2020-06-09,0.0119751471695313,Equity Market Down 5%,Hypothetical,-0.038024852830468706
2020-06-10,0.0148422430697424,Equity Market Down 5%,Hypothetical,-0.035157756930257605
2020-06-11,-0.0577179432565987,Equity Market Down 5%,Hypothetical,-0.1077179432565987
2020-06-12,0.0084371459018699,Equity Market Down 5%,Hypothetical,-0.041562854098130105
2020-06-15,0.0143211583053102,Equity Market Down 5%,Hypothetical,-0.0356788416946898
2020-06-16,0.0138658531368495,Equity Market Down 5%,Hypothetical,-0.0361341468631505
2020-06-17,0.0005615039077776,Equity Market Down 5%,Hypothetical,-0.0494384960922224
2020-06-18,0.0008702277749224,Equity Market Down 5%,Hypothetical,-0.049129772225077604
2020-06-19,-0.0027537255197329,Equity Market Down 5%,Hypothetical,-0.052753725519732904
2020-06-22,0.0161563010197748,Equity Market Down 5%,Hypothetical,-0.0338436989802252
2020-06-23,0.0101197579823384,Equity Market Down 5%,Hypothetical,-0.039880242017661605
2020-06-24,-0.024367583897438,Equity Market Down 5%,Hypothetical,-0.074367583897438
2020-06-25,0.0169396025879369,Equity Market Down 5%,Hypothetical,-0.033060397412063104
2020-06-26,-0.0372121118472727,Equity Market Down 5%,Hypothetical,-0.0872121118472727
2020-06-29,0.0142423832399971,Equity Market Down 5%,Hypothetical,-0.0357576167600029
2020-06-30,0.0218727965727681,Equity Market Down 5%,Hypothetical,-0.028127203427231903
2020-07-01,0.0094722313144647,Equity Market Down 5%,Hypothetical,-0.0405277686855353
2020-07-02,0.0085318172724531,Equity Market Down 5%,Hypothetical,-0.041468182727546904
2020-07-06,0.0309581751578015,Equity Market Down 5%,Hypothetical,-0.019041824842198504
2020-07-07,-0.0088308493023759,Equity Market Down 5%,Hypothetical,-0.05883084930237591
2020-07-08,0.0175059690094652,Equity Market Down 5%,Hypothetical,-0.0324940309905348
2020-07-09,0.0060850559661561,Equity Market Down 5%,Hypothetical,-0.043914944033843904
2020-07-10,0.0134516697667943,Equity Market Down 5%,Hypothetical,-0.0365483302332057
2020-07-13,-0.0166211174445236,Equity Market Down 5%,Hypothetical,-0.0666211174445236
2020-07-14,0.0133526527838648,Equity Market Down 5%,Hypothetical,-0.036647347216135204
2020-07-15,-0.0012522564609474,Equity Market Down 5%,Hypothetical,-0.0512522564609474
2020-07-16,-0.00823094601038,Equity Market Down 5%,Hypothetical,-0.05823094601038
2020-07-17,-0.0039311536614861,Equity Market Down 5%,Hypothetical,-0.053931153661486105
2020-07-20,0.0282959556058562,Equity Market Down 5%,Hypothetical,-0.021704044394143803
2020-07-21,-0.0079875848329581,Equity Market Down 5%,Hypothetical,-0.0579875848329581
2020-07-22,0.0023601165305062,Equity Market Down 5%,Hypothetical,-0.047639883469493806
2020-07-23,-0.0316506242120563,Equity Market Down 5%,Hypothetical,-0.0816506242120563
2020-07-24,-0.0053486889036618,Equity Market Down 5%,Hypothetical,-0.055348688903661805
2020-07-27,0.0165024958001995,Equity Market Down 5%,Hypothetical,-0.03349750419980051
2020-07-28,-0.0139332662761028,Equity Market Down 5%,Hypothetical,-0.0639332662761028
2020-07-29,0.0168449791363762,Equity Market Down 5%,Hypothetical,-0.033155020863623805
2020-07-30,0.000387773505273,Equity Market Down 5%,Hypothetical,-0.049612226494727005
2020-07-31,0.0224740838105252,Equity Market Down 5%,Hypothetical,-0.0275259161894748
2020-08-03,0.0179407550310666,Equity Market Down 5%,Hypothetical,-0.032059244968933406
2020-08-04,0.0028575355450355,Equity Market Down 5%,Hypothetical,-0.047142464454964506
2020-08-05,0.006983267014855,Equity Market Down 5%,Hypothetical,-0.043016732985145
2020-08-06,0.0155833915332158,Equity Market Down 5%,Hypothetical,-0.0344166084667842
2020-08-07,-0.009599368865657,Equity Market Down 5%,Hypothetical,-0.059599368865657004
2020-08-10,-0.0007185079801131,Equity Market Down 5%,Hypothetical,-0.050718507980113105
2020-08-11,-0.0169810025676834,Equity Market Down 5%,Hypothetical,-0.0669810025676834
2020-08-12,0.0301956564187234,Equity Market Down 5%,Hypothetical,-0.019804343581276602
2020-08-13,0.0042214797118306,Equity Market Down 5%,Hypothetical,-0.0457785202881694
2020-08-14,0.0018293068577993,Equity Market Down 5%,Hypothetical,-0.0481706931422007
2020-08-17,0.0135005126007539,Equity Market Down 5%,Hypothetical,-0.036499487399246106
2020-08-18,0.0075471738301874,Equity Market Down 5%,Hypothetical,-0.0424528261698126
2020-08-19,-0.0051943842134251,Equity Market Down 5%,Hypothetical,-0.0551943842134251
2020-08-20,0.0131079085595091,Equity Market Down 5%,Hypothetical,-0.0368920914404909
2020-08-21,0.0156012692121048,Equity Market Down 5%,Hypothetical,-0.0343987307878952
2020-08-24,0.0078917600262449,Equity Market Down 5%,Hypothetical,-0.0421082399737551
2020-08-25,0.0044168602870968,Equity Market Down 5%,Hypothetical,-0.0455831397129032
2020-08-26,0.0153701986731032,Equity Market Down 5%,Hypothetical,-0.0346298013268968
2020-08-27,0.0008625111226832,Equity Market Down 5%,Hypothetical,-0.0491374888773168
2020-08-28,0.0095057560262144,Equity Market Down 5%,Hypothetical,-0.04049424397378561
2020-08-31,0.0099109299825194,Equity Market Down 5%,Hypothetical,-0.040089070017480605
2020-09-01,0.0142188566501244,Equity Market Down 5%,Hypothetical,-0.0357811433498756
2020-09-02,0.0094299908500991,Equity Market Down 5%,Hypothetical,-0.0405700091499009
2020-09-03,-0.0585715881836838,Equity Market Down 5%,Hypothetical,-0.1085715881836838
2020-09-04,-0.010462690208665,Equity Market Down 5%,Hypothetical,-0.060462690208665
2020-09-08,-0.0585447974424062,Equity Market Down 5%,Hypothetical,-0.1085447974424062
2020-09-09,0.036158438074905,Equity Market Down 5%,Hypothetical,-0.013841561925095003
2020-09-10,-0.0238762423388497,Equity Market Down 5%,Hypothetical,-0.0738762423388497
2020-09-11,-0.0072800118226899,Equity Market Down 5%,Hypothetical,-0.0572800118226899
2020-09-14,0.0225728345496739,Equity Market Down 5%,Hypothetical,-0.027427165450326103
2020-09-15,0.0082737642468258,Equity Market Down 5%,Hypothetical,-0.041726235753174204
2020-09-16,-0.0184885344436794,Equity Market Down 5%,Hypothetical,-0.0684885344436794
2020-09-17,-0.0145673499781694,Equity Market Down 5%,Hypothetical,-0.0645673499781694
2020-09-18,-0.0147302128425503,Equity Market Down 5%,Hypothetical,-0.0647302128425503
2020-09-21,0.0046034233907576,Equity Market Down 5%,Hypothetical,-0.0453965766092424
2020-09-22,0.0109702769963497,Equity Market Down 5%,Hypothetical,-0.039029723003650305
2020-09-23,-0.0377747927620654,Equity Market Down 5%,Hypothetical,-0.0877747927620654
2020-09-24,0.0093079476491913,Equity Market Down 5%,Hypothetical,-0.0406920523508087
2020-09-25,0.0270924113847673,Equity Market Down 5%,Hypothetical,-0.0229075886152327
2020-09-28,0.0175997127289743,Equity Market Down 5%,Hypothetical,-0.0324002872710257
2020-09-29,-0.0027993595369976,Equity Market Down 5%,Hypothetical,-0.0527993595369976
2020-09-30,0.0121724767958214,Equity Market Down 5%,Hypothetical,-0.037827523204178606
2020-10-01,0.0101444438873403,Equity Market Down 5%,Hypothetical,-0.0398555561126597
2020-10-02,-0.0270561157727741,Equity Market Down 5%,Hypothetical,-0.0770561157727741
2020-10-05,0.0261699339999677,Equity Market Down 5%,Hypothetical,-0.023830066000032304
2020-10-06,-0.0180085377564139,Equity Market Down 5%,Hypothetical,-0.0680085377564139
2020-10-07,0.0167630423756256,Equity Market Down 5%,Hypothetical,-0.033236957624374404
2020-10-08,0.0061132457023014,Equity Market Down 5%,Hypothetical,-0.0438867542976986
2020-10-09,0.0116666494430646,Equity Market Down 5%,Hypothetical,-0.0383333505569354
2020-10-12,0.0337081632277755,Equity Market Down 5%,Hypothetical,-0.016291836772224504
2020-10-13,-0.0054280978860327,Equity Market Down 5%,Hypothetical,-0.0554280978860327
2020-10-14,-0.0067024873936852,Equity Market Down 5%,Hypothetical,-0.056702487393685205
2020-10-15,-0.0041766280635412,Equity Market Down 5%,Hypothetical,-0.054176628063541205
2020-10-16,-0.0068307767587273,Equity Market Down 5%,Hypothetical,-0.0568307767587273
2020-10-19,-0.0222913660934349,Equity Market Down 5%,Hypothetical,-0.0722913660934349
2020-10-20,0.0072154405108051,Equity Market Down 5%,Hypothetical,-0.04278455948919491
2020-10-21,-0.000874006196435,Equity Market Down 5%,Hypothetical,-0.050874006196435
2020-10-22,0.0040222822828565,Equity Market Down 5%,Hypothetical,-0.045977717717143506
2020-10-23,0.0059593560795814,Equity Market Down 5%,Hypothetical,-0.0440406439204186
2020-10-26,-0.0185637109488261,Equity Market Down 5%,Hypothetical,-0.0685637109488261
2020-10-27,0.0096920871373276,Equity Market Down 5%,Hypothetical,-0.04030791286267241
2020-10-28,-0.0473474996992285,Equity Market Down 5%,Hypothetical,-0.09734749969922851
2020-10-29,0.0230418432286829,Equity Market Down 5%,Hypothetical,-0.026958156771317104
2020-10-30,-0.026320283794383,Equity Market Down 5%,Hypothetical,-0.076320283794383
2020-11-02,0.0064091431479297,Equity Market Down 5%,Hypothetical,-0.0435908568520703
2020-11-03,0.021244720231136,Equity Market Down 5%,Hypothetical,-0.028755279768864002
2020-11-04,0.0409801983818748,Equity Market Down 5%,Hypothetical,-0.009019801618125205
2020-11-05,0.0261636698366535,Equity Market Down 5%,Hypothetical,-0.023836330163346502
2020-11-06,-0.0002922521146025,Equity Market Down 5%,Hypothetical,-0.050292252114602504
2020-11-09,-0.0072207686319368,Equity Market Down 5%,Hypothetical,-0.0572207686319368
2020-11-10,-0.0215829009676987,Equity Market Down 5%,Hypothetical,-0.0715829009676987
2020-11-11,0.0204066970841633,Equity Market Down 5%,Hypothetical,-0.029593302915836703
2020-11-12,-0.0054253735114787,Equity Market Down 5%,Hypothetical,-0.05542537351147871
2020-11-13,0.0032398456875806,Equity Market Down 5%,Hypothetical,-0.0467601543124194
2020-11-16,0.0109069250962342,Equity Market Down 5%,Hypothetical,-0.039093074903765804
2020-11-17,-0.0028218466562008,Equity Market Down 5%,Hypothetical,-0.0528218466562008
2020-11-18,-0.0058339407046179,Equity Market Down 5%,Hypothetical,-0.055833940704617904
2020-11-19,0.0043853613312855,Equity Market Down 5%,Hypothetical,-0.0456146386687145
2020-11-20,-0.0128628758503335,Equity Market Down 5%,Hypothetical,-0.06286287585033351
2020-11-23,0.0028359537496316,Equity Market Down 5%,Hypothetical,-0.0471640462503684
2020-11-24,0.0181328393676056,Equity Market Down 5%,Hypothetical,-0.031867160632394406
2020-11-25,0.0053289131550317,Equity Market Down 5%,Hypothetical,-0.0446710868449683
2020-11-27,0.0045164608886291,Equity Market Down 5%,Hypothetical,-0.0454835391113709
2020-11-30,-0.0051450499616769,Equity Market Down 5%,Hypothetical,-0.055145049961676906
2020-12-01,0.0173265056918828,Equity Market Down 5%,Hypothetical,-0.0326734943081172
2020-12-02,0.0062939399374098,Equity Market Down 5%,Hypothetical,-0.0437060600625902
2020-12-03,-0.0023657824399249,Equity Market Down 5%,Hypothetical,-0.0523657824399249
2020-12-04,0.0032518294477417,Equity Market Down 5%,Hypothetical,-0.0467481705522583
2020-12-07,0.0052833540510485,Equity Market Down 5%,Hypothetical,-0.0447166459489515
2020-12-08,0.0016079381126854,Equity Market Down 5%,Hypothetical,-0.048392061887314604
2020-12-09,-0.0213748266318285,Equity Market Down 5%,Hypothetical,-0.07137482663182851
2020-12-10,0.0030336055766532,Equity Market Down 5%,Hypothetical,-0.046966394423346804
2020-12-11,-0.0012961437377509,Equity Market Down 5%,Hypothetical,-0.051296143737750904
2020-12-14,0.002479195302054,Equity Market Down 5%,Hypothetical,-0.047520804697946006
2020-12-15,0.0139774507898185,Equity Market Down 5%,Hypothetical,-0.036022549210181505
2020-12-16,0.0044616473729432,Equity Market Down 5%,Hypothetical,-0.0455383526270568
2020-12-17,0.0031264072487955,Equity Market Down 5%,Hypothetical,-0.0468735927512045
2020-12-18,-0.0050430342194507,Equity Market Down 5%,Hypothetical,-0.055043034219450705
2020-12-21,0.0048944619662262,Equity Market Down 5%,Hypothetical,-0.045105538033773804
2020-12-22,0.0007520066584987,Equity Market Down 5%,Hypothetical,-0.0492479933415013
2020-12-23,-0.0022318987876566,Equity Market Down 5%,Hypothetical,-0.052231898787656605
2020-12-24,0.0033760338038929,Equity Market Down 5%,Hypothetical,-0.046623966196107106
2020-12-28,0.0166232438682762,Equity Market Down 5%,Hypothetical,-0.033376756131723806
2020-12-29,-0.0029802474716436,Equity Market Down 5%,Hypothetical,-0.0529802474716436
2020-12-30,-0.0018135689909089,Equity Market Down 5%,Hypothetical,-0.0518135689909089
2020-12-31,0.0006981545534938,Equity Market Down 5%,Hypothetical,-0.049301845446506204
2021-01-04,-0.0111441926635346,Equity Market Down 5%,Hypothetical,-0.0611441926635346
2021-01-05,0.0106554394416097,Equity Market Down 5%,Hypothetical,-0.03934456055839031
2021-01-06,-0.0155460789987512,Equity Market Down 5%,Hypothetical,-0.0655460789987512
2021-01-07,0.0323109404342893,Equity Market Down 5%,Hypothetical,-0.0176890595657107
2021-01-08,0.0078288876861253,Equity Market Down 5%,Hypothetical,-0.0421711123138747
2021-01-11,-0.0103408795836165,Equity Market Down 5%,Hypothetical,-0.0603408795836165
2021-01-12,-0.0010775167495958,Equity Market Down 5%,Hypothetical,-0.051077516749595805
2021-01-13,0.0074465162325404,Equity Market Down 5%,Hypothetical,-0.0425534837674596
2021-01-14,-0.0111512000256056,Equity Market Down 5%,Hypothetical,-0.061151200025605604
2021-01-15,-0.0120249857270766,Equity Market Down 5%,Hypothetical,-0.062024985727076605
2021-01-19,0.0130981453180764,Equity Market Down 5%,Hypothetical,-0.0369018546819236
2021-01-20,0.025954981395504,Equity Market Down 5%,Hypothetical,-0.024045018604496003
2021-01-21,0.0136616996780362,Equity Market Down 5%,Hypothetical,-0.03633830032196381
2021-01-22,1.9308800999248265e-06,Equity Market Down 5%,Hypothetical,-0.049998069119900075
2021-01-25,0.0081471209620667,Equity Market Down 5%,Hypothetical,-0.041852879037933305
2021-01-26,8.081499374491471e-05,Equity Market Down 5%,Hypothetical,-0.049919185006255085
2021-01-27,-0.0225042665491913,Equity Market Down 5%,Hypothetical,-0.0725042665491913
2021-01-28,0.0005430918759709,Equity Market Down 5%,Hypothetical,-0.0494569081240291
2021-01-29,-0.0221364075620553,Equity Market Down 5%,Hypothetical,-0.0721364075620553
2021-02-01,0.0231340075529865,Equity Market Down 5%,Hypothetical,-0.026865992447013504
2021-02-02,0.0146287174106725,Equity Market Down 5%,Hypothetical,-0.0353712825893275
2021-02-03,0.0071421971278177,Equity Market Down 5%,Hypothetical,-0.0428578028721823
2021-02-04,0.0078855941216992,Equity Market Down 5%,Hypothetical,-0.0421144058783008
2021-02-05,0.0021734329179066,Equity Market Down 5%,Hypothetical,-0.0478265670820934
2021-02-08,0.0123829122622737,Equity Market Down 5%,Hypothetical,-0.037617087737726304
2021-02-09,-0.0037917691217362,Equity Market Down 5%,Hypothetical,-0.0537917691217362
2021-02-10,0.002508384572792,Equity Market Down 5%,Hypothetical,-0.047491615427208006
2021-02-11,0.0034217536070991,Equity Market Down 5%,Hypothetical,-0.0465782463929009
2021-02-12,0.0002164678260948,Equity Market Down 5%,Hypothetical,-0.0497835321739052
2021-02-16,0.0028025845952641,Equity Market Down 5%,Hypothetical,-0.047197415404735904
2021-02-17,-0.0040613593321998,Equity Market Down 5%,Hypothetical,-0.054061359332199806
2021-02-18,-0.0044467469812324,Equity Market Down 5%,Hypothetical,-0.054446746981232405
2021-02-19,-0.004166276598482,Equity Market Down 5%,Hypothetical,-0.054166276598482
2021-02-22,-0.0212847687244261,Equity Market Down 5%,Hypothetical,-0.0712847687244261
2021-02-23,-0.0008378892926838,Equity Market Down 5%,Hypothetical,-0.050837889292683805
2021-02-24,0.0101251841486949,Equity Market Down 5%,Hypothetical,-0.039874815851305104
2021-02-25,-0.0389086903680049,Equity Market Down 5%,Hypothetical,-0.0889086903680049
2021-02-26,0.0052607938675587,Equity Market Down 5%,Hypothetical,-0.044739206132441305
2021-03-01,0.0277411123532061,Equity Market Down 5%,Hypothetical,-0.0222588876467939
2021-03-02,-0.0169058194014747,Equity Market Down 5%,Hypothetical,-0.0669058194014747
2021-03-03,-0.0226110007354685,Equity Market Down 5%,Hypothetical,-0.0726110007354685
2021-03-04,-0.0102821032310823,Equity Market Down 5%,Hypothetical,-0.0602821032310823
2021-03-05,0.013635025230945,Equity Market Down 5%,Hypothetical,-0.036364974769055
2021-03-08,-0.0311236053331435,Equity Market Down 5%,Hypothetical,-0.0811236053331435
2021-03-09,0.038767281020769,Equity Market Down 5%,Hypothetical,-0.011232718979231004
2021-03-10,-0.0009628209655031,Equity Market Down 5%,Hypothetical,-0.0509628209655031
2021-03-11,0.0209715407015242,Equity Market Down 5%,Hypothetical,-0.029028459298475803
2021-03-12,-0.0063432474823132,Equity Market Down 5%,Hypothetical,-0.0563432474823132
2021-03-15,0.0079649730140773,Equity Market Down 5%,Hypothetical,-0.0420350269859227
2021-03-16,0.0038423838890491,Equity Market Down 5%,Hypothetical,-0.0461576161109509
2021-03-17,0.0037235219168583,Equity Market Down 5%,Hypothetical,-0.046276478083141705
2021-03-18,-0.0282739726216031,Equity Market Down 5%,Hypothetical,-0.0782739726216031
2021-03-19,0.0028733131145857,Equity Market Down 5%,Hypothetical,-0.047126686885414305
2021-03-22,0.0131497139056308,Equity Market Down 5%,Hypothetical,-0.0368502860943692
2021-03-23,-0.0028096995439008,Equity Market Down 5%,Hypothetical,-0.0528096995439008
2021-03-24,-0.0143161443012536,Equity Market Down 5%,Hypothetical,-0.0643161443012536
2021-03-25,-0.002400744751552,Equity Market Down 5%,Hypothetical,-0.052400744751552
2021-03-26,0.0098331952486573,Equity Market Down 5%,Hypothetical,-0.040166804751342704
2021-03-29,0.0018467017181016,Equity Market Down 5%,Hypothetical,-0.048153298281898405
2021-03-30,-0.004886744010543,Equity Market Down 5%,Hypothetical,-0.054886744010543005
2021-03-31,0.0148975051289305,Equity Market Down 5%,Hypothetical,-0.035102494871069506
2021-04-01,0.0178852432962653,Equity Market Down 5%,Hypothetical,-0.032114756703734704
2021-04-05,0.0208425470081386,Equity Market Down 5%,Hypothetical,-0.029157452991861402
2021-04-06,-0.0041521528244085,Equity Market Down 5%,Hypothetical,-0.0541521528244085
2021-04-07,0.0114955998144262,Equity Market Down 5%,Hypothetical,-0.0385044001855738
2021-04-08,0.0091814868515578,Equity Market Down 5%,Hypothetical,-0.040818513148442204
2021-04-09,0.0110704923808626,Equity Market Down 5%,Hypothetical,-0.0389295076191374
2021-04-12,0.0057454213793449,Equity Market Down 5%,Hypothetical,-0.0442545786206551
2021-04-13,0.0145104300055418,Equity Market Down 5%,Hypothetical,-0.0354895699944582
2021-04-14,-0.0152013563618406,Equity Market Down 5%,Hypothetical,-0.0652013563618406
2021-04-15,0.0209723308540194,Equity Market Down 5%,Hypothetical,-0.0290276691459806
2021-04-16,-0.0010220415828438,Equity Market Down 5%,Hypothetical,-0.051022041582843805
2021-04-19,-0.0090418239050614,Equity Market Down 5%,Hypothetical,-0.0590418239050614
2021-04-20,-0.0083975227878752,Equity Market Down 5%,Hypothetical,-0.0583975227878752
2021-04-21,0.0078676620649871,Equity Market Down 5%,Hypothetical,-0.042132337935012906
2021-04-22,-0.0176892593983796,Equity Market Down 5%,Hypothetical,-0.06768925939837961
2021-04-23,0.0171347629216682,Equity Market Down 5%,Hypothetical,-0.032865237078331805
2021-04-26,0.0060543770452837,Equity Market Down 5%,Hypothetical,-0.0439456229547163
2021-04-27,-0.0030577037534094,Equity Market Down 5%,Hypothetical,-0.0530577037534094
2021-04-28,-0.0004376542664534,Equity Market Down 5%,Hypothetical,-0.0504376542664534
2021-04-29,0.0066588269998221,Equity Market Down 5%,Hypothetical,-0.0433411730001779
2021-04-30,-0.0091670730767055,Equity Market Down 5%,Hypothetical,-0.059167073076705504
2021-05-03,-0.0032912532063521,Equity Market Down 5%,Hypothetical,-0.053291253206352106
2021-05-04,-0.0175650661548265,Equity Market Down 5%,Hypothetical,-0.0675650661548265
2021-05-05,0.0019947971656393,Equity Market Down 5%,Hypothetical,-0.0480052028343607
2021-05-06,0.0102404327528975,Equity Market Down 5%,Hypothetical,-0.0397595672471025
2021-05-07,0.0077133673326773,Equity Market Down 5%,Hypothetical,-0.0422866326673227
2021-05-10,-0.0246847446364555,Equity Market Down 5%,Hypothetical,-0.0746847446364555
2021-05-11,-0.0068034696305063,Equity Market Down 5%,Hypothetical,-0.0568034696305063
2021-05-12,-0.024872188100387,Equity Market Down 5%,Hypothetical,-0.07487218810038701
2021-05-13,0.0078326752604864,Equity Market Down 5%,Hypothetical,-0.0421673247395136
2021-05-14,0.023574368833975,Equity Market Down 5%,Hypothetical,-0.026425631166025004
2021-05-17,-0.0023297548676178,Equity Market Down 5%,Hypothetical,-0.0523297548676178
2021-05-18,-0.0109108172684742,Equity Market Down 5%,Hypothetical,-0.0609108172684742
2021-05-19,-0.0017370624445702,Equity Market Down 5%,Hypothetical,-0.0517370624445702
2021-05-20,0.0164005599185188,Equity Market Down 5%,Hypothetical,-0.033599440081481205
2021-05-21,-0.0011877850864472,Equity Market Down 5%,Hypothetical,-0.0511877850864472
2021-05-24,0.0207975756312967,Equity Market Down 5%,Hypothetical,-0.0292024243687033
2021-05-25,-0.0004902804424488,Equity Market Down 5%,Hypothetical,-0.050490280442448805
2021-05-26,0.0029541186036091,Equity Market Down 5%,Hypothetical,-0.047045881396390904
2021-05-27,-0.0047902586002051,Equity Market Down 5%,Hypothetical,-0.0547902586002051
2021-05-28,0.0044581145115684,Equity Market Down 5%,Hypothetical,-0.045541885488431605
2021-06-01,0.0013428405668011,Equity Market Down 5%,Hypothetical,-0.048657159433198906
2021-06-02,0.0046544078459739,Equity Market Down 5%,Hypothetical,-0.0453455921540261
2021-06-03,-0.0068434241050896,Equity Market Down 5%,Hypothetical,-0.0568434241050896
2021-06-04,0.0176548699453074,Equity Market Down 5%,Hypothetical,-0.032345130054692604
2021-06-07,0.0022403879508768,Equity Market Down 5%,Hypothetical,-0.047759612049123205
2021-06-08,0.0011980763393586,Equity Market Down 5%,Hypothetical,-0.0488019236606414
2021-06-09,-0.0005174888480515,Equity Market Down 5%,Hypothetical,-0.0505174888480515
2021-06-10,0.0041258657123055,Equity Market Down 5%,Hypothetical,-0.045874134287694504
2021-06-11,0.0042723024730148,Equity Market Down 5%,Hypothetical,-0.0457276975269852
2021-06-14,0.0093296466691764,Equity Market Down 5%,Hypothetical,-0.040670353330823604
2021-06-15,-0.0060791397156716,Equity Market Down 5%,Hypothetical,-0.056079139715671605
2021-06-16,0.0005585861606467,Equity Market Down 5%,Hypothetical,-0.049441413839353306
2021-06-17,0.0116394229329936,Equity Market Down 5%,Hypothetical,-0.0383605770670064
2021-06-18,-0.0096228353051814,Equity Market Down 5%,Hypothetical,-0.05962283530518141
2021-06-21,0.0081520487289025,Equity Market Down 5%,Hypothetical,-0.0418479512710975
2021-06-22,0.0118743214744103,Equity Market Down 5%,Hypothetical,-0.03812567852558971
2021-06-23,0.0039549140171309,Equity Market Down 5%,Hypothetical,-0.046045085982869105
2021-06-24,0.0039121060046508,Equity Market Down 5%,Hypothetical,-0.046087893995349204
2021-06-25,-0.0031280147917344,Equity Market Down 5%,Hypothetical,-0.0531280147917344
2021-06-28,0.01491476575925,Equity Market Down 5%,Hypothetical,-0.03508523424075
2021-06-29,0.002031453062336,Equity Market Down 5%,Hypothetical,-0.047968546937664
2021-06-30,0.0009700792418869,Equity Market Down 5%,Hypothetical,-0.049029920758113105
2021-07-01,0.0049838243077148,Equity Market Down 5%,Hypothetical,-0.0450161756922852
2021-07-02,0.0142291824179887,Equity Market Down 5%,Hypothetical,-0.035770817582011304
2021-07-06,0.0050519187337904,Equity Market Down 5%,Hypothetical,-0.044948081266209604
2021-07-07,0.0012126119340382,Equity Market Down 5%,Hypothetical,-0.0487873880659618
2021-07-08,-0.0091312743429873,Equity Market Down 5%,Hypothetical,-0.0591312743429873
2021-07-09,0.0093493235609769,Equity Market Down 5%,Hypothetical,-0.040650676439023106
2021-07-12,0.0077524344031416,Equity Market Down 5%,Hypothetical,-0.042247565596858404
2021-07-13,-0.0020752047575033,Equity Market Down 5%,Hypothetical,-0.0520752047575033
2021-07-14,-0.0003637718529822,Equity Market Down 5%,Hypothetical,-0.0503637718529822
2021-07-15,-0.0111071616937662,Equity Market Down 5%,Hypothetical,-0.061107161693766204
2021-07-16,-0.0158459049893334,Equity Market Down 5%,Hypothetical,-0.0658459049893334
2021-07-19,-0.0118241582202528,Equity Market Down 5%,Hypothetical,-0.061824158220252806
2021-07-20,0.0116497970601766,Equity Market Down 5%,Hypothetical,-0.0383502029398234
2021-07-21,0.0119078389761722,Equity Market Down 5%,Hypothetical,-0.0380921610238278
2021-07-22,0.0065305136183577,Equity Market Down 5%,Hypothetical,-0.0434694863816423
2021-07-23,0.0100749958023783,Equity Market Down 5%,Hypothetical,-0.039925004197621704
2021-07-26,0.00302460037158,Equity Market Down 5%,Hypothetical,-0.046975399628420005
2021-07-27,-0.0107078003823772,Equity Market Down 5%,Hypothetical,-0.060707800382377206
2021-07-28,0.0035929455377537,Equity Market Down 5%,Hypothetical,-0.0464070544622463
2021-07-29,0.0032614234448871,Equity Market Down 5%,Hypothetical,-0.046738576555112904
2021-07-30,-0.0119368286011627,Equity Market Down 5%,Hypothetical,-0.0619368286011627
2021-08-02,0.0026213998813739,Equity Market Down 5%,Hypothetical,-0.0473786001186261
2021-08-03,0.0081504489674711,Equity Market Down 5%,Hypothetical,-0.0418495510325289
2021-08-04,0.0006978027552952,Equity Market Down 5%,Hypothetical,-0.049302197244704804
2021-08-05,0.0069900596638734,Equity Market Down 5%,Hypothetical,-0.0430099403361266
2021-08-06,-0.0014450712781358,Equity Market Down 5%,Hypothetical,-0.0514450712781358
2021-08-09,-0.0008298638203634,Equity Market Down 5%,Hypothetical,-0.050829863820363405
2021-08-10,-0.0032008880060567,Equity Market Down 5%,Hypothetical,-0.053200888006056705
2021-08-11,-0.0018974783423065,Equity Market Down 5%,Hypothetical,-0.0518974783423065
2021-08-12,0.0096142954052659,Equity Market Down 5%,Hypothetical,-0.040385704594734104
2021-08-13,0.0026055990784754,Equity Market Down 5%,Hypothetical,-0.0473944009215246
2021-08-16,0.0001510081255074,Equity Market Down 5%,Hypothetical,-0.049848991874492606
2021-08-17,-0.0123424633598839,Equity Market Down 5%,Hypothetical,-0.0623424633598839
2021-08-18,-0.0127125198167003,Equity Market Down 5%,Hypothetical,-0.0627125198167003
2021-08-19,0.0068291127960265,Equity Market Down 5%,Hypothetical,-0.0431708872039735
2021-08-20,0.0165964500954588,Equity Market Down 5%,Hypothetical,-0.033403549904541203
2021-08-23,0.0193250364853512,Equity Market Down 5%,Hypothetical,-0.030674963514648802
2021-08-24,0.001074023521585,Equity Market Down 5%,Hypothetical,-0.048925976478415005
2021-08-25,0.0035250795561885,Equity Market Down 5%,Hypothetical,-0.046474920443811504
2021-08-26,-0.0052598729712899,Equity Market Down 5%,Hypothetical,-0.055259872971289904
2021-08-27,0.0122339985302048,Equity Market Down 5%,Hypothetical,-0.0377660014697952
2021-08-30,0.0109564575954493,Equity Market Down 5%,Hypothetical,-0.0390435424045507
2021-08-31,-0.0040004370650715,Equity Market Down 5%,Hypothetical,-0.0540004370650715
2021-09-01,0.0013700530908705,Equity Market Down 5%,Hypothetical,-0.0486299469091295
2021-09-02,0.0004677742098199,Equity Market Down 5%,Hypothetical,-0.0495322257901801
2021-09-03,0.0038622720561086,Equity Market Down 5%,Hypothetical,-0.046137727943891406
2021-09-07,0.0040939577071789,Equity Market Down 5%,Hypothetical,-0.0459060422928211
2021-09-08,-0.0062641762601312,Equity Market Down 5%,Hypothetical,-0.0562641762601312
2021-09-09,-0.0047148092290617,Equity Market Down 5%,Hypothetical,-0.0547148092290617
2021-09-10,-0.011333599984792,Equity Market Down 5%,Hypothetical,-0.061333599984792
2021-09-13,0.004226435676304,Equity Market Down 5%,Hypothetical,-0.045773564323696
2021-09-14,-0.0025804428587007,Equity Market Down 5%,Hypothetical,-0.052580442858700706
2021-09-15,0.0098030564019162,Equity Market Down 5%,Hypothetical,-0.040196943598083804
2021-09-16,-0.0017021734939762,Equity Market Down 5%,Hypothetical,-0.051702173493976204
2021-09-17,-0.0128200772568799,Equity Market Down 5%,Hypothetical,-0.06282007725687991
2021-09-20,-0.0257479321530816,Equity Market Down 5%,Hypothetical,-0.0757479321530816
2021-09-21,0.002544573964431,Equity Market Down 5%,Hypothetical,-0.047455426035569
2021-09-22,0.0137661121826511,Equity Market Down 5%,Hypothetical,-0.0362338878173489
2021-09-23,0.0126248735029512,Equity Market Down 5%,Hypothetical,-0.0373751264970488
2021-09-24,0.0021360566761943,Equity Market Down 5%,Hypothetical,-0.047863943323805704
2021-09-27,-0.0042117339093529,Equity Market Down 5%,Hypothetical,-0.054211733909352904
2021-09-28,-0.0272061606237109,Equity Market Down 5%,Hypothetical,-0.0772061606237109
2021-09-29,-0.0011201426496372,Equity Market Down 5%,Hypothetical,-0.051120142649637206
2021-09-30,-0.0064131528975232,Equity Market Down 5%,Hypothetical,-0.0564131528975232
2021-10-01,0.0122188013792445,Equity Market Down 5%,Hypothetical,-0.037781198620755505
2021-10-04,-0.0228955340117624,Equity Market Down 5%,Hypothetical,-0.07289553401176241
2021-10-05,0.0171934978254405,Equity Market Down 5%,Hypothetical,-0.03280650217455951
2021-10-06,0.0073400111727452,Equity Market Down 5%,Hypothetical,-0.0426599888272548
2021-10-07,0.0099221577505744,Equity Market Down 5%,Hypothetical,-0.0400778422494256
2021-10-08,-0.0009212356997229,Equity Market Down 5%,Hypothetical,-0.0509212356997229
2021-10-11,-0.0066910713352413,Equity Market Down 5%,Hypothetical,-0.0566910713352413
2021-10-12,-0.0050959626475217,Equity Market Down 5%,Hypothetical,-0.0550959626475217
2021-10-13,0.0024649484407763,Equity Market Down 5%,Hypothetical,-0.047535051559223704
2021-10-14,0.0213107530444878,Equity Market Down 5%,Hypothetical,-0.028689246955512202
2021-10-15,0.0106199851466378,Equity Market Down 5%,Hypothetical,-0.039380014853362205
2021-10-18,0.0111203753335496,Equity Market Down 5%,Hypothetical,-0.0388796246664504
2021-10-19,0.0064306556573288,Equity Market Down 5%,Hypothetical,-0.0435693443426712
2021-10-20,0.0001924997788039,Equity Market Down 5%,Hypothetical,-0.0498075002211961
2021-10-21,0.0074092708333263,Equity Market Down 5%,Hypothetical,-0.0425907291666737
2021-10-22,-0.0069120649733593,Equity Market Down 5%,Hypothetical,-0.0569120649733593
2021-10-25,0.0088624432563507,Equity Market Down 5%,Hypothetical,-0.0411375567436493
2021-10-26,0.0142727822411719,Equity Market Down 5%,Hypothetical,-0.0357272177588281
2021-10-27,0.0060848118550024,Equity Market Down 5%,Hypothetical,-0.043915188144997605
2021-10-28,0.0142409662026315,Equity Market Down 5%,Hypothetical,-0.0357590337973685
2021-10-29,0.0058219041703185,Equity Market Down 5%,Hypothetical,-0.044178095829681505
2021-11-01,-0.0001738796825433,Equity Market Down 5%,Hypothetical,-0.050173879682543304
2021-11-02,0.0053147469190865,Equity Market Down 5%,Hypothetical,-0.044685253080913506
2021-11-03,0.0085996257726069,Equity Market Down 5%,Hypothetical,-0.0414003742273931
2021-11-04,0.0215702249864113,Equity Market Down 5%,Hypothetical,-0.028429775013588704
2021-11-05,0.0025782350108223,Equity Market Down 5%,Hypothetical,-0.0474217649891777
2021-11-08,0.0028031576172629,Equity Market Down 5%,Hypothetical,-0.0471968423827371
2021-11-09,-0.0052526497684644,Equity Market Down 5%,Hypothetical,-0.055252649768464404
2021-11-10,-0.0174993970949307,Equity Market Down 5%,Hypothetical,-0.0674993970949307
2021-11-11,0.0045958280875087,Equity Market Down 5%,Hypothetical,-0.045404171912491305
2021-11-12,0.0081285609409913,Equity Market Down 5%,Hypothetical,-0.041871439059008704
2021-11-15,-0.0023213895420455,Equity Market Down 5%,Hypothetical,-0.0523213895420455
2021-11-16,0.0041950792402718,Equity Market Down 5%,Hypothetical,-0.0458049207597282
2021-11-17,-0.0009145316065743,Equity Market Down 5%,Hypothetical,-0.050914531606574304
2021-11-18,0.0224037354353862,Equity Market Down 5%,Hypothetical,-0.027596264564613802
2021-11-19,0.0071550855621381,Equity Market Down 5%,Hypothetical,-0.042844914437861904
2021-11-22,-0.0075028416478002,Equity Market Down 5%,Hypothetical,-0.0575028416478002
2021-11-23,0.0004766827656896,Equity Market Down 5%,Hypothetical,-0.0495233172343104
2021-11-24,0.0060231782986091,Equity Market Down 5%,Hypothetical,-0.0439768217013909
2021-11-26,-0.0292111196769653,Equity Market Down 5%,Hypothetical,-0.0792111196769653
2021-11-29,0.0244739159497292,Equity Market Down 5%,Hypothetical,-0.025526084050270802
2021-11-30,-0.009264770260685,Equity Market Down 5%,Hypothetical,-0.059264770260685
2021-12-01,-0.0141108624126236,Equity Market Down 5%,Hypothetical,-0.0641108624126236
2021-12-02,0.0059161206470564,Equity Market Down 5%,Hypothetical,-0.044083879352943604
2021-12-03,-0.0197617829839541,Equity Market Down 5%,Hypothetical,-0.06976178298395411
2021-12-06,0.0087910348383675,Equity Market Down 5%,Hypothetical,-0.0412089651616325
2021-12-07,0.0334019060864244,Equity Market Down 5%,Hypothetical,-0.016598093913575605
2021-12-08,0.0037724642193206,Equity Market Down 5%,Hypothetical,-0.0462275357806794
2021-12-09,-0.0121833017624969,Equity Market Down 5%,Hypothetical,-0.0621833017624969
2021-12-10,0.0084672993901198,Equity Market Down 5%,Hypothetical,-0.0415327006098802
2021-12-13,-0.0232149290676723,Equity Market Down 5%,Hypothetical,-0.0732149290676723
2021-12-14,-0.0069467119682968,Equity Market Down 5%,Hypothetical,-0.0569467119682968
2021-12-15,0.026160001369946,Equity Market Down 5%,Hypothetical,-0.023839998630054003
2021-12-16,-0.029082738105056,Equity Market Down 5%,Hypothetical,-0.079082738105056
2021-12-17,-0.0100201282676504,Equity Market Down 5%,Hypothetical,-0.0600201282676504
2021-12-20,-0.0116541763745708,Equity Market Down 5%,Hypothetical,-0.0616541763745708
2021-12-21,0.0239446334484909,Equity Market Down 5%,Hypothetical,-0.026055366551509102
2021-12-22,0.0143335839373102,Equity Market Down 5%,Hypothetical,-0.035666416062689804
2021-12-23,0.0070047131517745,Equity Market Down 5%,Hypothetical,-0.042995286848225504
2021-12-27,0.0188395695647687,Equity Market Down 5%,Hypothetical,-0.031160430435231302
2021-12-28,-0.0047397699887866,Equity Market Down 5%,Hypothetical,-0.0547397699887866
2021-12-29,-0.0028787478246672,Equity Market Down 5%,Hypothetical,-0.0528787478246672
2021-12-30,-0.0061952717509293,Equity Market Down 5%,Hypothetical,-0.0561952717509293
2021-12-31,-0.0068023276776083,Equity Market Down 5%,Hypothetical,-0.0568023276776083
2022-01-03,0.0207613445664578,Equity Market Down 5%,Hypothetical,-0.029238655433542204
2022-01-04,-0.0094737683871155,Equity Market Down 5%,Hypothetical,-0.0594737683871155
2022-01-05,-0.0327291527551604,Equity Market Down 5%,Hypothetical,-0.0827291527551604
2022-01-06,-0.0018584507101465,Equity Market Down 5%,Hypothetical,-0.051858450710146504
2022-01-07,-0.0074288524663657,Equity Market Down 5%,Hypothetical,-0.057428852466365705
2022-01-10,0.0029335356322822,Equity Market Down 5%,Hypothetical,-0.0470664643677178
2022-01-11,0.0129079079761018,Equity Market Down 5%,Hypothetical,-0.0370920920238982
2022-01-12,0.0068413651584712,Equity Market Down 5%,Hypothetical,-0.043158634841528806
2022-01-13,-0.02831070404377,Equity Market Down 5%,Hypothetical,-0.07831070404377
2022-01-14,0.0032773127596636,Equity Market Down 5%,Hypothetical,-0.0467226872403364
2022-01-18,-0.0252554263437805,Equity Market Down 5%,Hypothetical,-0.0752554263437805
2022-01-19,-0.0140134792213209,Equity Market Down 5%,Hypothetical,-0.0640134792213209
2022-01-20,-0.0140246185692436,Equity Market Down 5%,Hypothetical,-0.0640246185692436
2022-01-21,-0.026219441042826,Equity Market Down 5%,Hypothetical,-0.076219441042826
2022-01-24,0.0014752852378185,Equity Market Down 5%,Hypothetical,-0.0485247147621815
2022-01-25,-0.0195117837493789,Equity Market Down 5%,Hypothetical,-0.0695117837493789
2022-01-26,0.0087819591618464,Equity Market Down 5%,Hypothetical,-0.0412180408381536
2022-01-27,-0.0111350045362158,Equity Market Down 5%,Hypothetical,-0.0611350045362158
2022-01-28,0.033714819116112,Equity Market Down 5%,Hypothetical,-0.016285180883888
2022-01-31,0.031622660202805,Equity Market Down 5%,Hypothetical,-0.018377339797195004
2022-02-01,0.007432746081481,Equity Market Down 5%,Hypothetical,-0.042567253918519
2022-02-02,0.0136673399201208,Equity Market Down 5%,Hypothetical,-0.0363326600798792
2022-02-03,-0.0453505709986369,Equity Market Down 5%,Hypothetical,-0.0953505709986369
2022-02-04,0.0218169385922502,Equity Market Down 5%,Hypothetical,-0.0281830614077498
2022-02-07,-0.0060464621407886,Equity Market Down 5%,Hypothetical,-0.0560464621407886
2022-02-08,0.0113430220684998,Equity Market Down 5%,Hypothetical,-0.038656977931500205
2022-02-09,0.0193665210125436,Equity Market Down 5%,Hypothetical,-0.030633478987456404
2022-02-10,-0.0220164497709004,Equity Market Down 5%,Hypothetical,-0.07201644977090041
2022-02-11,-0.0313000751624707,Equity Market Down 5%,Hypothetical,-0.0813000751624707
2022-02-14,0.002766522538566,Equity Market Down 5%,Hypothetical,-0.047233477461434005
2022-02-15,0.0267383100778145,Equity Market Down 5%,Hypothetical,-0.023261689922185504
2022-02-16,0.0011051881019593,Equity Market Down 5%,Hypothetical,-0.0488948118980407
2022-02-17,-0.0347248799801527,Equity Market Down 5%,Hypothetical,-0.08472487998015271
2022-02-18,-0.0135347021347652,Equity Market Down 5%,Hypothetical,-0.0635347021347652
2022-02-22,-0.0117964810294798,Equity Market Down 5%,Hypothetical,-0.0617964810294798
2022-02-23,-0.0278817203765351,Equity Market Down 5%,Hypothetical,-0.0778817203765351
2022-02-24,0.0287028910369125,Equity Market Down 5%,Hypothetical,-0.021297108963087504
2022-02-25,0.0164856223223325,Equity Market Down 5%,Hypothetical,-0.0335143776776675
2022-02-28,0.0026386454083307,Equity Market Down 5%,Hypothetical,-0.047361354591669305
2022-03-01,-0.0177989931054461,Equity Market Down 5%,Hypothetical,-0.0677989931054461
2022-03-02,0.018262930362221,Equity Market Down 5%,Hypothetical,-0.031737069637779
2022-03-03,-0.0128688587408873,Equity Market Down 5%,Hypothetical,-0.0628688587408873
2022-03-04,-0.0154246276665214,Equity Market Down 5%,Hypothetical,-0.0654246276665214
2022-03-07,-0.0400444665846424,Equity Market Down 5%,Hypothetical,-0.09004446658464241
2022-03-08,-0.0031117909037398,Equity Market Down 5%,Hypothetical,-0.053111790903739804
2022-03-09,0.0373667587782881,Equity Market Down 5%,Hypothetical,-0.012633241221711902
2022-03-10,-0.0059610515343206,Equity Market Down 5%,Hypothetical,-0.0559610515343206
2022-03-11,-0.0222272102095393,Equity Market Down 5%,Hypothetical,-0.0722272102095393
2022-03-14,-0.0207126043984024,Equity Market Down 5%,Hypothetical,-0.0707126043984024
2022-03-15,0.0325741359266145,Equity Market Down 5%,Hypothetical,-0.017425864073385505
2022-03-16,0.0355011364801477,Equity Market Down 5%,Hypothetical,-0.0144988635198523
2022-03-17,0.0127351157912609,Equity Market Down 5%,Hypothetical,-0.0372648842087391
2022-03-18,0.0244819798286716,Equity Market Down 5%,Hypothetical,-0.025518020171328402
2022-03-21,0.0045014845275877,Equity Market Down 5%,Hypothetical,-0.0454985154724123
2022-03-22,0.0168466950683101,Equity Market Down 5%,Hypothetical,-0.0331533049316899
2022-03-23,-0.0097194352475914,Equity Market Down 5%,Hypothetical,-0.05971943524759141
2022-03-24,0.0272762677041258,Equity Market Down 5%,Hypothetical,-0.022723732295874204
2022-03-25,0.0010892583516551,Equity Market Down 5%,Hypothetical,-0.0489107416483449
2022-03-28,0.011746717664109,Equity Market Down 5%,Hypothetical,-0.038253282335891
2022-03-29,0.0107318789019072,Equity Market Down 5%,Hypothetical,-0.0392681210980928
2022-03-30,-0.008732872973944,Equity Market Down 5%,Hypothetical,-0.058732872973944
2022-03-31,-0.0193087543872157,Equity Market Down 5%,Hypothetical,-0.0693087543872157
2022-04-01,-0.0011612878363538,Equity Market Down 5%,Hypothetical,-0.051161287836353805
2022-04-04,0.020738577197762,Equity Market Down 5%,Hypothetical,-0.029261422802238004
2022-04-05,-0.0216331051545638,Equity Market Down 5%,Hypothetical,-0.07163310515456381
2022-04-06,-0.0281222641272422,Equity Market Down 5%,Hypothetical,-0.0781222641272422
2022-04-07,0.0004484365555417,Equity Market Down 5%,Hypothetical,-0.0495515634444583
2022-04-08,-0.0135454146928623,Equity Market Down 5%,Hypothetical,-0.0635454146928623
2022-04-11,-0.0315249155856376,Equity Market Down 5%,Hypothetical,-0.0815249155856376
2022-04-12,-0.0037371139883452,Equity Market Down 5%,Hypothetical,-0.0537371139883452
2022-04-13,0.0154580362103208,Equity Market Down 5%,Hypothetical,-0.034541963789679206
2022-04-14,-0.0252382385731655,Equity Market Down 5%,Hypothetical,-0.0752382385731655
2022-04-18,0.0085023595765237,Equity Market Down 5%,Hypothetical,-0.041497640423476305
2022-04-19,0.0180494314635118,Equity Market Down 5%,Hypothetical,-0.0319505685364882
2022-04-20,-0.0140855726143315,Equity Market Down 5%,Hypothetical,-0.06408557261433151
2022-04-21,-0.0232778006765461,Equity Market Down 5%,Hypothetical,-0.0732778006765461
2022-04-22,-0.0281190232979241,Equity Market Down 5%,Hypothetical,-0.0781190232979241
2022-04-25,0.0109248681728967,Equity Market Down 5%,Hypothetical,-0.0390751318271033
2022-04-26,-0.0424440775811501,Equity Market Down 5%,Hypothetical,-0.0924440775811501
2022-04-27,-0.0021700410470477,Equity Market Down 5%,Hypothetical,-0.0521700410470477
2022-04-28,0.0430686189254035,Equity Market Down 5%,Hypothetical,-0.006931381074596503
2022-04-29,-0.0500974665022716,Equity Market Down 5%,Hypothetical,-0.10009746650227161
2022-05-02,0.0194497721764188,Equity Market Down 5%,Hypothetical,-0.030550227823581202
2022-05-03,0.0050099565316843,Equity Market Down 5%,Hypothetical,-0.0449900434683157
2022-05-04,0.034236632361463,Equity Market Down 5%,Hypothetical,-0.015763367638537
2022-05-05,-0.0546832573635133,Equity Market Down 5%,Hypothetical,-0.1046832573635133
2022-05-06,-0.0043434004515882,Equity Market Down 5%,Hypothetical,-0.054343400451588204
2022-05-09,-0.0487305699521406,Equity Market Down 5%,Hypothetical,-0.0987305699521406
2022-05-10,0.0124938208053944,Equity Market Down 5%,Hypothetical,-0.0375061791946056
2022-05-11,-0.0345319193654201,Equity Market Down 5%,Hypothetical,-0.0845319193654201
2022-05-12,-0.0122118382198827,Equity Market Down 5%,Hypothetical,-0.0622118382198827
2022-05-13,0.0392750265401092,Equity Market Down 5%,Hypothetical,-0.010724973459890805
2022-05-16,-0.0109347978024192,Equity Market Down 5%,Hypothetical,-0.0609347978024192
2022-05-17,0.0289386206131361,Equity Market Down 5%,Hypothetical,-0.021061379386863904
2022-05-18,-0.051495081288698,Equity Market Down 5%,Hypothetical,-0.101495081288698
2022-05-19,-0.0058228718767487,Equity Market Down 5%,Hypothetical,-0.055822871876748704
2022-05-20,-0.0073191149839819,Equity Market Down 5%,Hypothetical,-0.0573191149839819
2022-05-23,0.0259856158974381,Equity Market Down 5%,Hypothetical,-0.024014384102561903
2022-05-24,-0.0248950794978887,Equity Market Down 5%,Hypothetical,-0.0748950794978887
2022-05-25,0.0165347515694269,Equity Market Down 5%,Hypothetical,-0.03346524843057311
2022-05-26,0.0278291899650677,Equity Market Down 5%,Hypothetical,-0.022170810034932303
2022-05-27,0.0344603908807844,Equity Market Down 5%,Hypothetical,-0.015539609119215606
2022-05-31,0.0010480633719675,Equity Market Down 5%,Hypothetical,-0.0489519366280325
2022-06-01,-0.0051432297655685,Equity Market Down 5%,Hypothetical,-0.0551432297655685
2022-06-02,0.0273109774657989,Equity Market Down 5%,Hypothetical,-0.022689022534201103
2022-06-03,-0.030682872681295,Equity Market Down 5%,Hypothetical,-0.08068287268129501
2022-06-06,0.0065171365812104,Equity Market Down 5%,Hypothetical,-0.043482863418789604
2022-06-07,0.0092048200484612,Equity Market Down 5%,Hypothetical,-0.04079517995153881
2022-06-08,-0.0063124939238072,Equity Market Down 5%,Hypothetical,-0.0563124939238072
2022-06-09,-0.029055873356404,Equity Market Down 5%,Hypothetical,-0.079055873356404
2022-06-10,-0.0429802172395135,Equity Market Down 5%,Hypothetical,-0.0929802172395135
2022-06-13,-0.0504608416541878,Equity Market Down 5%,Hypothetical,-0.10046084165418781
2022-06-14,0.0021056446727648,Equity Market Down 5%,Hypothetical,-0.047894355327235204
2022-06-15,0.0278852498992351,Equity Market Down 5%,Hypothetical,-0.022114750100764902
2022-06-16,-0.0394549544541189,Equity Market Down 5%,Hypothetical,-0.08945495445411891
2022-06-17,0.0080343304091008,Equity Market Down 5%,Hypothetical,-0.0419656695908992
2022-06-21,0.0336327710169911,Equity Market Down 5%,Hypothetical,-0.0163672289830089
2022-06-22,-0.0050082766615917,Equity Market Down 5%,Hypothetical,-0.0550082766615917
2022-06-23,0.0093096660619743,Equity Market Down 5%,Hypothetical,-0.0406903339380257
2022-06-24,0.0356693295113454,Equity Market Down 5%,Hypothetical,-0.0143306704886546
2022-06-27,-0.0074547464333894,Equity Market Down 5%,Hypothetical,-0.0574547464333894
2022-06-28,-0.0317022163660229,Equity Market Down 5%,Hypothetical,-0.0817022163660229
2022-06-29,0.0002039614435644,Equity Market Down 5%,Hypothetical,-0.0497960385564356
2022-06-30,-0.0200769930178671,Equity Market Down 5%,Hypothetical,-0.0700769930178671
2022-07-01,0.0042507564924607,Equity Market Down 5%,Hypothetical,-0.045749243507539304
2022-07-05,0.0183136253949723,Equity Market Down 5%,Hypothetical,-0.0316863746050277
2022-07-06,0.0069549654557197,Equity Market Down 5%,Hypothetical,-0.043045034544280304
2022-07-07,0.0257443731154381,Equity Market Down 5%,Hypothetical,-0.024255626884561902
2022-07-08,0.001187548538922,Equity Market Down 5%,Hypothetical,-0.048812451461078
2022-07-11,-0.0253779885597301,Equity Market Down 5%,Hypothetical,-0.0753779885597301
2022-07-12,-0.010311971895108,Equity Market Down 5%,Hypothetical,-0.060311971895108
2022-07-13,-0.0026775699732027,Equity Market Down 5%,Hypothetical,-0.052677569973202706
2022-07-14,0.0003483216300531,Equity Market Down 5%,Hypothetical,-0.049651678369946904
2022-07-15,0.021851397558724,Equity Market Down 5%,Hypothetical,-0.028148602441276004
2022-07-18,-0.0049795219954022,Equity Market Down 5%,Hypothetical,-0.0549795219954022
2022-07-19,0.0331124803837735,Equity Market Down 5%,Hypothetical,-0.016887519616226504
2022-07-20,0.0167886518059614,Equity Market Down 5%,Hypothetical,-0.033211348194038606
2022-07-21,0.0131925170669825,Equity Market Down 5%,Hypothetical,-0.0368074829330175
2022-07-22,-0.0227932304662824,Equity Market Down 5%,Hypothetical,-0.0727932304662824
2022-07-25,-0.0050391321604677,Equity Market Down 5%,Hypothetical,-0.0550391321604677
2022-07-26,-0.0236318198097972,Equity Market Down 5%,Hypothetical,-0.0736318198097972
2022-07-27,0.0491452876069175,Equity Market Down 5%,Hypothetical,-0.0008547123930825046
2022-07-28,0.0079164556469887,Equity Market Down 5%,Hypothetical,-0.0420835443530113
2022-07-29,0.0270766177417299,Equity Market Down 5%,Hypothetical,-0.022923382258270102
2022-08-01,-0.0040057194660426,Equity Market Down 5%,Hypothetical,-0.0540057194660426
2022-08-02,-0.0047312411056716,Equity Market Down 5%,Hypothetical,-0.0547312411056716
2022-08-03,0.0246314866808943,Equity Market Down 5%,Hypothetical,-0.025368513319105702
2022-08-04,0.0018545528067664,Equity Market Down 5%,Hypothetical,-0.048145447193233604
2022-08-05,-0.0049386131368714,Equity Market Down 5%,Hypothetical,-0.0549386131368714
2022-08-08,-0.0123359092906726,Equity Market Down 5%,Hypothetical,-0.062335909290672606
2022-08-09,-0.006549923363381,Equity Market Down 5%,Hypothetical,-0.056549923363381
2022-08-10,0.031287410310607,Equity Market Down 5%,Hypothetical,-0.018712589689393003
2022-08-11,-0.0045906006419289,Equity Market Down 5%,Hypothetical,-0.0545906006419289
2022-08-12,0.0236704585863964,Equity Market Down 5%,Hypothetical,-0.026329541413603604
2022-08-15,0.0057869634831927,Equity Market Down 5%,Hypothetical,-0.0442130365168073
2022-08-16,-0.0012080767082031,Equity Market Down 5%,Hypothetical,-0.051208076708203105
2022-08-17,-0.0089521513144983,Equity Market Down 5%,Hypothetical,-0.058952151314498304
2022-08-18,0.0033175253108502,Equity Market Down 5%,Hypothetical,-0.0466824746891498
2022-08-19,-0.0234745479018342,Equity Market Down 5%,Hypothetical,-0.0734745479018342
2022-08-22,-0.0270787890207821,Equity Market Down 5%,Hypothetical,-0.0770787890207821
2022-08-23,0.0009330154485539,Equity Market Down 5%,Hypothetical,-0.049066984551446105
2022-08-24,0.0017180269459775,Equity Market Down 5%,Hypothetical,-0.0482819730540225
2022-08-25,0.0202249282084361,Equity Market Down 5%,Hypothetical,-0.0297750717915639
2022-08-26,-0.0471275037573748,Equity Market Down 5%,Hypothetical,-0.0971275037573748
2022-08-29,-0.0106781486536123,Equity Market Down 5%,Hypothetical,-0.060678148653612304
2022-08-30,-0.0133050122990247,Equity Market Down 5%,Hypothetical,-0.0633050122990247
2022-08-31,-0.0087483141602704,Equity Market Down 5%,Hypothetical,-0.058748314160270404
2022-09-01,-0.008174966255793,Equity Market Down 5%,Hypothetical,-0.058174966255793006
2022-09-02,-0.0137421833804,Equity Market Down 5%,Hypothetical,-0.0637421833804
2022-09-06,-0.0073580389371233,Equity Market Down 5%,Hypothetical,-0.0573580389371233
2022-09-07,0.0166346608669274,Equity Market Down 5%,Hypothetical,-0.0333653391330726
2022-09-08,0.0053396209890313,Equity Market Down 5%,Hypothetical,-0.044660379010968705
2022-09-09,0.0211092958963163,Equity Market Down 5%,Hypothetical,-0.028890704103683704
2022-09-12,0.0156981713709912,Equity Market Down 5%,Hypothetical,-0.0343018286290088
2022-09-13,-0.0622555488769908,Equity Market Down 5%,Hypothetical,-0.1122555488769908
2022-09-14,0.0057975180436013,Equity Market Down 5%,Hypothetical,-0.044202481956398705
2022-09-15,-0.0131866775560618,Equity Market Down 5%,Hypothetical,-0.0631866775560618
2022-09-16,-0.0046986724238912,Equity Market Down 5%,Hypothetical,-0.054698672423891204
2022-09-19,0.0107464073987435,Equity Market Down 5%,Hypothetical,-0.03925359260125651
2022-09-20,-0.0075689468383811,Equity Market Down 5%,Hypothetical,-0.0575689468383811
2022-09-21,-0.0176535972652257,Equity Market Down 5%,Hypothetical,-0.0676535972652257
2022-09-22,-0.0109827552326118,Equity Market Down 5%,Hypothetical,-0.060982755232611804
2022-09-23,-0.0181557709892364,Equity Market Down 5%,Hypothetical,-0.0681557709892364
2022-09-26,-0.0077887444542878,Equity Market Down 5%,Hypothetical,-0.057788744454287805
2022-09-27,0.0022395537614661,Equity Market Down 5%,Hypothetical,-0.047760446238533906
2022-09-28,0.0177143652417518,Equity Market Down 5%,Hypothetical,-0.03228563475824821
2022-09-29,-0.0316440251255709,Equity Market Down 5%,Hypothetical,-0.0816440251255709
2022-09-30,-0.0169966214865458,Equity Market Down 5%,Hypothetical,-0.06699662148654581
2022-10-03,0.0243654761202318,Equity Market Down 5%,Hypothetical,-0.025634523879768202
2022-10-04,0.0342255183436149,Equity Market Down 5%,Hypothetical,-0.015774481656385106
2022-10-05,-0.0003580211651843,Equity Market Down 5%,Hypothetical,-0.0503580211651843
2022-10-06,-0.006119755223218,Equity Market Down 5%,Hypothetical,-0.056119755223218
2022-10-07,-0.0447390002208914,Equity Market Down 5%,Hypothetical,-0.0947390002208914
2022-10-10,-0.0120320496671866,Equity Market Down 5%,Hypothetical,-0.0620320496671866
2022-10-11,-0.014400698849257,Equity Market Down 5%,Hypothetical,-0.064400698849257
2022-10-12,0.0007923539844312,Equity Market Down 5%,Hypothetical,-0.049207646015568804
2022-10-13,0.0294465531294287,Equity Market Down 5%,Hypothetical,-0.020553446870571302
2022-10-14,-0.0320759353674774,Equity Market Down 5%,Hypothetical,-0.0820759353674774
2022-10-17,0.0416662497650248,Equity Market Down 5%,Hypothetical,-0.0083337502349752
2022-10-18,0.0088953036867794,Equity Market Down 5%,Hypothetical,-0.041104696313220605
2022-10-19,-0.002446089859331,Equity Market Down 5%,Hypothetical,-0.052446089859331003
2022-10-20,-0.0028844303020489,Equity Market Down 5%,Hypothetical,-0.0528844303020489
2022-10-21,0.0253929301096069,Equity Market Down 5%,Hypothetical,-0.024607069890393102
2022-10-24,0.0098007044471893,Equity Market Down 5%,Hypothetical,-0.0401992955528107
2022-10-25,0.0213962189323049,Equity Market Down 5%,Hypothetical,-0.0286037810676951
2022-10-26,-0.034337678812204,Equity Market Down 5%,Hypothetical,-0.084337678812204
2022-10-27,-0.0265346045089939,Equity Market Down 5%,Hypothetical,-0.07653460450899391
2022-10-28,0.0299467050437509,Equity Market Down 5%,Hypothetical,-0.020053294956249103
2022-10-31,-0.0151226863050187,Equity Market Down 5%,Hypothetical,-0.0651226863050187
2022-11-01,-0.0129378441640295,Equity Market Down 5%,Hypothetical,-0.0629378441640295
2022-11-02,-0.0332569804244738,Equity Market Down 5%,Hypothetical,-0.0832569804244738
2022-11-03,-0.0176556399455472,Equity Market Down 5%,Hypothetical,-0.0676556399455472
2022-11-04,0.0200245213906595,Equity Market Down 5%,Hypothetical,-0.0299754786093405
2022-11-07,0.0106636004987493,Equity Market Down 5%,Hypothetical,-0.0393363995012507
2022-11-08,0.0037998774959025,Equity Market Down 5%,Hypothetical,-0.0462001225040975
2022-11-09,-0.0304473531684817,Equity Market Down 5%,Hypothetical,-0.0804473531684817
2022-11-10,0.0813236739778396,Equity Market Down 5%,Hypothetical,0.0313236739778396
2022-11-11,0.0200496699889122,Equity Market Down 5%,Hypothetical,-0.0299503300110878
2022-11-14,-0.0111222186150193,Equity Market Down 5%,Hypothetical,-0.061122218615019305
2022-11-15,0.0099638560870624,Equity Market Down 5%,Hypothetical,-0.040036143912937604
2022-11-16,-0.0130063216622707,Equity Market Down 5%,Hypothetical,-0.0630063216622707
2022-11-17,-0.0043351549386171,Equity Market Down 5%,Hypothetical,-0.054335154938617104
2022-11-18,-0.0024241432266287,Equity Market Down 5%,Hypothetical,-0.0524241432266287
2022-11-21,-0.015304602283324,Equity Market Down 5%,Hypothetical,-0.065304602283324
2022-11-22,0.0187439909862526,Equity Market Down 5%,Hypothetical,-0.03125600901374741
2022-11-23,0.0151650574796846,Equity Market Down 5%,Hypothetical,-0.0348349425203154
2022-11-25,-0.0077880384330531,Equity Market Down 5%,Hypothetical,-0.0577880384330531
2022-11-28,-0.0188245781160786,Equity Market Down 5%,Hypothetical,-0.0688245781160786
2022-11-29,-0.0082013923036459,Equity Market Down 5%,Hypothetical,-0.058201392303645905
2022-11-30,0.0514808618647645,Equity Market Down 5%,Hypothetical,0.001480861864764496
2022-12-01,-0.0007788866180378,Equity Market Down 5%,Hypothetical,-0.050778886618037804
2022-12-02,-0.00460321936425,Equity Market Down 5%,Hypothetical,-0.05460321936425
2022-12-05,-0.0192385366015178,Equity Market Down 5%,Hypothetical,-0.0692385366015178
2022-12-06,-0.0246597159284981,Equity Market Down 5%,Hypothetical,-0.0746597159284981
2022-12-07,-0.0054458114929862,Equity Market Down 5%,Hypothetical,-0.055445811492986205
2022-12-08,0.0168385499840302,Equity Market Down 5%,Hypothetical,-0.033161450015969804
2022-12-09,-0.0056468063604848,Equity Market Down 5%,Hypothetical,-0.0556468063604848
2022-12-12,0.0139184157606477,Equity Market Down 5%,Hypothetical,-0.0360815842393523
2022-12-13,0.0130183676067573,Equity Market Down 5%,Hypothetical,-0.0369816323932427
2022-12-14,-0.0094409571300658,Equity Market Down 5%,Hypothetical,-0.0594409571300658
2022-12-15,-0.0347341133289608,Equity Market Down 5%,Hypothetical,-0.0847341133289608
2022-12-16,-0.0126837585061861,Equity Market Down 5%,Hypothetical,-0.0626837585061861
2022-12-19,-0.0155954942784831,Equity Market Down 5%,Hypothetical,-0.0655954942784831
2022-12-20,-0.0020578345444969,Equity Market Down 5%,Hypothetical,-0.0520578345444969
2022-12-21,0.0161235871356938,Equity Market Down 5%,Hypothetical,-0.033876412864306205
2022-12-22,-0.0331604955355058,Equity Market Down 5%,Hypothetical,-0.08316049553550581
2022-12-23,0.0035446729013091,Equity Market Down 5%,Hypothetical,-0.0464553270986909
2022-12-27,-0.0251727070954663,Equity Market Down 5%,Hypothetical,-0.0751727070954663
2022-12-28,-0.0112764030061495,Equity Market Down 5%,Hypothetical,-0.061276403006149505
2022-12-29,0.0281817423643242,Equity Market Down 5%,Hypothetical,-0.021818257635675804
2022-12-30,0.0011767826509359,Equity Market Down 5%,Hypothetical,-0.048823217349064106
2023-01-03,-0.0145531315887666,Equity Market Down 5%,Hypothetical,-0.0645531315887666
2023-01-04,0.0010873289989031,Equity Market Down 5%,Hypothetical,-0.048912671001096905
2023-01-05,-0.0182293358843499,Equity Market Down 5%,Hypothetical,-0.0682293358843499
2023-01-06,0.0248333055262363,Equity Market Down 5%,Hypothetical,-0.025166694473763702
2023-01-09,0.0134120040577245,Equity Market Down 5%,Hypothetical,-0.036587995942275506
2023-01-10,0.0101591004996378,Equity Market Down 5%,Hypothetical,-0.0398408995003622
2023-01-11,0.0224456305483905,Equity Market Down 5%,Hypothetical,-0.027554369451609502
2023-01-12,0.0085894942172803,Equity Market Down 5%,Hypothetical,-0.0414105057827197
2023-01-13,0.0114470862696965,Equity Market Down 5%,Hypothetical,-0.038552913730303506
2023-01-17,0.0072419946592829,Equity Market Down 5%,Hypothetical,-0.0427580053407171
2023-01-18,-0.0144404486868404,Equity Market Down 5%,Hypothetical,-0.0644404486868404
2023-01-19,-0.007206789718774,Equity Market Down 5%,Hypothetical,-0.05720678971877401
2023-01-20,0.0322919251381106,Equity Market Down 5%,Hypothetical,-0.017708074861889404
2023-01-23,0.0255152442858641,Equity Market Down 5%,Hypothetical,-0.024484755714135904
2023-01-24,0.0007902074464253,Equity Market Down 5%,Hypothetical,-0.0492097925535747
2023-01-25,-0.0031415014061537,Equity Market Down 5%,Hypothetical,-0.0531415014061537
2023-01-26,0.0254101587767541,Equity Market Down 5%,Hypothetical,-0.024589841223245902
2023-01-27,0.0172650334926689,Equity Market Down 5%,Hypothetical,-0.0327349665073311
2023-01-30,-0.0272660036724507,Equity Market Down 5%,Hypothetical,-0.0772660036724507
2023-01-31,0.0178951214903674,Equity Market Down 5%,Hypothetical,-0.0321048785096326
2023-02-01,0.021143261180751,Equity Market Down 5%,Hypothetical,-0.028856738819249002
2023-02-02,0.0412463713838496,Equity Market Down 5%,Hypothetical,-0.008753628616150401
2023-02-03,-0.012764189422867,Equity Market Down 5%,Hypothetical,-0.062764189422867
2023-02-06,-0.0056465390965157,Equity Market Down 5%,Hypothetical,-0.0556465390965157
2023-02-07,0.0267274765080354,Equity Market Down 5%,Hypothetical,-0.023272523491964604
2023-02-08,-0.0153849357978685,Equity Market Down 5%,Hypothetical,-0.0653849357978685
2023-02-09,-0.0097400076319084,Equity Market Down 5%,Hypothetical,-0.059740007631908405
2023-02-10,-0.0085677865960785,Equity Market Down 5%,Hypothetical,-0.0585677865960785
2023-02-13,0.0158998320922007,Equity Market Down 5%,Hypothetical,-0.0341001679077993
2023-02-14,0.011017540602151,Equity Market Down 5%,Hypothetical,-0.038982459397849
2023-02-15,0.0046474308634371,Equity Market Down 5%,Hypothetical,-0.0453525691365629
2023-02-16,-0.0219715550780022,Equity Market Down 5%,Hypothetical,-0.07197155507800221
2023-02-17,-0.009133929535525,Equity Market Down 5%,Hypothetical,-0.059133929535525
2023-02-21,-0.0249040763206229,Equity Market Down 5%,Hypothetical,-0.0749040763206229
2023-02-22,0.000652614066101,Equity Market Down 5%,Hypothetical,-0.049347385933899
2023-02-23,0.0235797858622608,Equity Market Down 5%,Hypothetical,-0.026420214137739203
2023-02-24,-0.0153937885380365,Equity Market Down 5%,Hypothetical,-0.0653937885380365
2023-02-27,0.0077729137079789,Equity Market Down 5%,Hypothetical,-0.042227086292021106
2023-02-28,-0.0013769903281796,Equity Market Down 5%,Hypothetical,-0.051376990328179606
2023-03-01,-0.0113863143428014,Equity Market Down 5%,Hypothetical,-0.0613863143428014
2023-03-02,0.0062643549777197,Equity Market Down 5%,Hypothetical,-0.043735645022280306
2023-03-03,0.0250662443320441,Equity Market Down 5%,Hypothetical,-0.024933755667955904
2023-03-06,0.0017988340432225,Equity Market Down 5%,Hypothetical,-0.0482011659567775
2023-03-07,-0.0141412347204301,Equity Market Down 5%,Hypothetical,-0.0641412347204301
2023-03-08,0.004760050381192,Equity Market Down 5%,Hypothetical,-0.045239949618808006
2023-03-09,-0.0223960520926524,Equity Market Down 5%,Hypothetical,-0.0723960520926524
2023-03-10,-0.0104686369833963,Equity Market Down 5%,Hypothetical,-0.0604686369833963
2023-03-13,0.006865501100635,Equity Market Down 5%,Hypothetical,-0.043134498899365006
2023-03-14,0.0282837453207631,Equity Market Down 5%,Hypothetical,-0.021716254679236904
2023-03-15,0.0007129213515437,Equity Market Down 5%,Hypothetical,-0.0492870786484563
2023-03-16,0.0309097525589518,Equity Market Down 5%,Hypothetical,-0.019090247441048203
2023-03-17,-0.0062180610526757,Equity Market Down 5%,Hypothetical,-0.056218061052675704
2023-03-20,0.003066795165465,Equity Market Down 5%,Hypothetical,-0.046933204834535
2023-03-21,0.021481423067533,Equity Market Down 5%,Hypothetical,-0.028518576932467003
2023-03-22,-0.0110115038884888,Equity Market Down 5%,Hypothetical,-0.061011503888488805
2023-03-23,0.0104623984018914,Equity Market Down 5%,Hypothetical,-0.0395376015981086
2023-03-24,-0.0006969254048782,Equity Market Down 5%,Hypothetical,-0.050696925404878204
2023-03-27,-0.0049670462007004,Equity Market Down 5%,Hypothetical,-0.054967046200700406
2023-03-28,-0.0056099982614992,Equity Market Down 5%,Hypothetical,-0.055609998261499205
2023-03-29,0.0161890657721768,Equity Market Down 5%,Hypothetical,-0.033810934227823206
2023-03-30,0.0085603788619894,Equity Market Down 5%,Hypothetical,-0.0414396211380106
2023-03-31,0.017060315952336,Equity Market Down 5%,Hypothetical,-0.032939684047664
2023-04-03,0.0038339766546922,Equity Market Down 5%,Hypothetical,-0.046166023345307804
2023-04-04,-0.0037128451420967,Equity Market Down 5%,Hypothetical,-0.053712845142096705
2023-04-05,-0.0099743723279168,Equity Market Down 5%,Hypothetical,-0.0599743723279168
2023-04-06,0.0107631907724378,Equity Market Down 5%,Hypothetical,-0.0392368092275622
2023-04-10,-0.0032443661032978,Equity Market Down 5%,Hypothetical,-0.0532443661032978
2023-04-11,-0.0086597076894243,Equity Market Down 5%,Hypothetical,-0.0586597076894243
2023-04-12,-0.0087940669364073,Equity Market Down 5%,Hypothetical,-0.058794066936407305
2023-04-13,0.0210658395415615,Equity Market Down 5%,Hypothetical,-0.028934160458438503
2023-04-14,0.006775780865726,Equity Market Down 5%,Hypothetical,-0.043224219134274
2023-04-17,-0.0001793434221133,Equity Market Down 5%,Hypothetical,-0.050179343422113304
2023-04-18,0.0041353828781353,Equity Market Down 5%,Hypothetical,-0.0458646171218647
2023-04-19,0.0008286075559954,Equity Market Down 5%,Hypothetical,-0.049171392444004605
2023-04-20,-0.01261630878475,Equity Market Down 5%,Hypothetical,-0.06261630878475
2023-04-21,0.0012247631945401,Equity Market Down 5%,Hypothetical,-0.0487752368054599
2023-04-24,-0.0015334242627365,Equity Market Down 5%,Hypothetical,-0.0515334242627365
2023-04-25,-0.0197722141746142,Equity Market Down 5%,Hypothetical,-0.06977221417461421
2023-04-26,0.0117703169372738,Equity Market Down 5%,Hypothetical,-0.0382296830627262
2023-04-27,0.0312778108989604,Equity Market Down 5%,Hypothetical,-0.0187221891010396
2023-04-28,0.0045632180614645,Equity Market Down 5%,Hypothetical,-0.0454367819385355
2023-05-01,0.0025419176045793,Equity Market Down 5%,Hypothetical,-0.0474580823954207
2023-05-02,-0.0104088594945027,Equity Market Down 5%,Hypothetical,-0.060408859494502705
2023-05-03,-0.0077818857924303,Equity Market Down 5%,Hypothetical,-0.0577818857924303
2023-05-04,-0.0061888692534782,Equity Market Down 5%,Hypothetical,-0.0561888692534782
2023-05-05,0.0265025057273194,Equity Market Down 5%,Hypothetical,-0.023497494272680605
2023-05-08,0.0044985546027195,Equity Market Down 5%,Hypothetical,-0.0455014453972805
2023-05-09,-0.0069192320652753,Equity Market Down 5%,Hypothetical,-0.0569192320652753
2023-05-10,0.0127270217359067,Equity Market Down 5%,Hypothetical,-0.0372729782640933
2023-05-11,0.00382291439545,Equity Market Down 5%,Hypothetical,-0.04617708560455
2023-05-12,-0.0066402488012537,Equity Market Down 5%,Hypothetical,-0.056640248801253706
2023-05-15,0.0039300868340719,Equity Market Down 5%,Hypothetical,-0.0460699131659281
2023-05-16,0.0043438706343254,Equity Market Down 5%,Hypothetical,-0.045656129365674605
2023-05-17,0.0175316841820648,Equity Market Down 5%,Hypothetical,-0.0324683158179352
2023-05-18,0.0184195165447375,Equity Market Down 5%,Hypothetical,-0.0315804834552625
2023-05-19,-0.002987385119223,Equity Market Down 5%,Hypothetical,-0.052987385119223004
2023-05-22,0.0022422052456146,Equity Market Down 5%,Hypothetical,-0.0477577947543854
2023-05-23,-0.0118817683457555,Equity Market Down 5%,Hypothetical,-0.061881768345755504
2023-05-24,-0.0014249021604223,Equity Market Down 5%,Hypothetical,-0.0514249021604223
2023-05-25,0.0404416704554932,Equity Market Down 5%,Hypothetical,-0.009558329544506805
2023-05-26,0.0201245056972117,Equity Market Down 5%,Hypothetical,-0.029875494302788304
2023-05-30,0.0081862453855272,Equity Market Down 5%,Hypothetical,-0.0418137546144728
2023-05-31,-0.0119640126104762,Equity Market Down 5%,Hypothetical,-0.0619640126104762
2023-06-01,0.0199910264742844,Equity Market Down 5%,Hypothetical,-0.030008973525715604
2023-06-02,0.0078583034583712,Equity Market Down 5%,Hypothetical,-0.042141696541628804
2023-06-05,-0.0006943170341573,Equity Market Down 5%,Hypothetical,-0.050694317034157305
2023-06-06,-0.001049339796477,Equity Market Down 5%,Hypothetical,-0.051049339796477
2023-06-07,-0.0182484095546727,Equity Market Down 5%,Hypothetical,-0.0682484095546727
2023-06-08,0.0133219898186434,Equity Market Down 5%,Hypothetical,-0.0366780101813566
2023-06-09,0.0037891738311435,Equity Market Down 5%,Hypothetical,-0.0462108261688565
2023-06-12,0.0134687469279154,Equity Market Down 5%,Hypothetical,-0.0365312530720846
2023-06-13,0.0089363165416843,Equity Market Down 5%,Hypothetical,-0.0410636834583157
2023-06-14,0.0045074688365381,Equity Market Down 5%,Hypothetical,-0.0454925311634619
2023-06-15,0.0110987226718616,Equity Market Down 5%,Hypothetical,-0.0389012773281384
2023-06-16,-0.0063741603215663,Equity Market Down 5%,Hypothetical,-0.0563741603215663
2023-06-20,0.0046570778903026,Equity Market Down 5%,Hypothetical,-0.045342922109697405
2023-06-21,-0.0107274390919297,Equity Market Down 5%,Hypothetical,-0.0607274390919297
2023-06-22,0.0118322480857563,Equity Market Down 5%,Hypothetical,-0.0381677519142437
2023-06-23,-0.0086340265110034,Equity Market Down 5%,Hypothetical,-0.058634026511003405
2023-06-26,-0.0185733850385312,Equity Market Down 5%,Hypothetical,-0.0685733850385312
2023-06-27,0.0155254280573023,Equity Market Down 5%,Hypothetical,-0.03447457194269771
2023-06-28,0.0005349670849539,Equity Market Down 5%,Hypothetical,-0.0494650329150461
2023-06-29,0.0009679282148258,Equity Market Down 5%,Hypothetical,-0.0490320717851742
2023-06-30,0.018624034115708,Equity Market Down 5%,Hypothetical,-0.031375965884292006
2023-07-03,0.001539638640775,Equity Market Down 5%,Hypothetical,-0.048460361359225004
2023-07-05,0.0004925471826917,Equity Market Down 5%,Hypothetical,-0.049507452817308305
2023-07-06,-0.0063609844779415,Equity Market Down 5%,Hypothetical,-0.0563609844779415
2023-07-07,-0.001546789074693,Equity Market Down 5%,Hypothetical,-0.051546789074693004
2023-07-10,-0.0091966349729902,Equity Market Down 5%,Hypothetical,-0.0591966349729902
2023-07-11,0.0052874380313074,Equity Market Down 5%,Hypothetical,-0.0447125619686926
2023-07-12,0.0139250096973435,Equity Market Down 5%,Hypothetical,-0.036074990302656505
2023-07-13,0.0182462531703425,Equity Market Down 5%,Hypothetical,-0.0317537468296575
2023-07-14,0.0028411452332691,Equity Market Down 5%,Hypothetical,-0.0471588547667309
2023-07-17,0.0102921438164712,Equity Market Down 5%,Hypothetical,-0.0397078561835288
2023-07-18,0.0099294828111634,Equity Market Down 5%,Hypothetical,-0.0400705171888366
2023-07-19,8.633355069157488e-05,Equity Market Down 5%,Hypothetical,-0.049913666449308426
2023-07-20,-0.0221537250598653,Equity Market Down 5%,Hypothetical,-0.07215372505986531
2023-07-21,-0.0081592607603606,Equity Market Down 5%,Hypothetical,-0.058159260760360605
2023-07-24,0.0069668011532873,Equity Market Down 5%,Hypothetical,-0.0430331988467127
2023-07-25,0.0071172868345955,Equity Market Down 5%,Hypothetical,-0.042882713165404505
2023-07-26,-0.0001947004575502,Equity Market Down 5%,Hypothetical,-0.0501947004575502
2023-07-27,-0.0035684618194323,Equity Market Down 5%,Hypothetical,-0.053568461819432305
2023-07-28,0.0182889288115832,Equity Market Down 5%,Hypothetical,-0.0317110711884168
2023-07-31,0.0022700817627023,Equity Market Down 5%,Hypothetical,-0.047729918237297705
2023-08-01,-0.0052778538426947,Equity Market Down 5%,Hypothetical,-0.0552778538426947
2023-08-02,-0.0240629229435267,Equity Market Down 5%,Hypothetical,-0.0740629229435267
2023-08-03,0.0018885863544377,Equity Market Down 5%,Hypothetical,-0.048111413645562304
2023-08-04,-0.0028348733090635,Equity Market Down 5%,Hypothetical,-0.0528348733090635
2023-08-07,0.0061646725232565,Equity Market Down 5%,Hypothetical,-0.0438353274767435
2023-08-08,-0.0067881715558038,Equity Market Down 5%,Hypothetical,-0.056788171555803804
2023-08-09,-0.0172727817696062,Equity Market Down 5%,Hypothetical,-0.0672727817696062
2023-08-10,0.0010032983178643,Equity Market Down 5%,Hypothetical,-0.048996701682135706
2023-08-11,-0.005990994977864,Equity Market Down 5%,Hypothetical,-0.055990994977864
2023-08-14,0.0171474049974529,Equity Market Down 5%,Hypothetical,-0.0328525950025471
2023-08-15,-0.0123290025608743,Equity Market Down 5%,Hypothetical,-0.0623290025608743
2023-08-16,-0.0101327623265115,Equity Market Down 5%,Hypothetical,-0.060132762326511505
2023-08-17,-0.0090164866979535,Equity Market Down 5%,Hypothetical,-0.0590164866979535
2023-08-18,-0.00201432327127,Equity Market Down 5%,Hypothetical,-0.05201432327127
2023-08-21,0.0224314159521864,Equity Market Down 5%,Hypothetical,-0.027568584047813604
2023-08-22,-0.0050340107096526,Equity Market Down 5%,Hypothetical,-0.0550340107096526
2023-08-23,0.016439498772672,Equity Market Down 5%,Hypothetical,-0.033560501227328
2023-08-24,-0.0165001521346533,Equity Market Down 5%,Hypothetical,-0.0665001521346533
2023-08-25,0.0038526848227139,Equity Market Down 5%,Hypothetical,-0.046147315177286104
2023-08-28,0.0073713859453466,Equity Market Down 5%,Hypothetical,-0.0426286140546534
2023-08-29,0.0228812424456502,Equity Market Down 5%,Hypothetical,-0.027118757554349802
2023-08-30,0.0059345223360031,Equity Market Down 5%,Hypothetical,-0.044065477663996905
2023-08-31,0.0001222088775197,Equity Market Down 5%,Hypothetical,-0.0498777911224803
2023-09-01,-0.0019724118174885,Equity Market Down 5%,Hypothetical,-0.051972411817488504
2023-09-05,0.0043467487041241,Equity Market Down 5%,Hypothetical,-0.0456532512958759
2023-09-06,-0.0158183698526993,Equity Market Down 5%,Hypothetical,-0.0658183698526993
2023-09-07,-0.0079570645655655,Equity Market Down 5%,Hypothetical,-0.0579570645655655
2023-09-08,0.0014271712721017,Equity Market Down 5%,Hypothetical,-0.0485728287278983
2023-09-11,0.0115793074497766,Equity Market Down 5%,Hypothetical,-0.0384206925502234
2023-09-12,-0.0090188597998217,Equity Market Down 5%,Hypothetical,-0.0590188597998217
2023-09-13,0.0059841960792229,Equity Market Down 5%,Hypothetical,-0.0440158039207771
2023-09-14,0.0093033112842455,Equity Market Down 5%,Hypothetical,-0.040696688715754506
2023-09-15,-0.0167319678317588,Equity Market Down 5%,Hypothetical,-0.0667319678317588
2023-09-18,0.0025739164888473,Equity Market Down 5%,Hypothetical,-0.047426083511152704
2023-09-19,-0.0024740328118693,Equity Market Down 5%,Hypothetical,-0.052474032811869305
2023-09-20,-0.0183148567375694,Equity Market Down 5%,Hypothetical,-0.0683148567375694
2023-09-21,-0.0163529867657297,Equity Market Down 5%,Hypothetical,-0.0663529867657297
2023-09-22,-0.000347123392066,Equity Market Down 5%,Hypothetical,-0.050347123392066005
2023-09-25,0.0084037251980914,Equity Market Down 5%,Hypothetical,-0.041596274801908605
2023-09-26,-0.016824392820113,Equity Market Down 5%,Hypothetical,-0.066824392820113
2023-09-27,0.003090447982318,Equity Market Down 5%,Hypothetical,-0.046909552017682
2023-09-28,0.0080354683375428,Equity Market Down 5%,Hypothetical,-0.0419645316624572
2023-09-29,-0.0001505736987503,Equity Market Down 5%,Hypothetical,-0.050150573698750305
2023-10-02,0.0151555249261015,Equity Market Down 5%,Hypothetical,-0.034844475073898505
2023-10-03,-0.0180028927595438,Equity Market Down 5%,Hypothetical,-0.0680028927595438
2023-10-04,0.0121084023287746,Equity Market Down 5%,Hypothetical,-0.0378915976712254
2023-10-05,0.0023481853044019,Equity Market Down 5%,Hypothetical,-0.0476518146955981
2023-10-06,0.0168908487302331,Equity Market Down 5%,Hypothetical,-0.03310915126976691
2023-10-09,0.0040339695839013,Equity Market Down 5%,Hypothetical,-0.0459660304160987
2023-10-10,0.0025684780342485,Equity Market Down 5%,Hypothetical,-0.047431521965751504
2023-10-11,0.0095635500608415,Equity Market Down 5%,Hypothetical,-0.0404364499391585
2023-10-12,-0.0013259875157715,Equity Market Down 5%,Hypothetical,-0.051325987515771505
2023-10-13,-0.0101907257569197,Equity Market Down 5%,Hypothetical,-0.0601907257569197
2023-10-16,0.0089038547387375,Equity Market Down 5%,Hypothetical,-0.041096145261262505
2023-10-17,-0.0086585435467637,Equity Market Down 5%,Hypothetical,-0.058658543546763704
2023-10-18,-0.0162842322338407,Equity Market Down 5%,Hypothetical,-0.0662842322338407
2023-10-19,-0.0065149078118451,Equity Market Down 5%,Hypothetical,-0.0565149078118451
2023-10-20,-0.0172421231916958,Equity Market Down 5%,Hypothetical,-0.0672421231916958
2023-10-23,0.0070130830413749,Equity Market Down 5%,Hypothetical,-0.0429869169586251
2023-10-24,0.0074512199006661,Equity Market Down 5%,Hypothetical,-0.042548780099333904
2023-10-25,-0.0235758918320672,Equity Market Down 5%,Hypothetical,-0.0735758918320672
2023-10-26,-0.0240964567744701,Equity Market Down 5%,Hypothetical,-0.0740964567744701
2023-10-27,0.0064524023292117,Equity Market Down 5%,Hypothetical,-0.0435475976707883
2023-10-30,0.0143821130584239,Equity Market Down 5%,Hypothetical,-0.0356178869415761
2023-10-31,0.0018422534552676,Equity Market Down 5%,Hypothetical,-0.0481577465447324
2023-11-01,0.0199239140424483,Equity Market Down 5%,Hypothetical,-0.030076085957551704
2023-11-02,0.0174761425064899,Equity Market Down 5%,Hypothetical,-0.032523857493510104
2023-11-03,0.0085320976067084,Equity Market Down 5%,Hypothetical,-0.0414679023932916
2023-11-06,0.0087815832191193,Equity Market Down 5%,Hypothetical,-0.0412184167808807
2023-11-07,0.0085688843899625,Equity Market Down 5%,Hypothetical,-0.041431115610037504
2023-11-08,0.0044130176591377,Equity Market Down 5%,Hypothetical,-0.0455869823408623
2023-11-09,-0.0053875471228786,Equity Market Down 5%,Hypothetical,-0.055387547122878605
2023-11-10,0.0209370838903674,Equity Market Down 5%,Hypothetical,-0.029062916109632603
2023-11-13,-0.0007822080600028,Equity Market Down 5%,Hypothetical,-0.050782208060002804
2023-11-14,0.0166862739052295,Equity Market Down 5%,Hypothetical,-0.0333137260947705
2023-11-15,-0.0017520261307908,Equity Market Down 5%,Hypothetical,-0.0517520261307908
2023-11-16,0.0066272268837922,Equity Market Down 5%,Hypothetical,-0.043372773116207804
2023-11-17,-0.000617094932109,Equity Market Down 5%,Hypothetical,-0.050617094932109
2023-11-20,0.0105651709079793,Equity Market Down 5%,Hypothetical,-0.0394348290920207
2023-11-21,-0.0040731576972196,Equity Market Down 5%,Hypothetical,-0.054073157697219605
2023-11-22,0.0015130920374324,Equity Market Down 5%,Hypothetical,-0.048486907962567605
2023-11-24,-0.005287103269368,Equity Market Down 5%,Hypothetical,-0.055287103269368004
2023-11-27,0.0009684891979448,Equity Market Down 5%,Hypothetical,-0.0490315108020552
2023-11-28,0.0037992578612952,Equity Market Down 5%,Hypothetical,-0.0462007421387048
2023-11-29,-0.006015171118052,Equity Market Down 5%,Hypothetical,-0.056015171118052
2023-11-30,-0.0043134756231504,Equity Market Down 5%,Hypothetical,-0.054313475623150406
2023-12-01,-0.000648814308179,Equity Market Down 5%,Hypothetical,-0.050648814308179003
2023-12-04,-0.0125024699462984,Equity Market Down 5%,Hypothetical,-0.0625024699462984
2023-12-05,0.0112880935073646,Equity Market Down 5%,Hypothetical,-0.0387119064926354
2023-12-06,-0.0102584927169126,Equity Market Down 5%,Hypothetical,-0.0602584927169126
2023-12-07,0.0151882671054686,Equity Market Down 5%,Hypothetical,-0.034811732894531405
2023-12-08,0.007624439519001,Equity Market Down 5%,Hypothetical,-0.042375560480999004
2023-12-11,-0.0110331196721451,Equity Market Down 5%,Hypothetical,-0.0610331196721451
2023-12-12,0.0076635491848096,Equity Market Down 5%,Hypothetical,-0.0423364508151904
2023-12-13,0.0072473666758497,Equity Market Down 5%,Hypothetical,-0.0427526333241503
2023-12-14,4.08865250424498e-05,Equity Market Down 5%,Hypothetical,-0.04995911347495755
2023-12-15,0.0061610693276965,Equity Market Down 5%,Hypothetical,-0.0438389306723035
2023-12-18,0.0094352807674188,Equity Market Down 5%,Hypothetical,-0.0405647192325812
2023-12-19,0.003910716927557,Equity Market Down 5%,Hypothetical,-0.046089283072443005
2023-12-20,-0.0125752326998167,Equity Market Down 5%,Hypothetical,-0.0625752326998167
2023-12-21,0.0096834853637684,Equity Market Down 5%,Hypothetical,-0.04031651463623161
2023-12-22,-0.0011160318219763,Equity Market Down 5%,Hypothetical,-0.051116031821976306
2023-12-26,0.0025288720580158,Equity Market Down 5%,Hypothetical,-0.0474711279419842
2023-12-27,0.0014055147287882,Equity Market Down 5%,Hypothetical,-0.0485944852712118
2023-12-28,-0.0003599138508204,Equity Market Down 5%,Hypothetical,-0.0503599138508204
2023-12-29,-0.0037355205820504,Equity Market Down 5%,Hypothetical,-0.0537355205820504
2024-01-02,-0.0135155231616794,Equity Market Down 5%,Hypothetical,-0.06351552316167941
2024-01-03,-0.0060079218879955,Equity Market Down 5%,Hypothetical,-0.056007921887995506
2024-01-04,-0.0059806644461466,Equity Market Down 5%,Hypothetical,-0.055980664446146605
2024-01-05,0.0029989672752758,Equity Market Down 5%,Hypothetical,-0.0470010327247242
2024-01-08,0.0223133291827073,Equity Market Down 5%,Hypothetical,-0.027686670817292702
2024-01-09,0.002959313177436,Equity Market Down 5%,Hypothetical,-0.047040686822564
2024-01-10,0.0109780214947135,Equity Market Down 5%,Hypothetical,-0.039021978505286506
2024-01-11,0.0003686944244987,Equity Market Down 5%,Hypothetical,-0.0496313055755013
2024-01-12,-0.0014468566145613,Equity Market Down 5%,Hypothetical,-0.051446856614561304
2024-01-16,-0.0010451754547748,Equity Market Down 5%,Hypothetical,-0.0510451754547748
2024-01-17,-0.0051176082432978,Equity Market Down 5%,Hypothetical,-0.055117608243297804
2024-01-18,0.0129357963693174,Equity Market Down 5%,Hypothetical,-0.0370642036306826
2024-01-19,0.0157995338858257,Equity Market Down 5%,Hypothetical,-0.03420046611417431
2024-01-22,0.0011051447060549,Equity Market Down 5%,Hypothetical,-0.048894855293945105
2024-01-23,0.0049644182613378,Equity Market Down 5%,Hypothetical,-0.045035581738662206
2024-01-24,0.0079399825839223,Equity Market Down 5%,Hypothetical,-0.042060017416077705
2024-01-25,-0.0016320177685409,Equity Market Down 5%,Hypothetical,-0.0516320177685409
2024-01-26,-0.0012010408517869,Equity Market Down 5%,Hypothetical,-0.0512010408517869
2024-01-29,0.0104744949401517,Equity Market Down 5%,Hypothetical,-0.0395255050598483
2024-01-30,-0.0035003520331377,Equity Market Down 5%,Hypothetical,-0.0535003520331377
2024-01-31,-0.0248936768276989,Equity Market Down 5%,Hypothetical,-0.0748936768276989
2024-02-01,0.0119237762724484,Equity Market Down 5%,Hypothetical,-0.0380762237275516
2024-02-02,0.0270330677166014,Equity Market Down 5%,Hypothetical,-0.022966932283398602
2024-02-05,0.002390765057519,Equity Market Down 5%,Hypothetical,-0.047609234942481
2024-02-06,0.000887163692892,Equity Market Down 5%,Hypothetical,-0.049112836307108006
2024-02-07,0.0124202145717373,Equity Market Down 5%,Hypothetical,-0.0375797854282627
2024-02-08,-0.0011423558347521,Equity Market Down 5%,Hypothetical,-0.0511423558347521
2024-02-09,0.0128951741078877,Equity Market Down 5%,Hypothetical,-0.0371048258921123
2024-02-12,-0.0059458828581844,Equity Market Down 5%,Hypothetical,-0.0559458828581844
2024-02-13,-0.0130175296618165,Equity Market Down 5%,Hypothetical,-0.06301752966181651
2024-02-14,0.0094871948224222,Equity Market Down 5%,Hypothetical,-0.0405128051775778
2024-02-15,0.0012677612036497,Equity Market Down 5%,Hypothetical,-0.0487322387963503
2024-02-16,-0.0061182338367728,Equity Market Down 5%,Hypothetical,-0.0561182338367728
2024-02-20,-0.0108605842868037,Equity Market Down 5%,Hypothetical,-0.0608605842868037
2024-02-21,-0.0001576705414712,Equity Market Down 5%,Hypothetical,-0.0501576705414712
2024-02-22,0.0372255933467808,Equity Market Down 5%,Hypothetical,-0.012774406653219203
2024-02-23,-0.0033020260847008,Equity Market Down 5%,Hypothetical,-0.053302026084700804
2024-02-26,-0.0053562053251772,Equity Market Down 5%,Hypothetical,-0.0553562053251772
2024-02-27,0.0005437732753944,Equity Market Down 5%,Hypothetical,-0.049456226724605604
2024-02-28,-0.0058572131648484,Equity Market Down 5%,Hypothetical,-0.0558572131648484
2024-02-29,0.0088850354265155,Equity Market Down 5%,Hypothetical,-0.0411149645734845
2024-03-01,0.0064286832197698,Equity Market Down 5%,Hypothetical,-0.043571316780230206
2024-03-04,-0.0080839271549256,Equity Market Down 5%,Hypothetical,-0.0580839271549256
2024-03-05,-0.0135908227719507,Equity Market Down 5%,Hypothetical,-0.0635908227719507
2024-03-06,0.002410768953105,Equity Market Down 5%,Hypothetical,-0.047589231046895004
2024-03-07,0.0154047182650933,Equity Market Down 5%,Hypothetical,-0.034595281734906703
2024-03-08,-0.0085983257220932,Equity Market Down 5%,Hypothetical,-0.058598325722093204
2024-03-11,-0.0015475817517243,Equity Market Down 5%,Hypothetical,-0.0515475817517243
2024-03-12,0.0195347428705791,Equity Market Down 5%,Hypothetical,-0.030465257129420904
2024-03-13,-0.0041122848418842,Equity Market Down 5%,Hypothetical,-0.054112284841884205
2024-03-14,0.0011212121989847,Equity Market Down 5%,Hypothetical,-0.0488787878010153
2024-03-15,-0.0066982549715267,Equity Market Down 5%,Hypothetical,-0.0566982549715267
2024-03-18,0.0128353363332475,Equity Market Down 5%,Hypothetical,-0.0371646636667525
2024-03-19,0.0069035332772772,Equity Market Down 5%,Hypothetical,-0.043096466722722805
2024-03-20,0.0118541265726178,Equity Market Down 5%,Hypothetical,-0.0381458734273822
2024-03-21,-0.0051549851037506,Equity Market Down 5%,Hypothetical,-0.0551549851037506
2024-03-22,0.0061791956621531,Equity Market Down 5%,Hypothetical,-0.0438208043378469
2024-03-25,-0.0035696123238305,Equity Market Down 5%,Hypothetical,-0.0535696123238305
2024-03-26,-0.0045900223621282,Equity Market Down 5%,Hypothetical,-0.054590022362128204
2024-03-27,0.0042272482862438,Equity Market Down 5%,Hypothetical,-0.0457727517137562
2024-03-28,-0.0027348032938285,Equity Market Down 5%,Hypothetical,-0.0527348032938285
2024-04-01,0.002543340488139,Equity Market Down 5%,Hypothetical,-0.047456659511861
2024-04-02,-0.0090955406886848,Equity Market Down 5%,Hypothetical,-0.059095540688684806
2024-04-03,0.0023201458812203,Equity Market Down 5%,Hypothetical,-0.0476798541187797
2024-04-04,-0.0112032216272167,Equity Market Down 5%,Hypothetical,-0.061203221627216704
2024-04-05,0.012694739611631,Equity Market Down 5%,Hypothetical,-0.037305260388369
2024-04-08,0.0002586114157328,Equity Market Down 5%,Hypothetical,-0.0497413885842672
2024-04-09,0.0012100245598324,Equity Market Down 5%,Hypothetical,-0.0487899754401676
2024-04-10,-0.0032036483942396,Equity Market Down 5%,Hypothetical,-0.053203648394239605
2024-04-11,0.0199018616433204,Equity Market Down 5%,Hypothetical,-0.030098138356679602
2024-04-12,-0.0167780561127566,Equity Market Down 5%,Hypothetical,-0.0667780561127566
2024-04-15,-0.0178823644363635,Equity Market Down 5%,Hypothetical,-0.0678823644363635
2024-04-16,-0.001984422338265,Equity Market Down 5%,Hypothetical,-0.051984422338265
2024-04-17,-0.0094265537519303,Equity Market Down 5%,Hypothetical,-0.0594265537519303
2024-04-18,-0.0025748177755892,Equity Market Down 5%,Hypothetical,-0.0525748177755892
2024-04-19,-0.0232549929447157,Equity Market Down 5%,Hypothetical,-0.0732549929447157
2024-04-22,0.0105362110970553,Equity Market Down 5%,Hypothetical,-0.039463788902944705
2024-04-23,0.0151589386362772,Equity Market Down 5%,Hypothetical,-0.0348410613637228
2024-04-24,0.0029230798997529,Equity Market Down 5%,Hypothetical,-0.047076920100247104
2024-04-25,-0.0031084048645696,Equity Market Down 5%,Hypothetical,-0.0531084048645696
2024-04-26,0.0225698917842307,Equity Market Down 5%,Hypothetical,-0.027430108215769303
2024-04-29,0.0066001227146419,Equity Market Down 5%,Hypothetical,-0.0433998772853581
2024-04-30,-0.0213799604186252,Equity Market Down 5%,Hypothetical,-0.07137996041862521
2024-05-01,-0.0028165531154753,Equity Market Down 5%,Hypothetical,-0.052816553115475305
2024-05-02,0.0163853834480058,Equity Market Down 5%,Hypothetical,-0.0336146165519942
2024-05-03,0.0219090292668233,Equity Market Down 5%,Hypothetical,-0.028090970733176703
2024-05-06,0.0118527792865278,Equity Market Down 5%,Hypothetical,-0.0381472207134722
2024-05-07,-0.0028505087644217,Equity Market Down 5%,Hypothetical,-0.052850508764421704
2024-05-08,0.0008905565334588,Equity Market Down 5%,Hypothetical,-0.049109443466541204
2024-05-09,0.0027899463268601,Equity Market Down 5%,Hypothetical,-0.0472100536731399
2024-05-10,-0.0003923641237339,Equity Market Down 5%,Hypothetical,-0.0503923641237339
2024-05-13,0.0037912174260788,Equity Market Down 5%,Hypothetical,-0.046208782573921206
2024-05-14,0.0087401435901174,Equity Market Down 5%,Hypothetical,-0.041259856409882605
2024-05-15,0.0120392488396969,Equity Market Down 5%,Hypothetical,-0.037960751160303105
2024-05-16,-0.0017511892942747,Equity Market Down 5%,Hypothetical,-0.051751189294274705
2024-05-17,0.0011991340595006,Equity Market Down 5%,Hypothetical,-0.0488008659404994
2024-05-20,-0.0001649036348927,Equity Market Down 5%,Hypothetical,-0.050164903634892705
2024-05-21,0.0089609524840501,Equity Market Down 5%,Hypothetical,-0.0410390475159499
2024-05-22,-0.005791700616357,Equity Market Down 5%,Hypothetical,-0.055791700616357
2024-05-23,0.0011043308736126,Equity Market Down 5%,Hypothetical,-0.0488956691263874
2024-05-24,0.0127644273308628,Equity Market Down 5%,Hypothetical,-0.0372355726691372
2024-05-28,0.0108221318051703,Equity Market Down 5%,Hypothetical,-0.0391778681948297
2024-05-29,-0.0031264631871813,Equity Market Down 5%,Hypothetical,-0.053126463187181304
2024-05-30,-0.0131286022065454,Equity Market Down 5%,Hypothetical,-0.0631286022065454
2024-05-31,0.0028311359064925,Equity Market Down 5%,Hypothetical,-0.047168864093507505
2024-06-03,0.0091071310696667,Equity Market Down 5%,Hypothetical,-0.0408928689303333
2024-06-04,0.0022377590427268,Equity Market Down 5%,Hypothetical,-0.0477622409572732
2024-06-05,0.014868739487336,Equity Market Down 5%,Hypothetical,-0.035131260512664006
2024-06-06,0.0005387112098091,Equity Market Down 5%,Hypothetical,-0.049461288790190905
2024-06-07,7.005089004068535e-05,Equity Market Down 5%,Hypothetical,-0.04992994910995932
2024-06-10,0.0009112772204547,Equity Market Down 5%,Hypothetical,-0.049088722779545305
2024-06-11,0.0122613860908647,Equity Market Down 5%,Hypothetical,-0.0377386139091353
2024-06-12,0.0139208254112169,Equity Market Down 5%,Hypothetical,-0.036079174588783104
2024-06-13,0.0054257030130454,Equity Market Down 5%,Hypothetical,-0.0445742969869546
2024-06-14,0.0005714043581531,Equity Market Down 5%,Hypothetical,-0.0494285956418469
2024-06-17,0.0078032197362456,Equity Market Down 5%,Hypothetical,-0.0421967802637544
2024-06-18,-0.0003606250086311,Equity Market Down 5%,Hypothetical,-0.0503606250086311
2024-06-20,-0.0059054941648677,Equity Market Down 5%,Hypothetical,-0.0559054941648677
2024-06-21,-0.0043209052806987,Equity Market Down 5%,Hypothetical,-0.0543209052806987
2024-06-24,-0.0087318269330308,Equity Market Down 5%,Hypothetical,-0.058731826933030806
2024-06-25,0.0164732668196513,Equity Market Down 5%,Hypothetical,-0.033526733180348704
2024-06-26,0.0107188679406582,Equity Market Down 5%,Hypothetical,-0.039281132059341806
2024-06-27,0.0033604372518041,Equity Market Down 5%,Hypothetical,-0.046639562748195904
2024-06-28,-0.0073710855082484,Equity Market Down 5%,Hypothetical,-0.057371085508248404
2024-07-01,0.015412608108359,Equity Market Down 5%,Hypothetical,-0.034587391891641006
2024-07-02,0.0116922672102227,Equity Market Down 5%,Hypothetical,-0.0383077327897773
2024-07-03,0.0100076618281626,Equity Market Down 5%,Hypothetical,-0.0399923381718374
2024-07-05,0.0090803041567242,Equity Market Down 5%,Hypothetical,-0.0409196958432758
2024-07-08,0.0015805162626439,Equity Market Down 5%,Hypothetical,-0.048419483737356106
2024-07-09,0.0050614467029317,Equity Market Down 5%,Hypothetical,-0.04493855329706831
2024-07-10,0.0132874341537109,Equity Market Down 5%,Hypothetical,-0.036712565846289104
2024-07-11,-0.0281799091377386,Equity Market Down 5%,Hypothetical,-0.0781799091377386
2024-07-12,0.0034087381072956,Equity Market Down 5%,Hypothetical,-0.046591261892704405
2024-07-15,0.0066906821405923,Equity Market Down 5%,Hypothetical,-0.043309317859407705
2024-07-16,0.000497961302264,Equity Market Down 5%,Hypothetical,-0.049502038697736006
2024-07-17,-0.0218293225909923,Equity Market Down 5%,Hypothetical,-0.0718293225909923
2024-07-18,-0.0073339553338206,Equity Market Down 5%,Hypothetical,-0.0573339553338206
2024-07-19,-0.0084450909166476,Equity Market Down 5%,Hypothetical,-0.0584450909166476
2024-07-22,0.0134577590381157,Equity Market Down 5%,Hypothetical,-0.036542240961884305
2024-07-23,0.0005495167309148,Equity Market Down 5%,Hypothetical,-0.0494504832690852
2024-07-24,-0.0392363492236725,Equity Market Down 5%,Hypothetical,-0.0892363492236725
2024-07-25,-0.0097912075185989,Equity Market Down 5%,Hypothetical,-0.0597912075185989
2024-07-26,0.00898602745694,Equity Market Down 5%,Hypothetical,-0.04101397254306
2024-07-29,0.0019724859022896,Equity Market Down 5%,Hypothetical,-0.0480275140977104
2024-07-30,-0.0107553222882292,Equity Market Down 5%,Hypothetical,-0.060755322288229205
2024-07-31,0.0253849747595572,Equity Market Down 5%,Hypothetical,-0.024615025240442803
2024-08-01,-0.0205342749729399,Equity Market Down 5%,Hypothetical,-0.0705342749729399
2024-08-02,-0.0221119250055937,Equity Market Down 5%,Hypothetical,-0.0721119250055937
2024-08-05,-0.0416652326076759,Equity Market Down 5%,Hypothetical,-0.0916652326076759
2024-08-06,0.0099318788090302,Equity Market Down 5%,Hypothetical,-0.0400681211909698
2024-08-07,-0.0072175514477899,Equity Market Down 5%,Hypothetical,-0.0572175514477899
2024-08-08,0.0242414070308319,Equity Market Down 5%,Hypothetical,-0.025758592969168104
2024-08-09,0.0070142299727447,Equity Market Down 5%,Hypothetical,-0.0429857700272553
2024-08-12,0.00680088151633,Equity Market Down 5%,Hypothetical,-0.04319911848367
2024-08-13,0.0236181430961688,Equity Market Down 5%,Hypothetical,-0.026381856903831203
2024-08-14,0.0017940458667453,Equity Market Down 5%,Hypothetical,-0.0482059541332547
2024-08-15,0.0202804857098672,Equity Market Down 5%,Hypothetical,-0.029719514290132802
2024-08-16,0.0033394682932746,Equity Market Down 5%,Hypothetical,-0.046660531706725406
2024-08-19,0.0128599155002304,Equity Market Down 5%,Hypothetical,-0.037140084499769604
2024-08-20,-0.0033970874997615,Equity Market Down 5%,Hypothetical,-0.053397087499761506
2024-08-21,0.0017997349008964,Equity Market Down 5%,Hypothetical,-0.048200265099103606
2024-08-22,-0.0156950174574042,Equity Market Down 5%,Hypothetical,-0.0656950174574042
2024-08-23,0.0146179450600478,Equity Market Down 5%,Hypothetical,-0.0353820549399522
2024-08-26,-0.0054737319703592,Equity Market Down 5%,Hypothetical,-0.0554737319703592
2024-08-27,-0.0003599418669241,Equity Market Down 5%,Hypothetical,-0.0503599418669241
2024-08-28,-0.0091283652484588,Equity Market Down 5%,Hypothetical,-0.059128365248458804
2024-08-29,-0.0043497325748041,Equity Market Down 5%,Hypothetical,-0.054349732574804105
2024-08-30,0.0107637125192373,Equity Market Down 5%,Hypothetical,-0.0392362874807627
2024-09-03,-0.0324664482999577,Equity Market Down 5%,Hypothetical,-0.0824664482999577
2024-09-04,-0.0051403143191134,Equity Market Down 5%,Hypothetical,-0.055140314319113405
2024-09-05,0.0065995378192259,Equity Market Down 5%,Hypothetical,-0.043400462180774105
2024-09-06,-0.0265326957555139,Equity Market Down 5%,Hypothetical,-0.0765326957555139
2024-09-09,0.0123448929498129,Equity Market Down 5%,Hypothetical,-0.037655107050187105
2024-09-10,0.0024283587541754,Equity Market Down 5%,Hypothetical,-0.0475716412458246
2024-09-11,0.0222753106195183,Equity Market Down 5%,Hypothetical,-0.027724689380481702
2024-09-12,0.009947273741322,Equity Market Down 5%,Hypothetical,-0.040052726258678006
2024-09-13,0.0018287571175353,Equity Market Down 5%,Hypothetical,-0.0481712428824647
2024-09-16,-0.0065524054424398,Equity Market Down 5%,Hypothetical,-0.0565524054424398
2024-09-17,0.0029618174034305,Equity Market Down 5%,Hypothetical,-0.0470381825965695
2024-09-18,-0.0011943412482,Equity Market Down 5%,Hypothetical,-0.0511943412482
2024-09-19,0.0263092872371257,Equity Market Down 5%,Hypothetical,-0.0236907127628743
2024-09-20,-0.0035429468565494,Equity Market Down 5%,Hypothetical,-0.0535429468565494
2024-09-23,0.0019242165310661,Equity Market Down 5%,Hypothetical,-0.0480757834689339
2024-09-24,0.0062743980121042,Equity Market Down 5%,Hypothetical,-0.0437256019878958
2024-09-25,0.0015770698346034,Equity Market Down 5%,Hypothetical,-0.0484229301653966
2024-09-26,-0.0003516986398003,Equity Market Down 5%,Hypothetical,-0.0503516986398003
2024-09-27,-0.0016318094911682,Equity Market Down 5%,Hypothetical,-0.051631809491168204
2024-09-30,0.0073291334039969,Equity Market Down 5%,Hypothetical,-0.0426708665960031
2024-10-01,-0.0159984746421391,Equity Market Down 5%,Hypothetical,-0.06599847464213911
2024-10-02,0.0001547301369599,Equity Market Down 5%,Hypothetical,-0.0498452698630401
2024-10-03,0.0008717434044831,Equity Market Down 5%,Hypothetical,-0.0491282565955169
2024-10-04,0.0138266154740945,Equity Market Down 5%,Hypothetical,-0.0361733845259055
2024-10-07,-0.0125854115557271,Equity Market Down 5%,Hypothetical,-0.0625854115557271
2024-10-08,0.0132365475101108,Equity Market Down 5%,Hypothetical,-0.0367634524898892
2024-10-09,0.0050090537382014,Equity Market Down 5%,Hypothetical,-0.0449909462617986
2024-10-10,0.0019925567744401,Equity Market Down 5%,Hypothetical,-0.0480074432255599
2024-10-11,0.0012148024209524,Equity Market Down 5%,Hypothetical,-0.048785197579047604
2024-10-14,0.00903144432922,Equity Market Down 5%,Hypothetical,-0.040968555670780005
2024-10-15,-0.0103721414985837,Equity Market Down 5%,Hypothetical,-0.060372141498583706
2024-10-16,0.0029036624689871,Equity Market Down 5%,Hypothetical,-0.0470963375310129
2024-10-17,0.0005142519840518,Equity Market Down 5%,Hypothetical,-0.049485748015948204
2024-10-18,0.0057145223785138,Equity Market Down 5%,Hypothetical,-0.0442854776214862
2024-10-21,0.006599045174483,Equity Market Down 5%,Hypothetical,-0.043400954825517
2024-10-22,0.0044350486554141,Equity Market Down 5%,Hypothetical,-0.0455649513445859
2024-10-23,-0.0173276621443322,Equity Market Down 5%,Hypothetical,-0.0673276621443322
2024-10-24,0.0120024724968391,Equity Market Down 5%,Hypothetical,-0.037997527503160905
2024-10-25,0.0066840241489888,Equity Market Down 5%,Hypothetical,-0.043315975851011206
2024-10-28,0.0016587878205878,Equity Market Down 5%,Hypothetical,-0.0483412121794122
2024-10-29,0.0045247155474557,Equity Market Down 5%,Hypothetical,-0.045475284452544305
2024-10-30,-0.0011603331639941,Equity Market Down 5%,Hypothetical,-0.051160333163994105
2024-10-31,-0.0301231662997555,Equity Market Down 5%,Hypothetical,-0.08012316629975551
2024-11-01,0.0075911703147499,Equity Market Down 5%,Hypothetical,-0.0424088296852501
2024-11-04,-0.0056401278838516,Equity Market Down 5%,Hypothetical,-0.0556401278838516
2024-11-05,0.0132872857124368,Equity Market Down 5%,Hypothetical,-0.0367127142875632
2024-11-06,0.037297309018733,Equity Market Down 5%,Hypothetical,-0.012702690981267
2024-11-07,0.0127080630735874,Equity Market Down 5%,Hypothetical,-0.037291936926412604
2024-11-08,6.440283292251001e-05,Equity Market Down 5%,Hypothetical,-0.049935597167077496
2024-11-11,-0.0007653757877838,Equity Market Down 5%,Hypothetical,-0.050765375787783805
2024-11-12,0.0027644180632819,Equity Market Down 5%,Hypothetical,-0.047235581936718105
2024-11-13,0.0006959020634902,Equity Market Down 5%,Hypothetical,-0.049304097936509805
2024-11-14,-0.0032129286479642,Equity Market Down 5%,Hypothetical,-0.0532129286479642
2024-11-15,-0.0178234161813765,Equity Market Down 5%,Hypothetical,-0.0678234161813765
2024-11-18,0.0050078124504728,Equity Market Down 5%,Hypothetical,-0.044992187549527204
2024-11-19,0.0102325799918838,Equity Market Down 5%,Hypothetical,-0.0397674200081162
2024-11-20,-0.0018385422793459,Equity Market Down 5%,Hypothetical,-0.0518385422793459
2024-11-21,-0.005885915594319,Equity Market Down 5%,Hypothetical,-0.055885915594319005
2024-11-22,-0.0021628198479244,Equity Market Down 5%,Hypothetical,-0.0521628198479244
2024-11-25,0.0004509959259747,Equity Market Down 5%,Hypothetical,-0.0495490040740253
2024-11-26,0.0099240735446767,Equity Market Down 5%,Hypothetical,-0.040075926455323305
2024-11-27,-0.0058227295178771,Equity Market Down 5%,Hypothetical,-0.055822729517877104
2024-11-29,0.0087706117952242,Equity Market Down 5%,Hypothetical,-0.0412293882047758
2024-12-02,0.0094884626621999,Equity Market Down 5%,Hypothetical,-0.0405115373378001
2024-12-03,0.0055635636518131,Equity Market Down 5%,Hypothetical,-0.044436436348186906
2024-12-04,0.0108574219716095,Equity Market Down 5%,Hypothetical,-0.0391425780283905
2024-12-05,0.0014042344592134,Equity Market Down 5%,Hypothetical,-0.0485957655407866
2024-12-06,0.0029474836679498,Equity Market Down 5%,Hypothetical,-0.0470525163320502
2024-12-09,-0.0010851585929128,Equity Market Down 5%,Hypothetical,-0.0510851585929128
2024-12-10,0.0025892554932178,Equity Market Down 5%,Hypothetical,-0.047410744506782204
2024-12-11,0.0141807379779524,Equity Market Down 5%,Hypothetical,-0.035819262022047604
2024-12-12,-0.0065987523094592,Equity Market Down 5%,Hypothetical,-0.056598752309459203
2024-12-13,-0.0051821598142911,Equity Market Down 5%,Hypothetical,-0.0551821598142911
2024-12-16,0.007099394040713,Equity Market Down 5%,Hypothetical,-0.042900605959287005
2024-12-17,-0.0009975148710387,Equity Market Down 5%,Hypothetical,-0.0509975148710387
2024-12-18,-0.0290120555848225,Equity Market Down 5%,Hypothetical,-0.07901205558482251
2024-12-19,0.0036689292528643,Equity Market Down 5%,Hypothetical,-0.0463310707471357
2024-12-20,0.0109847423380348,Equity Market Down 5%,Hypothetical,-0.0390152576619652
2024-12-23,0.0108167039536191,Equity Market Down 5%,Hypothetical,-0.039183296046380905
2024-12-24,0.0126445416516754,Equity Market Down 5%,Hypothetical,-0.0373554583483246
2024-12-26,-0.0016029690537926,Equity Market Down 5%,Hypothetical,-0.0516029690537926
2024-12-27,-0.0151373066235519,Equity Market Down 5%,Hypothetical,-0.06513730662355191
2024-12-30,-0.0097602192455592,Equity Market Down 5%,Hypothetical,-0.0597602192455592
2024-12-31,-0.0093353675031105,Equity Market Down 5%,Hypothetical,-0.059335367503110505
2025-01-02,-0.0036012788926807,Equity Market Down 5%,Hypothetical,-0.0536012788926807
2025-01-03,0.0177012645085303,Equity Market Down 5%,Hypothetical,-0.03229873549146971
2025-01-06,0.0137870900941624,Equity Market Down 5%,Hypothetical,-0.0362129099058376
2025-01-07,-0.01857897790079,Equity Market Down 5%,Hypothetical,-0.06857897790079001
2025-01-08,-1.5800722626767294e-05,Equity Market Down 5%,Hypothetical,-0.05001580072262677
2025-01-10,-0.0153817696462392,Equity Market Down 5%,Hypothetical,-0.06538176964623921
2025-01-13,-0.0010034264425358,Equity Market Down 5%,Hypothetical,-0.051003426442535804
2025-01-14,-0.0044778036171605,Equity Market Down 5%,Hypothetical,-0.0544778036171605
2025-01-15,0.026782952472788,Equity Market Down 5%,Hypothetical,-0.023217047527212004
2025-01-16,-0.0190247268570009,Equity Market Down 5%,Hypothetical,-0.0690247268570009
2025-01-17,0.0154976415344366,Equity Market Down 5%,Hypothetical,-0.034502358465563404
2025-01-21,0.0024064259386492,Equity Market Down 5%,Hypothetical,-0.047593574061350806
2025-01-22,0.0136944231255368,Equity Market Down 5%,Hypothetical,-0.0363055768744632
2025-01-23,0.0032639588489196,Equity Market Down 5%,Hypothetical,-0.046736041151080404
2025-01-24,-0.0062546015686581,Equity Market Down 5%,Hypothetical,-0.0562546015686581
2025-01-27,-0.0270540507178259,Equity Market Down 5%,Hypothetical,-0.0770540507178259
2025-01-28,0.0278733294569324,Equity Market Down 5%,Hypothetical,-0.022126670543067602
2025-01-29,-0.008707435124593,Equity Market Down 5%,Hypothetical,-0.058707435124593005
2025-01-30,-0.0042756450951014,Equity Market Down 5%,Hypothetical,-0.0542756450951014
2025-01-31,-0.0052910991404969,Equity Market Down 5%,Hypothetical,-0.0552910991404969
2025-02-03,-0.0157977848384365,Equity Market Down 5%,Hypothetical,-0.0657977848384365
2025-02-04,0.0147610198680543,Equity Market Down 5%,Hypothetical,-0.0352389801319457
2025-02-05,-0.0037739977751622,Equity Market Down 5%,Hypothetical,-0.0537739977751622
2025-02-06,0.0081547597609589,Equity Market Down 5%,Hypothetical,-0.041845240239041105
2025-02-07,-0.015190678787558,Equity Market Down 5%,Hypothetical,-0.065190678787558
2025-02-10,0.0061966226843869,Equity Market Down 5%,Hypothetical,-0.0438033773156131
2025-02-11,0.0010920678344092,Equity Market Down 5%,Hypothetical,-0.048907932165590806
2025-02-12,-0.0021133998350272,Equity Market Down 5%,Hypothetical,-0.052113399835027205
2025-02-13,0.0151741382368994,Equity Market Down 5%,Hypothetical,-0.0348258617631006
2025-02-14,0.0043835336507857,Equity Market Down 5%,Hypothetical,-0.045616466349214305
2025-02-18,-0.0025403301303298,Equity Market Down 5%,Hypothetical,-0.052540330130329806
2025-02-19,0.0036713858970273,Equity Market Down 5%,Hypothetical,-0.046328614102972704
2025-02-20,-0.0056801065052593,Equity Market Down 5%,Hypothetical,-0.0556801065052593
2025-02-21,-0.0233637342150415,Equity Market Down 5%,Hypothetical,-0.0733637342150415
2025-02-24,-0.0106306817657504,Equity Market Down 5%,Hypothetical,-0.0606306817657504
2025-02-25,-0.0151590356060547,Equity Market Down 5%,Hypothetical,-0.06515903560605471
2025-02-26,-0.0013207719813056,Equity Market Down 5%,Hypothetical,-0.0513207719813056
2025-02-27,-0.0254674405441888,Equity Market Down 5%,Hypothetical,-0.0754674405441888
2025-02-28,0.0200767796692307,Equity Market Down 5%,Hypothetical,-0.0299232203307693
2025-03-03,-0.0319235512009221,Equity Market Down 5%,Hypothetical,-0.0819235512009221
2025-03-04,-0.004279074153,Equity Market Down 5%,Hypothetical,-0.054279074153000005
2025-03-05,0.0118925107043762,Equity Market Down 5%,Hypothetical,-0.038107489295623805
2025-03-06,-0.0197674730014791,Equity Market Down 5%,Hypothetical,-0.0697674730014791
2025-03-07,0.0039512532896072,Equity Market Down 5%,Hypothetical,-0.0460487467103928
2025-03-10,-0.0445907936648044,Equity Market Down 5%,Hypothetical,-0.09459079366480441
2025-03-11,-0.0028203261629872,Equity Market Down 5%,Hypothetical,-0.0528203261629872
2025-03-12,0.0136666131479223,Equity Market Down 5%,Hypothetical,-0.0363333868520777
2025-03-13,-0.0192784676540894,Equity Market Down 5%,Hypothetical,-0.0692784676540894
2025-03-14,0.0275912604610542,Equity Market Down 5%,Hypothetical,-0.0224087395389458
2025-03-17,-0.0041438083775124,Equity Market Down 5%,Hypothetical,-0.054143808377512405
2025-03-18,-0.0159800913594665,Equity Market Down 5%,Hypothetical,-0.0659800913594665
2025-03-19,0.0150263523140383,Equity Market Down 5%,Hypothetical,-0.0349736476859617
2025-03-20,9.149351780417496e-05,Equity Market Down 5%,Hypothetical,-0.04990850648219583
2025-03-21,0.0107725303712334,Equity Market Down 5%,Hypothetical,-0.0392274696287666
2025-03-24,0.0235670111550093,Equity Market Down 5%,Hypothetical,-0.026432988844990703
2025-03-25,0.0091105303862269,Equity Market Down 5%,Hypothetical,-0.0408894696137731
2025-03-26,-0.0213493145201337,Equity Market Down 5%,Hypothetical,-0.07134931452013371
2025-03-27,-0.0044576948146522,Equity Market Down 5%,Hypothetical,-0.0544576948146522
2025-03-28,-0.0279141778757151,Equity Market Down 5%,Hypothetical,-0.0779141778757151
2025-03-31,0.001009574740802,Equity Market Down 5%,Hypothetical,-0.048990425259198
2025-04-01,0.0105403720257394,Equity Market Down 5%,Hypothetical,-0.0394596279742606
2025-04-02,0.0060857922877535,Equity Market Down 5%,Hypothetical,-0.0439142077122465
2025-04-03,-0.0645084250896823,Equity Market Down 5%,Hypothetical,-0.1145084250896823
2025-04-04,-0.0607837305741899,Equity Market Down 5%,Hypothetical,-0.1107837305741899
2025-04-07,0.0012192630869938,Equity Market Down 5%,Hypothetical,-0.048780736913006204
2025-04-08,-0.0181307398111229,Equity Market Down 5%,Hypothetical,-0.0681307398111229
2025-04-09,0.1188353049222503,Equity Market Down 5%,Hypothetical,0.0688353049222503
2025-04-10,-0.0423459920378063,Equity Market Down 5%,Hypothetical,-0.0923459920378063
2025-04-11,0.0257834210570002,Equity Market Down 5%,Hypothetical,-0.024216578942999802
2025-04-14,0.0008695889703943,Equity Market Down 5%,Hypothetical,-0.049130411029605706
2025-04-15,-0.0040411817064517,Equity Market Down 5%,Hypothetical,-0.0540411817064517
2025-04-16,-0.0343950259667205,Equity Market Down 5%,Hypothetical,-0.0843950259667205
2025-04-17,-0.0160454072513463,Equity Market Down 5%,Hypothetical,-0.0660454072513463
2025-04-21,-0.0298329030132061,Equity Market Down 5%,Hypothetical,-0.0798329030132061
2025-04-22,0.0271736687238062,Equity Market Down 5%,Hypothetical,-0.022826331276193802
2025-04-23,0.0267351076332421,Equity Market Down 5%,Hypothetical,-0.023264892366757904
2025-04-24,0.0244465508489345,Equity Market Down 5%,Hypothetical,-0.025553449151065503
2025-04-25,0.0167600337217621,Equity Market Down 5%,Hypothetical,-0.0332399662782379
2025-04-28,-0.0036368066532724,Equity Market Down 5%,Hypothetical,-0.053636806653272404
2025-04-29,0.0027104148228298,Equity Market Down 5%,Hypothetical,-0.047289585177170204
2025-04-30,-0.0041252478776467,Equity Market Down 5%,Hypothetical,-0.05412524787764671
2025-05-01,0.0215494287236613,Equity Market Down 5%,Hypothetical,-0.028450571276338703
2025-05-02,0.0068850363767963,Equity Market Down 5%,Hypothetical,-0.0431149636232037
2025-05-05,-0.0106122581447764,Equity Market Down 5%,Hypothetical,-0.0606122581447764
2025-05-06,-0.0068662253938888,Equity Market Down 5%,Hypothetical,-0.0568662253938888
2025-05-07,-0.0027237992103199,Equity Market Down 5%,Hypothetical,-0.0527237992103199
2025-05-08,0.0102229585195295,Equity Market Down 5%,Hypothetical,-0.0397770414804705
2025-05-09,0.0014592860300908,Equity Market Down 5%,Hypothetical,-0.0485407139699092
2025-05-12,0.0455847535667296,Equity Market Down 5%,Hypothetical,-0.004415246433270403
2025-05-13,0.0073375033555848,Equity Market Down 5%,Hypothetical,-0.0426624966444152
2025-05-14,0.0121336119900428,Equity Market Down 5%,Hypothetical,-0.0378663880099572
2025-05-15,-0.0108406953301154,Equity Market Down 5%,Hypothetical,-0.0608406953301154
2025-05-16,0.0060915080417891,Equity Market Down 5%,Hypothetical,-0.0439084919582109
2025-05-19,0.0008314432080279,Equity Market Down 5%,Hypothetical,-0.0491685567919721
2025-05-20,-0.0055005589118205,Equity Market Down 5%,Hypothetical,-0.0555005589118205
2025-05-21,-0.0149608961528953,Equity Market Down 5%,Hypothetical,-0.0649608961528953
2025-05-22,0.0030480694005728,Equity Market Down 5%,Hypothetical,-0.046951930599427205
2025-05-23,-0.0130454276986172,Equity Market Down 5%,Hypothetical,-0.0630454276986172
2025-05-27,0.0246994983179365,Equity Market Down 5%,Hypothetical,-0.025300501682063502
2025-05-28,-0.0041664704417498,Equity Market Down 5%,Hypothetical,-0.054166470441749805
2025-05-29,0.0059004684543302,Equity Market Down 5%,Hypothetical,-0.044099531545669805
2025-05-30,-0.0046162238230613,Equity Market Down 5%,Hypothetical,-0.054616223823061305
2025-06-02,0.0053584514695456,Equity Market Down 5%,Hypothetical,-0.044641548530454406
2025-06-03,0.0041726385295306,Equity Market Down 5%,Hypothetical,-0.045827361470469404
2025-06-04,0.0005551352558141,Equity Market Down 5%,Hypothetical,-0.049444864744185905
2025-06-05,-0.0123650647183919,Equity Market Down 5%,Hypothetical,-0.0623650647183919
2025-06-06,0.0184412792852024,Equity Market Down 5%,Hypothetical,-0.0315587207147976
2025-06-09,0.0050330281366153,Equity Market Down 5%,Hypothetical,-0.044966971863384705
2025-06-10,0.0089343436110171,Equity Market Down 5%,Hypothetical,-0.0410656563889829
2025-06-11,-0.0058966875873106,Equity Market Down 5%,Hypothetical,-0.0558966875873106
2025-06-12,0.0040359201298515,Equity Market Down 5%,Hypothetical,-0.0459640798701485
2025-06-13,-0.0090449586094127,Equity Market Down 5%,Hypothetical,-0.0590449586094127
2025-06-16,0.012822492803987,Equity Market Down 5%,Hypothetical,-0.037177507196013
2025-06-17,-0.0065912249148712,Equity Market Down 5%,Hypothetical,-0.0565912249148712
2025-06-18,0.0022681779839919,Equity Market Down 5%,Hypothetical,-0.047731822016008105
2025-06-20,-0.0041708803079053,Equity Market Down 5%,Hypothetical,-0.0541708803079053
2025-06-23,0.0068320901618362,Equity Market Down 5%,Hypothetical,-0.04316790983816381
2025-06-24,0.0070097778011921,Equity Market Down 5%,Hypothetical,-0.0429902221988079
2025-06-25,0.0084580036337738,Equity Market Down 5%,Hypothetical,-0.0415419963662262
2025-06-26,0.0091765244790802,Equity Market Down 5%,Hypothetical,-0.040823475520919805
2025-06-27,0.0082823980616604,Equity Market Down 5%,Hypothetical,-0.0417176019383396
2025-06-30,0.0017115740571256,Equity Market Down 5%,Hypothetical,-0.0482884259428744
2025-07-01,-0.0042936208803419,Equity Market Down 5%,Hypothetical,-0.054293620880341904
2025-07-02,0.009720025718398,Equity Market Down 5%,Hypothetical,-0.040279974281602
2025-07-03,0.0102920813182485,Equity Market Down 5%,Hypothetical,-0.039707918681751504
2025-07-07,-0.012498496183416,Equity Market Down 5%,Hypothetical,-0.062498496183416005
2025-07-08,-0.0022191627305865,Equity Market Down 5%,Hypothetical,-0.0522191627305865
2025-07-09,0.0082300217346207,Equity Market Down 5%,Hypothetical,-0.0417699782653793
2025-07-10,0.0057723259157679,Equity Market Down 5%,Hypothetical,-0.0442276740842321
2025-07-11,0.0032126712760701,Equity Market Down 5%,Hypothetical,-0.046787328723929905
2025-07-14,-0.0020564760481422,Equity Market Down 5%,Hypothetical,-0.0520564760481422
2025-07-15,0.0033768683709914,Equity Market Down 5%,Hypothetical,-0.0466231316290086
2025-07-16,0.0014248645849904,Equity Market Down 5%,Hypothetical,-0.0485751354150096
2025-07-17,0.00366326822123,Equity Market Down 5%,Hypothetical,-0.046336731778770006
2025-07-18,0.001438415216906,Equity Market Down 5%,Hypothetical,-0.048561584783094004
2025-07-21,0.0047839689217807,Equity Market Down 5%,Hypothetical,-0.0452160310782193
2025-07-22,-0.0027400425653789,Equity Market Down 5%,Hypothetical,-0.052740042565378904
2025-07-23,0.0074654447437939,Equity Market Down 5%,Hypothetical,-0.0425345552562061
2025-07-24,0.0001053664073444,Equity Market Down 5%,Hypothetical,-0.049894633592655606
2025-07-25,0.0034627383520478,Equity Market Down 5%,Hypothetical,-0.0465372616479522
2025-07-28,0.005234043230206,Equity Market Down 5%,Hypothetical,-0.044765956769794
2025-07-29,-0.0083592733313798,Equity Market Down 5%,Hypothetical,-0.0583592733313798
2025-07-30,0.0019992920501547,Equity Market Down 5%,Hypothetical,-0.0480007079498453
2025-07-31,0.0016780122414755,Equity Market Down 5%,Hypothetical,-0.048321987758524504
2025-08-01,-0.0294861047931529,Equity Market Down 5%,Hypothetical,-0.0794861047931529
2025-08-04,0.0152810300159525,Equity Market Down 5%,Hypothetical,-0.0347189699840475
2025-08-05,-0.0032453359875779,Equity Market Down 5%,Hypothetical,-0.0532453359875779
2025-08-06,0.0156927654699147,Equity Market Down 5%,Hypothetical,-0.0343072345300853
2025-08-07,0.0044852007367833,Equity Market Down 5%,Hypothetical,-0.0455147992632167
2025-08-08,0.0164076830014351,Equity Market Down 5%,Hypothetical,-0.0335923169985649
2025-08-11,-0.0018193394516851,Equity Market Down 5%,Hypothetical,-0.051819339451685105
2025-08-12,0.0113116765546463,Equity Market Down 5%,Hypothetical,-0.0386883234453537
2025-08-13,0.0010840854854198,Equity Market Down 5%,Hypothetical,-0.0489159145145802
2025-08-14,0.0043807848320475,Equity Market Down 5%,Hypothetical,-0.045619215167952504
2025-08-15,0.0013968921211029,Equity Market Down 5%,Hypothetical,-0.0486031078788971
2025-08-18,0.0005376735237972,Equity Market Down 5%,Hypothetical,-0.0494623264762028
2025-08-19,-0.0128311849143921,Equity Market Down 5%,Hypothetical,-0.0628311849143921
2025-08-20,-0.0091210242482829,Equity Market Down 5%,Hypothetical,-0.0591210242482829
2025-08-21,-0.0026852840621786,Equity Market Down 5%,Hypothetical,-0.0526852840621786
2025-08-22,0.0194394517233608,Equity Market Down 5%,Hypothetical,-0.030560548276639204
2025-08-25,0.0010771273225949,Equity Market Down 5%,Hypothetical,-0.0489228726774051
2025-08-26,0.0037080806513377,Equity Market Down 5%,Hypothetical,-0.0462919193486623
2025-08-27,0.0032546569673014,Equity Market Down 5%,Hypothetical,-0.0467453430326986
2025-08-28,0.0048479168272962,Equity Market Down 5%,Hypothetical,-0.045152083172703805
2025-08-29,-0.0076818085600725,Equity Market Down 5%,Hypothetical,-0.0576818085600725
2025-09-02,-0.0093590309648724,Equity Market Down 5%,Hypothetical,-0.059359030964872404
2025-09-03,0.0158403507778852,Equity Market Down 5%,Hypothetical,-0.0341596492221148
2025-09-04,0.0111822558095505,Equity Market Down 5%,Hypothetical,-0.038817744190449505
2025-09-05,-0.0100882847611909,Equity Market Down 5%,Hypothetical,-0.0600882847611909
2025-09-08,0.0016844086147825,Equity Market Down 5%,Hypothetical,-0.0483155913852175
2025-09-09,0.0097575085657455,Equity Market Down 5%,Hypothetical,-0.0402424914342545
2025-09-10,-0.0030972044057325,Equity Market Down 5%,Hypothetical,-0.053097204405732505
2025-09-11,0.0085709601305595,Equity Market Down 5%,Hypothetical,-0.04142903986944051
2025-09-12,0.0102169335631357,Equity Market Down 5%,Hypothetical,-0.0397830664368643
2025-09-15,0.0123265821839998,Equity Market Down 5%,Hypothetical,-0.0376734178160002
2025-09-16,0.0001352282495879,Equity Market Down 5%,Hypothetical,-0.0498647717504121
2025-09-17,-0.0030439157129357,Equity Market Down 5%,Hypothetical,-0.0530439157129357
2025-09-18,0.0026848279297027,Equity Market Down 5%,Hypothetical,-0.047315172070297305
2025-09-19,0.0118688168596381,Equity Market Down 5%,Hypothetical,-0.0381311831403619
2025-09-22,0.0103676667346206,Equity Market Down 5%,Hypothetical,-0.039632333265379405
2025-09-23,-0.0102839301557467,Equity Market Down 5%,Hypothetical,-0.06028393015574671
2025-09-24,-0.001303802684703,Equity Market Down 5%,Hypothetical,-0.051303802684703005
2025-09-25,-0.001674065420231,Equity Market Down 5%,Hypothetical,-0.051674065420231
2025-09-26,0.0046131414364074,Equity Market Down 5%,Hypothetical,-0.045386858563592605
2025-09-29,0.0022669386246084,Equity Market Down 5%,Hypothetical,-0.0477330613753916
2025-09-30,0.002261967332377,Equity Market Down 5%,Hypothetical,-0.047738032667623005
2025-10-01,0.0019440484386984,Equity Market Down 5%,Hypothetical,-0.0480559515613016
2025-10-02,9.054848733355987e-05,Equity Market Down 5%,Hypothetical,-0.049909451512666445
2025-10-03,-0.0005758783690377,Equity Market Down 5%,Hypothetical,-0.0505758783690377
2025-10-06,0.0066282800090189,Equity Market Down 5%,Hypothetical,-0.043371719990981106
2025-10-07,-0.005596973159296,Equity Market Down 5%,Hypothetical,-0.055596973159296
2025-10-08,0.0063414933136507,Equity Market Down 5%,Hypothetical,-0.043658506686349303
2025-10-09,-0.0008607037391331,Equity Market Down 5%,Hypothetical,-0.0508607037391331
2025-10-10,-0.0339494058300054,Equity Market Down 5%,Hypothetical,-0.0839494058300054
2025-10-13,0.0188178350303747,Equity Market Down 5%,Hypothetical,-0.031182164969625302
2025-10-14,-0.0109563437321476,Equity Market Down 5%,Hypothetical,-0.0609563437321476
2025-10-15,0.005285172866864,Equity Market Down 5%,Hypothetical,-0.044714827133136
2025-10-16,-0.0053038482888556,Equity Market Down 5%,Hypothetical,-0.0553038482888556
2025-10-17,0.007604768157598,Equity Market Down 5%,Hypothetical,-0.042395231842402
2025-10-20,0.015937642116334,Equity Market Down 5%,Hypothetical,-0.034062357883666
2025-10-21,-0.0025349077745578,Equity Market Down 5%,Hypothetical,-0.052534907774557806
2025-10-22,-0.0056430554376427,Equity Market Down 5%,Hypothetical,-0.055643055437642704
2025-10-23,0.0061357703959486,Equity Market Down 5%,Hypothetical,-0.043864229604051404
2025-10-24,0.0113430762593989,Equity Market Down 5%,Hypothetical,-0.038656923740601104
2025-10-27,0.0205575905407175,Equity Market Down 5%,Hypothetical,-0.029442409459282504
2025-10-28,0.0118993318850911,Equity Market Down 5%,Hypothetical,-0.038100668114908906
2025-10-29,0.0069134002931726,Equity Market Down 5%,Hypothetical,-0.043086599706827405
2025-10-30,-0.0163924502518784,Equity Market Down 5%,Hypothetical,-0.0663924502518784
2025-10-31,0.0060977283131622,Equity Market Down 5%,Hypothetical,-0.0439022716868378
2025-11-03,0.0053000013122288,Equity Market Down 5%,Hypothetical,-0.044699998687771206
2025-11-04,-0.01394645413493,Equity Market Down 5%,Hypothetical,-0.06394645413493
2025-11-05,0.0008401742072847,Equity Market Down 5%,Hypothetical,-0.0491598257927153
2025-11-06,-0.0147807955014362,Equity Market Down 5%,Hypothetical,-0.0647807955014362
2025-11-07,-0.0023468652215845,Equity Market Down 5%,Hypothetical,-0.0523468652215845
2025-11-10,0.0211478847397028,Equity Market Down 5%,Hypothetical,-0.0288521152602972
2025-11-11,0.0014112402935461,Equity Market Down 5%,Hypothetical,-0.048588759706453905
2025-11-12,-0.0036040414271816,Equity Market Down 5%,Hypothetical,-0.0536040414271816
2025-11-13,-0.0213280489708089,Equity Market Down 5%,Hypothetical,-0.07132804897080891
2025-11-14,-0.0003662777124554,Equity Market Down 5%,Hypothetical,-0.0503662777124554
2025-11-17,-0.0070283700878662,Equity Market Down 5%,Hypothetical,-0.0570283700878662
2025-11-18,-0.015336385005707,Equity Market Down 5%,Hypothetical,-0.065336385005707
2025-11-19,0.0055923729934971,Equity Market Down 5%,Hypothetical,-0.0444076270065029
2025-11-20,-0.0151970748405115,Equity Market Down 5%,Hypothetical,-0.0651970748405115
2025-11-21,0.0066703405427818,Equity Market Down 5%,Hypothetical,-0.0433296594572182
2025-11-24,0.0197347581505189,Equity Market Down 5%,Hypothetical,-0.030265241849481102
2025-11-25,0.0049652972316127,Equity Market Down 5%,Hypothetical,-0.0450347027683873
2025-11-26,0.0066072782145476,Equity Market Down 5%,Hypothetical,-0.04339272178545241
2025-11-28,0.0058214663195229,Equity Market Down 5%,Hypothetical,-0.044178533680477104
2025-12-01,-0.0001089254501158,Equity Market Down 5%,Hypothetical,-0.050108925450115804
2025-12-02,0.0046815368406964,Equity Market Down 5%,Hypothetical,-0.0453184631593036
2025-12-03,-0.0003520642594413,Equity Market Down 5%,Hypothetical,-0.050352064259441304
2025-12-04,0.0022320888252812,Equity Market Down 5%,Hypothetical,-0.047767911174718805
2025-12-05,-0.0001591177744501,Equity Market Down 5%,Hypothetical,-0.050159117774450104
2025-12-08,-0.0023118870553685,Equity Market Down 5%,Hypothetical,-0.0523118870553685
2025-12-09,-0.0030790882423208,Equity Market Down 5%,Hypothetical,-0.053079088242320806
2025-12-10,0.003280655962924,Equity Market Down 5%,Hypothetical,-0.046719344037076005
2025-12-11,-0.0011962199696386,Equity Market Down 5%,Hypothetical,-0.0511962199696386
2025-12-12,-0.0076562440573298,Equity Market Down 5%,Hypothetical,-0.0576562440573298
2025-12-15,-0.0031177421706468,Equity Market Down 5%,Hypothetical,-0.053117742170646805
2025-12-16,3.872676089726815e-05,Equity Market Down 5%,Hypothetical,-0.04996127323910274
2025-12-17,-0.0141338992357122,Equity Market Down 5%,Hypothetical,-0.06413389923571221
2025-12-18,0.0111635287072285,Equity Market Down 5%,Hypothetical,-0.0388364712927715
2025-12-19,0.0099101063840805,Equity Market Down 5%,Hypothetical,-0.040089893615919504
2025-12-22,0.0043476578067993,Equity Market Down 5%,Hypothetical,-0.045652342193200704
2025-12-23,0.0104242136376382,Equity Market Down 5%,Hypothetical,-0.0395757863623618
2025-12-24,0.0024770381930485,Equity Market Down 5%,Hypothetical,-0.0475229618069515
2025-12-26,-0.0001685141286545,Equity Market Down 5%,Hypothetical,-0.0501685141286545
2025-12-29,-0.0050651449714475,Equity Market Down 5%,Hypothetical,-0.0550651449714475
2025-12-30,-7.925023386106983e-05,Equity Market Down 5%,Hypothetical,-0.050079250233861075
2025-12-31,-0.0058448913166461,Equity Market Down 5%,Hypothetical,-0.055844891316646106
2026-01-02,-0.0024523048082833,Equity Market Down 5%,Hypothetical,-0.0524523048082833
2026-01-05,0.0065848546470889,Equity Market Down 5%,Hypothetical,-0.043415145352911105
2026-01-06,-0.0020953298645552,Equity Market Down 5%,Hypothetical,-0.0520953298645552
2026-01-07,-0.0013690080748168,Equity Market Down 5%,Hypothetical,-0.0513690080748168
2026-01-08,0.0008136336193937,Equity Market Down 5%,Hypothetical,-0.049186366380606306
2026-01-09,0.0035478201590759,Equity Market Down 5%,Hypothetical,-0.046452179840924104
2026-01-12,-0.0018813760536899,Equity Market Down 5%,Hypothetical,-0.0518813760536899
2026-01-13,-0.0063976690651136,Equity Market Down 5%,Hypothetical,-0.056397669065113606
2026-01-14,-0.0107230538516739,Equity Market Down 5%,Hypothetical,-0.060723053851673904
2026-01-15,0.0016429251030099,Equity Market Down 5%,Hypothetical,-0.0483570748969901
2026-01-16,-0.0021688910965432,Equity Market Down 5%,Hypothetical,-0.052168891096543206
2026-01-20,-0.0267005971726316,Equity Market Down 5%,Hypothetical,-0.0767005971726316
2026-01-21,0.008226985784251,Equity Market Down 5%,Hypothetical,-0.041773014215749
2026-01-22,0.0123949934207221,Equity Market Down 5%,Hypothetical,-0.0376050065792779
2026-01-23,0.0077176304149204,Equity Market Down 5%,Hypothetical,-0.0422823695850796
2026-01-26,0.0074460346358181,Equity Market Down 5%,Hypothetical,-0.042553965364181906
2026-01-27,-0.0007774681817458,Equity Market Down 5%,Hypothetical,-0.050777468181745805
2026-01-28,0.0031623827433333,Equity Market Down 5%,Hypothetical,-0.0468376172566667
2026-01-29,-0.0076413980883901,Equity Market Down 5%,Hypothetical,-0.057641398088390104
2026-01-30,-0.0029978801461466,Equity Market Down 5%,Hypothetical,-0.052997880146146606
2026-02-02,0.0020235825771579,Equity Market Down 5%,Hypothetical,-0.0479764174228421
2026-02-03,-0.0092903630475206,Equity Market Down 5%,Hypothetical,-0.059290363047520604
2026-02-04,-0.0063359402854972,Equity Market Down 5%,Hypothetical,-0.0563359402854972
2026-02-05,-0.0202435373043135,Equity Market Down 5%,Hypothetical,-0.0702435373043135
2026-02-06,0.0149259851653184,Equity Market Down 5%,Hypothetical,-0.0350740148346816
2026-02-09,0.0080110721944211,Equity Market Down 5%,Hypothetical,-0.041988927805578904
2026-02-10,-0.0056917879064365,Equity Market Down 5%,Hypothetical,-0.0556917879064365
2026-02-11,-0.0044072800057994,Equity Market Down 5%,Hypothetical,-0.054407280005799405
2026-02-12,-0.0224888143674264,Equity Market Down 5%,Hypothetical,-0.07248881436742641
2026-02-13,-0.0093510323184307,Equity Market Down 5%,Hypothetical,-0.0593510323184307
2026-02-17,0.0054548541357315,Equity Market Down 5%,Hypothetical,-0.044545145864268505
2026-02-18,0.0083200733595246,Equity Market Down 5%,Hypothetical,-0.0416799266404754
2026-02-19,-0.0028202656326301,Equity Market Down 5%,Hypothetical,-0.052820265632630106
2026-02-20,0.0110759156392269,Equity Market Down 5%,Hypothetical,-0.038924084360773104
2026-02-23,-0.0131607807796919,Equity Market Down 5%,Hypothetical,-0.06316078077969191
2026-02-24,0.0078090430612404,Equity Market Down 5%,Hypothetical,-0.0421909569387596
2026-02-25,0.0155151491772143,Equity Market Down 5%,Hypothetical,-0.034484850822785705
2026-02-26,-0.0116420576577837,Equity Market Down 5%,Hypothetical,-0.0616420576577837
2026-02-27,-0.0147855532054674,Equity Market Down 5%,Hypothetical,-0.0647855532054674
2026-03-02,0.0049993623346427,Equity Market Down 5%,Hypothetical,-0.0450006376653573
2026-03-03,-0.003643884101913,Equity Market Down 5%,Hypothetical,-0.053643884101913
2026-03-04,0.0078261354992855,Equity Market Down 5%,Hypothetical,-0.0421738645007145
2026-03-05,-0.0020111310703161,Equity Market Down 5%,Hypothetical,-0.0520111310703161
2026-03-06,-0.0147891215614148,Equity Market Down 5%,Hypothetical,-0.06478912156141481
2026-03-09,0.0093456866538519,Equity Market Down 5%,Hypothetical,-0.0406543133461481
2026-03-10,0.0006316820911687,Equity Market Down 5%,Hypothetical,-0.049368317908831304
2026-03-11,0.0028061882300428,Equity Market Down 5%,Hypothetical,-0.047193811769957204
2026-03-12,-0.015871043758481,Equity Market Down 5%,Hypothetical,-0.065871043758481
2026-03-13,-0.0110379972666898,Equity Market Down 5%,Hypothetical,-0.061037997266689806
2026-03-16,0.0128907096138531,Equity Market Down 5%,Hypothetical,-0.0371092903861469
2026-03-17,0.0044108951944191,Equity Market Down 5%,Hypothetical,-0.0455891048055809
2026-03-18,-0.0131514732408135,Equity Market Down 5%,Hypothetical,-0.06315147324081351
2026-03-19,-0.0068777276406271,Equity Market Down 5%,Hypothetical,-0.0568777276406271
2026-03-20,-0.0158456570396786,Equity Market Down 5%,Hypothetical,-0.0658456570396786
2026-03-23,0.0115232999851818,Equity Market Down 5%,Hypothetical,-0.038476700014818205
2026-03-24,-0.0076252852777987,Equity Market Down 5%,Hypothetical,-0.0576252852777987
2026-03-25,0.0059538301281821,Equity Market Down 5%,Hypothetical,-0.044046169871817906
2026-03-26,-0.0207781536873016,Equity Market Down 5%,Hypothetical,-0.0707781536873016
2026-03-27,-0.0233413679372261,Equity Market Down 5%,Hypothetical,-0.0733413679372261
2026-03-30,-0.0013648407877984,Equity Market Down 5%,Hypothetical,-0.051364840787798405
2026-03-31,0.0372940723011465,Equity Market Down 5%,Hypothetical,-0.012705927698853502
2026-04-01,0.0069646024806119,Equity Market Down 5%,Hypothetical,-0.043035397519388105
2026-04-02,-0.0005529355863214,Equity Market Down 5%,Hypothetical,-0.0505529355863214
2026-04-06,0.0062535740688875,Equity Market Down 5%,Hypothetical,-0.043746425931112505
2026-04-07,0.0028291233287086,Equity Market Down 5%,Hypothetical,-0.047170876671291405
2026-04-08,0.0190587880027824,Equity Market Down 5%,Hypothetical,-0.030941211997217603
2026-04-09,0.0102071370518341,Equity Market Down 5%,Hypothetical,-0.039792862948165905
2026-04-10,0.0037204258616793,Equity Market Down 5%,Hypothetical,-0.046279574138320706
2026-04-13,0.0103571609588527,Equity Market Down 5%,Hypothetical,-0.03964283904114731
2026-04-14,0.0180117693866367,Equity Market Down 5%,Hypothetical,-0.031988230613363304
2026-04-15,0.0179535203895404,Equity Market Down 5%,Hypothetical,-0.0320464796104596
2026-04-16,0.0034030787784033,Equity Market Down 5%,Hypothetical,-0.046596921221596706
2026-04-17,0.012408768207535,Equity Market Down 5%,Hypothetical,-0.037591231792465
2026-04-20,-0.0014351581475228,Equity Market Down 5%,Hypothetical,-0.0514351581475228
2026-04-21,-0.0040449842337703,Equity Market Down 5%,Hypothetical,-0.0540449842337703
2026-04-22,0.0165036862728328,Equity Market Down 5%,Hypothetical,-0.0334963137271672
2026-04-23,-0.0111649266001312,Equity Market Down 5%,Hypothetical,-0.0611649266001312
2026-04-24,0.0127635901017986,Equity Market Down 5%,Hypothetical,-0.0372364098982014
2026-04-27,0.0054003253985247,Equity Market Down 5%,Hypothetical,-0.044599674601475306
2026-04-28,0.002272708017369,Equity Market Down 5%,Hypothetical,-0.047727291982631
2026-04-29,-0.0029626238118557,Equity Market Down 5%,Hypothetical,-0.0529626238118557
2026-04-30,-0.0041501113805825,Equity Market Down 5%,Hypothetical,-0.054150111380582504
2026-05-01,0.0093364240943601,Equity Market Down 5%,Hypothetical,-0.040663575905639904
2026-05-04,-0.0025128724829814,Equity Market Down 5%,Hypothetical,-0.0525128724829814
2026-05-05,0.0039811129783619,Equity Market Down 5%,Hypothetical,-0.0460188870216381
2026-05-06,0.016672568207812,Equity Market Down 5%,Hypothetical,-0.033327431792188
2026-05-07,0.0023844915738078,Equity Market Down 5%,Hypothetical,-0.0476155084261922
2026-05-08,0.0065730720138982,Equity Market Down 5%,Hypothetical,-0.0434269279861018
2026-05-11,-2.2809556288955592e-05,Equity Market Down 5%,Hypothetical,-0.05002280955628896
2026-05-12,0.001540611974659,Equity Market Down 5%,Hypothetical,-0.048459388025341
2026-05-13,0.012506537349805,Equity Market Down 5%,Hypothetical,-0.037493462650195
2026-05-14,0.0060347853606273,Equity Market Down 5%,Hypothetical,-0.0439652146393727
2026-05-15,-0.005303403434343,Equity Market Down 5%,Hypothetical,-0.055303403434343
2026-05-18,-0.0030038415037228,Equity Market Down 5%,Hypothetical,-0.0530038415037228
2026-05-19,-0.0097779423194636,Equity Market Down 5%,Hypothetical,-0.0597779423194636
2026-05-20,0.0090712403810499,Equity Market Down 5%,Hypothetical,-0.0409287596189501
2026-05-21,-0.0001100852397715,Equity Market Down 5%,Hypothetical,-0.0501100852397715
2026-05-22,0.0003788706432982,Equity Market Down 5%,Hypothetical,-0.0496211293567018
2026-05-26,-0.0024392576448392,Equity Market Down 5%,Hypothetical,-0.052439257644839206
2026-05-27,0.0017033975892403,Equity Market Down 5%,Hypothetical,-0.048296602410759705
2026-05-28,0.0072952208895211,Equity Market Down 5%,Hypothetical,-0.0427047791104789
2026-05-29,0.0007510939451901,Equity Market Down 5%,Hypothetical,-0.0492489060548099
2026-06-01,-0.000314740002262,Equity Market Down 5%,Hypothetical,-0.050314740002262
2026-06-02,-0.0054983914230892,Equity Market Down 5%,Hypothetical,-0.055498391423089204
2026-06-03,-0.013980854185894,Equity Market Down 5%,Hypothetical,-0.063980854185894
2026-06-04,0.0142454134753167,Equity Market Down 5%,Hypothetical,-0.0357545865246833
2026-06-05,-0.0263297785240769,Equity Market Down 5%,Hypothetical,-0.07632977852407691
2026-06-08,-0.002043710599803,Equity Market Down 5%,Hypothetical,-0.052043710599803006
2026-06-09,-0.0122166425894446,Equity Market Down 5%,Hypothetical,-0.06221664258944461
2026-06-10,-0.0163852366567912,Equity Market Down 5%,Hypothetical,-0.0663852366567912
2026-06-11,0.0070680398540805,Equity Market Down 5%,Hypothetical,-0.042931960145919504
2026-06-12,0.0001798581455447,Equity Market Down 5%,Hypothetical,-0.0498201418544553
2026-06-15,0.0189487491054039,Equity Market Down 5%,Hypothetical,-0.0310512508945961
2026-06-16,0.0003891130339293,Equity Market Down 5%,Hypothetical,-0.0496108869660707
2026-06-17,-0.0206299429961185,Equity Market Down 5%,Hypothetical,-0.0706299429961185
2026-06-18,0.0079451751433376,Equity Market Down 5%,Hypothetical,-0.042054824856662405
2026-06-22,-0.0147065924648088,Equity Market Down 5%,Hypothetical,-0.06470659246480881
2026-06-23,-0.0074981758718378,Equity Market Down 5%,Hypothetical,-0.0574981758718378
2026-06-24,-0.0080887321626563,Equity Market Down 5%,Hypothetical,-0.0580887321626563
2026-06-25,-0.0234640773353365,Equity Market Down 5%,Hypothetical,-0.0734640773353365
2026-06-26,0.0131908761768961,Equity Market Down 5%,Hypothetical,-0.036809123823103904
2026-06-29,0.0106707122064926,Equity Market Down 5%,Hypothetical,-0.0393292877935074
2026-06-30,0.0115465285484001,Equity Market Down 5%,Hypothetical,-0.0384534714515999
2026-07-01,0.0164253873544256,Equity Market Down 5%,Hypothetical,-0.0335746126455744
2026-07-02,0.0036717847693283,Equity Market Down 5%,Hypothetical,-0.0463282152306717
2026-07-06,0.0091285923446557,Equity Market Down 5%,Hypothetical,-0.040871407655344305
2026-07-07,0.0042248960211844,Equity Market Down 5%,Hypothetical,-0.0457751039788156
2026-07-08,-0.0025750734210464,Equity Market Down 5%,Hypothetical,-0.052575073421046406
2026-07-09,0.0064676863835716,Equity Market Down 5%,Hypothetical,-0.043532313616428404
2026-07-10,0.0075195951630685,Equity Market Down 5%,Hypothetical,-0.0424804048369315
2026-07-13,-0.0029885436273929,Equity Market Down 5%,Hypothetical,-0.0529885436273929
2026-07-14,0.0068387927880816,Equity Market Down 5%,Hypothetical,-0.043161207211918406
2026-07-15,0.0200450394490475,Equity Market Down 5%,Hypothetical,-0.0299549605509525
2026-07-16,-0.0063405954094449,Equity Market Down 5%,Hypothetical,-0.0563405954094449
2026-07-17,-0.011617732093823,Equity Market Down 5%,Hypothetical,-0.061617732093823
2026-07-20,-0.000555639380874,Equity Market Down 5%,Hypothetical,-0.050555639380874005
2026-07-21,0.0053589087418807,Equity Market Down 5%,Hypothetical,-0.044641091258119305
2026-07-22,-0.0038945313854105,Equity Market Down 5%,Hypothetical,-0.053894531385410505
2026-07-23,-0.0296417374234273,Equity Market Down 5%,Hypothetical,-0.07964173742342731
2026-07-24,0.0042429532709895,Equity Market Down 5%,Hypothetical,-0.0457570467290105
2026-07-27,-0.0016283705571535,Equity Market Down 5%,Hypothetical,-0.051628370557153504
2026-07-28,0.0065592937675821,Equity Market Down 5%,Hypothetical,-0.0434407062324179
2026-07-29,-0.0140895850537331,Equity Market Down 5%,Hypothetical,-0.0640895850537331
2026-07-30,0.0251613079297093,Equity Market Down 5%,Hypothetical,-0.024838692070290703
2026-07-31,0.0152118330726815,Equity Market Down 5%,Hypothetical,-0.0347881669273185
2020-01-03,-0.0090452515114307,Equity Market Down 10%,Hypothetical,-0.10904525151143071
2020-01-06,0.0092457241799193,Equity Market Down 10%,Hypothetical,-0.09075427582008071
2020-01-07,-0.0009130844507751,Equity Market Down 10%,Hypothetical,-0.10091308445077511
2020-01-08,0.0097350818668195,Equity Market Down 10%,Hypothetical,-0.09026491813318051
2020-01-09,0.0092895759912174,Equity Market Down 10%,Hypothetical,-0.09071042400878261
2020-01-10,-0.0014267532638405,Equity Market Down 10%,Hypothetical,-0.1014267532638405
2020-01-13,0.0170945285528887,Equity Market Down 10%,Hypothetical,-0.0829054714471113
2020-01-14,-0.0066971347397461,Equity Market Down 10%,Hypothetical,-0.10669713473974611
2020-01-15,-0.0022849176809996,Equity Market Down 10%,Hypothetical,-0.1022849176809996
2020-01-16,0.0094326458634776,Equity Market Down 10%,Hypothetical,-0.09056735413652241
2020-01-17,0.0044610302492123,Equity Market Down 10%,Hypothetical,-0.09553896975078771
2020-01-21,0.0008770916226846,Equity Market Down 10%,Hypothetical,-0.09912290837731541
2020-01-22,0.0027452470228971,Equity Market Down 10%,Hypothetical,-0.0972547529771029
2020-01-23,0.0026973672286744,Equity Market Down 10%,Hypothetical,-0.0973026327713256
2020-01-24,-0.0110348389887033,Equity Market Down 10%,Hypothetical,-0.11103483898870331
2020-01-27,-0.0238438773669367,Equity Market Down 10%,Hypothetical,-0.12384387736693671
2020-01-28,0.0194298516505263,Equity Market Down 10%,Hypothetical,-0.08057014834947371
2020-01-29,0.0070401001419181,Equity Market Down 10%,Hypothetical,-0.09295989985808191
2020-01-30,0.0077085102385255,Equity Market Down 10%,Hypothetical,-0.0922914897614745
2020-01-31,-0.0188784860448927,Equity Market Down 10%,Hypothetical,-0.1188784860448927
2020-02-03,0.01825950471351,Equity Market Down 10%,Hypothetical,-0.08174049528649001
2020-02-04,0.0250643252809806,Equity Market Down 10%,Hypothetical,-0.07493567471901941
2020-02-05,0.0003560466627618,Equity Market Down 10%,Hypothetical,-0.0996439533372382
2020-02-06,0.0099452718432001,Equity Market Down 10%,Hypothetical,-0.09005472815679991
2020-02-07,-0.003402412606586,Equity Market Down 10%,Hypothetical,-0.103402412606586
2020-02-10,0.0172313682437106,Equity Market Down 10%,Hypothetical,-0.0827686317562894
2020-02-11,-0.0008577979276684,Equity Market Down 10%,Hypothetical,-0.1008577979276684
2020-02-12,0.0116251667789301,Equity Market Down 10%,Hypothetical,-0.0883748332210699
2020-02-13,-0.001709581575289,Equity Market Down 10%,Hypothetical,-0.101709581575289
2020-02-14,0.0101033048018317,Equity Market Down 10%,Hypothetical,-0.0898966951981683
2020-02-18,0.0052496969159724,Equity Market Down 10%,Hypothetical,-0.0947503030840276
2020-02-19,0.0187675740810324,Equity Market Down 10%,Hypothetical,-0.08123242591896761
2020-02-20,-0.0111559597956758,Equity Market Down 10%,Hypothetical,-0.1111559597956758
2020-02-21,-0.0245111781097514,Equity Market Down 10%,Hypothetical,-0.1245111781097514
2020-02-24,-0.0513333216999444,Equity Market Down 10%,Hypothetical,-0.1513333216999444
2020-02-25,-0.0321586429290398,Equity Market Down 10%,Hypothetical,-0.1321586429290398
2020-02-26,0.0067160388443378,Equity Market Down 10%,Hypothetical,-0.0932839611556622
2020-02-27,-0.06148178287404,Equity Market Down 10%,Hypothetical,-0.16148178287404
2020-02-28,0.0125726864726635,Equity Market Down 10%,Hypothetical,-0.0874273135273365
2020-03-02,0.054764534217602,Equity Market Down 10%,Hypothetical,-0.045235465782398
2020-03-03,-0.0366509468158957,Equity Market Down 10%,Hypothetical,-0.1366509468158957
2020-03-04,0.0417320334743808,Equity Market Down 10%,Hypothetical,-0.058267966525619205
2020-03-05,-0.0359125944568362,Equity Market Down 10%,Hypothetical,-0.1359125944568362
2020-03-06,-0.0238742902315096,Equity Market Down 10%,Hypothetical,-0.1238742902315096
2020-03-09,-0.084440673304365,Equity Market Down 10%,Hypothetical,-0.184440673304365
2020-03-10,0.0587726116036191,Equity Market Down 10%,Hypothetical,-0.041227388396380904
2020-03-11,-0.0417001071684956,Equity Market Down 10%,Hypothetical,-0.1417001071684956
2020-03-12,-0.1030307099012725,Equity Market Down 10%,Hypothetical,-0.2030307099012725
2020-03-13,0.0995701960846836,Equity Market Down 10%,Hypothetical,-0.0004298039153164124
2020-03-16,-0.1486065285869183,Equity Market Down 10%,Hypothetical,-0.2486065285869183
2020-03-17,0.059258711894464,Equity Market Down 10%,Hypothetical,-0.040741288105536004
2020-03-18,-0.0548135136662103,Equity Market Down 10%,Hypothetical,-0.15481351366621032
2020-03-19,0.0275686469498818,Equity Market Down 10%,Hypothetical,-0.0724313530501182
2020-03-20,-0.0387753387081801,Equity Market Down 10%,Hypothetical,-0.1387753387081801
2020-03-23,-0.0093194063467104,Equity Market Down 10%,Hypothetical,-0.1093194063467104
2020-03-24,0.0997571198695234,Equity Market Down 10%,Hypothetical,-0.00024288013047660262
2020-03-25,0.0011327587334124,Equity Market Down 10%,Hypothetical,-0.09886724126658761
2020-03-26,0.0495396419620757,Equity Market Down 10%,Hypothetical,-0.050460358037924306
2020-03-27,-0.0407352904108082,Equity Market Down 10%,Hypothetical,-0.1407352904108082
2020-03-30,0.0365001412896016,Equity Market Down 10%,Hypothetical,-0.0634998587103984
2020-03-31,-0.0044381038865709,Equity Market Down 10%,Hypothetical,-0.1044381038865709
2020-04-01,-0.0518583891258318,Equity Market Down 10%,Hypothetical,-0.1518583891258318
2020-04-02,0.0204399102902164,Equity Market Down 10%,Hypothetical,-0.07956008970978361
2020-04-03,-0.0194469485791538,Equity Market Down 10%,Hypothetical,-0.1194469485791538
2020-04-06,0.0734207440082578,Equity Market Down 10%,Hypothetical,-0.026579255991742212
2020-04-07,-0.0027135247151373,Equity Market Down 10%,Hypothetical,-0.10271352471513731
2020-04-08,0.0274272168339157,Equity Market Down 10%,Hypothetical,-0.0725727831660843
2020-04-09,0.0086175702670948,Equity Market Down 10%,Hypothetical,-0.09138242973290521
2020-04-13,0.015582332142168,Equity Market Down 10%,Hypothetical,-0.084417667857832
2020-04-14,0.0377456242884977,Equity Market Down 10%,Hypothetical,-0.0622543757115023
2020-04-15,-0.0089712766699926,Equity Market Down 10%,Hypothetical,-0.10897127666999261
2020-04-16,0.0156905003477119,Equity Market Down 10%,Hypothetical,-0.08430949965228811
2020-04-17,0.0113169553945596,Equity Market Down 10%,Hypothetical,-0.08868304460544041
2020-04-20,-0.0189351566428119,Equity Market Down 10%,Hypothetical,-0.1189351566428119
2020-04-21,-0.0397453509522163,Equity Market Down 10%,Hypothetical,-0.1397453509522163
2020-04-22,0.0336278586734491,Equity Market Down 10%,Hypothetical,-0.0663721413265509
2020-04-23,0.0007999583004313,Equity Market Down 10%,Hypothetical,-0.09920004169956871
2020-04-24,0.0177007938530642,Equity Market Down 10%,Hypothetical,-0.08229920614693581
2020-04-27,0.0107327948895353,Equity Market Down 10%,Hypothetical,-0.08926720511046471
2020-04-28,-0.0178126173310993,Equity Market Down 10%,Hypothetical,-0.11781261733109931
2020-04-29,0.0379039434493626,Equity Market Down 10%,Hypothetical,-0.06209605655063741
2020-04-30,0.0061187486209398,Equity Market Down 10%,Hypothetical,-0.0938812513790602
2020-05-01,-0.036034725609921,Equity Market Down 10%,Hypothetical,-0.136034725609921
2020-05-04,0.0187456179366661,Equity Market Down 10%,Hypothetical,-0.08125438206333391
2020-05-05,0.0095085426537342,Equity Market Down 10%,Hypothetical,-0.0904914573462658
2020-05-06,0.0044290403140746,Equity Market Down 10%,Hypothetical,-0.09557095968592541
2020-05-07,0.0100659209768384,Equity Market Down 10%,Hypothetical,-0.08993407902316161
2020-05-08,0.0177273420810899,Equity Market Down 10%,Hypothetical,-0.08227265791891011
2020-05-11,0.0086978525427352,Equity Market Down 10%,Hypothetical,-0.09130214745726481
2020-05-12,-0.0201182141431743,Equity Market Down 10%,Hypothetical,-0.1201182141431743
2020-05-13,-0.0167814359663785,Equity Market Down 10%,Hypothetical,-0.11678143596637851
2020-05-14,0.0160563668641931,Equity Market Down 10%,Hypothetical,-0.08394363313580691
2020-05-15,0.0099531300110577,Equity Market Down 10%,Hypothetical,-0.0900468699889423
2020-05-18,0.0229994545026809,Equity Market Down 10%,Hypothetical,-0.0770005454973191
2020-05-19,-0.0048762115064735,Equity Market Down 10%,Hypothetical,-0.1048762115064735
2020-05-20,0.0209265100607378,Equity Market Down 10%,Hypothetical,-0.0790734899392622
2020-05-21,-0.0101702381800196,Equity Market Down 10%,Hypothetical,-0.1101702381800196
2020-05-22,0.0055293780322215,Equity Market Down 10%,Hypothetical,-0.0944706219677785
2020-05-26,0.0004777192857728,Equity Market Down 10%,Hypothetical,-0.09952228071422721
2020-05-27,0.0040587178170095,Equity Market Down 10%,Hypothetical,-0.0959412821829905
2020-05-28,-0.005934102486519,Equity Market Down 10%,Hypothetical,-0.10593410248651901
2020-05-29,0.0105467682464477,Equity Market Down 10%,Hypothetical,-0.0894532317535523
2020-06-01,0.0096983109291493,Equity Market Down 10%,Hypothetical,-0.0903016890708507
2020-06-02,0.0042581582008344,Equity Market Down 10%,Hypothetical,-0.0957418417991656
2020-06-03,0.0071672188632737,Equity Market Down 10%,Hypothetical,-0.0928327811367263
2020-06-04,-0.0073686088900682,Equity Market Down 10%,Hypothetical,-0.1073686088900682
2020-06-05,0.0271513187303961,Equity Market Down 10%,Hypothetical,-0.07284868126960391
2020-06-08,0.0091276196980514,Equity Market Down 10%,Hypothetical,-0.09087238030194861
2020-06-09,0.0119751471695313,Equity Market Down 10%,Hypothetical,-0.08802485283046871
2020-06-10,0.0148422430697424,Equity Market Down 10%,Hypothetical,-0.08515775693025761
2020-06-11,-0.0577179432565987,Equity Market Down 10%,Hypothetical,-0.1577179432565987
2020-06-12,0.0084371459018699,Equity Market Down 10%,Hypothetical,-0.0915628540981301
2020-06-15,0.0143211583053102,Equity Market Down 10%,Hypothetical,-0.08567884169468981
2020-06-16,0.0138658531368495,Equity Market Down 10%,Hypothetical,-0.0861341468631505
2020-06-17,0.0005615039077776,Equity Market Down 10%,Hypothetical,-0.09943849609222241
2020-06-18,0.0008702277749224,Equity Market Down 10%,Hypothetical,-0.0991297722250776
2020-06-19,-0.0027537255197329,Equity Market Down 10%,Hypothetical,-0.1027537255197329
2020-06-22,0.0161563010197748,Equity Market Down 10%,Hypothetical,-0.0838436989802252
2020-06-23,0.0101197579823384,Equity Market Down 10%,Hypothetical,-0.08988024201766161
2020-06-24,-0.024367583897438,Equity Market Down 10%,Hypothetical,-0.124367583897438
2020-06-25,0.0169396025879369,Equity Market Down 10%,Hypothetical,-0.08306039741206311
2020-06-26,-0.0372121118472727,Equity Market Down 10%,Hypothetical,-0.13721211184727272
2020-06-29,0.0142423832399971,Equity Market Down 10%,Hypothetical,-0.0857576167600029
2020-06-30,0.0218727965727681,Equity Market Down 10%,Hypothetical,-0.07812720342723191
2020-07-01,0.0094722313144647,Equity Market Down 10%,Hypothetical,-0.0905277686855353
2020-07-02,0.0085318172724531,Equity Market Down 10%,Hypothetical,-0.0914681827275469
2020-07-06,0.0309581751578015,Equity Market Down 10%,Hypothetical,-0.06904182484219851
2020-07-07,-0.0088308493023759,Equity Market Down 10%,Hypothetical,-0.10883084930237591
2020-07-08,0.0175059690094652,Equity Market Down 10%,Hypothetical,-0.0824940309905348
2020-07-09,0.0060850559661561,Equity Market Down 10%,Hypothetical,-0.0939149440338439
2020-07-10,0.0134516697667943,Equity Market Down 10%,Hypothetical,-0.08654833023320571
2020-07-13,-0.0166211174445236,Equity Market Down 10%,Hypothetical,-0.11662111744452361
2020-07-14,0.0133526527838648,Equity Market Down 10%,Hypothetical,-0.0866473472161352
2020-07-15,-0.0012522564609474,Equity Market Down 10%,Hypothetical,-0.1012522564609474
2020-07-16,-0.00823094601038,Equity Market Down 10%,Hypothetical,-0.10823094601038001
2020-07-17,-0.0039311536614861,Equity Market Down 10%,Hypothetical,-0.1039311536614861
2020-07-20,0.0282959556058562,Equity Market Down 10%,Hypothetical,-0.07170404439414381
2020-07-21,-0.0079875848329581,Equity Market Down 10%,Hypothetical,-0.1079875848329581
2020-07-22,0.0023601165305062,Equity Market Down 10%,Hypothetical,-0.0976398834694938
2020-07-23,-0.0316506242120563,Equity Market Down 10%,Hypothetical,-0.1316506242120563
2020-07-24,-0.0053486889036618,Equity Market Down 10%,Hypothetical,-0.10534868890366181
2020-07-27,0.0165024958001995,Equity Market Down 10%,Hypothetical,-0.08349750419980051
2020-07-28,-0.0139332662761028,Equity Market Down 10%,Hypothetical,-0.11393326627610281
2020-07-29,0.0168449791363762,Equity Market Down 10%,Hypothetical,-0.08315502086362381
2020-07-30,0.000387773505273,Equity Market Down 10%,Hypothetical,-0.09961222649472701
2020-07-31,0.0224740838105252,Equity Market Down 10%,Hypothetical,-0.0775259161894748
2020-08-03,0.0179407550310666,Equity Market Down 10%,Hypothetical,-0.08205924496893341
2020-08-04,0.0028575355450355,Equity Market Down 10%,Hypothetical,-0.09714246445496451
2020-08-05,0.006983267014855,Equity Market Down 10%,Hypothetical,-0.09301673298514501
2020-08-06,0.0155833915332158,Equity Market Down 10%,Hypothetical,-0.0844166084667842
2020-08-07,-0.009599368865657,Equity Market Down 10%,Hypothetical,-0.10959936886565701
2020-08-10,-0.0007185079801131,Equity Market Down 10%,Hypothetical,-0.1007185079801131
2020-08-11,-0.0169810025676834,Equity Market Down 10%,Hypothetical,-0.1169810025676834
2020-08-12,0.0301956564187234,Equity Market Down 10%,Hypothetical,-0.0698043435812766
2020-08-13,0.0042214797118306,Equity Market Down 10%,Hypothetical,-0.09577852028816941
2020-08-14,0.0018293068577993,Equity Market Down 10%,Hypothetical,-0.0981706931422007
2020-08-17,0.0135005126007539,Equity Market Down 10%,Hypothetical,-0.08649948739924611
2020-08-18,0.0075471738301874,Equity Market Down 10%,Hypothetical,-0.09245282616981261
2020-08-19,-0.0051943842134251,Equity Market Down 10%,Hypothetical,-0.10519438421342511
2020-08-20,0.0131079085595091,Equity Market Down 10%,Hypothetical,-0.0868920914404909
2020-08-21,0.0156012692121048,Equity Market Down 10%,Hypothetical,-0.0843987307878952
2020-08-24,0.0078917600262449,Equity Market Down 10%,Hypothetical,-0.09210823997375511
2020-08-25,0.0044168602870968,Equity Market Down 10%,Hypothetical,-0.0955831397129032
2020-08-26,0.0153701986731032,Equity Market Down 10%,Hypothetical,-0.0846298013268968
2020-08-27,0.0008625111226832,Equity Market Down 10%,Hypothetical,-0.09913748887731681
2020-08-28,0.0095057560262144,Equity Market Down 10%,Hypothetical,-0.09049424397378561
2020-08-31,0.0099109299825194,Equity Market Down 10%,Hypothetical,-0.09008907001748061
2020-09-01,0.0142188566501244,Equity Market Down 10%,Hypothetical,-0.0857811433498756
2020-09-02,0.0094299908500991,Equity Market Down 10%,Hypothetical,-0.0905700091499009
2020-09-03,-0.0585715881836838,Equity Market Down 10%,Hypothetical,-0.1585715881836838
2020-09-04,-0.010462690208665,Equity Market Down 10%,Hypothetical,-0.110462690208665
2020-09-08,-0.0585447974424062,Equity Market Down 10%,Hypothetical,-0.1585447974424062
2020-09-09,0.036158438074905,Equity Market Down 10%,Hypothetical,-0.063841561925095
2020-09-10,-0.0238762423388497,Equity Market Down 10%,Hypothetical,-0.12387624233884971
2020-09-11,-0.0072800118226899,Equity Market Down 10%,Hypothetical,-0.10728001182268991
2020-09-14,0.0225728345496739,Equity Market Down 10%,Hypothetical,-0.0774271654503261
2020-09-15,0.0082737642468258,Equity Market Down 10%,Hypothetical,-0.0917262357531742
2020-09-16,-0.0184885344436794,Equity Market Down 10%,Hypothetical,-0.1184885344436794
2020-09-17,-0.0145673499781694,Equity Market Down 10%,Hypothetical,-0.1145673499781694
2020-09-18,-0.0147302128425503,Equity Market Down 10%,Hypothetical,-0.1147302128425503
2020-09-21,0.0046034233907576,Equity Market Down 10%,Hypothetical,-0.0953965766092424
2020-09-22,0.0109702769963497,Equity Market Down 10%,Hypothetical,-0.08902972300365031
2020-09-23,-0.0377747927620654,Equity Market Down 10%,Hypothetical,-0.1377747927620654
2020-09-24,0.0093079476491913,Equity Market Down 10%,Hypothetical,-0.09069205235080871
2020-09-25,0.0270924113847673,Equity Market Down 10%,Hypothetical,-0.07290758861523271
2020-09-28,0.0175997127289743,Equity Market Down 10%,Hypothetical,-0.0824002872710257
2020-09-29,-0.0027993595369976,Equity Market Down 10%,Hypothetical,-0.1027993595369976
2020-09-30,0.0121724767958214,Equity Market Down 10%,Hypothetical,-0.08782752320417861
2020-10-01,0.0101444438873403,Equity Market Down 10%,Hypothetical,-0.0898555561126597
2020-10-02,-0.0270561157727741,Equity Market Down 10%,Hypothetical,-0.1270561157727741
2020-10-05,0.0261699339999677,Equity Market Down 10%,Hypothetical,-0.07383006600003231
2020-10-06,-0.0180085377564139,Equity Market Down 10%,Hypothetical,-0.1180085377564139
2020-10-07,0.0167630423756256,Equity Market Down 10%,Hypothetical,-0.08323695762437441
2020-10-08,0.0061132457023014,Equity Market Down 10%,Hypothetical,-0.0938867542976986
2020-10-09,0.0116666494430646,Equity Market Down 10%,Hypothetical,-0.0883333505569354
2020-10-12,0.0337081632277755,Equity Market Down 10%,Hypothetical,-0.0662918367722245
2020-10-13,-0.0054280978860327,Equity Market Down 10%,Hypothetical,-0.1054280978860327
2020-10-14,-0.0067024873936852,Equity Market Down 10%,Hypothetical,-0.10670248739368521
2020-10-15,-0.0041766280635412,Equity Market Down 10%,Hypothetical,-0.10417662806354121
2020-10-16,-0.0068307767587273,Equity Market Down 10%,Hypothetical,-0.1068307767587273
2020-10-19,-0.0222913660934349,Equity Market Down 10%,Hypothetical,-0.12229136609343491
2020-10-20,0.0072154405108051,Equity Market Down 10%,Hypothetical,-0.09278455948919491
2020-10-21,-0.000874006196435,Equity Market Down 10%,Hypothetical,-0.10087400619643501
2020-10-22,0.0040222822828565,Equity Market Down 10%,Hypothetical,-0.0959777177171435
2020-10-23,0.0059593560795814,Equity Market Down 10%,Hypothetical,-0.09404064392041861
2020-10-26,-0.0185637109488261,Equity Market Down 10%,Hypothetical,-0.1185637109488261
2020-10-27,0.0096920871373276,Equity Market Down 10%,Hypothetical,-0.09030791286267241
2020-10-28,-0.0473474996992285,Equity Market Down 10%,Hypothetical,-0.1473474996992285
2020-10-29,0.0230418432286829,Equity Market Down 10%,Hypothetical,-0.07695815677131711
2020-10-30,-0.026320283794383,Equity Market Down 10%,Hypothetical,-0.126320283794383
2020-11-02,0.0064091431479297,Equity Market Down 10%,Hypothetical,-0.0935908568520703
2020-11-03,0.021244720231136,Equity Market Down 10%,Hypothetical,-0.07875527976886401
2020-11-04,0.0409801983818748,Equity Market Down 10%,Hypothetical,-0.05901980161812521
2020-11-05,0.0261636698366535,Equity Market Down 10%,Hypothetical,-0.07383633016334651
2020-11-06,-0.0002922521146025,Equity Market Down 10%,Hypothetical,-0.1002922521146025
2020-11-09,-0.0072207686319368,Equity Market Down 10%,Hypothetical,-0.1072207686319368
2020-11-10,-0.0215829009676987,Equity Market Down 10%,Hypothetical,-0.1215829009676987
2020-11-11,0.0204066970841633,Equity Market Down 10%,Hypothetical,-0.0795933029158367
2020-11-12,-0.0054253735114787,Equity Market Down 10%,Hypothetical,-0.10542537351147871
2020-11-13,0.0032398456875806,Equity Market Down 10%,Hypothetical,-0.09676015431241941
2020-11-16,0.0109069250962342,Equity Market Down 10%,Hypothetical,-0.0890930749037658
2020-11-17,-0.0028218466562008,Equity Market Down 10%,Hypothetical,-0.10282184665620081
2020-11-18,-0.0058339407046179,Equity Market Down 10%,Hypothetical,-0.10583394070461791
2020-11-19,0.0043853613312855,Equity Market Down 10%,Hypothetical,-0.0956146386687145
2020-11-20,-0.0128628758503335,Equity Market Down 10%,Hypothetical,-0.1128628758503335
2020-11-23,0.0028359537496316,Equity Market Down 10%,Hypothetical,-0.09716404625036841
2020-11-24,0.0181328393676056,Equity Market Down 10%,Hypothetical,-0.08186716063239441
2020-11-25,0.0053289131550317,Equity Market Down 10%,Hypothetical,-0.0946710868449683
2020-11-27,0.0045164608886291,Equity Market Down 10%,Hypothetical,-0.0954835391113709
2020-11-30,-0.0051450499616769,Equity Market Down 10%,Hypothetical,-0.10514504996167691
2020-12-01,0.0173265056918828,Equity Market Down 10%,Hypothetical,-0.08267349430811721
2020-12-02,0.0062939399374098,Equity Market Down 10%,Hypothetical,-0.0937060600625902
2020-12-03,-0.0023657824399249,Equity Market Down 10%,Hypothetical,-0.1023657824399249
2020-12-04,0.0032518294477417,Equity Market Down 10%,Hypothetical,-0.0967481705522583
2020-12-07,0.0052833540510485,Equity Market Down 10%,Hypothetical,-0.0947166459489515
2020-12-08,0.0016079381126854,Equity Market Down 10%,Hypothetical,-0.0983920618873146
2020-12-09,-0.0213748266318285,Equity Market Down 10%,Hypothetical,-0.1213748266318285
2020-12-10,0.0030336055766532,Equity Market Down 10%,Hypothetical,-0.0969663944233468
2020-12-11,-0.0012961437377509,Equity Market Down 10%,Hypothetical,-0.10129614373775091
2020-12-14,0.002479195302054,Equity Market Down 10%,Hypothetical,-0.09752080469794601
2020-12-15,0.0139774507898185,Equity Market Down 10%,Hypothetical,-0.0860225492101815
2020-12-16,0.0044616473729432,Equity Market Down 10%,Hypothetical,-0.0955383526270568
2020-12-17,0.0031264072487955,Equity Market Down 10%,Hypothetical,-0.09687359275120451
2020-12-18,-0.0050430342194507,Equity Market Down 10%,Hypothetical,-0.1050430342194507
2020-12-21,0.0048944619662262,Equity Market Down 10%,Hypothetical,-0.0951055380337738
2020-12-22,0.0007520066584987,Equity Market Down 10%,Hypothetical,-0.0992479933415013
2020-12-23,-0.0022318987876566,Equity Market Down 10%,Hypothetical,-0.10223189878765661
2020-12-24,0.0033760338038929,Equity Market Down 10%,Hypothetical,-0.09662396619610711
2020-12-28,0.0166232438682762,Equity Market Down 10%,Hypothetical,-0.08337675613172381
2020-12-29,-0.0029802474716436,Equity Market Down 10%,Hypothetical,-0.10298024747164361
2020-12-30,-0.0018135689909089,Equity Market Down 10%,Hypothetical,-0.1018135689909089
2020-12-31,0.0006981545534938,Equity Market Down 10%,Hypothetical,-0.0993018454465062
2021-01-04,-0.0111441926635346,Equity Market Down 10%,Hypothetical,-0.1111441926635346
2021-01-05,0.0106554394416097,Equity Market Down 10%,Hypothetical,-0.08934456055839031
2021-01-06,-0.0155460789987512,Equity Market Down 10%,Hypothetical,-0.1155460789987512
2021-01-07,0.0323109404342893,Equity Market Down 10%,Hypothetical,-0.0676890595657107
2021-01-08,0.0078288876861253,Equity Market Down 10%,Hypothetical,-0.0921711123138747
2021-01-11,-0.0103408795836165,Equity Market Down 10%,Hypothetical,-0.1103408795836165
2021-01-12,-0.0010775167495958,Equity Market Down 10%,Hypothetical,-0.10107751674959581
2021-01-13,0.0074465162325404,Equity Market Down 10%,Hypothetical,-0.0925534837674596
2021-01-14,-0.0111512000256056,Equity Market Down 10%,Hypothetical,-0.1111512000256056
2021-01-15,-0.0120249857270766,Equity Market Down 10%,Hypothetical,-0.1120249857270766
2021-01-19,0.0130981453180764,Equity Market Down 10%,Hypothetical,-0.0869018546819236
2021-01-20,0.025954981395504,Equity Market Down 10%,Hypothetical,-0.074045018604496
2021-01-21,0.0136616996780362,Equity Market Down 10%,Hypothetical,-0.08633830032196381
2021-01-22,1.9308800999248265e-06,Equity Market Down 10%,Hypothetical,-0.09999806911990008
2021-01-25,0.0081471209620667,Equity Market Down 10%,Hypothetical,-0.09185287903793331
2021-01-26,8.081499374491471e-05,Equity Market Down 10%,Hypothetical,-0.09991918500625509
2021-01-27,-0.0225042665491913,Equity Market Down 10%,Hypothetical,-0.1225042665491913
2021-01-28,0.0005430918759709,Equity Market Down 10%,Hypothetical,-0.0994569081240291
2021-01-29,-0.0221364075620553,Equity Market Down 10%,Hypothetical,-0.12213640756205531
2021-02-01,0.0231340075529865,Equity Market Down 10%,Hypothetical,-0.0768659924470135
2021-02-02,0.0146287174106725,Equity Market Down 10%,Hypothetical,-0.08537128258932751
2021-02-03,0.0071421971278177,Equity Market Down 10%,Hypothetical,-0.0928578028721823
2021-02-04,0.0078855941216992,Equity Market Down 10%,Hypothetical,-0.0921144058783008
2021-02-05,0.0021734329179066,Equity Market Down 10%,Hypothetical,-0.0978265670820934
2021-02-08,0.0123829122622737,Equity Market Down 10%,Hypothetical,-0.0876170877377263
2021-02-09,-0.0037917691217362,Equity Market Down 10%,Hypothetical,-0.10379176912173621
2021-02-10,0.002508384572792,Equity Market Down 10%,Hypothetical,-0.09749161542720801
2021-02-11,0.0034217536070991,Equity Market Down 10%,Hypothetical,-0.0965782463929009
2021-02-12,0.0002164678260948,Equity Market Down 10%,Hypothetical,-0.0997835321739052
2021-02-16,0.0028025845952641,Equity Market Down 10%,Hypothetical,-0.0971974154047359
2021-02-17,-0.0040613593321998,Equity Market Down 10%,Hypothetical,-0.1040613593321998
2021-02-18,-0.0044467469812324,Equity Market Down 10%,Hypothetical,-0.10444674698123241
2021-02-19,-0.004166276598482,Equity Market Down 10%,Hypothetical,-0.104166276598482
2021-02-22,-0.0212847687244261,Equity Market Down 10%,Hypothetical,-0.1212847687244261
2021-02-23,-0.0008378892926838,Equity Market Down 10%,Hypothetical,-0.10083788929268381
2021-02-24,0.0101251841486949,Equity Market Down 10%,Hypothetical,-0.0898748158513051
2021-02-25,-0.0389086903680049,Equity Market Down 10%,Hypothetical,-0.1389086903680049
2021-02-26,0.0052607938675587,Equity Market Down 10%,Hypothetical,-0.0947392061324413
2021-03-01,0.0277411123532061,Equity Market Down 10%,Hypothetical,-0.0722588876467939
2021-03-02,-0.0169058194014747,Equity Market Down 10%,Hypothetical,-0.11690581940147471
2021-03-03,-0.0226110007354685,Equity Market Down 10%,Hypothetical,-0.1226110007354685
2021-03-04,-0.0102821032310823,Equity Market Down 10%,Hypothetical,-0.11028210323108231
2021-03-05,0.013635025230945,Equity Market Down 10%,Hypothetical,-0.08636497476905501
2021-03-08,-0.0311236053331435,Equity Market Down 10%,Hypothetical,-0.13112360533314352
2021-03-09,0.038767281020769,Equity Market Down 10%,Hypothetical,-0.06123271897923101
2021-03-10,-0.0009628209655031,Equity Market Down 10%,Hypothetical,-0.1009628209655031
2021-03-11,0.0209715407015242,Equity Market Down 10%,Hypothetical,-0.07902845929847581
2021-03-12,-0.0063432474823132,Equity Market Down 10%,Hypothetical,-0.1063432474823132
2021-03-15,0.0079649730140773,Equity Market Down 10%,Hypothetical,-0.09203502698592271
2021-03-16,0.0038423838890491,Equity Market Down 10%,Hypothetical,-0.0961576161109509
2021-03-17,0.0037235219168583,Equity Market Down 10%,Hypothetical,-0.0962764780831417
2021-03-18,-0.0282739726216031,Equity Market Down 10%,Hypothetical,-0.12827397262160312
2021-03-19,0.0028733131145857,Equity Market Down 10%,Hypothetical,-0.0971266868854143
2021-03-22,0.0131497139056308,Equity Market Down 10%,Hypothetical,-0.0868502860943692
2021-03-23,-0.0028096995439008,Equity Market Down 10%,Hypothetical,-0.1028096995439008
2021-03-24,-0.0143161443012536,Equity Market Down 10%,Hypothetical,-0.1143161443012536
2021-03-25,-0.002400744751552,Equity Market Down 10%,Hypothetical,-0.102400744751552
2021-03-26,0.0098331952486573,Equity Market Down 10%,Hypothetical,-0.0901668047513427
2021-03-29,0.0018467017181016,Equity Market Down 10%,Hypothetical,-0.09815329828189841
2021-03-30,-0.004886744010543,Equity Market Down 10%,Hypothetical,-0.104886744010543
2021-03-31,0.0148975051289305,Equity Market Down 10%,Hypothetical,-0.08510249487106951
2021-04-01,0.0178852432962653,Equity Market Down 10%,Hypothetical,-0.0821147567037347
2021-04-05,0.0208425470081386,Equity Market Down 10%,Hypothetical,-0.0791574529918614
2021-04-06,-0.0041521528244085,Equity Market Down 10%,Hypothetical,-0.10415215282440851
2021-04-07,0.0114955998144262,Equity Market Down 10%,Hypothetical,-0.0885044001855738
2021-04-08,0.0091814868515578,Equity Market Down 10%,Hypothetical,-0.0908185131484422
2021-04-09,0.0110704923808626,Equity Market Down 10%,Hypothetical,-0.0889295076191374
2021-04-12,0.0057454213793449,Equity Market Down 10%,Hypothetical,-0.0942545786206551
2021-04-13,0.0145104300055418,Equity Market Down 10%,Hypothetical,-0.08548956999445821
2021-04-14,-0.0152013563618406,Equity Market Down 10%,Hypothetical,-0.1152013563618406
2021-04-15,0.0209723308540194,Equity Market Down 10%,Hypothetical,-0.07902766914598061
2021-04-16,-0.0010220415828438,Equity Market Down 10%,Hypothetical,-0.10102204158284381
2021-04-19,-0.0090418239050614,Equity Market Down 10%,Hypothetical,-0.10904182390506141
2021-04-20,-0.0083975227878752,Equity Market Down 10%,Hypothetical,-0.1083975227878752
2021-04-21,0.0078676620649871,Equity Market Down 10%,Hypothetical,-0.09213233793501291
2021-04-22,-0.0176892593983796,Equity Market Down 10%,Hypothetical,-0.1176892593983796
2021-04-23,0.0171347629216682,Equity Market Down 10%,Hypothetical,-0.08286523707833181
2021-04-26,0.0060543770452837,Equity Market Down 10%,Hypothetical,-0.09394562295471631
2021-04-27,-0.0030577037534094,Equity Market Down 10%,Hypothetical,-0.1030577037534094
2021-04-28,-0.0004376542664534,Equity Market Down 10%,Hypothetical,-0.1004376542664534
2021-04-29,0.0066588269998221,Equity Market Down 10%,Hypothetical,-0.09334117300017791
2021-04-30,-0.0091670730767055,Equity Market Down 10%,Hypothetical,-0.1091670730767055
2021-05-03,-0.0032912532063521,Equity Market Down 10%,Hypothetical,-0.1032912532063521
2021-05-04,-0.0175650661548265,Equity Market Down 10%,Hypothetical,-0.11756506615482651
2021-05-05,0.0019947971656393,Equity Market Down 10%,Hypothetical,-0.0980052028343607
2021-05-06,0.0102404327528975,Equity Market Down 10%,Hypothetical,-0.0897595672471025
2021-05-07,0.0077133673326773,Equity Market Down 10%,Hypothetical,-0.0922866326673227
2021-05-10,-0.0246847446364555,Equity Market Down 10%,Hypothetical,-0.12468474463645551
2021-05-11,-0.0068034696305063,Equity Market Down 10%,Hypothetical,-0.10680346963050631
2021-05-12,-0.024872188100387,Equity Market Down 10%,Hypothetical,-0.124872188100387
2021-05-13,0.0078326752604864,Equity Market Down 10%,Hypothetical,-0.09216732473951361
2021-05-14,0.023574368833975,Equity Market Down 10%,Hypothetical,-0.07642563116602501
2021-05-17,-0.0023297548676178,Equity Market Down 10%,Hypothetical,-0.1023297548676178
2021-05-18,-0.0109108172684742,Equity Market Down 10%,Hypothetical,-0.11091081726847421
2021-05-19,-0.0017370624445702,Equity Market Down 10%,Hypothetical,-0.1017370624445702
2021-05-20,0.0164005599185188,Equity Market Down 10%,Hypothetical,-0.08359944008148121
2021-05-21,-0.0011877850864472,Equity Market Down 10%,Hypothetical,-0.1011877850864472
2021-05-24,0.0207975756312967,Equity Market Down 10%,Hypothetical,-0.07920242436870331
2021-05-25,-0.0004902804424488,Equity Market Down 10%,Hypothetical,-0.1004902804424488
2021-05-26,0.0029541186036091,Equity Market Down 10%,Hypothetical,-0.0970458813963909
2021-05-27,-0.0047902586002051,Equity Market Down 10%,Hypothetical,-0.1047902586002051
2021-05-28,0.0044581145115684,Equity Market Down 10%,Hypothetical,-0.09554188548843161
2021-06-01,0.0013428405668011,Equity Market Down 10%,Hypothetical,-0.0986571594331989
2021-06-02,0.0046544078459739,Equity Market Down 10%,Hypothetical,-0.0953455921540261
2021-06-03,-0.0068434241050896,Equity Market Down 10%,Hypothetical,-0.10684342410508961
2021-06-04,0.0176548699453074,Equity Market Down 10%,Hypothetical,-0.0823451300546926
2021-06-07,0.0022403879508768,Equity Market Down 10%,Hypothetical,-0.0977596120491232
2021-06-08,0.0011980763393586,Equity Market Down 10%,Hypothetical,-0.0988019236606414
2021-06-09,-0.0005174888480515,Equity Market Down 10%,Hypothetical,-0.1005174888480515
2021-06-10,0.0041258657123055,Equity Market Down 10%,Hypothetical,-0.0958741342876945
2021-06-11,0.0042723024730148,Equity Market Down 10%,Hypothetical,-0.0957276975269852
2021-06-14,0.0093296466691764,Equity Market Down 10%,Hypothetical,-0.0906703533308236
2021-06-15,-0.0060791397156716,Equity Market Down 10%,Hypothetical,-0.10607913971567161
2021-06-16,0.0005585861606467,Equity Market Down 10%,Hypothetical,-0.0994414138393533
2021-06-17,0.0116394229329936,Equity Market Down 10%,Hypothetical,-0.08836057706700641
2021-06-18,-0.0096228353051814,Equity Market Down 10%,Hypothetical,-0.10962283530518141
2021-06-21,0.0081520487289025,Equity Market Down 10%,Hypothetical,-0.0918479512710975
2021-06-22,0.0118743214744103,Equity Market Down 10%,Hypothetical,-0.08812567852558971
2021-06-23,0.0039549140171309,Equity Market Down 10%,Hypothetical,-0.09604508598286911
2021-06-24,0.0039121060046508,Equity Market Down 10%,Hypothetical,-0.0960878939953492
2021-06-25,-0.0031280147917344,Equity Market Down 10%,Hypothetical,-0.1031280147917344
2021-06-28,0.01491476575925,Equity Market Down 10%,Hypothetical,-0.08508523424075001
2021-06-29,0.002031453062336,Equity Market Down 10%,Hypothetical,-0.097968546937664
2021-06-30,0.0009700792418869,Equity Market Down 10%,Hypothetical,-0.09902992075811311
2021-07-01,0.0049838243077148,Equity Market Down 10%,Hypothetical,-0.09501617569228521
2021-07-02,0.0142291824179887,Equity Market Down 10%,Hypothetical,-0.0857708175820113
2021-07-06,0.0050519187337904,Equity Market Down 10%,Hypothetical,-0.0949480812662096
2021-07-07,0.0012126119340382,Equity Market Down 10%,Hypothetical,-0.09878738806596181
2021-07-08,-0.0091312743429873,Equity Market Down 10%,Hypothetical,-0.1091312743429873
2021-07-09,0.0093493235609769,Equity Market Down 10%,Hypothetical,-0.09065067643902311
2021-07-12,0.0077524344031416,Equity Market Down 10%,Hypothetical,-0.0922475655968584
2021-07-13,-0.0020752047575033,Equity Market Down 10%,Hypothetical,-0.1020752047575033
2021-07-14,-0.0003637718529822,Equity Market Down 10%,Hypothetical,-0.1003637718529822
2021-07-15,-0.0111071616937662,Equity Market Down 10%,Hypothetical,-0.11110716169376621
2021-07-16,-0.0158459049893334,Equity Market Down 10%,Hypothetical,-0.1158459049893334
2021-07-19,-0.0118241582202528,Equity Market Down 10%,Hypothetical,-0.11182415822025281
2021-07-20,0.0116497970601766,Equity Market Down 10%,Hypothetical,-0.0883502029398234
2021-07-21,0.0119078389761722,Equity Market Down 10%,Hypothetical,-0.0880921610238278
2021-07-22,0.0065305136183577,Equity Market Down 10%,Hypothetical,-0.0934694863816423
2021-07-23,0.0100749958023783,Equity Market Down 10%,Hypothetical,-0.0899250041976217
2021-07-26,0.00302460037158,Equity Market Down 10%,Hypothetical,-0.09697539962842
2021-07-27,-0.0107078003823772,Equity Market Down 10%,Hypothetical,-0.11070780038237721
2021-07-28,0.0035929455377537,Equity Market Down 10%,Hypothetical,-0.0964070544622463
2021-07-29,0.0032614234448871,Equity Market Down 10%,Hypothetical,-0.0967385765551129
2021-07-30,-0.0119368286011627,Equity Market Down 10%,Hypothetical,-0.1119368286011627
2021-08-02,0.0026213998813739,Equity Market Down 10%,Hypothetical,-0.0973786001186261
2021-08-03,0.0081504489674711,Equity Market Down 10%,Hypothetical,-0.09184955103252891
2021-08-04,0.0006978027552952,Equity Market Down 10%,Hypothetical,-0.0993021972447048
2021-08-05,0.0069900596638734,Equity Market Down 10%,Hypothetical,-0.09300994033612661
2021-08-06,-0.0014450712781358,Equity Market Down 10%,Hypothetical,-0.1014450712781358
2021-08-09,-0.0008298638203634,Equity Market Down 10%,Hypothetical,-0.10082986382036341
2021-08-10,-0.0032008880060567,Equity Market Down 10%,Hypothetical,-0.1032008880060567
2021-08-11,-0.0018974783423065,Equity Market Down 10%,Hypothetical,-0.1018974783423065
2021-08-12,0.0096142954052659,Equity Market Down 10%,Hypothetical,-0.0903857045947341
2021-08-13,0.0026055990784754,Equity Market Down 10%,Hypothetical,-0.0973944009215246
2021-08-16,0.0001510081255074,Equity Market Down 10%,Hypothetical,-0.0998489918744926
2021-08-17,-0.0123424633598839,Equity Market Down 10%,Hypothetical,-0.1123424633598839
2021-08-18,-0.0127125198167003,Equity Market Down 10%,Hypothetical,-0.1127125198167003
2021-08-19,0.0068291127960265,Equity Market Down 10%,Hypothetical,-0.09317088720397351
2021-08-20,0.0165964500954588,Equity Market Down 10%,Hypothetical,-0.08340354990454121
2021-08-23,0.0193250364853512,Equity Market Down 10%,Hypothetical,-0.08067496351464881
2021-08-24,0.001074023521585,Equity Market Down 10%,Hypothetical,-0.098925976478415
2021-08-25,0.0035250795561885,Equity Market Down 10%,Hypothetical,-0.09647492044381151
2021-08-26,-0.0052598729712899,Equity Market Down 10%,Hypothetical,-0.1052598729712899
2021-08-27,0.0122339985302048,Equity Market Down 10%,Hypothetical,-0.08776600146979521
2021-08-30,0.0109564575954493,Equity Market Down 10%,Hypothetical,-0.0890435424045507
2021-08-31,-0.0040004370650715,Equity Market Down 10%,Hypothetical,-0.1040004370650715
2021-09-01,0.0013700530908705,Equity Market Down 10%,Hypothetical,-0.0986299469091295
2021-09-02,0.0004677742098199,Equity Market Down 10%,Hypothetical,-0.0995322257901801
2021-09-03,0.0038622720561086,Equity Market Down 10%,Hypothetical,-0.0961377279438914
2021-09-07,0.0040939577071789,Equity Market Down 10%,Hypothetical,-0.09590604229282111
2021-09-08,-0.0062641762601312,Equity Market Down 10%,Hypothetical,-0.10626417626013121
2021-09-09,-0.0047148092290617,Equity Market Down 10%,Hypothetical,-0.1047148092290617
2021-09-10,-0.011333599984792,Equity Market Down 10%,Hypothetical,-0.111333599984792
2021-09-13,0.004226435676304,Equity Market Down 10%,Hypothetical,-0.095773564323696
2021-09-14,-0.0025804428587007,Equity Market Down 10%,Hypothetical,-0.1025804428587007
2021-09-15,0.0098030564019162,Equity Market Down 10%,Hypothetical,-0.0901969435980838
2021-09-16,-0.0017021734939762,Equity Market Down 10%,Hypothetical,-0.1017021734939762
2021-09-17,-0.0128200772568799,Equity Market Down 10%,Hypothetical,-0.11282007725687991
2021-09-20,-0.0257479321530816,Equity Market Down 10%,Hypothetical,-0.1257479321530816
2021-09-21,0.002544573964431,Equity Market Down 10%,Hypothetical,-0.097455426035569
2021-09-22,0.0137661121826511,Equity Market Down 10%,Hypothetical,-0.0862338878173489
2021-09-23,0.0126248735029512,Equity Market Down 10%,Hypothetical,-0.0873751264970488
2021-09-24,0.0021360566761943,Equity Market Down 10%,Hypothetical,-0.0978639433238057
2021-09-27,-0.0042117339093529,Equity Market Down 10%,Hypothetical,-0.1042117339093529
2021-09-28,-0.0272061606237109,Equity Market Down 10%,Hypothetical,-0.1272061606237109
2021-09-29,-0.0011201426496372,Equity Market Down 10%,Hypothetical,-0.1011201426496372
2021-09-30,-0.0064131528975232,Equity Market Down 10%,Hypothetical,-0.1064131528975232
2021-10-01,0.0122188013792445,Equity Market Down 10%,Hypothetical,-0.08778119862075551
2021-10-04,-0.0228955340117624,Equity Market Down 10%,Hypothetical,-0.1228955340117624
2021-10-05,0.0171934978254405,Equity Market Down 10%,Hypothetical,-0.08280650217455951
2021-10-06,0.0073400111727452,Equity Market Down 10%,Hypothetical,-0.0926599888272548
2021-10-07,0.0099221577505744,Equity Market Down 10%,Hypothetical,-0.09007784224942561
2021-10-08,-0.0009212356997229,Equity Market Down 10%,Hypothetical,-0.1009212356997229
2021-10-11,-0.0066910713352413,Equity Market Down 10%,Hypothetical,-0.1066910713352413
2021-10-12,-0.0050959626475217,Equity Market Down 10%,Hypothetical,-0.1050959626475217
2021-10-13,0.0024649484407763,Equity Market Down 10%,Hypothetical,-0.0975350515592237
2021-10-14,0.0213107530444878,Equity Market Down 10%,Hypothetical,-0.0786892469555122
2021-10-15,0.0106199851466378,Equity Market Down 10%,Hypothetical,-0.08938001485336221
2021-10-18,0.0111203753335496,Equity Market Down 10%,Hypothetical,-0.08887962466645041
2021-10-19,0.0064306556573288,Equity Market Down 10%,Hypothetical,-0.09356934434267121
2021-10-20,0.0001924997788039,Equity Market Down 10%,Hypothetical,-0.09980750022119611
2021-10-21,0.0074092708333263,Equity Market Down 10%,Hypothetical,-0.0925907291666737
2021-10-22,-0.0069120649733593,Equity Market Down 10%,Hypothetical,-0.10691206497335931
2021-10-25,0.0088624432563507,Equity Market Down 10%,Hypothetical,-0.0911375567436493
2021-10-26,0.0142727822411719,Equity Market Down 10%,Hypothetical,-0.0857272177588281
2021-10-27,0.0060848118550024,Equity Market Down 10%,Hypothetical,-0.09391518814499761
2021-10-28,0.0142409662026315,Equity Market Down 10%,Hypothetical,-0.0857590337973685
2021-10-29,0.0058219041703185,Equity Market Down 10%,Hypothetical,-0.09417809582968151
2021-11-01,-0.0001738796825433,Equity Market Down 10%,Hypothetical,-0.10017387968254331
2021-11-02,0.0053147469190865,Equity Market Down 10%,Hypothetical,-0.09468525308091351
2021-11-03,0.0085996257726069,Equity Market Down 10%,Hypothetical,-0.09140037422739311
2021-11-04,0.0215702249864113,Equity Market Down 10%,Hypothetical,-0.0784297750135887
2021-11-05,0.0025782350108223,Equity Market Down 10%,Hypothetical,-0.0974217649891777
2021-11-08,0.0028031576172629,Equity Market Down 10%,Hypothetical,-0.09719684238273711
2021-11-09,-0.0052526497684644,Equity Market Down 10%,Hypothetical,-0.1052526497684644
2021-11-10,-0.0174993970949307,Equity Market Down 10%,Hypothetical,-0.11749939709493071
2021-11-11,0.0045958280875087,Equity Market Down 10%,Hypothetical,-0.0954041719124913
2021-11-12,0.0081285609409913,Equity Market Down 10%,Hypothetical,-0.0918714390590087
2021-11-15,-0.0023213895420455,Equity Market Down 10%,Hypothetical,-0.1023213895420455
2021-11-16,0.0041950792402718,Equity Market Down 10%,Hypothetical,-0.09580492075972821
2021-11-17,-0.0009145316065743,Equity Market Down 10%,Hypothetical,-0.1009145316065743
2021-11-18,0.0224037354353862,Equity Market Down 10%,Hypothetical,-0.0775962645646138
2021-11-19,0.0071550855621381,Equity Market Down 10%,Hypothetical,-0.0928449144378619
2021-11-22,-0.0075028416478002,Equity Market Down 10%,Hypothetical,-0.1075028416478002
2021-11-23,0.0004766827656896,Equity Market Down 10%,Hypothetical,-0.0995233172343104
2021-11-24,0.0060231782986091,Equity Market Down 10%,Hypothetical,-0.0939768217013909
2021-11-26,-0.0292111196769653,Equity Market Down 10%,Hypothetical,-0.1292111196769653
2021-11-29,0.0244739159497292,Equity Market Down 10%,Hypothetical,-0.07552608405027081
2021-11-30,-0.009264770260685,Equity Market Down 10%,Hypothetical,-0.10926477026068501
2021-12-01,-0.0141108624126236,Equity Market Down 10%,Hypothetical,-0.11411086241262361
2021-12-02,0.0059161206470564,Equity Market Down 10%,Hypothetical,-0.0940838793529436
2021-12-03,-0.0197617829839541,Equity Market Down 10%,Hypothetical,-0.11976178298395411
2021-12-06,0.0087910348383675,Equity Market Down 10%,Hypothetical,-0.0912089651616325
2021-12-07,0.0334019060864244,Equity Market Down 10%,Hypothetical,-0.0665980939135756
2021-12-08,0.0037724642193206,Equity Market Down 10%,Hypothetical,-0.0962275357806794
2021-12-09,-0.0121833017624969,Equity Market Down 10%,Hypothetical,-0.11218330176249691
2021-12-10,0.0084672993901198,Equity Market Down 10%,Hypothetical,-0.09153270060988021
2021-12-13,-0.0232149290676723,Equity Market Down 10%,Hypothetical,-0.12321492906767231
2021-12-14,-0.0069467119682968,Equity Market Down 10%,Hypothetical,-0.1069467119682968
2021-12-15,0.026160001369946,Equity Market Down 10%,Hypothetical,-0.073839998630054
2021-12-16,-0.029082738105056,Equity Market Down 10%,Hypothetical,-0.129082738105056
2021-12-17,-0.0100201282676504,Equity Market Down 10%,Hypothetical,-0.11002012826765041
2021-12-20,-0.0116541763745708,Equity Market Down 10%,Hypothetical,-0.11165417637457081
2021-12-21,0.0239446334484909,Equity Market Down 10%,Hypothetical,-0.0760553665515091
2021-12-22,0.0143335839373102,Equity Market Down 10%,Hypothetical,-0.0856664160626898
2021-12-23,0.0070047131517745,Equity Market Down 10%,Hypothetical,-0.0929952868482255
2021-12-27,0.0188395695647687,Equity Market Down 10%,Hypothetical,-0.0811604304352313
2021-12-28,-0.0047397699887866,Equity Market Down 10%,Hypothetical,-0.1047397699887866
2021-12-29,-0.0028787478246672,Equity Market Down 10%,Hypothetical,-0.1028787478246672
2021-12-30,-0.0061952717509293,Equity Market Down 10%,Hypothetical,-0.1061952717509293
2021-12-31,-0.0068023276776083,Equity Market Down 10%,Hypothetical,-0.1068023276776083
2022-01-03,0.0207613445664578,Equity Market Down 10%,Hypothetical,-0.07923865543354221
2022-01-04,-0.0094737683871155,Equity Market Down 10%,Hypothetical,-0.1094737683871155
2022-01-05,-0.0327291527551604,Equity Market Down 10%,Hypothetical,-0.1327291527551604
2022-01-06,-0.0018584507101465,Equity Market Down 10%,Hypothetical,-0.1018584507101465
2022-01-07,-0.0074288524663657,Equity Market Down 10%,Hypothetical,-0.1074288524663657
2022-01-10,0.0029335356322822,Equity Market Down 10%,Hypothetical,-0.0970664643677178
2022-01-11,0.0129079079761018,Equity Market Down 10%,Hypothetical,-0.0870920920238982
2022-01-12,0.0068413651584712,Equity Market Down 10%,Hypothetical,-0.09315863484152881
2022-01-13,-0.02831070404377,Equity Market Down 10%,Hypothetical,-0.12831070404377
2022-01-14,0.0032773127596636,Equity Market Down 10%,Hypothetical,-0.0967226872403364
2022-01-18,-0.0252554263437805,Equity Market Down 10%,Hypothetical,-0.1252554263437805
2022-01-19,-0.0140134792213209,Equity Market Down 10%,Hypothetical,-0.11401347922132091
2022-01-20,-0.0140246185692436,Equity Market Down 10%,Hypothetical,-0.1140246185692436
2022-01-21,-0.026219441042826,Equity Market Down 10%,Hypothetical,-0.126219441042826
2022-01-24,0.0014752852378185,Equity Market Down 10%,Hypothetical,-0.09852471476218151
2022-01-25,-0.0195117837493789,Equity Market Down 10%,Hypothetical,-0.1195117837493789
2022-01-26,0.0087819591618464,Equity Market Down 10%,Hypothetical,-0.0912180408381536
2022-01-27,-0.0111350045362158,Equity Market Down 10%,Hypothetical,-0.1111350045362158
2022-01-28,0.033714819116112,Equity Market Down 10%,Hypothetical,-0.066285180883888
2022-01-31,0.031622660202805,Equity Market Down 10%,Hypothetical,-0.06837733979719501
2022-02-01,0.007432746081481,Equity Market Down 10%,Hypothetical,-0.092567253918519
2022-02-02,0.0136673399201208,Equity Market Down 10%,Hypothetical,-0.0863326600798792
2022-02-03,-0.0453505709986369,Equity Market Down 10%,Hypothetical,-0.1453505709986369
2022-02-04,0.0218169385922502,Equity Market Down 10%,Hypothetical,-0.0781830614077498
2022-02-07,-0.0060464621407886,Equity Market Down 10%,Hypothetical,-0.10604646214078861
2022-02-08,0.0113430220684998,Equity Market Down 10%,Hypothetical,-0.08865697793150021
2022-02-09,0.0193665210125436,Equity Market Down 10%,Hypothetical,-0.0806334789874564
2022-02-10,-0.0220164497709004,Equity Market Down 10%,Hypothetical,-0.1220164497709004
2022-02-11,-0.0313000751624707,Equity Market Down 10%,Hypothetical,-0.13130007516247072
2022-02-14,0.002766522538566,Equity Market Down 10%,Hypothetical,-0.097233477461434
2022-02-15,0.0267383100778145,Equity Market Down 10%,Hypothetical,-0.07326168992218551
2022-02-16,0.0011051881019593,Equity Market Down 10%,Hypothetical,-0.09889481189804071
2022-02-17,-0.0347248799801527,Equity Market Down 10%,Hypothetical,-0.1347248799801527
2022-02-18,-0.0135347021347652,Equity Market Down 10%,Hypothetical,-0.1135347021347652
2022-02-22,-0.0117964810294798,Equity Market Down 10%,Hypothetical,-0.11179648102947981
2022-02-23,-0.0278817203765351,Equity Market Down 10%,Hypothetical,-0.1278817203765351
2022-02-24,0.0287028910369125,Equity Market Down 10%,Hypothetical,-0.07129710896308751
2022-02-25,0.0164856223223325,Equity Market Down 10%,Hypothetical,-0.0835143776776675
2022-02-28,0.0026386454083307,Equity Market Down 10%,Hypothetical,-0.09736135459166931
2022-03-01,-0.0177989931054461,Equity Market Down 10%,Hypothetical,-0.1177989931054461
2022-03-02,0.018262930362221,Equity Market Down 10%,Hypothetical,-0.081737069637779
2022-03-03,-0.0128688587408873,Equity Market Down 10%,Hypothetical,-0.11286885874088731
2022-03-04,-0.0154246276665214,Equity Market Down 10%,Hypothetical,-0.11542462766652141
2022-03-07,-0.0400444665846424,Equity Market Down 10%,Hypothetical,-0.1400444665846424
2022-03-08,-0.0031117909037398,Equity Market Down 10%,Hypothetical,-0.1031117909037398
2022-03-09,0.0373667587782881,Equity Market Down 10%,Hypothetical,-0.0626332412217119
2022-03-10,-0.0059610515343206,Equity Market Down 10%,Hypothetical,-0.1059610515343206
2022-03-11,-0.0222272102095393,Equity Market Down 10%,Hypothetical,-0.1222272102095393
2022-03-14,-0.0207126043984024,Equity Market Down 10%,Hypothetical,-0.12071260439840241
2022-03-15,0.0325741359266145,Equity Market Down 10%,Hypothetical,-0.06742586407338551
2022-03-16,0.0355011364801477,Equity Market Down 10%,Hypothetical,-0.0644988635198523
2022-03-17,0.0127351157912609,Equity Market Down 10%,Hypothetical,-0.08726488420873911
2022-03-18,0.0244819798286716,Equity Market Down 10%,Hypothetical,-0.0755180201713284
2022-03-21,0.0045014845275877,Equity Market Down 10%,Hypothetical,-0.09549851547241231
2022-03-22,0.0168466950683101,Equity Market Down 10%,Hypothetical,-0.0831533049316899
2022-03-23,-0.0097194352475914,Equity Market Down 10%,Hypothetical,-0.10971943524759141
2022-03-24,0.0272762677041258,Equity Market Down 10%,Hypothetical,-0.0727237322958742
2022-03-25,0.0010892583516551,Equity Market Down 10%,Hypothetical,-0.0989107416483449
2022-03-28,0.011746717664109,Equity Market Down 10%,Hypothetical,-0.088253282335891
2022-03-29,0.0107318789019072,Equity Market Down 10%,Hypothetical,-0.0892681210980928
2022-03-30,-0.008732872973944,Equity Market Down 10%,Hypothetical,-0.108732872973944
2022-03-31,-0.0193087543872157,Equity Market Down 10%,Hypothetical,-0.1193087543872157
2022-04-01,-0.0011612878363538,Equity Market Down 10%,Hypothetical,-0.10116128783635381
2022-04-04,0.020738577197762,Equity Market Down 10%,Hypothetical,-0.07926142280223801
2022-04-05,-0.0216331051545638,Equity Market Down 10%,Hypothetical,-0.1216331051545638
2022-04-06,-0.0281222641272422,Equity Market Down 10%,Hypothetical,-0.1281222641272422
2022-04-07,0.0004484365555417,Equity Market Down 10%,Hypothetical,-0.0995515634444583
2022-04-08,-0.0135454146928623,Equity Market Down 10%,Hypothetical,-0.1135454146928623
2022-04-11,-0.0315249155856376,Equity Market Down 10%,Hypothetical,-0.13152491558563761
2022-04-12,-0.0037371139883452,Equity Market Down 10%,Hypothetical,-0.1037371139883452
2022-04-13,0.0154580362103208,Equity Market Down 10%,Hypothetical,-0.08454196378967921
2022-04-14,-0.0252382385731655,Equity Market Down 10%,Hypothetical,-0.12523823857316552
2022-04-18,0.0085023595765237,Equity Market Down 10%,Hypothetical,-0.0914976404234763
2022-04-19,0.0180494314635118,Equity Market Down 10%,Hypothetical,-0.0819505685364882
2022-04-20,-0.0140855726143315,Equity Market Down 10%,Hypothetical,-0.1140855726143315
2022-04-21,-0.0232778006765461,Equity Market Down 10%,Hypothetical,-0.1232778006765461
2022-04-22,-0.0281190232979241,Equity Market Down 10%,Hypothetical,-0.1281190232979241
2022-04-25,0.0109248681728967,Equity Market Down 10%,Hypothetical,-0.0890751318271033
2022-04-26,-0.0424440775811501,Equity Market Down 10%,Hypothetical,-0.1424440775811501
2022-04-27,-0.0021700410470477,Equity Market Down 10%,Hypothetical,-0.1021700410470477
2022-04-28,0.0430686189254035,Equity Market Down 10%,Hypothetical,-0.056931381074596506
2022-04-29,-0.0500974665022716,Equity Market Down 10%,Hypothetical,-0.1500974665022716
2022-05-02,0.0194497721764188,Equity Market Down 10%,Hypothetical,-0.0805502278235812
2022-05-03,0.0050099565316843,Equity Market Down 10%,Hypothetical,-0.0949900434683157
2022-05-04,0.034236632361463,Equity Market Down 10%,Hypothetical,-0.065763367638537
2022-05-05,-0.0546832573635133,Equity Market Down 10%,Hypothetical,-0.1546832573635133
2022-05-06,-0.0043434004515882,Equity Market Down 10%,Hypothetical,-0.1043434004515882
2022-05-09,-0.0487305699521406,Equity Market Down 10%,Hypothetical,-0.1487305699521406
2022-05-10,0.0124938208053944,Equity Market Down 10%,Hypothetical,-0.0875061791946056
2022-05-11,-0.0345319193654201,Equity Market Down 10%,Hypothetical,-0.1345319193654201
2022-05-12,-0.0122118382198827,Equity Market Down 10%,Hypothetical,-0.1122118382198827
2022-05-13,0.0392750265401092,Equity Market Down 10%,Hypothetical,-0.06072497345989081
2022-05-16,-0.0109347978024192,Equity Market Down 10%,Hypothetical,-0.1109347978024192
2022-05-17,0.0289386206131361,Equity Market Down 10%,Hypothetical,-0.07106137938686391
2022-05-18,-0.051495081288698,Equity Market Down 10%,Hypothetical,-0.151495081288698
2022-05-19,-0.0058228718767487,Equity Market Down 10%,Hypothetical,-0.1058228718767487
2022-05-20,-0.0073191149839819,Equity Market Down 10%,Hypothetical,-0.1073191149839819
2022-05-23,0.0259856158974381,Equity Market Down 10%,Hypothetical,-0.0740143841025619
2022-05-24,-0.0248950794978887,Equity Market Down 10%,Hypothetical,-0.12489507949788871
2022-05-25,0.0165347515694269,Equity Market Down 10%,Hypothetical,-0.08346524843057311
2022-05-26,0.0278291899650677,Equity Market Down 10%,Hypothetical,-0.07217081003493231
2022-05-27,0.0344603908807844,Equity Market Down 10%,Hypothetical,-0.06553960911921561
2022-05-31,0.0010480633719675,Equity Market Down 10%,Hypothetical,-0.0989519366280325
2022-06-01,-0.0051432297655685,Equity Market Down 10%,Hypothetical,-0.1051432297655685
2022-06-02,0.0273109774657989,Equity Market Down 10%,Hypothetical,-0.0726890225342011
2022-06-03,-0.030682872681295,Equity Market Down 10%,Hypothetical,-0.130682872681295
2022-06-06,0.0065171365812104,Equity Market Down 10%,Hypothetical,-0.0934828634187896
2022-06-07,0.0092048200484612,Equity Market Down 10%,Hypothetical,-0.09079517995153881
2022-06-08,-0.0063124939238072,Equity Market Down 10%,Hypothetical,-0.1063124939238072
2022-06-09,-0.029055873356404,Equity Market Down 10%,Hypothetical,-0.129055873356404
2022-06-10,-0.0429802172395135,Equity Market Down 10%,Hypothetical,-0.1429802172395135
2022-06-13,-0.0504608416541878,Equity Market Down 10%,Hypothetical,-0.1504608416541878
2022-06-14,0.0021056446727648,Equity Market Down 10%,Hypothetical,-0.0978943553272352
2022-06-15,0.0278852498992351,Equity Market Down 10%,Hypothetical,-0.0721147501007649
2022-06-16,-0.0394549544541189,Equity Market Down 10%,Hypothetical,-0.1394549544541189
2022-06-17,0.0080343304091008,Equity Market Down 10%,Hypothetical,-0.0919656695908992
2022-06-21,0.0336327710169911,Equity Market Down 10%,Hypothetical,-0.0663672289830089
2022-06-22,-0.0050082766615917,Equity Market Down 10%,Hypothetical,-0.10500827666159171
2022-06-23,0.0093096660619743,Equity Market Down 10%,Hypothetical,-0.09069033393802571
2022-06-24,0.0356693295113454,Equity Market Down 10%,Hypothetical,-0.0643306704886546
2022-06-27,-0.0074547464333894,Equity Market Down 10%,Hypothetical,-0.10745474643338941
2022-06-28,-0.0317022163660229,Equity Market Down 10%,Hypothetical,-0.13170221636602292
2022-06-29,0.0002039614435644,Equity Market Down 10%,Hypothetical,-0.09979603855643561
2022-06-30,-0.0200769930178671,Equity Market Down 10%,Hypothetical,-0.1200769930178671
2022-07-01,0.0042507564924607,Equity Market Down 10%,Hypothetical,-0.0957492435075393
2022-07-05,0.0183136253949723,Equity Market Down 10%,Hypothetical,-0.0816863746050277
2022-07-06,0.0069549654557197,Equity Market Down 10%,Hypothetical,-0.0930450345442803
2022-07-07,0.0257443731154381,Equity Market Down 10%,Hypothetical,-0.0742556268845619
2022-07-08,0.001187548538922,Equity Market Down 10%,Hypothetical,-0.098812451461078
2022-07-11,-0.0253779885597301,Equity Market Down 10%,Hypothetical,-0.1253779885597301
2022-07-12,-0.010311971895108,Equity Market Down 10%,Hypothetical,-0.11031197189510801
2022-07-13,-0.0026775699732027,Equity Market Down 10%,Hypothetical,-0.10267756997320271
2022-07-14,0.0003483216300531,Equity Market Down 10%,Hypothetical,-0.0996516783699469
2022-07-15,0.021851397558724,Equity Market Down 10%,Hypothetical,-0.078148602441276
2022-07-18,-0.0049795219954022,Equity Market Down 10%,Hypothetical,-0.10497952199540221
2022-07-19,0.0331124803837735,Equity Market Down 10%,Hypothetical,-0.0668875196162265
2022-07-20,0.0167886518059614,Equity Market Down 10%,Hypothetical,-0.08321134819403861
2022-07-21,0.0131925170669825,Equity Market Down 10%,Hypothetical,-0.0868074829330175
2022-07-22,-0.0227932304662824,Equity Market Down 10%,Hypothetical,-0.1227932304662824
2022-07-25,-0.0050391321604677,Equity Market Down 10%,Hypothetical,-0.1050391321604677
2022-07-26,-0.0236318198097972,Equity Market Down 10%,Hypothetical,-0.1236318198097972
2022-07-27,0.0491452876069175,Equity Market Down 10%,Hypothetical,-0.05085471239308251
2022-07-28,0.0079164556469887,Equity Market Down 10%,Hypothetical,-0.0920835443530113
2022-07-29,0.0270766177417299,Equity Market Down 10%,Hypothetical,-0.07292338225827011
2022-08-01,-0.0040057194660426,Equity Market Down 10%,Hypothetical,-0.1040057194660426
2022-08-02,-0.0047312411056716,Equity Market Down 10%,Hypothetical,-0.1047312411056716
2022-08-03,0.0246314866808943,Equity Market Down 10%,Hypothetical,-0.07536851331910571
2022-08-04,0.0018545528067664,Equity Market Down 10%,Hypothetical,-0.0981454471932336
2022-08-05,-0.0049386131368714,Equity Market Down 10%,Hypothetical,-0.1049386131368714
2022-08-08,-0.0123359092906726,Equity Market Down 10%,Hypothetical,-0.11233590929067261
2022-08-09,-0.006549923363381,Equity Market Down 10%,Hypothetical,-0.10654992336338101
2022-08-10,0.031287410310607,Equity Market Down 10%,Hypothetical,-0.068712589689393
2022-08-11,-0.0045906006419289,Equity Market Down 10%,Hypothetical,-0.1045906006419289
2022-08-12,0.0236704585863964,Equity Market Down 10%,Hypothetical,-0.07632954141360361
2022-08-15,0.0057869634831927,Equity Market Down 10%,Hypothetical,-0.0942130365168073
2022-08-16,-0.0012080767082031,Equity Market Down 10%,Hypothetical,-0.1012080767082031
2022-08-17,-0.0089521513144983,Equity Market Down 10%,Hypothetical,-0.1089521513144983
2022-08-18,0.0033175253108502,Equity Market Down 10%,Hypothetical,-0.09668247468914981
2022-08-19,-0.0234745479018342,Equity Market Down 10%,Hypothetical,-0.12347454790183421
2022-08-22,-0.0270787890207821,Equity Market Down 10%,Hypothetical,-0.1270787890207821
2022-08-23,0.0009330154485539,Equity Market Down 10%,Hypothetical,-0.09906698455144611
2022-08-24,0.0017180269459775,Equity Market Down 10%,Hypothetical,-0.0982819730540225
2022-08-25,0.0202249282084361,Equity Market Down 10%,Hypothetical,-0.0797750717915639
2022-08-26,-0.0471275037573748,Equity Market Down 10%,Hypothetical,-0.14712750375737482
2022-08-29,-0.0106781486536123,Equity Market Down 10%,Hypothetical,-0.11067814865361231
2022-08-30,-0.0133050122990247,Equity Market Down 10%,Hypothetical,-0.1133050122990247
2022-08-31,-0.0087483141602704,Equity Market Down 10%,Hypothetical,-0.1087483141602704
2022-09-01,-0.008174966255793,Equity Market Down 10%,Hypothetical,-0.10817496625579301
2022-09-02,-0.0137421833804,Equity Market Down 10%,Hypothetical,-0.1137421833804
2022-09-06,-0.0073580389371233,Equity Market Down 10%,Hypothetical,-0.10735803893712331
2022-09-07,0.0166346608669274,Equity Market Down 10%,Hypothetical,-0.0833653391330726
2022-09-08,0.0053396209890313,Equity Market Down 10%,Hypothetical,-0.0946603790109687
2022-09-09,0.0211092958963163,Equity Market Down 10%,Hypothetical,-0.0788907041036837
2022-09-12,0.0156981713709912,Equity Market Down 10%,Hypothetical,-0.08430182862900881
2022-09-13,-0.0622555488769908,Equity Market Down 10%,Hypothetical,-0.1622555488769908
2022-09-14,0.0057975180436013,Equity Market Down 10%,Hypothetical,-0.0942024819563987
2022-09-15,-0.0131866775560618,Equity Market Down 10%,Hypothetical,-0.11318667755606181
2022-09-16,-0.0046986724238912,Equity Market Down 10%,Hypothetical,-0.1046986724238912
2022-09-19,0.0107464073987435,Equity Market Down 10%,Hypothetical,-0.08925359260125651
2022-09-20,-0.0075689468383811,Equity Market Down 10%,Hypothetical,-0.1075689468383811
2022-09-21,-0.0176535972652257,Equity Market Down 10%,Hypothetical,-0.1176535972652257
2022-09-22,-0.0109827552326118,Equity Market Down 10%,Hypothetical,-0.11098275523261181
2022-09-23,-0.0181557709892364,Equity Market Down 10%,Hypothetical,-0.11815577098923641
2022-09-26,-0.0077887444542878,Equity Market Down 10%,Hypothetical,-0.10778874445428781
2022-09-27,0.0022395537614661,Equity Market Down 10%,Hypothetical,-0.0977604462385339
2022-09-28,0.0177143652417518,Equity Market Down 10%,Hypothetical,-0.08228563475824821
2022-09-29,-0.0316440251255709,Equity Market Down 10%,Hypothetical,-0.1316440251255709
2022-09-30,-0.0169966214865458,Equity Market Down 10%,Hypothetical,-0.1169966214865458
2022-10-03,0.0243654761202318,Equity Market Down 10%,Hypothetical,-0.07563452387976821
2022-10-04,0.0342255183436149,Equity Market Down 10%,Hypothetical,-0.06577448165638511
2022-10-05,-0.0003580211651843,Equity Market Down 10%,Hypothetical,-0.1003580211651843
2022-10-06,-0.006119755223218,Equity Market Down 10%,Hypothetical,-0.10611975522321801
2022-10-07,-0.0447390002208914,Equity Market Down 10%,Hypothetical,-0.14473900022089142
2022-10-10,-0.0120320496671866,Equity Market Down 10%,Hypothetical,-0.1120320496671866
2022-10-11,-0.014400698849257,Equity Market Down 10%,Hypothetical,-0.11440069884925701
2022-10-12,0.0007923539844312,Equity Market Down 10%,Hypothetical,-0.0992076460155688
2022-10-13,0.0294465531294287,Equity Market Down 10%,Hypothetical,-0.0705534468705713
2022-10-14,-0.0320759353674774,Equity Market Down 10%,Hypothetical,-0.13207593536747742
2022-10-17,0.0416662497650248,Equity Market Down 10%,Hypothetical,-0.0583337502349752
2022-10-18,0.0088953036867794,Equity Market Down 10%,Hypothetical,-0.0911046963132206
2022-10-19,-0.002446089859331,Equity Market Down 10%,Hypothetical,-0.102446089859331
2022-10-20,-0.0028844303020489,Equity Market Down 10%,Hypothetical,-0.10288443030204891
2022-10-21,0.0253929301096069,Equity Market Down 10%,Hypothetical,-0.0746070698903931
2022-10-24,0.0098007044471893,Equity Market Down 10%,Hypothetical,-0.0901992955528107
2022-10-25,0.0213962189323049,Equity Market Down 10%,Hypothetical,-0.07860378106769511
2022-10-26,-0.034337678812204,Equity Market Down 10%,Hypothetical,-0.13433767881220401
2022-10-27,-0.0265346045089939,Equity Market Down 10%,Hypothetical,-0.1265346045089939
2022-10-28,0.0299467050437509,Equity Market Down 10%,Hypothetical,-0.07005329495624911
2022-10-31,-0.0151226863050187,Equity Market Down 10%,Hypothetical,-0.1151226863050187
2022-11-01,-0.0129378441640295,Equity Market Down 10%,Hypothetical,-0.11293784416402951
2022-11-02,-0.0332569804244738,Equity Market Down 10%,Hypothetical,-0.13325698042447381
2022-11-03,-0.0176556399455472,Equity Market Down 10%,Hypothetical,-0.1176556399455472
2022-11-04,0.0200245213906595,Equity Market Down 10%,Hypothetical,-0.07997547860934051
2022-11-07,0.0106636004987493,Equity Market Down 10%,Hypothetical,-0.0893363995012507
2022-11-08,0.0037998774959025,Equity Market Down 10%,Hypothetical,-0.0962001225040975
2022-11-09,-0.0304473531684817,Equity Market Down 10%,Hypothetical,-0.13044735316848172
2022-11-10,0.0813236739778396,Equity Market Down 10%,Hypothetical,-0.018676326022160405
2022-11-11,0.0200496699889122,Equity Market Down 10%,Hypothetical,-0.07995033001108781
2022-11-14,-0.0111222186150193,Equity Market Down 10%,Hypothetical,-0.11112221861501931
2022-11-15,0.0099638560870624,Equity Market Down 10%,Hypothetical,-0.0900361439129376
2022-11-16,-0.0130063216622707,Equity Market Down 10%,Hypothetical,-0.1130063216622707
2022-11-17,-0.0043351549386171,Equity Market Down 10%,Hypothetical,-0.1043351549386171
2022-11-18,-0.0024241432266287,Equity Market Down 10%,Hypothetical,-0.10242414322662871
2022-11-21,-0.015304602283324,Equity Market Down 10%,Hypothetical,-0.11530460228332401
2022-11-22,0.0187439909862526,Equity Market Down 10%,Hypothetical,-0.08125600901374741
2022-11-23,0.0151650574796846,Equity Market Down 10%,Hypothetical,-0.0848349425203154
2022-11-25,-0.0077880384330531,Equity Market Down 10%,Hypothetical,-0.10778803843305311
2022-11-28,-0.0188245781160786,Equity Market Down 10%,Hypothetical,-0.1188245781160786
2022-11-29,-0.0082013923036459,Equity Market Down 10%,Hypothetical,-0.10820139230364591
2022-11-30,0.0514808618647645,Equity Market Down 10%,Hypothetical,-0.04851913813523551
2022-12-01,-0.0007788866180378,Equity Market Down 10%,Hypothetical,-0.1007788866180378
2022-12-02,-0.00460321936425,Equity Market Down 10%,Hypothetical,-0.10460321936425
2022-12-05,-0.0192385366015178,Equity Market Down 10%,Hypothetical,-0.11923853660151781
2022-12-06,-0.0246597159284981,Equity Market Down 10%,Hypothetical,-0.1246597159284981
2022-12-07,-0.0054458114929862,Equity Market Down 10%,Hypothetical,-0.10544581149298621
2022-12-08,0.0168385499840302,Equity Market Down 10%,Hypothetical,-0.0831614500159698
2022-12-09,-0.0056468063604848,Equity Market Down 10%,Hypothetical,-0.1056468063604848
2022-12-12,0.0139184157606477,Equity Market Down 10%,Hypothetical,-0.0860815842393523
2022-12-13,0.0130183676067573,Equity Market Down 10%,Hypothetical,-0.0869816323932427
2022-12-14,-0.0094409571300658,Equity Market Down 10%,Hypothetical,-0.10944095713006581
2022-12-15,-0.0347341133289608,Equity Market Down 10%,Hypothetical,-0.1347341133289608
2022-12-16,-0.0126837585061861,Equity Market Down 10%,Hypothetical,-0.1126837585061861
2022-12-19,-0.0155954942784831,Equity Market Down 10%,Hypothetical,-0.1155954942784831
2022-12-20,-0.0020578345444969,Equity Market Down 10%,Hypothetical,-0.1020578345444969
2022-12-21,0.0161235871356938,Equity Market Down 10%,Hypothetical,-0.08387641286430621
2022-12-22,-0.0331604955355058,Equity Market Down 10%,Hypothetical,-0.1331604955355058
2022-12-23,0.0035446729013091,Equity Market Down 10%,Hypothetical,-0.09645532709869091
2022-12-27,-0.0251727070954663,Equity Market Down 10%,Hypothetical,-0.1251727070954663
2022-12-28,-0.0112764030061495,Equity Market Down 10%,Hypothetical,-0.11127640300614951
2022-12-29,0.0281817423643242,Equity Market Down 10%,Hypothetical,-0.07181825763567581
2022-12-30,0.0011767826509359,Equity Market Down 10%,Hypothetical,-0.0988232173490641
2023-01-03,-0.0145531315887666,Equity Market Down 10%,Hypothetical,-0.11455313158876661
2023-01-04,0.0010873289989031,Equity Market Down 10%,Hypothetical,-0.09891267100109691
2023-01-05,-0.0182293358843499,Equity Market Down 10%,Hypothetical,-0.1182293358843499
2023-01-06,0.0248333055262363,Equity Market Down 10%,Hypothetical,-0.0751666944737637
2023-01-09,0.0134120040577245,Equity Market Down 10%,Hypothetical,-0.08658799594227551
2023-01-10,0.0101591004996378,Equity Market Down 10%,Hypothetical,-0.0898408995003622
2023-01-11,0.0224456305483905,Equity Market Down 10%,Hypothetical,-0.07755436945160951
2023-01-12,0.0085894942172803,Equity Market Down 10%,Hypothetical,-0.09141050578271971
2023-01-13,0.0114470862696965,Equity Market Down 10%,Hypothetical,-0.08855291373030351
2023-01-17,0.0072419946592829,Equity Market Down 10%,Hypothetical,-0.09275800534071711
2023-01-18,-0.0144404486868404,Equity Market Down 10%,Hypothetical,-0.1144404486868404
2023-01-19,-0.007206789718774,Equity Market Down 10%,Hypothetical,-0.10720678971877401
2023-01-20,0.0322919251381106,Equity Market Down 10%,Hypothetical,-0.0677080748618894
2023-01-23,0.0255152442858641,Equity Market Down 10%,Hypothetical,-0.0744847557141359
2023-01-24,0.0007902074464253,Equity Market Down 10%,Hypothetical,-0.0992097925535747
2023-01-25,-0.0031415014061537,Equity Market Down 10%,Hypothetical,-0.1031415014061537
2023-01-26,0.0254101587767541,Equity Market Down 10%,Hypothetical,-0.07458984122324591
2023-01-27,0.0172650334926689,Equity Market Down 10%,Hypothetical,-0.0827349665073311
2023-01-30,-0.0272660036724507,Equity Market Down 10%,Hypothetical,-0.1272660036724507
2023-01-31,0.0178951214903674,Equity Market Down 10%,Hypothetical,-0.0821048785096326
2023-02-01,0.021143261180751,Equity Market Down 10%,Hypothetical,-0.07885673881924901
2023-02-02,0.0412463713838496,Equity Market Down 10%,Hypothetical,-0.058753628616150404
2023-02-03,-0.012764189422867,Equity Market Down 10%,Hypothetical,-0.112764189422867
2023-02-06,-0.0056465390965157,Equity Market Down 10%,Hypothetical,-0.10564653909651571
2023-02-07,0.0267274765080354,Equity Market Down 10%,Hypothetical,-0.07327252349196461
2023-02-08,-0.0153849357978685,Equity Market Down 10%,Hypothetical,-0.1153849357978685
2023-02-09,-0.0097400076319084,Equity Market Down 10%,Hypothetical,-0.1097400076319084
2023-02-10,-0.0085677865960785,Equity Market Down 10%,Hypothetical,-0.1085677865960785
2023-02-13,0.0158998320922007,Equity Market Down 10%,Hypothetical,-0.08410016790779931
2023-02-14,0.011017540602151,Equity Market Down 10%,Hypothetical,-0.088982459397849
2023-02-15,0.0046474308634371,Equity Market Down 10%,Hypothetical,-0.09535256913656291
2023-02-16,-0.0219715550780022,Equity Market Down 10%,Hypothetical,-0.1219715550780022
2023-02-17,-0.009133929535525,Equity Market Down 10%,Hypothetical,-0.109133929535525
2023-02-21,-0.0249040763206229,Equity Market Down 10%,Hypothetical,-0.1249040763206229
2023-02-22,0.000652614066101,Equity Market Down 10%,Hypothetical,-0.09934738593389901
2023-02-23,0.0235797858622608,Equity Market Down 10%,Hypothetical,-0.07642021413773921
2023-02-24,-0.0153937885380365,Equity Market Down 10%,Hypothetical,-0.1153937885380365
2023-02-27,0.0077729137079789,Equity Market Down 10%,Hypothetical,-0.0922270862920211
2023-02-28,-0.0013769903281796,Equity Market Down 10%,Hypothetical,-0.10137699032817961
2023-03-01,-0.0113863143428014,Equity Market Down 10%,Hypothetical,-0.11138631434280141
2023-03-02,0.0062643549777197,Equity Market Down 10%,Hypothetical,-0.09373564502228031
2023-03-03,0.0250662443320441,Equity Market Down 10%,Hypothetical,-0.0749337556679559
2023-03-06,0.0017988340432225,Equity Market Down 10%,Hypothetical,-0.09820116595677751
2023-03-07,-0.0141412347204301,Equity Market Down 10%,Hypothetical,-0.11414123472043011
2023-03-08,0.004760050381192,Equity Market Down 10%,Hypothetical,-0.09523994961880801
2023-03-09,-0.0223960520926524,Equity Market Down 10%,Hypothetical,-0.1223960520926524
2023-03-10,-0.0104686369833963,Equity Market Down 10%,Hypothetical,-0.1104686369833963
2023-03-13,0.006865501100635,Equity Market Down 10%,Hypothetical,-0.09313449889936501
2023-03-14,0.0282837453207631,Equity Market Down 10%,Hypothetical,-0.07171625467923691
2023-03-15,0.0007129213515437,Equity Market Down 10%,Hypothetical,-0.0992870786484563
2023-03-16,0.0309097525589518,Equity Market Down 10%,Hypothetical,-0.0690902474410482
2023-03-17,-0.0062180610526757,Equity Market Down 10%,Hypothetical,-0.1062180610526757
2023-03-20,0.003066795165465,Equity Market Down 10%,Hypothetical,-0.096933204834535
2023-03-21,0.021481423067533,Equity Market Down 10%,Hypothetical,-0.078518576932467
2023-03-22,-0.0110115038884888,Equity Market Down 10%,Hypothetical,-0.11101150388848881
2023-03-23,0.0104623984018914,Equity Market Down 10%,Hypothetical,-0.08953760159810861
2023-03-24,-0.0006969254048782,Equity Market Down 10%,Hypothetical,-0.10069692540487821
2023-03-27,-0.0049670462007004,Equity Market Down 10%,Hypothetical,-0.10496704620070041
2023-03-28,-0.0056099982614992,Equity Market Down 10%,Hypothetical,-0.10560999826149921
2023-03-29,0.0161890657721768,Equity Market Down 10%,Hypothetical,-0.08381093422782321
2023-03-30,0.0085603788619894,Equity Market Down 10%,Hypothetical,-0.0914396211380106
2023-03-31,0.017060315952336,Equity Market Down 10%,Hypothetical,-0.082939684047664
2023-04-03,0.0038339766546922,Equity Market Down 10%,Hypothetical,-0.0961660233453078
2023-04-04,-0.0037128451420967,Equity Market Down 10%,Hypothetical,-0.10371284514209671
2023-04-05,-0.0099743723279168,Equity Market Down 10%,Hypothetical,-0.1099743723279168
2023-04-06,0.0107631907724378,Equity Market Down 10%,Hypothetical,-0.0892368092275622
2023-04-10,-0.0032443661032978,Equity Market Down 10%,Hypothetical,-0.1032443661032978
2023-04-11,-0.0086597076894243,Equity Market Down 10%,Hypothetical,-0.1086597076894243
2023-04-12,-0.0087940669364073,Equity Market Down 10%,Hypothetical,-0.10879406693640731
2023-04-13,0.0210658395415615,Equity Market Down 10%,Hypothetical,-0.07893416045843851
2023-04-14,0.006775780865726,Equity Market Down 10%,Hypothetical,-0.093224219134274
2023-04-17,-0.0001793434221133,Equity Market Down 10%,Hypothetical,-0.1001793434221133
2023-04-18,0.0041353828781353,Equity Market Down 10%,Hypothetical,-0.09586461712186471
2023-04-19,0.0008286075559954,Equity Market Down 10%,Hypothetical,-0.09917139244400461
2023-04-20,-0.01261630878475,Equity Market Down 10%,Hypothetical,-0.11261630878475001
2023-04-21,0.0012247631945401,Equity Market Down 10%,Hypothetical,-0.09877523680545991
2023-04-24,-0.0015334242627365,Equity Market Down 10%,Hypothetical,-0.10153342426273651
2023-04-25,-0.0197722141746142,Equity Market Down 10%,Hypothetical,-0.1197722141746142
2023-04-26,0.0117703169372738,Equity Market Down 10%,Hypothetical,-0.0882296830627262
2023-04-27,0.0312778108989604,Equity Market Down 10%,Hypothetical,-0.06872218910103961
2023-04-28,0.0045632180614645,Equity Market Down 10%,Hypothetical,-0.09543678193853551
2023-05-01,0.0025419176045793,Equity Market Down 10%,Hypothetical,-0.09745808239542071
2023-05-02,-0.0104088594945027,Equity Market Down 10%,Hypothetical,-0.1104088594945027
2023-05-03,-0.0077818857924303,Equity Market Down 10%,Hypothetical,-0.10778188579243031
2023-05-04,-0.0061888692534782,Equity Market Down 10%,Hypothetical,-0.1061888692534782
2023-05-05,0.0265025057273194,Equity Market Down 10%,Hypothetical,-0.07349749427268061
2023-05-08,0.0044985546027195,Equity Market Down 10%,Hypothetical,-0.0955014453972805
2023-05-09,-0.0069192320652753,Equity Market Down 10%,Hypothetical,-0.1069192320652753
2023-05-10,0.0127270217359067,Equity Market Down 10%,Hypothetical,-0.0872729782640933
2023-05-11,0.00382291439545,Equity Market Down 10%,Hypothetical,-0.09617708560455
2023-05-12,-0.0066402488012537,Equity Market Down 10%,Hypothetical,-0.10664024880125371
2023-05-15,0.0039300868340719,Equity Market Down 10%,Hypothetical,-0.09606991316592811
2023-05-16,0.0043438706343254,Equity Market Down 10%,Hypothetical,-0.09565612936567461
2023-05-17,0.0175316841820648,Equity Market Down 10%,Hypothetical,-0.0824683158179352
2023-05-18,0.0184195165447375,Equity Market Down 10%,Hypothetical,-0.0815804834552625
2023-05-19,-0.002987385119223,Equity Market Down 10%,Hypothetical,-0.10298738511922301
2023-05-22,0.0022422052456146,Equity Market Down 10%,Hypothetical,-0.09775779475438541
2023-05-23,-0.0118817683457555,Equity Market Down 10%,Hypothetical,-0.1118817683457555
2023-05-24,-0.0014249021604223,Equity Market Down 10%,Hypothetical,-0.10142490216042231
2023-05-25,0.0404416704554932,Equity Market Down 10%,Hypothetical,-0.05955832954450681
2023-05-26,0.0201245056972117,Equity Market Down 10%,Hypothetical,-0.07987549430278831
2023-05-30,0.0081862453855272,Equity Market Down 10%,Hypothetical,-0.0918137546144728
2023-05-31,-0.0119640126104762,Equity Market Down 10%,Hypothetical,-0.1119640126104762
2023-06-01,0.0199910264742844,Equity Market Down 10%,Hypothetical,-0.08000897352571561
2023-06-02,0.0078583034583712,Equity Market Down 10%,Hypothetical,-0.0921416965416288
2023-06-05,-0.0006943170341573,Equity Market Down 10%,Hypothetical,-0.10069431703415731
2023-06-06,-0.001049339796477,Equity Market Down 10%,Hypothetical,-0.10104933979647701
2023-06-07,-0.0182484095546727,Equity Market Down 10%,Hypothetical,-0.11824840955467271
2023-06-08,0.0133219898186434,Equity Market Down 10%,Hypothetical,-0.08667801018135661
2023-06-09,0.0037891738311435,Equity Market Down 10%,Hypothetical,-0.09621082616885651
2023-06-12,0.0134687469279154,Equity Market Down 10%,Hypothetical,-0.0865312530720846
2023-06-13,0.0089363165416843,Equity Market Down 10%,Hypothetical,-0.09106368345831571
2023-06-14,0.0045074688365381,Equity Market Down 10%,Hypothetical,-0.0954925311634619
2023-06-15,0.0110987226718616,Equity Market Down 10%,Hypothetical,-0.0889012773281384
2023-06-16,-0.0063741603215663,Equity Market Down 10%,Hypothetical,-0.10637416032156631
2023-06-20,0.0046570778903026,Equity Market Down 10%,Hypothetical,-0.0953429221096974
2023-06-21,-0.0107274390919297,Equity Market Down 10%,Hypothetical,-0.11072743909192971
2023-06-22,0.0118322480857563,Equity Market Down 10%,Hypothetical,-0.08816775191424371
2023-06-23,-0.0086340265110034,Equity Market Down 10%,Hypothetical,-0.1086340265110034
2023-06-26,-0.0185733850385312,Equity Market Down 10%,Hypothetical,-0.11857338503853121
2023-06-27,0.0155254280573023,Equity Market Down 10%,Hypothetical,-0.08447457194269771
2023-06-28,0.0005349670849539,Equity Market Down 10%,Hypothetical,-0.0994650329150461
2023-06-29,0.0009679282148258,Equity Market Down 10%,Hypothetical,-0.0990320717851742
2023-06-30,0.018624034115708,Equity Market Down 10%,Hypothetical,-0.08137596588429201
2023-07-03,0.001539638640775,Equity Market Down 10%,Hypothetical,-0.09846036135922501
2023-07-05,0.0004925471826917,Equity Market Down 10%,Hypothetical,-0.0995074528173083
2023-07-06,-0.0063609844779415,Equity Market Down 10%,Hypothetical,-0.10636098447794151
2023-07-07,-0.001546789074693,Equity Market Down 10%,Hypothetical,-0.101546789074693
2023-07-10,-0.0091966349729902,Equity Market Down 10%,Hypothetical,-0.1091966349729902
2023-07-11,0.0052874380313074,Equity Market Down 10%,Hypothetical,-0.0947125619686926
2023-07-12,0.0139250096973435,Equity Market Down 10%,Hypothetical,-0.0860749903026565
2023-07-13,0.0182462531703425,Equity Market Down 10%,Hypothetical,-0.0817537468296575
2023-07-14,0.0028411452332691,Equity Market Down 10%,Hypothetical,-0.0971588547667309
2023-07-17,0.0102921438164712,Equity Market Down 10%,Hypothetical,-0.0897078561835288
2023-07-18,0.0099294828111634,Equity Market Down 10%,Hypothetical,-0.0900705171888366
2023-07-19,8.633355069157488e-05,Equity Market Down 10%,Hypothetical,-0.09991366644930844
2023-07-20,-0.0221537250598653,Equity Market Down 10%,Hypothetical,-0.1221537250598653
2023-07-21,-0.0081592607603606,Equity Market Down 10%,Hypothetical,-0.1081592607603606
2023-07-24,0.0069668011532873,Equity Market Down 10%,Hypothetical,-0.09303319884671271
2023-07-25,0.0071172868345955,Equity Market Down 10%,Hypothetical,-0.0928827131654045
2023-07-26,-0.0001947004575502,Equity Market Down 10%,Hypothetical,-0.1001947004575502
2023-07-27,-0.0035684618194323,Equity Market Down 10%,Hypothetical,-0.1035684618194323
2023-07-28,0.0182889288115832,Equity Market Down 10%,Hypothetical,-0.0817110711884168
2023-07-31,0.0022700817627023,Equity Market Down 10%,Hypothetical,-0.09772991823729771
2023-08-01,-0.0052778538426947,Equity Market Down 10%,Hypothetical,-0.10527785384269471
2023-08-02,-0.0240629229435267,Equity Market Down 10%,Hypothetical,-0.12406292294352671
2023-08-03,0.0018885863544377,Equity Market Down 10%,Hypothetical,-0.0981114136455623
2023-08-04,-0.0028348733090635,Equity Market Down 10%,Hypothetical,-0.1028348733090635
2023-08-07,0.0061646725232565,Equity Market Down 10%,Hypothetical,-0.0938353274767435
2023-08-08,-0.0067881715558038,Equity Market Down 10%,Hypothetical,-0.1067881715558038
2023-08-09,-0.0172727817696062,Equity Market Down 10%,Hypothetical,-0.1172727817696062
2023-08-10,0.0010032983178643,Equity Market Down 10%,Hypothetical,-0.0989967016821357
2023-08-11,-0.005990994977864,Equity Market Down 10%,Hypothetical,-0.105990994977864
2023-08-14,0.0171474049974529,Equity Market Down 10%,Hypothetical,-0.0828525950025471
2023-08-15,-0.0123290025608743,Equity Market Down 10%,Hypothetical,-0.1123290025608743
2023-08-16,-0.0101327623265115,Equity Market Down 10%,Hypothetical,-0.11013276232651151
2023-08-17,-0.0090164866979535,Equity Market Down 10%,Hypothetical,-0.10901648669795351
2023-08-18,-0.00201432327127,Equity Market Down 10%,Hypothetical,-0.10201432327127001
2023-08-21,0.0224314159521864,Equity Market Down 10%,Hypothetical,-0.07756858404781361
2023-08-22,-0.0050340107096526,Equity Market Down 10%,Hypothetical,-0.10503401070965261
2023-08-23,0.016439498772672,Equity Market Down 10%,Hypothetical,-0.083560501227328
2023-08-24,-0.0165001521346533,Equity Market Down 10%,Hypothetical,-0.11650015213465331
2023-08-25,0.0038526848227139,Equity Market Down 10%,Hypothetical,-0.0961473151772861
2023-08-28,0.0073713859453466,Equity Market Down 10%,Hypothetical,-0.0926286140546534
2023-08-29,0.0228812424456502,Equity Market Down 10%,Hypothetical,-0.0771187575543498
2023-08-30,0.0059345223360031,Equity Market Down 10%,Hypothetical,-0.09406547766399691
2023-08-31,0.0001222088775197,Equity Market Down 10%,Hypothetical,-0.09987779112248031
2023-09-01,-0.0019724118174885,Equity Market Down 10%,Hypothetical,-0.1019724118174885
2023-09-05,0.0043467487041241,Equity Market Down 10%,Hypothetical,-0.0956532512958759
2023-09-06,-0.0158183698526993,Equity Market Down 10%,Hypothetical,-0.1158183698526993
2023-09-07,-0.0079570645655655,Equity Market Down 10%,Hypothetical,-0.1079570645655655
2023-09-08,0.0014271712721017,Equity Market Down 10%,Hypothetical,-0.09857282872789831
2023-09-11,0.0115793074497766,Equity Market Down 10%,Hypothetical,-0.0884206925502234
2023-09-12,-0.0090188597998217,Equity Market Down 10%,Hypothetical,-0.1090188597998217
2023-09-13,0.0059841960792229,Equity Market Down 10%,Hypothetical,-0.0940158039207771
2023-09-14,0.0093033112842455,Equity Market Down 10%,Hypothetical,-0.09069668871575451
2023-09-15,-0.0167319678317588,Equity Market Down 10%,Hypothetical,-0.1167319678317588
2023-09-18,0.0025739164888473,Equity Market Down 10%,Hypothetical,-0.0974260835111527
2023-09-19,-0.0024740328118693,Equity Market Down 10%,Hypothetical,-0.1024740328118693
2023-09-20,-0.0183148567375694,Equity Market Down 10%,Hypothetical,-0.1183148567375694
2023-09-21,-0.0163529867657297,Equity Market Down 10%,Hypothetical,-0.11635298676572971
2023-09-22,-0.000347123392066,Equity Market Down 10%,Hypothetical,-0.100347123392066
2023-09-25,0.0084037251980914,Equity Market Down 10%,Hypothetical,-0.0915962748019086
2023-09-26,-0.016824392820113,Equity Market Down 10%,Hypothetical,-0.116824392820113
2023-09-27,0.003090447982318,Equity Market Down 10%,Hypothetical,-0.096909552017682
2023-09-28,0.0080354683375428,Equity Market Down 10%,Hypothetical,-0.0919645316624572
2023-09-29,-0.0001505736987503,Equity Market Down 10%,Hypothetical,-0.1001505736987503
2023-10-02,0.0151555249261015,Equity Market Down 10%,Hypothetical,-0.0848444750738985
2023-10-03,-0.0180028927595438,Equity Market Down 10%,Hypothetical,-0.1180028927595438
2023-10-04,0.0121084023287746,Equity Market Down 10%,Hypothetical,-0.08789159767122541
2023-10-05,0.0023481853044019,Equity Market Down 10%,Hypothetical,-0.09765181469559811
2023-10-06,0.0168908487302331,Equity Market Down 10%,Hypothetical,-0.08310915126976691
2023-10-09,0.0040339695839013,Equity Market Down 10%,Hypothetical,-0.0959660304160987
2023-10-10,0.0025684780342485,Equity Market Down 10%,Hypothetical,-0.0974315219657515
2023-10-11,0.0095635500608415,Equity Market Down 10%,Hypothetical,-0.0904364499391585
2023-10-12,-0.0013259875157715,Equity Market Down 10%,Hypothetical,-0.1013259875157715
2023-10-13,-0.0101907257569197,Equity Market Down 10%,Hypothetical,-0.11019072575691971
2023-10-16,0.0089038547387375,Equity Market Down 10%,Hypothetical,-0.0910961452612625
2023-10-17,-0.0086585435467637,Equity Market Down 10%,Hypothetical,-0.1086585435467637
2023-10-18,-0.0162842322338407,Equity Market Down 10%,Hypothetical,-0.11628423223384071
2023-10-19,-0.0065149078118451,Equity Market Down 10%,Hypothetical,-0.10651490781184511
2023-10-20,-0.0172421231916958,Equity Market Down 10%,Hypothetical,-0.1172421231916958
2023-10-23,0.0070130830413749,Equity Market Down 10%,Hypothetical,-0.0929869169586251
2023-10-24,0.0074512199006661,Equity Market Down 10%,Hypothetical,-0.0925487800993339
2023-10-25,-0.0235758918320672,Equity Market Down 10%,Hypothetical,-0.12357589183206721
2023-10-26,-0.0240964567744701,Equity Market Down 10%,Hypothetical,-0.1240964567744701
2023-10-27,0.0064524023292117,Equity Market Down 10%,Hypothetical,-0.09354759767078831
2023-10-30,0.0143821130584239,Equity Market Down 10%,Hypothetical,-0.0856178869415761
2023-10-31,0.0018422534552676,Equity Market Down 10%,Hypothetical,-0.0981577465447324
2023-11-01,0.0199239140424483,Equity Market Down 10%,Hypothetical,-0.08007608595755171
2023-11-02,0.0174761425064899,Equity Market Down 10%,Hypothetical,-0.0825238574935101
2023-11-03,0.0085320976067084,Equity Market Down 10%,Hypothetical,-0.09146790239329161
2023-11-06,0.0087815832191193,Equity Market Down 10%,Hypothetical,-0.0912184167808807
2023-11-07,0.0085688843899625,Equity Market Down 10%,Hypothetical,-0.0914311156100375
2023-11-08,0.0044130176591377,Equity Market Down 10%,Hypothetical,-0.09558698234086231
2023-11-09,-0.0053875471228786,Equity Market Down 10%,Hypothetical,-0.10538754712287861
2023-11-10,0.0209370838903674,Equity Market Down 10%,Hypothetical,-0.0790629161096326
2023-11-13,-0.0007822080600028,Equity Market Down 10%,Hypothetical,-0.1007822080600028
2023-11-14,0.0166862739052295,Equity Market Down 10%,Hypothetical,-0.0833137260947705
2023-11-15,-0.0017520261307908,Equity Market Down 10%,Hypothetical,-0.1017520261307908
2023-11-16,0.0066272268837922,Equity Market Down 10%,Hypothetical,-0.0933727731162078
2023-11-17,-0.000617094932109,Equity Market Down 10%,Hypothetical,-0.100617094932109
2023-11-20,0.0105651709079793,Equity Market Down 10%,Hypothetical,-0.0894348290920207
2023-11-21,-0.0040731576972196,Equity Market Down 10%,Hypothetical,-0.1040731576972196
2023-11-22,0.0015130920374324,Equity Market Down 10%,Hypothetical,-0.09848690796256761
2023-11-24,-0.005287103269368,Equity Market Down 10%,Hypothetical,-0.10528710326936801
2023-11-27,0.0009684891979448,Equity Market Down 10%,Hypothetical,-0.0990315108020552
2023-11-28,0.0037992578612952,Equity Market Down 10%,Hypothetical,-0.0962007421387048
2023-11-29,-0.006015171118052,Equity Market Down 10%,Hypothetical,-0.106015171118052
2023-11-30,-0.0043134756231504,Equity Market Down 10%,Hypothetical,-0.10431347562315041
2023-12-01,-0.000648814308179,Equity Market Down 10%,Hypothetical,-0.100648814308179
2023-12-04,-0.0125024699462984,Equity Market Down 10%,Hypothetical,-0.11250246994629841
2023-12-05,0.0112880935073646,Equity Market Down 10%,Hypothetical,-0.08871190649263541
2023-12-06,-0.0102584927169126,Equity Market Down 10%,Hypothetical,-0.1102584927169126
2023-12-07,0.0151882671054686,Equity Market Down 10%,Hypothetical,-0.08481173289453141
2023-12-08,0.007624439519001,Equity Market Down 10%,Hypothetical,-0.092375560480999
2023-12-11,-0.0110331196721451,Equity Market Down 10%,Hypothetical,-0.1110331196721451
2023-12-12,0.0076635491848096,Equity Market Down 10%,Hypothetical,-0.0923364508151904
2023-12-13,0.0072473666758497,Equity Market Down 10%,Hypothetical,-0.0927526333241503
2023-12-14,4.08865250424498e-05,Equity Market Down 10%,Hypothetical,-0.09995911347495756
2023-12-15,0.0061610693276965,Equity Market Down 10%,Hypothetical,-0.0938389306723035
2023-12-18,0.0094352807674188,Equity Market Down 10%,Hypothetical,-0.0905647192325812
2023-12-19,0.003910716927557,Equity Market Down 10%,Hypothetical,-0.09608928307244301
2023-12-20,-0.0125752326998167,Equity Market Down 10%,Hypothetical,-0.1125752326998167
2023-12-21,0.0096834853637684,Equity Market Down 10%,Hypothetical,-0.09031651463623161
2023-12-22,-0.0011160318219763,Equity Market Down 10%,Hypothetical,-0.1011160318219763
2023-12-26,0.0025288720580158,Equity Market Down 10%,Hypothetical,-0.0974711279419842
2023-12-27,0.0014055147287882,Equity Market Down 10%,Hypothetical,-0.09859448527121181
2023-12-28,-0.0003599138508204,Equity Market Down 10%,Hypothetical,-0.10035991385082041
2023-12-29,-0.0037355205820504,Equity Market Down 10%,Hypothetical,-0.1037355205820504
2024-01-02,-0.0135155231616794,Equity Market Down 10%,Hypothetical,-0.1135155231616794
2024-01-03,-0.0060079218879955,Equity Market Down 10%,Hypothetical,-0.1060079218879955
2024-01-04,-0.0059806644461466,Equity Market Down 10%,Hypothetical,-0.10598066444614661
2024-01-05,0.0029989672752758,Equity Market Down 10%,Hypothetical,-0.09700103272472421
2024-01-08,0.0223133291827073,Equity Market Down 10%,Hypothetical,-0.0776866708172927
2024-01-09,0.002959313177436,Equity Market Down 10%,Hypothetical,-0.097040686822564
2024-01-10,0.0109780214947135,Equity Market Down 10%,Hypothetical,-0.08902197850528651
2024-01-11,0.0003686944244987,Equity Market Down 10%,Hypothetical,-0.0996313055755013
2024-01-12,-0.0014468566145613,Equity Market Down 10%,Hypothetical,-0.1014468566145613
2024-01-16,-0.0010451754547748,Equity Market Down 10%,Hypothetical,-0.1010451754547748
2024-01-17,-0.0051176082432978,Equity Market Down 10%,Hypothetical,-0.1051176082432978
2024-01-18,0.0129357963693174,Equity Market Down 10%,Hypothetical,-0.08706420363068261
2024-01-19,0.0157995338858257,Equity Market Down 10%,Hypothetical,-0.08420046611417431
2024-01-22,0.0011051447060549,Equity Market Down 10%,Hypothetical,-0.09889485529394511
2024-01-23,0.0049644182613378,Equity Market Down 10%,Hypothetical,-0.09503558173866221
2024-01-24,0.0079399825839223,Equity Market Down 10%,Hypothetical,-0.09206001741607771
2024-01-25,-0.0016320177685409,Equity Market Down 10%,Hypothetical,-0.1016320177685409
2024-01-26,-0.0012010408517869,Equity Market Down 10%,Hypothetical,-0.10120104085178691
2024-01-29,0.0104744949401517,Equity Market Down 10%,Hypothetical,-0.0895255050598483
2024-01-30,-0.0035003520331377,Equity Market Down 10%,Hypothetical,-0.1035003520331377
2024-01-31,-0.0248936768276989,Equity Market Down 10%,Hypothetical,-0.1248936768276989
2024-02-01,0.0119237762724484,Equity Market Down 10%,Hypothetical,-0.08807622372755161
2024-02-02,0.0270330677166014,Equity Market Down 10%,Hypothetical,-0.07296693228339861
2024-02-05,0.002390765057519,Equity Market Down 10%,Hypothetical,-0.097609234942481
2024-02-06,0.000887163692892,Equity Market Down 10%,Hypothetical,-0.099112836307108
2024-02-07,0.0124202145717373,Equity Market Down 10%,Hypothetical,-0.08757978542826271
2024-02-08,-0.0011423558347521,Equity Market Down 10%,Hypothetical,-0.1011423558347521
2024-02-09,0.0128951741078877,Equity Market Down 10%,Hypothetical,-0.08710482589211231
2024-02-12,-0.0059458828581844,Equity Market Down 10%,Hypothetical,-0.1059458828581844
2024-02-13,-0.0130175296618165,Equity Market Down 10%,Hypothetical,-0.11301752966181651
2024-02-14,0.0094871948224222,Equity Market Down 10%,Hypothetical,-0.0905128051775778
2024-02-15,0.0012677612036497,Equity Market Down 10%,Hypothetical,-0.0987322387963503
2024-02-16,-0.0061182338367728,Equity Market Down 10%,Hypothetical,-0.10611823383677281
2024-02-20,-0.0108605842868037,Equity Market Down 10%,Hypothetical,-0.1108605842868037
2024-02-21,-0.0001576705414712,Equity Market Down 10%,Hypothetical,-0.1001576705414712
2024-02-22,0.0372255933467808,Equity Market Down 10%,Hypothetical,-0.0627744066532192
2024-02-23,-0.0033020260847008,Equity Market Down 10%,Hypothetical,-0.10330202608470081
2024-02-26,-0.0053562053251772,Equity Market Down 10%,Hypothetical,-0.1053562053251772
2024-02-27,0.0005437732753944,Equity Market Down 10%,Hypothetical,-0.0994562267246056
2024-02-28,-0.0058572131648484,Equity Market Down 10%,Hypothetical,-0.1058572131648484
2024-02-29,0.0088850354265155,Equity Market Down 10%,Hypothetical,-0.0911149645734845
2024-03-01,0.0064286832197698,Equity Market Down 10%,Hypothetical,-0.0935713167802302
2024-03-04,-0.0080839271549256,Equity Market Down 10%,Hypothetical,-0.10808392715492561
2024-03-05,-0.0135908227719507,Equity Market Down 10%,Hypothetical,-0.1135908227719507
2024-03-06,0.002410768953105,Equity Market Down 10%,Hypothetical,-0.097589231046895
2024-03-07,0.0154047182650933,Equity Market Down 10%,Hypothetical,-0.08459528173490671
2024-03-08,-0.0085983257220932,Equity Market Down 10%,Hypothetical,-0.1085983257220932
2024-03-11,-0.0015475817517243,Equity Market Down 10%,Hypothetical,-0.1015475817517243
2024-03-12,0.0195347428705791,Equity Market Down 10%,Hypothetical,-0.0804652571294209
2024-03-13,-0.0041122848418842,Equity Market Down 10%,Hypothetical,-0.1041122848418842
2024-03-14,0.0011212121989847,Equity Market Down 10%,Hypothetical,-0.0988787878010153
2024-03-15,-0.0066982549715267,Equity Market Down 10%,Hypothetical,-0.10669825497152671
2024-03-18,0.0128353363332475,Equity Market Down 10%,Hypothetical,-0.0871646636667525
2024-03-19,0.0069035332772772,Equity Market Down 10%,Hypothetical,-0.0930964667227228
2024-03-20,0.0118541265726178,Equity Market Down 10%,Hypothetical,-0.0881458734273822
2024-03-21,-0.0051549851037506,Equity Market Down 10%,Hypothetical,-0.10515498510375061
2024-03-22,0.0061791956621531,Equity Market Down 10%,Hypothetical,-0.09382080433784691
2024-03-25,-0.0035696123238305,Equity Market Down 10%,Hypothetical,-0.10356961232383051
2024-03-26,-0.0045900223621282,Equity Market Down 10%,Hypothetical,-0.10459002236212821
2024-03-27,0.0042272482862438,Equity Market Down 10%,Hypothetical,-0.09577275171375621
2024-03-28,-0.0027348032938285,Equity Market Down 10%,Hypothetical,-0.1027348032938285
2024-04-01,0.002543340488139,Equity Market Down 10%,Hypothetical,-0.097456659511861
2024-04-02,-0.0090955406886848,Equity Market Down 10%,Hypothetical,-0.10909554068868481
2024-04-03,0.0023201458812203,Equity Market Down 10%,Hypothetical,-0.0976798541187797
2024-04-04,-0.0112032216272167,Equity Market Down 10%,Hypothetical,-0.1112032216272167
2024-04-05,0.012694739611631,Equity Market Down 10%,Hypothetical,-0.087305260388369
2024-04-08,0.0002586114157328,Equity Market Down 10%,Hypothetical,-0.0997413885842672
2024-04-09,0.0012100245598324,Equity Market Down 10%,Hypothetical,-0.0987899754401676
2024-04-10,-0.0032036483942396,Equity Market Down 10%,Hypothetical,-0.10320364839423961
2024-04-11,0.0199018616433204,Equity Market Down 10%,Hypothetical,-0.0800981383566796
2024-04-12,-0.0167780561127566,Equity Market Down 10%,Hypothetical,-0.1167780561127566
2024-04-15,-0.0178823644363635,Equity Market Down 10%,Hypothetical,-0.1178823644363635
2024-04-16,-0.001984422338265,Equity Market Down 10%,Hypothetical,-0.101984422338265
2024-04-17,-0.0094265537519303,Equity Market Down 10%,Hypothetical,-0.1094265537519303
2024-04-18,-0.0025748177755892,Equity Market Down 10%,Hypothetical,-0.1025748177755892
2024-04-19,-0.0232549929447157,Equity Market Down 10%,Hypothetical,-0.1232549929447157
2024-04-22,0.0105362110970553,Equity Market Down 10%,Hypothetical,-0.08946378890294471
2024-04-23,0.0151589386362772,Equity Market Down 10%,Hypothetical,-0.08484106136372281
2024-04-24,0.0029230798997529,Equity Market Down 10%,Hypothetical,-0.0970769201002471
2024-04-25,-0.0031084048645696,Equity Market Down 10%,Hypothetical,-0.10310840486456961
2024-04-26,0.0225698917842307,Equity Market Down 10%,Hypothetical,-0.0774301082157693
2024-04-29,0.0066001227146419,Equity Market Down 10%,Hypothetical,-0.0933998772853581
2024-04-30,-0.0213799604186252,Equity Market Down 10%,Hypothetical,-0.1213799604186252
2024-05-01,-0.0028165531154753,Equity Market Down 10%,Hypothetical,-0.1028165531154753
2024-05-02,0.0163853834480058,Equity Market Down 10%,Hypothetical,-0.0836146165519942
2024-05-03,0.0219090292668233,Equity Market Down 10%,Hypothetical,-0.07809097073317671
2024-05-06,0.0118527792865278,Equity Market Down 10%,Hypothetical,-0.08814722071347221
2024-05-07,-0.0028505087644217,Equity Market Down 10%,Hypothetical,-0.1028505087644217
2024-05-08,0.0008905565334588,Equity Market Down 10%,Hypothetical,-0.0991094434665412
2024-05-09,0.0027899463268601,Equity Market Down 10%,Hypothetical,-0.09721005367313991
2024-05-10,-0.0003923641237339,Equity Market Down 10%,Hypothetical,-0.10039236412373391
2024-05-13,0.0037912174260788,Equity Market Down 10%,Hypothetical,-0.09620878257392121
2024-05-14,0.0087401435901174,Equity Market Down 10%,Hypothetical,-0.0912598564098826
2024-05-15,0.0120392488396969,Equity Market Down 10%,Hypothetical,-0.08796075116030311
2024-05-16,-0.0017511892942747,Equity Market Down 10%,Hypothetical,-0.10175118929427471
2024-05-17,0.0011991340595006,Equity Market Down 10%,Hypothetical,-0.0988008659404994
2024-05-20,-0.0001649036348927,Equity Market Down 10%,Hypothetical,-0.10016490363489271
2024-05-21,0.0089609524840501,Equity Market Down 10%,Hypothetical,-0.0910390475159499
2024-05-22,-0.005791700616357,Equity Market Down 10%,Hypothetical,-0.10579170061635701
2024-05-23,0.0011043308736126,Equity Market Down 10%,Hypothetical,-0.0988956691263874
2024-05-24,0.0127644273308628,Equity Market Down 10%,Hypothetical,-0.0872355726691372
2024-05-28,0.0108221318051703,Equity Market Down 10%,Hypothetical,-0.0891778681948297
2024-05-29,-0.0031264631871813,Equity Market Down 10%,Hypothetical,-0.1031264631871813
2024-05-30,-0.0131286022065454,Equity Market Down 10%,Hypothetical,-0.1131286022065454
2024-05-31,0.0028311359064925,Equity Market Down 10%,Hypothetical,-0.0971688640935075
2024-06-03,0.0091071310696667,Equity Market Down 10%,Hypothetical,-0.0908928689303333
2024-06-04,0.0022377590427268,Equity Market Down 10%,Hypothetical,-0.0977622409572732
2024-06-05,0.014868739487336,Equity Market Down 10%,Hypothetical,-0.08513126051266401
2024-06-06,0.0005387112098091,Equity Market Down 10%,Hypothetical,-0.09946128879019091
2024-06-07,7.005089004068535e-05,Equity Market Down 10%,Hypothetical,-0.09992994910995932
2024-06-10,0.0009112772204547,Equity Market Down 10%,Hypothetical,-0.09908872277954531
2024-06-11,0.0122613860908647,Equity Market Down 10%,Hypothetical,-0.0877386139091353
2024-06-12,0.0139208254112169,Equity Market Down 10%,Hypothetical,-0.0860791745887831
2024-06-13,0.0054257030130454,Equity Market Down 10%,Hypothetical,-0.0945742969869546
2024-06-14,0.0005714043581531,Equity Market Down 10%,Hypothetical,-0.0994285956418469
2024-06-17,0.0078032197362456,Equity Market Down 10%,Hypothetical,-0.0921967802637544
2024-06-18,-0.0003606250086311,Equity Market Down 10%,Hypothetical,-0.1003606250086311
2024-06-20,-0.0059054941648677,Equity Market Down 10%,Hypothetical,-0.1059054941648677
2024-06-21,-0.0043209052806987,Equity Market Down 10%,Hypothetical,-0.1043209052806987
2024-06-24,-0.0087318269330308,Equity Market Down 10%,Hypothetical,-0.10873182693303081
2024-06-25,0.0164732668196513,Equity Market Down 10%,Hypothetical,-0.0835267331803487
2024-06-26,0.0107188679406582,Equity Market Down 10%,Hypothetical,-0.08928113205934181
2024-06-27,0.0033604372518041,Equity Market Down 10%,Hypothetical,-0.0966395627481959
2024-06-28,-0.0073710855082484,Equity Market Down 10%,Hypothetical,-0.1073710855082484
2024-07-01,0.015412608108359,Equity Market Down 10%,Hypothetical,-0.08458739189164101
2024-07-02,0.0116922672102227,Equity Market Down 10%,Hypothetical,-0.0883077327897773
2024-07-03,0.0100076618281626,Equity Market Down 10%,Hypothetical,-0.08999233817183741
2024-07-05,0.0090803041567242,Equity Market Down 10%,Hypothetical,-0.0909196958432758
2024-07-08,0.0015805162626439,Equity Market Down 10%,Hypothetical,-0.09841948373735611
2024-07-09,0.0050614467029317,Equity Market Down 10%,Hypothetical,-0.09493855329706831
2024-07-10,0.0132874341537109,Equity Market Down 10%,Hypothetical,-0.0867125658462891
2024-07-11,-0.0281799091377386,Equity Market Down 10%,Hypothetical,-0.1281799091377386
2024-07-12,0.0034087381072956,Equity Market Down 10%,Hypothetical,-0.09659126189270441
2024-07-15,0.0066906821405923,Equity Market Down 10%,Hypothetical,-0.0933093178594077
2024-07-16,0.000497961302264,Equity Market Down 10%,Hypothetical,-0.09950203869773601
2024-07-17,-0.0218293225909923,Equity Market Down 10%,Hypothetical,-0.1218293225909923
2024-07-18,-0.0073339553338206,Equity Market Down 10%,Hypothetical,-0.1073339553338206
2024-07-19,-0.0084450909166476,Equity Market Down 10%,Hypothetical,-0.10844509091664761
2024-07-22,0.0134577590381157,Equity Market Down 10%,Hypothetical,-0.0865422409618843
2024-07-23,0.0005495167309148,Equity Market Down 10%,Hypothetical,-0.0994504832690852
2024-07-24,-0.0392363492236725,Equity Market Down 10%,Hypothetical,-0.1392363492236725
2024-07-25,-0.0097912075185989,Equity Market Down 10%,Hypothetical,-0.1097912075185989
2024-07-26,0.00898602745694,Equity Market Down 10%,Hypothetical,-0.09101397254306001
2024-07-29,0.0019724859022896,Equity Market Down 10%,Hypothetical,-0.0980275140977104
2024-07-30,-0.0107553222882292,Equity Market Down 10%,Hypothetical,-0.11075532228822921
2024-07-31,0.0253849747595572,Equity Market Down 10%,Hypothetical,-0.0746150252404428
2024-08-01,-0.0205342749729399,Equity Market Down 10%,Hypothetical,-0.1205342749729399
2024-08-02,-0.0221119250055937,Equity Market Down 10%,Hypothetical,-0.1221119250055937
2024-08-05,-0.0416652326076759,Equity Market Down 10%,Hypothetical,-0.1416652326076759
2024-08-06,0.0099318788090302,Equity Market Down 10%,Hypothetical,-0.09006812119096981
2024-08-07,-0.0072175514477899,Equity Market Down 10%,Hypothetical,-0.10721755144778991
2024-08-08,0.0242414070308319,Equity Market Down 10%,Hypothetical,-0.0757585929691681
2024-08-09,0.0070142299727447,Equity Market Down 10%,Hypothetical,-0.0929857700272553
2024-08-12,0.00680088151633,Equity Market Down 10%,Hypothetical,-0.09319911848367
2024-08-13,0.0236181430961688,Equity Market Down 10%,Hypothetical,-0.0763818569038312
2024-08-14,0.0017940458667453,Equity Market Down 10%,Hypothetical,-0.09820595413325471
2024-08-15,0.0202804857098672,Equity Market Down 10%,Hypothetical,-0.0797195142901328
2024-08-16,0.0033394682932746,Equity Market Down 10%,Hypothetical,-0.09666053170672541
2024-08-19,0.0128599155002304,Equity Market Down 10%,Hypothetical,-0.08714008449976961
2024-08-20,-0.0033970874997615,Equity Market Down 10%,Hypothetical,-0.10339708749976151
2024-08-21,0.0017997349008964,Equity Market Down 10%,Hypothetical,-0.09820026509910361
2024-08-22,-0.0156950174574042,Equity Market Down 10%,Hypothetical,-0.11569501745740421
2024-08-23,0.0146179450600478,Equity Market Down 10%,Hypothetical,-0.08538205493995221
2024-08-26,-0.0054737319703592,Equity Market Down 10%,Hypothetical,-0.10547373197035921
2024-08-27,-0.0003599418669241,Equity Market Down 10%,Hypothetical,-0.10035994186692411
2024-08-28,-0.0091283652484588,Equity Market Down 10%,Hypothetical,-0.1091283652484588
2024-08-29,-0.0043497325748041,Equity Market Down 10%,Hypothetical,-0.10434973257480411
2024-08-30,0.0107637125192373,Equity Market Down 10%,Hypothetical,-0.0892362874807627
2024-09-03,-0.0324664482999577,Equity Market Down 10%,Hypothetical,-0.1324664482999577
2024-09-04,-0.0051403143191134,Equity Market Down 10%,Hypothetical,-0.1051403143191134
2024-09-05,0.0065995378192259,Equity Market Down 10%,Hypothetical,-0.09340046218077411
2024-09-06,-0.0265326957555139,Equity Market Down 10%,Hypothetical,-0.1265326957555139
2024-09-09,0.0123448929498129,Equity Market Down 10%,Hypothetical,-0.0876551070501871
2024-09-10,0.0024283587541754,Equity Market Down 10%,Hypothetical,-0.09757164124582461
2024-09-11,0.0222753106195183,Equity Market Down 10%,Hypothetical,-0.0777246893804817
2024-09-12,0.009947273741322,Equity Market Down 10%,Hypothetical,-0.09005272625867801
2024-09-13,0.0018287571175353,Equity Market Down 10%,Hypothetical,-0.0981712428824647
2024-09-16,-0.0065524054424398,Equity Market Down 10%,Hypothetical,-0.10655240544243981
2024-09-17,0.0029618174034305,Equity Market Down 10%,Hypothetical,-0.0970381825965695
2024-09-18,-0.0011943412482,Equity Market Down 10%,Hypothetical,-0.10119434124820001
2024-09-19,0.0263092872371257,Equity Market Down 10%,Hypothetical,-0.07369071276287431
2024-09-20,-0.0035429468565494,Equity Market Down 10%,Hypothetical,-0.10354294685654941
2024-09-23,0.0019242165310661,Equity Market Down 10%,Hypothetical,-0.0980757834689339
2024-09-24,0.0062743980121042,Equity Market Down 10%,Hypothetical,-0.09372560198789581
2024-09-25,0.0015770698346034,Equity Market Down 10%,Hypothetical,-0.0984229301653966
2024-09-26,-0.0003516986398003,Equity Market Down 10%,Hypothetical,-0.1003516986398003
2024-09-27,-0.0016318094911682,Equity Market Down 10%,Hypothetical,-0.1016318094911682
2024-09-30,0.0073291334039969,Equity Market Down 10%,Hypothetical,-0.0926708665960031
2024-10-01,-0.0159984746421391,Equity Market Down 10%,Hypothetical,-0.11599847464213911
2024-10-02,0.0001547301369599,Equity Market Down 10%,Hypothetical,-0.09984526986304011
2024-10-03,0.0008717434044831,Equity Market Down 10%,Hypothetical,-0.09912825659551691
2024-10-04,0.0138266154740945,Equity Market Down 10%,Hypothetical,-0.0861733845259055
2024-10-07,-0.0125854115557271,Equity Market Down 10%,Hypothetical,-0.1125854115557271
2024-10-08,0.0132365475101108,Equity Market Down 10%,Hypothetical,-0.0867634524898892
2024-10-09,0.0050090537382014,Equity Market Down 10%,Hypothetical,-0.0949909462617986
2024-10-10,0.0019925567744401,Equity Market Down 10%,Hypothetical,-0.0980074432255599
2024-10-11,0.0012148024209524,Equity Market Down 10%,Hypothetical,-0.0987851975790476
2024-10-14,0.00903144432922,Equity Market Down 10%,Hypothetical,-0.09096855567078001
2024-10-15,-0.0103721414985837,Equity Market Down 10%,Hypothetical,-0.11037214149858371
2024-10-16,0.0029036624689871,Equity Market Down 10%,Hypothetical,-0.0970963375310129
2024-10-17,0.0005142519840518,Equity Market Down 10%,Hypothetical,-0.0994857480159482
2024-10-18,0.0057145223785138,Equity Market Down 10%,Hypothetical,-0.0942854776214862
2024-10-21,0.006599045174483,Equity Market Down 10%,Hypothetical,-0.09340095482551701
2024-10-22,0.0044350486554141,Equity Market Down 10%,Hypothetical,-0.09556495134458591
2024-10-23,-0.0173276621443322,Equity Market Down 10%,Hypothetical,-0.11732766214433221
2024-10-24,0.0120024724968391,Equity Market Down 10%,Hypothetical,-0.08799752750316091
2024-10-25,0.0066840241489888,Equity Market Down 10%,Hypothetical,-0.0933159758510112
2024-10-28,0.0016587878205878,Equity Market Down 10%,Hypothetical,-0.0983412121794122
2024-10-29,0.0045247155474557,Equity Market Down 10%,Hypothetical,-0.0954752844525443
2024-10-30,-0.0011603331639941,Equity Market Down 10%,Hypothetical,-0.1011603331639941
2024-10-31,-0.0301231662997555,Equity Market Down 10%,Hypothetical,-0.1301231662997555
2024-11-01,0.0075911703147499,Equity Market Down 10%,Hypothetical,-0.0924088296852501
2024-11-04,-0.0056401278838516,Equity Market Down 10%,Hypothetical,-0.1056401278838516
2024-11-05,0.0132872857124368,Equity Market Down 10%,Hypothetical,-0.0867127142875632
2024-11-06,0.037297309018733,Equity Market Down 10%,Hypothetical,-0.062702690981267
2024-11-07,0.0127080630735874,Equity Market Down 10%,Hypothetical,-0.0872919369264126
2024-11-08,6.440283292251001e-05,Equity Market Down 10%,Hypothetical,-0.09993559716707749
2024-11-11,-0.0007653757877838,Equity Market Down 10%,Hypothetical,-0.1007653757877838
2024-11-12,0.0027644180632819,Equity Market Down 10%,Hypothetical,-0.09723558193671811
2024-11-13,0.0006959020634902,Equity Market Down 10%,Hypothetical,-0.09930409793650981
2024-11-14,-0.0032129286479642,Equity Market Down 10%,Hypothetical,-0.1032129286479642
2024-11-15,-0.0178234161813765,Equity Market Down 10%,Hypothetical,-0.11782341618137651
2024-11-18,0.0050078124504728,Equity Market Down 10%,Hypothetical,-0.09499218754952721
2024-11-19,0.0102325799918838,Equity Market Down 10%,Hypothetical,-0.0897674200081162
2024-11-20,-0.0018385422793459,Equity Market Down 10%,Hypothetical,-0.10183854227934591
2024-11-21,-0.005885915594319,Equity Market Down 10%,Hypothetical,-0.10588591559431901
2024-11-22,-0.0021628198479244,Equity Market Down 10%,Hypothetical,-0.1021628198479244
2024-11-25,0.0004509959259747,Equity Market Down 10%,Hypothetical,-0.09954900407402531
2024-11-26,0.0099240735446767,Equity Market Down 10%,Hypothetical,-0.09007592645532331
2024-11-27,-0.0058227295178771,Equity Market Down 10%,Hypothetical,-0.1058227295178771
2024-11-29,0.0087706117952242,Equity Market Down 10%,Hypothetical,-0.0912293882047758
2024-12-02,0.0094884626621999,Equity Market Down 10%,Hypothetical,-0.09051153733780011
2024-12-03,0.0055635636518131,Equity Market Down 10%,Hypothetical,-0.09443643634818691
2024-12-04,0.0108574219716095,Equity Market Down 10%,Hypothetical,-0.08914257802839051
2024-12-05,0.0014042344592134,Equity Market Down 10%,Hypothetical,-0.09859576554078661
2024-12-06,0.0029474836679498,Equity Market Down 10%,Hypothetical,-0.09705251633205021
2024-12-09,-0.0010851585929128,Equity Market Down 10%,Hypothetical,-0.10108515859291281
2024-12-10,0.0025892554932178,Equity Market Down 10%,Hypothetical,-0.09741074450678221
2024-12-11,0.0141807379779524,Equity Market Down 10%,Hypothetical,-0.08581926202204761
2024-12-12,-0.0065987523094592,Equity Market Down 10%,Hypothetical,-0.1065987523094592
2024-12-13,-0.0051821598142911,Equity Market Down 10%,Hypothetical,-0.1051821598142911
2024-12-16,0.007099394040713,Equity Market Down 10%,Hypothetical,-0.09290060595928701
2024-12-17,-0.0009975148710387,Equity Market Down 10%,Hypothetical,-0.10099751487103871
2024-12-18,-0.0290120555848225,Equity Market Down 10%,Hypothetical,-0.1290120555848225
2024-12-19,0.0036689292528643,Equity Market Down 10%,Hypothetical,-0.0963310707471357
2024-12-20,0.0109847423380348,Equity Market Down 10%,Hypothetical,-0.0890152576619652
2024-12-23,0.0108167039536191,Equity Market Down 10%,Hypothetical,-0.08918329604638091
2024-12-24,0.0126445416516754,Equity Market Down 10%,Hypothetical,-0.0873554583483246
2024-12-26,-0.0016029690537926,Equity Market Down 10%,Hypothetical,-0.10160296905379261
2024-12-27,-0.0151373066235519,Equity Market Down 10%,Hypothetical,-0.1151373066235519
2024-12-30,-0.0097602192455592,Equity Market Down 10%,Hypothetical,-0.1097602192455592
2024-12-31,-0.0093353675031105,Equity Market Down 10%,Hypothetical,-0.1093353675031105
2025-01-02,-0.0036012788926807,Equity Market Down 10%,Hypothetical,-0.10360127889268071
2025-01-03,0.0177012645085303,Equity Market Down 10%,Hypothetical,-0.08229873549146971
2025-01-06,0.0137870900941624,Equity Market Down 10%,Hypothetical,-0.0862129099058376
2025-01-07,-0.01857897790079,Equity Market Down 10%,Hypothetical,-0.11857897790079
2025-01-08,-1.5800722626767294e-05,Equity Market Down 10%,Hypothetical,-0.10001580072262678
2025-01-10,-0.0153817696462392,Equity Market Down 10%,Hypothetical,-0.11538176964623921
2025-01-13,-0.0010034264425358,Equity Market Down 10%,Hypothetical,-0.1010034264425358
2025-01-14,-0.0044778036171605,Equity Market Down 10%,Hypothetical,-0.10447780361716051
2025-01-15,0.026782952472788,Equity Market Down 10%,Hypothetical,-0.073217047527212
2025-01-16,-0.0190247268570009,Equity Market Down 10%,Hypothetical,-0.11902472685700091
2025-01-17,0.0154976415344366,Equity Market Down 10%,Hypothetical,-0.0845023584655634
2025-01-21,0.0024064259386492,Equity Market Down 10%,Hypothetical,-0.0975935740613508
2025-01-22,0.0136944231255368,Equity Market Down 10%,Hypothetical,-0.0863055768744632
2025-01-23,0.0032639588489196,Equity Market Down 10%,Hypothetical,-0.0967360411510804
2025-01-24,-0.0062546015686581,Equity Market Down 10%,Hypothetical,-0.10625460156865811
2025-01-27,-0.0270540507178259,Equity Market Down 10%,Hypothetical,-0.1270540507178259
2025-01-28,0.0278733294569324,Equity Market Down 10%,Hypothetical,-0.07212667054306761
2025-01-29,-0.008707435124593,Equity Market Down 10%,Hypothetical,-0.10870743512459301
2025-01-30,-0.0042756450951014,Equity Market Down 10%,Hypothetical,-0.1042756450951014
2025-01-31,-0.0052910991404969,Equity Market Down 10%,Hypothetical,-0.1052910991404969
2025-02-03,-0.0157977848384365,Equity Market Down 10%,Hypothetical,-0.1157977848384365
2025-02-04,0.0147610198680543,Equity Market Down 10%,Hypothetical,-0.08523898013194571
2025-02-05,-0.0037739977751622,Equity Market Down 10%,Hypothetical,-0.1037739977751622
2025-02-06,0.0081547597609589,Equity Market Down 10%,Hypothetical,-0.0918452402390411
2025-02-07,-0.015190678787558,Equity Market Down 10%,Hypothetical,-0.11519067878755801
2025-02-10,0.0061966226843869,Equity Market Down 10%,Hypothetical,-0.09380337731561311
2025-02-11,0.0010920678344092,Equity Market Down 10%,Hypothetical,-0.09890793216559081
2025-02-12,-0.0021133998350272,Equity Market Down 10%,Hypothetical,-0.10211339983502721
2025-02-13,0.0151741382368994,Equity Market Down 10%,Hypothetical,-0.08482586176310061
2025-02-14,0.0043835336507857,Equity Market Down 10%,Hypothetical,-0.09561646634921431
2025-02-18,-0.0025403301303298,Equity Market Down 10%,Hypothetical,-0.1025403301303298
2025-02-19,0.0036713858970273,Equity Market Down 10%,Hypothetical,-0.0963286141029727
2025-02-20,-0.0056801065052593,Equity Market Down 10%,Hypothetical,-0.1056801065052593
2025-02-21,-0.0233637342150415,Equity Market Down 10%,Hypothetical,-0.1233637342150415
2025-02-24,-0.0106306817657504,Equity Market Down 10%,Hypothetical,-0.1106306817657504
2025-02-25,-0.0151590356060547,Equity Market Down 10%,Hypothetical,-0.1151590356060547
2025-02-26,-0.0013207719813056,Equity Market Down 10%,Hypothetical,-0.10132077198130561
2025-02-27,-0.0254674405441888,Equity Market Down 10%,Hypothetical,-0.1254674405441888
2025-02-28,0.0200767796692307,Equity Market Down 10%,Hypothetical,-0.0799232203307693
2025-03-03,-0.0319235512009221,Equity Market Down 10%,Hypothetical,-0.1319235512009221
2025-03-04,-0.004279074153,Equity Market Down 10%,Hypothetical,-0.104279074153
2025-03-05,0.0118925107043762,Equity Market Down 10%,Hypothetical,-0.0881074892956238
2025-03-06,-0.0197674730014791,Equity Market Down 10%,Hypothetical,-0.11976747300147911
2025-03-07,0.0039512532896072,Equity Market Down 10%,Hypothetical,-0.0960487467103928
2025-03-10,-0.0445907936648044,Equity Market Down 10%,Hypothetical,-0.1445907936648044
2025-03-11,-0.0028203261629872,Equity Market Down 10%,Hypothetical,-0.10282032616298721
2025-03-12,0.0136666131479223,Equity Market Down 10%,Hypothetical,-0.0863333868520777
2025-03-13,-0.0192784676540894,Equity Market Down 10%,Hypothetical,-0.1192784676540894
2025-03-14,0.0275912604610542,Equity Market Down 10%,Hypothetical,-0.0724087395389458
2025-03-17,-0.0041438083775124,Equity Market Down 10%,Hypothetical,-0.1041438083775124
2025-03-18,-0.0159800913594665,Equity Market Down 10%,Hypothetical,-0.1159800913594665
2025-03-19,0.0150263523140383,Equity Market Down 10%,Hypothetical,-0.0849736476859617
2025-03-20,9.149351780417496e-05,Equity Market Down 10%,Hypothetical,-0.09990850648219583
2025-03-21,0.0107725303712334,Equity Market Down 10%,Hypothetical,-0.0892274696287666
2025-03-24,0.0235670111550093,Equity Market Down 10%,Hypothetical,-0.07643298884499071
2025-03-25,0.0091105303862269,Equity Market Down 10%,Hypothetical,-0.0908894696137731
2025-03-26,-0.0213493145201337,Equity Market Down 10%,Hypothetical,-0.1213493145201337
2025-03-27,-0.0044576948146522,Equity Market Down 10%,Hypothetical,-0.10445769481465221
2025-03-28,-0.0279141778757151,Equity Market Down 10%,Hypothetical,-0.1279141778757151
2025-03-31,0.001009574740802,Equity Market Down 10%,Hypothetical,-0.098990425259198
2025-04-01,0.0105403720257394,Equity Market Down 10%,Hypothetical,-0.0894596279742606
2025-04-02,0.0060857922877535,Equity Market Down 10%,Hypothetical,-0.09391420771224651
2025-04-03,-0.0645084250896823,Equity Market Down 10%,Hypothetical,-0.1645084250896823
2025-04-04,-0.0607837305741899,Equity Market Down 10%,Hypothetical,-0.1607837305741899
2025-04-07,0.0012192630869938,Equity Market Down 10%,Hypothetical,-0.0987807369130062
2025-04-08,-0.0181307398111229,Equity Market Down 10%,Hypothetical,-0.1181307398111229
2025-04-09,0.1188353049222503,Equity Market Down 10%,Hypothetical,0.0188353049222503
2025-04-10,-0.0423459920378063,Equity Market Down 10%,Hypothetical,-0.1423459920378063
2025-04-11,0.0257834210570002,Equity Market Down 10%,Hypothetical,-0.07421657894299981
2025-04-14,0.0008695889703943,Equity Market Down 10%,Hypothetical,-0.09913041102960571
2025-04-15,-0.0040411817064517,Equity Market Down 10%,Hypothetical,-0.1040411817064517
2025-04-16,-0.0343950259667205,Equity Market Down 10%,Hypothetical,-0.1343950259667205
2025-04-17,-0.0160454072513463,Equity Market Down 10%,Hypothetical,-0.11604540725134631
2025-04-21,-0.0298329030132061,Equity Market Down 10%,Hypothetical,-0.1298329030132061
2025-04-22,0.0271736687238062,Equity Market Down 10%,Hypothetical,-0.07282633127619381
2025-04-23,0.0267351076332421,Equity Market Down 10%,Hypothetical,-0.0732648923667579
2025-04-24,0.0244465508489345,Equity Market Down 10%,Hypothetical,-0.0755534491510655
2025-04-25,0.0167600337217621,Equity Market Down 10%,Hypothetical,-0.0832399662782379
2025-04-28,-0.0036368066532724,Equity Market Down 10%,Hypothetical,-0.1036368066532724
2025-04-29,0.0027104148228298,Equity Market Down 10%,Hypothetical,-0.0972895851771702
2025-04-30,-0.0041252478776467,Equity Market Down 10%,Hypothetical,-0.10412524787764671
2025-05-01,0.0215494287236613,Equity Market Down 10%,Hypothetical,-0.0784505712763387
2025-05-02,0.0068850363767963,Equity Market Down 10%,Hypothetical,-0.0931149636232037
2025-05-05,-0.0106122581447764,Equity Market Down 10%,Hypothetical,-0.1106122581447764
2025-05-06,-0.0068662253938888,Equity Market Down 10%,Hypothetical,-0.1068662253938888
2025-05-07,-0.0027237992103199,Equity Market Down 10%,Hypothetical,-0.1027237992103199
2025-05-08,0.0102229585195295,Equity Market Down 10%,Hypothetical,-0.0897770414804705
2025-05-09,0.0014592860300908,Equity Market Down 10%,Hypothetical,-0.09854071396990921
2025-05-12,0.0455847535667296,Equity Market Down 10%,Hypothetical,-0.054415246433270406
2025-05-13,0.0073375033555848,Equity Market Down 10%,Hypothetical,-0.0926624966444152
2025-05-14,0.0121336119900428,Equity Market Down 10%,Hypothetical,-0.0878663880099572
2025-05-15,-0.0108406953301154,Equity Market Down 10%,Hypothetical,-0.11084069533011541
2025-05-16,0.0060915080417891,Equity Market Down 10%,Hypothetical,-0.09390849195821091
2025-05-19,0.0008314432080279,Equity Market Down 10%,Hypothetical,-0.0991685567919721
2025-05-20,-0.0055005589118205,Equity Market Down 10%,Hypothetical,-0.1055005589118205
2025-05-21,-0.0149608961528953,Equity Market Down 10%,Hypothetical,-0.1149608961528953
2025-05-22,0.0030480694005728,Equity Market Down 10%,Hypothetical,-0.09695193059942721
2025-05-23,-0.0130454276986172,Equity Market Down 10%,Hypothetical,-0.11304542769861721
2025-05-27,0.0246994983179365,Equity Market Down 10%,Hypothetical,-0.07530050168206351
2025-05-28,-0.0041664704417498,Equity Market Down 10%,Hypothetical,-0.1041664704417498
2025-05-29,0.0059004684543302,Equity Market Down 10%,Hypothetical,-0.0940995315456698
2025-05-30,-0.0046162238230613,Equity Market Down 10%,Hypothetical,-0.10461622382306131
2025-06-02,0.0053584514695456,Equity Market Down 10%,Hypothetical,-0.09464154853045441
2025-06-03,0.0041726385295306,Equity Market Down 10%,Hypothetical,-0.0958273614704694
2025-06-04,0.0005551352558141,Equity Market Down 10%,Hypothetical,-0.0994448647441859
2025-06-05,-0.0123650647183919,Equity Market Down 10%,Hypothetical,-0.1123650647183919
2025-06-06,0.0184412792852024,Equity Market Down 10%,Hypothetical,-0.08155872071479761
2025-06-09,0.0050330281366153,Equity Market Down 10%,Hypothetical,-0.09496697186338471
2025-06-10,0.0089343436110171,Equity Market Down 10%,Hypothetical,-0.09106565638898291
2025-06-11,-0.0058966875873106,Equity Market Down 10%,Hypothetical,-0.1058966875873106
2025-06-12,0.0040359201298515,Equity Market Down 10%,Hypothetical,-0.0959640798701485
2025-06-13,-0.0090449586094127,Equity Market Down 10%,Hypothetical,-0.10904495860941271
2025-06-16,0.012822492803987,Equity Market Down 10%,Hypothetical,-0.087177507196013
2025-06-17,-0.0065912249148712,Equity Market Down 10%,Hypothetical,-0.1065912249148712
2025-06-18,0.0022681779839919,Equity Market Down 10%,Hypothetical,-0.09773182201600811
2025-06-20,-0.0041708803079053,Equity Market Down 10%,Hypothetical,-0.1041708803079053
2025-06-23,0.0068320901618362,Equity Market Down 10%,Hypothetical,-0.09316790983816381
2025-06-24,0.0070097778011921,Equity Market Down 10%,Hypothetical,-0.09299022219880791
2025-06-25,0.0084580036337738,Equity Market Down 10%,Hypothetical,-0.0915419963662262
2025-06-26,0.0091765244790802,Equity Market Down 10%,Hypothetical,-0.09082347552091981
2025-06-27,0.0082823980616604,Equity Market Down 10%,Hypothetical,-0.09171760193833961
2025-06-30,0.0017115740571256,Equity Market Down 10%,Hypothetical,-0.0982884259428744
2025-07-01,-0.0042936208803419,Equity Market Down 10%,Hypothetical,-0.1042936208803419
2025-07-02,0.009720025718398,Equity Market Down 10%,Hypothetical,-0.090279974281602
2025-07-03,0.0102920813182485,Equity Market Down 10%,Hypothetical,-0.0897079186817515
2025-07-07,-0.012498496183416,Equity Market Down 10%,Hypothetical,-0.11249849618341601
2025-07-08,-0.0022191627305865,Equity Market Down 10%,Hypothetical,-0.10221916273058651
2025-07-09,0.0082300217346207,Equity Market Down 10%,Hypothetical,-0.0917699782653793
2025-07-10,0.0057723259157679,Equity Market Down 10%,Hypothetical,-0.0942276740842321
2025-07-11,0.0032126712760701,Equity Market Down 10%,Hypothetical,-0.09678732872392991
2025-07-14,-0.0020564760481422,Equity Market Down 10%,Hypothetical,-0.1020564760481422
2025-07-15,0.0033768683709914,Equity Market Down 10%,Hypothetical,-0.09662313162900861
2025-07-16,0.0014248645849904,Equity Market Down 10%,Hypothetical,-0.0985751354150096
2025-07-17,0.00366326822123,Equity Market Down 10%,Hypothetical,-0.09633673177877
2025-07-18,0.001438415216906,Equity Market Down 10%,Hypothetical,-0.098561584783094
2025-07-21,0.0047839689217807,Equity Market Down 10%,Hypothetical,-0.0952160310782193
2025-07-22,-0.0027400425653789,Equity Market Down 10%,Hypothetical,-0.1027400425653789
2025-07-23,0.0074654447437939,Equity Market Down 10%,Hypothetical,-0.0925345552562061
2025-07-24,0.0001053664073444,Equity Market Down 10%,Hypothetical,-0.0998946335926556
2025-07-25,0.0034627383520478,Equity Market Down 10%,Hypothetical,-0.0965372616479522
2025-07-28,0.005234043230206,Equity Market Down 10%,Hypothetical,-0.094765956769794
2025-07-29,-0.0083592733313798,Equity Market Down 10%,Hypothetical,-0.1083592733313798
2025-07-30,0.0019992920501547,Equity Market Down 10%,Hypothetical,-0.0980007079498453
2025-07-31,0.0016780122414755,Equity Market Down 10%,Hypothetical,-0.0983219877585245
2025-08-01,-0.0294861047931529,Equity Market Down 10%,Hypothetical,-0.1294861047931529
2025-08-04,0.0152810300159525,Equity Market Down 10%,Hypothetical,-0.0847189699840475
2025-08-05,-0.0032453359875779,Equity Market Down 10%,Hypothetical,-0.1032453359875779
2025-08-06,0.0156927654699147,Equity Market Down 10%,Hypothetical,-0.0843072345300853
2025-08-07,0.0044852007367833,Equity Market Down 10%,Hypothetical,-0.09551479926321671
2025-08-08,0.0164076830014351,Equity Market Down 10%,Hypothetical,-0.0835923169985649
2025-08-11,-0.0018193394516851,Equity Market Down 10%,Hypothetical,-0.1018193394516851
2025-08-12,0.0113116765546463,Equity Market Down 10%,Hypothetical,-0.08868832344535371
2025-08-13,0.0010840854854198,Equity Market Down 10%,Hypothetical,-0.0989159145145802
2025-08-14,0.0043807848320475,Equity Market Down 10%,Hypothetical,-0.0956192151679525
2025-08-15,0.0013968921211029,Equity Market Down 10%,Hypothetical,-0.0986031078788971
2025-08-18,0.0005376735237972,Equity Market Down 10%,Hypothetical,-0.0994623264762028
2025-08-19,-0.0128311849143921,Equity Market Down 10%,Hypothetical,-0.1128311849143921
2025-08-20,-0.0091210242482829,Equity Market Down 10%,Hypothetical,-0.1091210242482829
2025-08-21,-0.0026852840621786,Equity Market Down 10%,Hypothetical,-0.10268528406217861
2025-08-22,0.0194394517233608,Equity Market Down 10%,Hypothetical,-0.08056054827663921
2025-08-25,0.0010771273225949,Equity Market Down 10%,Hypothetical,-0.0989228726774051
2025-08-26,0.0037080806513377,Equity Market Down 10%,Hypothetical,-0.09629191934866231
2025-08-27,0.0032546569673014,Equity Market Down 10%,Hypothetical,-0.0967453430326986
2025-08-28,0.0048479168272962,Equity Market Down 10%,Hypothetical,-0.09515208317270381
2025-08-29,-0.0076818085600725,Equity Market Down 10%,Hypothetical,-0.1076818085600725
2025-09-02,-0.0093590309648724,Equity Market Down 10%,Hypothetical,-0.1093590309648724
2025-09-03,0.0158403507778852,Equity Market Down 10%,Hypothetical,-0.0841596492221148
2025-09-04,0.0111822558095505,Equity Market Down 10%,Hypothetical,-0.08881774419044951
2025-09-05,-0.0100882847611909,Equity Market Down 10%,Hypothetical,-0.11008828476119091
2025-09-08,0.0016844086147825,Equity Market Down 10%,Hypothetical,-0.0983155913852175
2025-09-09,0.0097575085657455,Equity Market Down 10%,Hypothetical,-0.0902424914342545
2025-09-10,-0.0030972044057325,Equity Market Down 10%,Hypothetical,-0.1030972044057325
2025-09-11,0.0085709601305595,Equity Market Down 10%,Hypothetical,-0.09142903986944051
2025-09-12,0.0102169335631357,Equity Market Down 10%,Hypothetical,-0.0897830664368643
2025-09-15,0.0123265821839998,Equity Market Down 10%,Hypothetical,-0.0876734178160002
2025-09-16,0.0001352282495879,Equity Market Down 10%,Hypothetical,-0.09986477175041211
2025-09-17,-0.0030439157129357,Equity Market Down 10%,Hypothetical,-0.10304391571293571
2025-09-18,0.0026848279297027,Equity Market Down 10%,Hypothetical,-0.0973151720702973
2025-09-19,0.0118688168596381,Equity Market Down 10%,Hypothetical,-0.0881311831403619
2025-09-22,0.0103676667346206,Equity Market Down 10%,Hypothetical,-0.08963233326537941
2025-09-23,-0.0102839301557467,Equity Market Down 10%,Hypothetical,-0.11028393015574671
2025-09-24,-0.001303802684703,Equity Market Down 10%,Hypothetical,-0.101303802684703
2025-09-25,-0.001674065420231,Equity Market Down 10%,Hypothetical,-0.10167406542023101
2025-09-26,0.0046131414364074,Equity Market Down 10%,Hypothetical,-0.09538685856359261
2025-09-29,0.0022669386246084,Equity Market Down 10%,Hypothetical,-0.0977330613753916
2025-09-30,0.002261967332377,Equity Market Down 10%,Hypothetical,-0.097738032667623
2025-10-01,0.0019440484386984,Equity Market Down 10%,Hypothetical,-0.0980559515613016
2025-10-02,9.054848733355987e-05,Equity Market Down 10%,Hypothetical,-0.09990945151266645
2025-10-03,-0.0005758783690377,Equity Market Down 10%,Hypothetical,-0.10057587836903771
2025-10-06,0.0066282800090189,Equity Market Down 10%,Hypothetical,-0.09337171999098111
2025-10-07,-0.005596973159296,Equity Market Down 10%,Hypothetical,-0.105596973159296
2025-10-08,0.0063414933136507,Equity Market Down 10%,Hypothetical,-0.0936585066863493
2025-10-09,-0.0008607037391331,Equity Market Down 10%,Hypothetical,-0.10086070373913311
2025-10-10,-0.0339494058300054,Equity Market Down 10%,Hypothetical,-0.13394940583000542
2025-10-13,0.0188178350303747,Equity Market Down 10%,Hypothetical,-0.0811821649696253
2025-10-14,-0.0109563437321476,Equity Market Down 10%,Hypothetical,-0.1109563437321476
2025-10-15,0.005285172866864,Equity Market Down 10%,Hypothetical,-0.094714827133136
2025-10-16,-0.0053038482888556,Equity Market Down 10%,Hypothetical,-0.10530384828885561
2025-10-17,0.007604768157598,Equity Market Down 10%,Hypothetical,-0.092395231842402
2025-10-20,0.015937642116334,Equity Market Down 10%,Hypothetical,-0.084062357883666
2025-10-21,-0.0025349077745578,Equity Market Down 10%,Hypothetical,-0.1025349077745578
2025-10-22,-0.0056430554376427,Equity Market Down 10%,Hypothetical,-0.1056430554376427
2025-10-23,0.0061357703959486,Equity Market Down 10%,Hypothetical,-0.0938642296040514
2025-10-24,0.0113430762593989,Equity Market Down 10%,Hypothetical,-0.0886569237406011
2025-10-27,0.0205575905407175,Equity Market Down 10%,Hypothetical,-0.0794424094592825
2025-10-28,0.0118993318850911,Equity Market Down 10%,Hypothetical,-0.08810066811490891
2025-10-29,0.0069134002931726,Equity Market Down 10%,Hypothetical,-0.09308659970682741
2025-10-30,-0.0163924502518784,Equity Market Down 10%,Hypothetical,-0.1163924502518784
2025-10-31,0.0060977283131622,Equity Market Down 10%,Hypothetical,-0.0939022716868378
2025-11-03,0.0053000013122288,Equity Market Down 10%,Hypothetical,-0.09469999868777121
2025-11-04,-0.01394645413493,Equity Market Down 10%,Hypothetical,-0.11394645413493
2025-11-05,0.0008401742072847,Equity Market Down 10%,Hypothetical,-0.0991598257927153
2025-11-06,-0.0147807955014362,Equity Market Down 10%,Hypothetical,-0.1147807955014362
2025-11-07,-0.0023468652215845,Equity Market Down 10%,Hypothetical,-0.10234686522158451
2025-11-10,0.0211478847397028,Equity Market Down 10%,Hypothetical,-0.0788521152602972
2025-11-11,0.0014112402935461,Equity Market Down 10%,Hypothetical,-0.09858875970645391
2025-11-12,-0.0036040414271816,Equity Market Down 10%,Hypothetical,-0.1036040414271816
2025-11-13,-0.0213280489708089,Equity Market Down 10%,Hypothetical,-0.1213280489708089
2025-11-14,-0.0003662777124554,Equity Market Down 10%,Hypothetical,-0.1003662777124554
2025-11-17,-0.0070283700878662,Equity Market Down 10%,Hypothetical,-0.10702837008786621
2025-11-18,-0.015336385005707,Equity Market Down 10%,Hypothetical,-0.115336385005707
2025-11-19,0.0055923729934971,Equity Market Down 10%,Hypothetical,-0.0944076270065029
2025-11-20,-0.0151970748405115,Equity Market Down 10%,Hypothetical,-0.1151970748405115
2025-11-21,0.0066703405427818,Equity Market Down 10%,Hypothetical,-0.0933296594572182
2025-11-24,0.0197347581505189,Equity Market Down 10%,Hypothetical,-0.08026524184948111
2025-11-25,0.0049652972316127,Equity Market Down 10%,Hypothetical,-0.09503470276838731
2025-11-26,0.0066072782145476,Equity Market Down 10%,Hypothetical,-0.09339272178545241
2025-11-28,0.0058214663195229,Equity Market Down 10%,Hypothetical,-0.0941785336804771
2025-12-01,-0.0001089254501158,Equity Market Down 10%,Hypothetical,-0.10010892545011581
2025-12-02,0.0046815368406964,Equity Market Down 10%,Hypothetical,-0.0953184631593036
2025-12-03,-0.0003520642594413,Equity Market Down 10%,Hypothetical,-0.1003520642594413
2025-12-04,0.0022320888252812,Equity Market Down 10%,Hypothetical,-0.09776791117471881
2025-12-05,-0.0001591177744501,Equity Market Down 10%,Hypothetical,-0.10015911777445011
2025-12-08,-0.0023118870553685,Equity Market Down 10%,Hypothetical,-0.1023118870553685
2025-12-09,-0.0030790882423208,Equity Market Down 10%,Hypothetical,-0.1030790882423208
2025-12-10,0.003280655962924,Equity Market Down 10%,Hypothetical,-0.09671934403707601
2025-12-11,-0.0011962199696386,Equity Market Down 10%,Hypothetical,-0.10119621996963861
2025-12-12,-0.0076562440573298,Equity Market Down 10%,Hypothetical,-0.1076562440573298
2025-12-15,-0.0031177421706468,Equity Market Down 10%,Hypothetical,-0.1031177421706468
2025-12-16,3.872676089726815e-05,Equity Market Down 10%,Hypothetical,-0.09996127323910274
2025-12-17,-0.0141338992357122,Equity Market Down 10%,Hypothetical,-0.11413389923571221
2025-12-18,0.0111635287072285,Equity Market Down 10%,Hypothetical,-0.0888364712927715
2025-12-19,0.0099101063840805,Equity Market Down 10%,Hypothetical,-0.0900898936159195
2025-12-22,0.0043476578067993,Equity Market Down 10%,Hypothetical,-0.0956523421932007
2025-12-23,0.0104242136376382,Equity Market Down 10%,Hypothetical,-0.0895757863623618
2025-12-24,0.0024770381930485,Equity Market Down 10%,Hypothetical,-0.09752296180695151
2025-12-26,-0.0001685141286545,Equity Market Down 10%,Hypothetical,-0.1001685141286545
2025-12-29,-0.0050651449714475,Equity Market Down 10%,Hypothetical,-0.1050651449714475
2025-12-30,-7.925023386106983e-05,Equity Market Down 10%,Hypothetical,-0.10007925023386108
2025-12-31,-0.0058448913166461,Equity Market Down 10%,Hypothetical,-0.10584489131664611
2026-01-02,-0.0024523048082833,Equity Market Down 10%,Hypothetical,-0.10245230480828331
2026-01-05,0.0065848546470889,Equity Market Down 10%,Hypothetical,-0.09341514535291111
2026-01-06,-0.0020953298645552,Equity Market Down 10%,Hypothetical,-0.1020953298645552
2026-01-07,-0.0013690080748168,Equity Market Down 10%,Hypothetical,-0.1013690080748168
2026-01-08,0.0008136336193937,Equity Market Down 10%,Hypothetical,-0.09918636638060631
2026-01-09,0.0035478201590759,Equity Market Down 10%,Hypothetical,-0.09645217984092411
2026-01-12,-0.0018813760536899,Equity Market Down 10%,Hypothetical,-0.10188137605368991
2026-01-13,-0.0063976690651136,Equity Market Down 10%,Hypothetical,-0.10639766906511361
2026-01-14,-0.0107230538516739,Equity Market Down 10%,Hypothetical,-0.1107230538516739
2026-01-15,0.0016429251030099,Equity Market Down 10%,Hypothetical,-0.09835707489699011
2026-01-16,-0.0021688910965432,Equity Market Down 10%,Hypothetical,-0.1021688910965432
2026-01-20,-0.0267005971726316,Equity Market Down 10%,Hypothetical,-0.1267005971726316
2026-01-21,0.008226985784251,Equity Market Down 10%,Hypothetical,-0.091773014215749
2026-01-22,0.0123949934207221,Equity Market Down 10%,Hypothetical,-0.0876050065792779
2026-01-23,0.0077176304149204,Equity Market Down 10%,Hypothetical,-0.0922823695850796
2026-01-26,0.0074460346358181,Equity Market Down 10%,Hypothetical,-0.09255396536418191
2026-01-27,-0.0007774681817458,Equity Market Down 10%,Hypothetical,-0.10077746818174581
2026-01-28,0.0031623827433333,Equity Market Down 10%,Hypothetical,-0.0968376172566667
2026-01-29,-0.0076413980883901,Equity Market Down 10%,Hypothetical,-0.1076413980883901
2026-01-30,-0.0029978801461466,Equity Market Down 10%,Hypothetical,-0.10299788014614661
2026-02-02,0.0020235825771579,Equity Market Down 10%,Hypothetical,-0.0979764174228421
2026-02-03,-0.0092903630475206,Equity Market Down 10%,Hypothetical,-0.1092903630475206
2026-02-04,-0.0063359402854972,Equity Market Down 10%,Hypothetical,-0.1063359402854972
2026-02-05,-0.0202435373043135,Equity Market Down 10%,Hypothetical,-0.1202435373043135
2026-02-06,0.0149259851653184,Equity Market Down 10%,Hypothetical,-0.0850740148346816
2026-02-09,0.0080110721944211,Equity Market Down 10%,Hypothetical,-0.09198892780557891
2026-02-10,-0.0056917879064365,Equity Market Down 10%,Hypothetical,-0.1056917879064365
2026-02-11,-0.0044072800057994,Equity Market Down 10%,Hypothetical,-0.10440728000579941
2026-02-12,-0.0224888143674264,Equity Market Down 10%,Hypothetical,-0.12248881436742641
2026-02-13,-0.0093510323184307,Equity Market Down 10%,Hypothetical,-0.10935103231843071
2026-02-17,0.0054548541357315,Equity Market Down 10%,Hypothetical,-0.0945451458642685
2026-02-18,0.0083200733595246,Equity Market Down 10%,Hypothetical,-0.0916799266404754
2026-02-19,-0.0028202656326301,Equity Market Down 10%,Hypothetical,-0.10282026563263011
2026-02-20,0.0110759156392269,Equity Market Down 10%,Hypothetical,-0.0889240843607731
2026-02-23,-0.0131607807796919,Equity Market Down 10%,Hypothetical,-0.11316078077969191
2026-02-24,0.0078090430612404,Equity Market Down 10%,Hypothetical,-0.0921909569387596
2026-02-25,0.0155151491772143,Equity Market Down 10%,Hypothetical,-0.0844848508227857
2026-02-26,-0.0116420576577837,Equity Market Down 10%,Hypothetical,-0.1116420576577837
2026-02-27,-0.0147855532054674,Equity Market Down 10%,Hypothetical,-0.1147855532054674
2026-03-02,0.0049993623346427,Equity Market Down 10%,Hypothetical,-0.09500063766535731
2026-03-03,-0.003643884101913,Equity Market Down 10%,Hypothetical,-0.10364388410191301
2026-03-04,0.0078261354992855,Equity Market Down 10%,Hypothetical,-0.0921738645007145
2026-03-05,-0.0020111310703161,Equity Market Down 10%,Hypothetical,-0.1020111310703161
2026-03-06,-0.0147891215614148,Equity Market Down 10%,Hypothetical,-0.11478912156141481
2026-03-09,0.0093456866538519,Equity Market Down 10%,Hypothetical,-0.09065431334614811
2026-03-10,0.0006316820911687,Equity Market Down 10%,Hypothetical,-0.0993683179088313
2026-03-11,0.0028061882300428,Equity Market Down 10%,Hypothetical,-0.0971938117699572
2026-03-12,-0.015871043758481,Equity Market Down 10%,Hypothetical,-0.11587104375848101
2026-03-13,-0.0110379972666898,Equity Market Down 10%,Hypothetical,-0.11103799726668981
2026-03-16,0.0128907096138531,Equity Market Down 10%,Hypothetical,-0.0871092903861469
2026-03-17,0.0044108951944191,Equity Market Down 10%,Hypothetical,-0.0955891048055809
2026-03-18,-0.0131514732408135,Equity Market Down 10%,Hypothetical,-0.11315147324081351
2026-03-19,-0.0068777276406271,Equity Market Down 10%,Hypothetical,-0.10687772764062711
2026-03-20,-0.0158456570396786,Equity Market Down 10%,Hypothetical,-0.11584565703967861
2026-03-23,0.0115232999851818,Equity Market Down 10%,Hypothetical,-0.08847670001481821
2026-03-24,-0.0076252852777987,Equity Market Down 10%,Hypothetical,-0.1076252852777987
2026-03-25,0.0059538301281821,Equity Market Down 10%,Hypothetical,-0.09404616987181791
2026-03-26,-0.0207781536873016,Equity Market Down 10%,Hypothetical,-0.1207781536873016
2026-03-27,-0.0233413679372261,Equity Market Down 10%,Hypothetical,-0.12334136793722611
2026-03-30,-0.0013648407877984,Equity Market Down 10%,Hypothetical,-0.10136484078779841
2026-03-31,0.0372940723011465,Equity Market Down 10%,Hypothetical,-0.0627059276988535
2026-04-01,0.0069646024806119,Equity Market Down 10%,Hypothetical,-0.09303539751938811
2026-04-02,-0.0005529355863214,Equity Market Down 10%,Hypothetical,-0.1005529355863214
2026-04-06,0.0062535740688875,Equity Market Down 10%,Hypothetical,-0.0937464259311125
2026-04-07,0.0028291233287086,Equity Market Down 10%,Hypothetical,-0.0971708766712914
2026-04-08,0.0190587880027824,Equity Market Down 10%,Hypothetical,-0.0809412119972176
2026-04-09,0.0102071370518341,Equity Market Down 10%,Hypothetical,-0.08979286294816591
2026-04-10,0.0037204258616793,Equity Market Down 10%,Hypothetical,-0.09627957413832071
2026-04-13,0.0103571609588527,Equity Market Down 10%,Hypothetical,-0.08964283904114731
2026-04-14,0.0180117693866367,Equity Market Down 10%,Hypothetical,-0.0819882306133633
2026-04-15,0.0179535203895404,Equity Market Down 10%,Hypothetical,-0.0820464796104596
2026-04-16,0.0034030787784033,Equity Market Down 10%,Hypothetical,-0.0965969212215967
2026-04-17,0.012408768207535,Equity Market Down 10%,Hypothetical,-0.087591231792465
2026-04-20,-0.0014351581475228,Equity Market Down 10%,Hypothetical,-0.10143515814752281
2026-04-21,-0.0040449842337703,Equity Market Down 10%,Hypothetical,-0.1040449842337703
2026-04-22,0.0165036862728328,Equity Market Down 10%,Hypothetical,-0.0834963137271672
2026-04-23,-0.0111649266001312,Equity Market Down 10%,Hypothetical,-0.1111649266001312
2026-04-24,0.0127635901017986,Equity Market Down 10%,Hypothetical,-0.0872364098982014
2026-04-27,0.0054003253985247,Equity Market Down 10%,Hypothetical,-0.09459967460147531
2026-04-28,0.002272708017369,Equity Market Down 10%,Hypothetical,-0.09772729198263101
2026-04-29,-0.0029626238118557,Equity Market Down 10%,Hypothetical,-0.10296262381185571
2026-04-30,-0.0041501113805825,Equity Market Down 10%,Hypothetical,-0.1041501113805825
2026-05-01,0.0093364240943601,Equity Market Down 10%,Hypothetical,-0.0906635759056399
2026-05-04,-0.0025128724829814,Equity Market Down 10%,Hypothetical,-0.10251287248298141
2026-05-05,0.0039811129783619,Equity Market Down 10%,Hypothetical,-0.0960188870216381
2026-05-06,0.016672568207812,Equity Market Down 10%,Hypothetical,-0.083327431792188
2026-05-07,0.0023844915738078,Equity Market Down 10%,Hypothetical,-0.09761550842619221
2026-05-08,0.0065730720138982,Equity Market Down 10%,Hypothetical,-0.0934269279861018
2026-05-11,-2.2809556288955592e-05,Equity Market Down 10%,Hypothetical,-0.10002280955628896
2026-05-12,0.001540611974659,Equity Market Down 10%,Hypothetical,-0.098459388025341
2026-05-13,0.012506537349805,Equity Market Down 10%,Hypothetical,-0.087493462650195
2026-05-14,0.0060347853606273,Equity Market Down 10%,Hypothetical,-0.09396521463937271
2026-05-15,-0.005303403434343,Equity Market Down 10%,Hypothetical,-0.10530340343434301
2026-05-18,-0.0030038415037228,Equity Market Down 10%,Hypothetical,-0.10300384150372281
2026-05-19,-0.0097779423194636,Equity Market Down 10%,Hypothetical,-0.10977794231946361
2026-05-20,0.0090712403810499,Equity Market Down 10%,Hypothetical,-0.09092875961895011
2026-05-21,-0.0001100852397715,Equity Market Down 10%,Hypothetical,-0.10011008523977151
2026-05-22,0.0003788706432982,Equity Market Down 10%,Hypothetical,-0.09962112935670181
2026-05-26,-0.0024392576448392,Equity Market Down 10%,Hypothetical,-0.1024392576448392
2026-05-27,0.0017033975892403,Equity Market Down 10%,Hypothetical,-0.0982966024107597
2026-05-28,0.0072952208895211,Equity Market Down 10%,Hypothetical,-0.0927047791104789
2026-05-29,0.0007510939451901,Equity Market Down 10%,Hypothetical,-0.0992489060548099
2026-06-01,-0.000314740002262,Equity Market Down 10%,Hypothetical,-0.10031474000226201
2026-06-02,-0.0054983914230892,Equity Market Down 10%,Hypothetical,-0.1054983914230892
2026-06-03,-0.013980854185894,Equity Market Down 10%,Hypothetical,-0.113980854185894
2026-06-04,0.0142454134753167,Equity Market Down 10%,Hypothetical,-0.0857545865246833
2026-06-05,-0.0263297785240769,Equity Market Down 10%,Hypothetical,-0.1263297785240769
2026-06-08,-0.002043710599803,Equity Market Down 10%,Hypothetical,-0.10204371059980301
2026-06-09,-0.0122166425894446,Equity Market Down 10%,Hypothetical,-0.11221664258944461
2026-06-10,-0.0163852366567912,Equity Market Down 10%,Hypothetical,-0.11638523665679121
2026-06-11,0.0070680398540805,Equity Market Down 10%,Hypothetical,-0.0929319601459195
2026-06-12,0.0001798581455447,Equity Market Down 10%,Hypothetical,-0.0998201418544553
2026-06-15,0.0189487491054039,Equity Market Down 10%,Hypothetical,-0.08105125089459611
2026-06-16,0.0003891130339293,Equity Market Down 10%,Hypothetical,-0.0996108869660707
2026-06-17,-0.0206299429961185,Equity Market Down 10%,Hypothetical,-0.12062994299611851
2026-06-18,0.0079451751433376,Equity Market Down 10%,Hypothetical,-0.0920548248566624
2026-06-22,-0.0147065924648088,Equity Market Down 10%,Hypothetical,-0.1147065924648088
2026-06-23,-0.0074981758718378,Equity Market Down 10%,Hypothetical,-0.10749817587183781
2026-06-24,-0.0080887321626563,Equity Market Down 10%,Hypothetical,-0.1080887321626563
2026-06-25,-0.0234640773353365,Equity Market Down 10%,Hypothetical,-0.12346407733533651
2026-06-26,0.0131908761768961,Equity Market Down 10%,Hypothetical,-0.0868091238231039
2026-06-29,0.0106707122064926,Equity Market Down 10%,Hypothetical,-0.0893292877935074
2026-06-30,0.0115465285484001,Equity Market Down 10%,Hypothetical,-0.0884534714515999
2026-07-01,0.0164253873544256,Equity Market Down 10%,Hypothetical,-0.0835746126455744
2026-07-02,0.0036717847693283,Equity Market Down 10%,Hypothetical,-0.0963282152306717
2026-07-06,0.0091285923446557,Equity Market Down 10%,Hypothetical,-0.09087140765534431
2026-07-07,0.0042248960211844,Equity Market Down 10%,Hypothetical,-0.09577510397881561
2026-07-08,-0.0025750734210464,Equity Market Down 10%,Hypothetical,-0.10257507342104641
2026-07-09,0.0064676863835716,Equity Market Down 10%,Hypothetical,-0.0935323136164284
2026-07-10,0.0075195951630685,Equity Market Down 10%,Hypothetical,-0.09248040483693151
2026-07-13,-0.0029885436273929,Equity Market Down 10%,Hypothetical,-0.1029885436273929
2026-07-14,0.0068387927880816,Equity Market Down 10%,Hypothetical,-0.09316120721191841
2026-07-15,0.0200450394490475,Equity Market Down 10%,Hypothetical,-0.0799549605509525
2026-07-16,-0.0063405954094449,Equity Market Down 10%,Hypothetical,-0.1063405954094449
2026-07-17,-0.011617732093823,Equity Market Down 10%,Hypothetical,-0.111617732093823
2026-07-20,-0.000555639380874,Equity Market Down 10%,Hypothetical,-0.100555639380874
2026-07-21,0.0053589087418807,Equity Market Down 10%,Hypothetical,-0.0946410912581193
2026-07-22,-0.0038945313854105,Equity Market Down 10%,Hypothetical,-0.10389453138541051
2026-07-23,-0.0296417374234273,Equity Market Down 10%,Hypothetical,-0.1296417374234273
2026-07-24,0.0042429532709895,Equity Market Down 10%,Hypothetical,-0.0957570467290105
2026-07-27,-0.0016283705571535,Equity Market Down 10%,Hypothetical,-0.1016283705571535
2026-07-28,0.0065592937675821,Equity Market Down 10%,Hypothetical,-0.0934407062324179
2026-07-29,-0.0140895850537331,Equity Market Down 10%,Hypothetical,-0.11408958505373311
2026-07-30,0.0251613079297093,Equity Market Down 10%,Hypothetical,-0.0748386920702907
2026-07-31,0.0152118330726815,Equity Market Down 10%,Hypothetical,-0.0847881669273185
2020-01-03,-0.0090452515114307,Equity Market Down 20%,Hypothetical,-0.20904525151143072
2020-01-06,0.0092457241799193,Equity Market Down 20%,Hypothetical,-0.1907542758200807
2020-01-07,-0.0009130844507751,Equity Market Down 20%,Hypothetical,-0.2009130844507751
2020-01-08,0.0097350818668195,Equity Market Down 20%,Hypothetical,-0.1902649181331805
2020-01-09,0.0092895759912174,Equity Market Down 20%,Hypothetical,-0.1907104240087826
2020-01-10,-0.0014267532638405,Equity Market Down 20%,Hypothetical,-0.20142675326384052
2020-01-13,0.0170945285528887,Equity Market Down 20%,Hypothetical,-0.1829054714471113
2020-01-14,-0.0066971347397461,Equity Market Down 20%,Hypothetical,-0.2066971347397461
2020-01-15,-0.0022849176809996,Equity Market Down 20%,Hypothetical,-0.2022849176809996
2020-01-16,0.0094326458634776,Equity Market Down 20%,Hypothetical,-0.1905673541365224
2020-01-17,0.0044610302492123,Equity Market Down 20%,Hypothetical,-0.19553896975078772
2020-01-21,0.0008770916226846,Equity Market Down 20%,Hypothetical,-0.19912290837731542
2020-01-22,0.0027452470228971,Equity Market Down 20%,Hypothetical,-0.1972547529771029
2020-01-23,0.0026973672286744,Equity Market Down 20%,Hypothetical,-0.19730263277132562
2020-01-24,-0.0110348389887033,Equity Market Down 20%,Hypothetical,-0.21103483898870332
2020-01-27,-0.0238438773669367,Equity Market Down 20%,Hypothetical,-0.2238438773669367
2020-01-28,0.0194298516505263,Equity Market Down 20%,Hypothetical,-0.1805701483494737
2020-01-29,0.0070401001419181,Equity Market Down 20%,Hypothetical,-0.1929598998580819
2020-01-30,0.0077085102385255,Equity Market Down 20%,Hypothetical,-0.1922914897614745
2020-01-31,-0.0188784860448927,Equity Market Down 20%,Hypothetical,-0.2188784860448927
2020-02-03,0.01825950471351,Equity Market Down 20%,Hypothetical,-0.18174049528649
2020-02-04,0.0250643252809806,Equity Market Down 20%,Hypothetical,-0.1749356747190194
2020-02-05,0.0003560466627618,Equity Market Down 20%,Hypothetical,-0.19964395333723822
2020-02-06,0.0099452718432001,Equity Market Down 20%,Hypothetical,-0.1900547281567999
2020-02-07,-0.003402412606586,Equity Market Down 20%,Hypothetical,-0.203402412606586
2020-02-10,0.0172313682437106,Equity Market Down 20%,Hypothetical,-0.1827686317562894
2020-02-11,-0.0008577979276684,Equity Market Down 20%,Hypothetical,-0.20085779792766842
2020-02-12,0.0116251667789301,Equity Market Down 20%,Hypothetical,-0.1883748332210699
2020-02-13,-0.001709581575289,Equity Market Down 20%,Hypothetical,-0.201709581575289
2020-02-14,0.0101033048018317,Equity Market Down 20%,Hypothetical,-0.18989669519816832
2020-02-18,0.0052496969159724,Equity Market Down 20%,Hypothetical,-0.1947503030840276
2020-02-19,0.0187675740810324,Equity Market Down 20%,Hypothetical,-0.1812324259189676
2020-02-20,-0.0111559597956758,Equity Market Down 20%,Hypothetical,-0.2111559597956758
2020-02-21,-0.0245111781097514,Equity Market Down 20%,Hypothetical,-0.2245111781097514
2020-02-24,-0.0513333216999444,Equity Market Down 20%,Hypothetical,-0.25133332169994443
2020-02-25,-0.0321586429290398,Equity Market Down 20%,Hypothetical,-0.23215864292903982
2020-02-26,0.0067160388443378,Equity Market Down 20%,Hypothetical,-0.1932839611556622
2020-02-27,-0.06148178287404,Equity Market Down 20%,Hypothetical,-0.26148178287404
2020-02-28,0.0125726864726635,Equity Market Down 20%,Hypothetical,-0.18742731352733652
2020-03-02,0.054764534217602,Equity Market Down 20%,Hypothetical,-0.14523546578239802
2020-03-03,-0.0366509468158957,Equity Market Down 20%,Hypothetical,-0.2366509468158957
2020-03-04,0.0417320334743808,Equity Market Down 20%,Hypothetical,-0.1582679665256192
2020-03-05,-0.0359125944568362,Equity Market Down 20%,Hypothetical,-0.2359125944568362
2020-03-06,-0.0238742902315096,Equity Market Down 20%,Hypothetical,-0.22387429023150962
2020-03-09,-0.084440673304365,Equity Market Down 20%,Hypothetical,-0.284440673304365
2020-03-10,0.0587726116036191,Equity Market Down 20%,Hypothetical,-0.1412273883963809
2020-03-11,-0.0417001071684956,Equity Market Down 20%,Hypothetical,-0.2417001071684956
2020-03-12,-0.1030307099012725,Equity Market Down 20%,Hypothetical,-0.3030307099012725
2020-03-13,0.0995701960846836,Equity Market Down 20%,Hypothetical,-0.10042980391531642
2020-03-16,-0.1486065285869183,Equity Market Down 20%,Hypothetical,-0.3486065285869183
2020-03-17,0.059258711894464,Equity Market Down 20%,Hypothetical,-0.14074128810553602
2020-03-18,-0.0548135136662103,Equity Market Down 20%,Hypothetical,-0.2548135136662103
2020-03-19,0.0275686469498818,Equity Market Down 20%,Hypothetical,-0.1724313530501182
2020-03-20,-0.0387753387081801,Equity Market Down 20%,Hypothetical,-0.2387753387081801
2020-03-23,-0.0093194063467104,Equity Market Down 20%,Hypothetical,-0.20931940634671042
2020-03-24,0.0997571198695234,Equity Market Down 20%,Hypothetical,-0.10024288013047661
2020-03-25,0.0011327587334124,Equity Market Down 20%,Hypothetical,-0.1988672412665876
2020-03-26,0.0495396419620757,Equity Market Down 20%,Hypothetical,-0.15046035803792432
2020-03-27,-0.0407352904108082,Equity Market Down 20%,Hypothetical,-0.2407352904108082
2020-03-30,0.0365001412896016,Equity Market Down 20%,Hypothetical,-0.1634998587103984
2020-03-31,-0.0044381038865709,Equity Market Down 20%,Hypothetical,-0.2044381038865709
2020-04-01,-0.0518583891258318,Equity Market Down 20%,Hypothetical,-0.2518583891258318
2020-04-02,0.0204399102902164,Equity Market Down 20%,Hypothetical,-0.1795600897097836
2020-04-03,-0.0194469485791538,Equity Market Down 20%,Hypothetical,-0.2194469485791538
2020-04-06,0.0734207440082578,Equity Market Down 20%,Hypothetical,-0.12657925599174222
2020-04-07,-0.0027135247151373,Equity Market Down 20%,Hypothetical,-0.20271352471513732
2020-04-08,0.0274272168339157,Equity Market Down 20%,Hypothetical,-0.17257278316608432
2020-04-09,0.0086175702670948,Equity Market Down 20%,Hypothetical,-0.1913824297329052
2020-04-13,0.015582332142168,Equity Market Down 20%,Hypothetical,-0.184417667857832
2020-04-14,0.0377456242884977,Equity Market Down 20%,Hypothetical,-0.1622543757115023
2020-04-15,-0.0089712766699926,Equity Market Down 20%,Hypothetical,-0.2089712766699926
2020-04-16,0.0156905003477119,Equity Market Down 20%,Hypothetical,-0.1843094996522881
2020-04-17,0.0113169553945596,Equity Market Down 20%,Hypothetical,-0.18868304460544041
2020-04-20,-0.0189351566428119,Equity Market Down 20%,Hypothetical,-0.2189351566428119
2020-04-21,-0.0397453509522163,Equity Market Down 20%,Hypothetical,-0.2397453509522163
2020-04-22,0.0336278586734491,Equity Market Down 20%,Hypothetical,-0.16637214132655093
2020-04-23,0.0007999583004313,Equity Market Down 20%,Hypothetical,-0.1992000416995687
2020-04-24,0.0177007938530642,Equity Market Down 20%,Hypothetical,-0.18229920614693582
2020-04-27,0.0107327948895353,Equity Market Down 20%,Hypothetical,-0.18926720511046471
2020-04-28,-0.0178126173310993,Equity Market Down 20%,Hypothetical,-0.2178126173310993
2020-04-29,0.0379039434493626,Equity Market Down 20%,Hypothetical,-0.1620960565506374
2020-04-30,0.0061187486209398,Equity Market Down 20%,Hypothetical,-0.1938812513790602
2020-05-01,-0.036034725609921,Equity Market Down 20%,Hypothetical,-0.236034725609921
2020-05-04,0.0187456179366661,Equity Market Down 20%,Hypothetical,-0.1812543820633339
2020-05-05,0.0095085426537342,Equity Market Down 20%,Hypothetical,-0.19049145734626582
2020-05-06,0.0044290403140746,Equity Market Down 20%,Hypothetical,-0.19557095968592542
2020-05-07,0.0100659209768384,Equity Market Down 20%,Hypothetical,-0.18993407902316162
2020-05-08,0.0177273420810899,Equity Market Down 20%,Hypothetical,-0.18227265791891012
2020-05-11,0.0086978525427352,Equity Market Down 20%,Hypothetical,-0.19130214745726482
2020-05-12,-0.0201182141431743,Equity Market Down 20%,Hypothetical,-0.2201182141431743
2020-05-13,-0.0167814359663785,Equity Market Down 20%,Hypothetical,-0.2167814359663785
2020-05-14,0.0160563668641931,Equity Market Down 20%,Hypothetical,-0.18394363313580692
2020-05-15,0.0099531300110577,Equity Market Down 20%,Hypothetical,-0.19004686998894232
2020-05-18,0.0229994545026809,Equity Market Down 20%,Hypothetical,-0.1770005454973191
2020-05-19,-0.0048762115064735,Equity Market Down 20%,Hypothetical,-0.2048762115064735
2020-05-20,0.0209265100607378,Equity Market Down 20%,Hypothetical,-0.1790734899392622
2020-05-21,-0.0101702381800196,Equity Market Down 20%,Hypothetical,-0.21017023818001962
2020-05-22,0.0055293780322215,Equity Market Down 20%,Hypothetical,-0.1944706219677785
2020-05-26,0.0004777192857728,Equity Market Down 20%,Hypothetical,-0.1995222807142272
2020-05-27,0.0040587178170095,Equity Market Down 20%,Hypothetical,-0.1959412821829905
2020-05-28,-0.005934102486519,Equity Market Down 20%,Hypothetical,-0.205934102486519
2020-05-29,0.0105467682464477,Equity Market Down 20%,Hypothetical,-0.1894532317535523
2020-06-01,0.0096983109291493,Equity Market Down 20%,Hypothetical,-0.1903016890708507
2020-06-02,0.0042581582008344,Equity Market Down 20%,Hypothetical,-0.19574184179916562
2020-06-03,0.0071672188632737,Equity Market Down 20%,Hypothetical,-0.1928327811367263
2020-06-04,-0.0073686088900682,Equity Market Down 20%,Hypothetical,-0.20736860889006822
2020-06-05,0.0271513187303961,Equity Market Down 20%,Hypothetical,-0.1728486812696039
2020-06-08,0.0091276196980514,Equity Market Down 20%,Hypothetical,-0.1908723803019486
2020-06-09,0.0119751471695313,Equity Market Down 20%,Hypothetical,-0.18802485283046871
2020-06-10,0.0148422430697424,Equity Market Down 20%,Hypothetical,-0.1851577569302576
2020-06-11,-0.0577179432565987,Equity Market Down 20%,Hypothetical,-0.2577179432565987
2020-06-12,0.0084371459018699,Equity Market Down 20%,Hypothetical,-0.19156285409813012
2020-06-15,0.0143211583053102,Equity Market Down 20%,Hypothetical,-0.18567884169468982
2020-06-16,0.0138658531368495,Equity Market Down 20%,Hypothetical,-0.18613414686315052
2020-06-17,0.0005615039077776,Equity Market Down 20%,Hypothetical,-0.19943849609222242
2020-06-18,0.0008702277749224,Equity Market Down 20%,Hypothetical,-0.1991297722250776
2020-06-19,-0.0027537255197329,Equity Market Down 20%,Hypothetical,-0.20275372551973292
2020-06-22,0.0161563010197748,Equity Market Down 20%,Hypothetical,-0.1838436989802252
2020-06-23,0.0101197579823384,Equity Market Down 20%,Hypothetical,-0.1898802420176616
2020-06-24,-0.024367583897438,Equity Market Down 20%,Hypothetical,-0.22436758389743802
2020-06-25,0.0169396025879369,Equity Market Down 20%,Hypothetical,-0.18306039741206312
2020-06-26,-0.0372121118472727,Equity Market Down 20%,Hypothetical,-0.2372121118472727
2020-06-29,0.0142423832399971,Equity Market Down 20%,Hypothetical,-0.1857576167600029
2020-06-30,0.0218727965727681,Equity Market Down 20%,Hypothetical,-0.1781272034272319
2020-07-01,0.0094722313144647,Equity Market Down 20%,Hypothetical,-0.1905277686855353
2020-07-02,0.0085318172724531,Equity Market Down 20%,Hypothetical,-0.1914681827275469
2020-07-06,0.0309581751578015,Equity Market Down 20%,Hypothetical,-0.1690418248421985
2020-07-07,-0.0088308493023759,Equity Market Down 20%,Hypothetical,-0.20883084930237591
2020-07-08,0.0175059690094652,Equity Market Down 20%,Hypothetical,-0.18249403099053482
2020-07-09,0.0060850559661561,Equity Market Down 20%,Hypothetical,-0.1939149440338439
2020-07-10,0.0134516697667943,Equity Market Down 20%,Hypothetical,-0.18654833023320572
2020-07-13,-0.0166211174445236,Equity Market Down 20%,Hypothetical,-0.21662111744452361
2020-07-14,0.0133526527838648,Equity Market Down 20%,Hypothetical,-0.1866473472161352
2020-07-15,-0.0012522564609474,Equity Market Down 20%,Hypothetical,-0.2012522564609474
2020-07-16,-0.00823094601038,Equity Market Down 20%,Hypothetical,-0.20823094601038
2020-07-17,-0.0039311536614861,Equity Market Down 20%,Hypothetical,-0.20393115366148612
2020-07-20,0.0282959556058562,Equity Market Down 20%,Hypothetical,-0.1717040443941438
2020-07-21,-0.0079875848329581,Equity Market Down 20%,Hypothetical,-0.20798758483295812
2020-07-22,0.0023601165305062,Equity Market Down 20%,Hypothetical,-0.19763988346949382
2020-07-23,-0.0316506242120563,Equity Market Down 20%,Hypothetical,-0.23165062421205632
2020-07-24,-0.0053486889036618,Equity Market Down 20%,Hypothetical,-0.2053486889036618
2020-07-27,0.0165024958001995,Equity Market Down 20%,Hypothetical,-0.18349750419980052
2020-07-28,-0.0139332662761028,Equity Market Down 20%,Hypothetical,-0.21393326627610282
2020-07-29,0.0168449791363762,Equity Market Down 20%,Hypothetical,-0.1831550208636238
2020-07-30,0.000387773505273,Equity Market Down 20%,Hypothetical,-0.199612226494727
2020-07-31,0.0224740838105252,Equity Market Down 20%,Hypothetical,-0.1775259161894748
2020-08-03,0.0179407550310666,Equity Market Down 20%,Hypothetical,-0.18205924496893341
2020-08-04,0.0028575355450355,Equity Market Down 20%,Hypothetical,-0.1971424644549645
2020-08-05,0.006983267014855,Equity Market Down 20%,Hypothetical,-0.19301673298514502
2020-08-06,0.0155833915332158,Equity Market Down 20%,Hypothetical,-0.1844166084667842
2020-08-07,-0.009599368865657,Equity Market Down 20%,Hypothetical,-0.209599368865657
2020-08-10,-0.0007185079801131,Equity Market Down 20%,Hypothetical,-0.20071850798011312
2020-08-11,-0.0169810025676834,Equity Market Down 20%,Hypothetical,-0.2169810025676834
2020-08-12,0.0301956564187234,Equity Market Down 20%,Hypothetical,-0.1698043435812766
2020-08-13,0.0042214797118306,Equity Market Down 20%,Hypothetical,-0.19577852028816942
2020-08-14,0.0018293068577993,Equity Market Down 20%,Hypothetical,-0.1981706931422007
2020-08-17,0.0135005126007539,Equity Market Down 20%,Hypothetical,-0.1864994873992461
2020-08-18,0.0075471738301874,Equity Market Down 20%,Hypothetical,-0.1924528261698126
2020-08-19,-0.0051943842134251,Equity Market Down 20%,Hypothetical,-0.20519438421342512
2020-08-20,0.0131079085595091,Equity Market Down 20%,Hypothetical,-0.1868920914404909
2020-08-21,0.0156012692121048,Equity Market Down 20%,Hypothetical,-0.1843987307878952
2020-08-24,0.0078917600262449,Equity Market Down 20%,Hypothetical,-0.19210823997375512
2020-08-25,0.0044168602870968,Equity Market Down 20%,Hypothetical,-0.1955831397129032
2020-08-26,0.0153701986731032,Equity Market Down 20%,Hypothetical,-0.18462980132689683
2020-08-27,0.0008625111226832,Equity Market Down 20%,Hypothetical,-0.1991374888773168
2020-08-28,0.0095057560262144,Equity Market Down 20%,Hypothetical,-0.19049424397378562
2020-08-31,0.0099109299825194,Equity Market Down 20%,Hypothetical,-0.1900890700174806
2020-09-01,0.0142188566501244,Equity Market Down 20%,Hypothetical,-0.1857811433498756
2020-09-02,0.0094299908500991,Equity Market Down 20%,Hypothetical,-0.1905700091499009
2020-09-03,-0.0585715881836838,Equity Market Down 20%,Hypothetical,-0.2585715881836838
2020-09-04,-0.010462690208665,Equity Market Down 20%,Hypothetical,-0.210462690208665
2020-09-08,-0.0585447974424062,Equity Market Down 20%,Hypothetical,-0.2585447974424062
2020-09-09,0.036158438074905,Equity Market Down 20%,Hypothetical,-0.16384156192509503
2020-09-10,-0.0238762423388497,Equity Market Down 20%,Hypothetical,-0.2238762423388497
2020-09-11,-0.0072800118226899,Equity Market Down 20%,Hypothetical,-0.2072800118226899
2020-09-14,0.0225728345496739,Equity Market Down 20%,Hypothetical,-0.1774271654503261
2020-09-15,0.0082737642468258,Equity Market Down 20%,Hypothetical,-0.1917262357531742
2020-09-16,-0.0184885344436794,Equity Market Down 20%,Hypothetical,-0.2184885344436794
2020-09-17,-0.0145673499781694,Equity Market Down 20%,Hypothetical,-0.2145673499781694
2020-09-18,-0.0147302128425503,Equity Market Down 20%,Hypothetical,-0.2147302128425503
2020-09-21,0.0046034233907576,Equity Market Down 20%,Hypothetical,-0.19539657660924242
2020-09-22,0.0109702769963497,Equity Market Down 20%,Hypothetical,-0.1890297230036503
2020-09-23,-0.0377747927620654,Equity Market Down 20%,Hypothetical,-0.23777479276206542
2020-09-24,0.0093079476491913,Equity Market Down 20%,Hypothetical,-0.19069205235080872
2020-09-25,0.0270924113847673,Equity Market Down 20%,Hypothetical,-0.1729075886152327
2020-09-28,0.0175997127289743,Equity Market Down 20%,Hypothetical,-0.1824002872710257
2020-09-29,-0.0027993595369976,Equity Market Down 20%,Hypothetical,-0.2027993595369976
2020-09-30,0.0121724767958214,Equity Market Down 20%,Hypothetical,-0.18782752320417861
2020-10-01,0.0101444438873403,Equity Market Down 20%,Hypothetical,-0.18985555611265972
2020-10-02,-0.0270561157727741,Equity Market Down 20%,Hypothetical,-0.22705611577277413
2020-10-05,0.0261699339999677,Equity Market Down 20%,Hypothetical,-0.1738300660000323
2020-10-06,-0.0180085377564139,Equity Market Down 20%,Hypothetical,-0.2180085377564139
2020-10-07,0.0167630423756256,Equity Market Down 20%,Hypothetical,-0.18323695762437442
2020-10-08,0.0061132457023014,Equity Market Down 20%,Hypothetical,-0.1938867542976986
2020-10-09,0.0116666494430646,Equity Market Down 20%,Hypothetical,-0.1883333505569354
2020-10-12,0.0337081632277755,Equity Market Down 20%,Hypothetical,-0.1662918367722245
2020-10-13,-0.0054280978860327,Equity Market Down 20%,Hypothetical,-0.20542809788603272
2020-10-14,-0.0067024873936852,Equity Market Down 20%,Hypothetical,-0.2067024873936852
2020-10-15,-0.0041766280635412,Equity Market Down 20%,Hypothetical,-0.2041766280635412
2020-10-16,-0.0068307767587273,Equity Market Down 20%,Hypothetical,-0.2068307767587273
2020-10-19,-0.0222913660934349,Equity Market Down 20%,Hypothetical,-0.22229136609343492
2020-10-20,0.0072154405108051,Equity Market Down 20%,Hypothetical,-0.1927845594891949
2020-10-21,-0.000874006196435,Equity Market Down 20%,Hypothetical,-0.200874006196435
2020-10-22,0.0040222822828565,Equity Market Down 20%,Hypothetical,-0.1959777177171435
2020-10-23,0.0059593560795814,Equity Market Down 20%,Hypothetical,-0.19404064392041862
2020-10-26,-0.0185637109488261,Equity Market Down 20%,Hypothetical,-0.21856371094882612
2020-10-27,0.0096920871373276,Equity Market Down 20%,Hypothetical,-0.1903079128626724
2020-10-28,-0.0473474996992285,Equity Market Down 20%,Hypothetical,-0.2473474996992285
2020-10-29,0.0230418432286829,Equity Market Down 20%,Hypothetical,-0.1769581567713171
2020-10-30,-0.026320283794383,Equity Market Down 20%,Hypothetical,-0.22632028379438301
2020-11-02,0.0064091431479297,Equity Market Down 20%,Hypothetical,-0.1935908568520703
2020-11-03,0.021244720231136,Equity Market Down 20%,Hypothetical,-0.17875527976886402
2020-11-04,0.0409801983818748,Equity Market Down 20%,Hypothetical,-0.1590198016181252
2020-11-05,0.0261636698366535,Equity Market Down 20%,Hypothetical,-0.17383633016334651
2020-11-06,-0.0002922521146025,Equity Market Down 20%,Hypothetical,-0.2002922521146025
2020-11-09,-0.0072207686319368,Equity Market Down 20%,Hypothetical,-0.2072207686319368
2020-11-10,-0.0215829009676987,Equity Market Down 20%,Hypothetical,-0.22158290096769873
2020-11-11,0.0204066970841633,Equity Market Down 20%,Hypothetical,-0.17959330291583672
2020-11-12,-0.0054253735114787,Equity Market Down 20%,Hypothetical,-0.20542537351147871
2020-11-13,0.0032398456875806,Equity Market Down 20%,Hypothetical,-0.19676015431241942
2020-11-16,0.0109069250962342,Equity Market Down 20%,Hypothetical,-0.1890930749037658
2020-11-17,-0.0028218466562008,Equity Market Down 20%,Hypothetical,-0.20282184665620082
2020-11-18,-0.0058339407046179,Equity Market Down 20%,Hypothetical,-0.2058339407046179
2020-11-19,0.0043853613312855,Equity Market Down 20%,Hypothetical,-0.1956146386687145
2020-11-20,-0.0128628758503335,Equity Market Down 20%,Hypothetical,-0.2128628758503335
2020-11-23,0.0028359537496316,Equity Market Down 20%,Hypothetical,-0.1971640462503684
2020-11-24,0.0181328393676056,Equity Market Down 20%,Hypothetical,-0.18186716063239441
2020-11-25,0.0053289131550317,Equity Market Down 20%,Hypothetical,-0.1946710868449683
2020-11-27,0.0045164608886291,Equity Market Down 20%,Hypothetical,-0.19548353911137092
2020-11-30,-0.0051450499616769,Equity Market Down 20%,Hypothetical,-0.2051450499616769
2020-12-01,0.0173265056918828,Equity Market Down 20%,Hypothetical,-0.18267349430811722
2020-12-02,0.0062939399374098,Equity Market Down 20%,Hypothetical,-0.19370606006259022
2020-12-03,-0.0023657824399249,Equity Market Down 20%,Hypothetical,-0.20236578243992492
2020-12-04,0.0032518294477417,Equity Market Down 20%,Hypothetical,-0.19674817055225832
2020-12-07,0.0052833540510485,Equity Market Down 20%,Hypothetical,-0.19471664594895152
2020-12-08,0.0016079381126854,Equity Market Down 20%,Hypothetical,-0.19839206188731462
2020-12-09,-0.0213748266318285,Equity Market Down 20%,Hypothetical,-0.2213748266318285
2020-12-10,0.0030336055766532,Equity Market Down 20%,Hypothetical,-0.19696639442334682
2020-12-11,-0.0012961437377509,Equity Market Down 20%,Hypothetical,-0.2012961437377509
2020-12-14,0.002479195302054,Equity Market Down 20%,Hypothetical,-0.197520804697946
2020-12-15,0.0139774507898185,Equity Market Down 20%,Hypothetical,-0.18602254921018152
2020-12-16,0.0044616473729432,Equity Market Down 20%,Hypothetical,-0.19553835262705682
2020-12-17,0.0031264072487955,Equity Market Down 20%,Hypothetical,-0.1968735927512045
2020-12-18,-0.0050430342194507,Equity Market Down 20%,Hypothetical,-0.20504303421945072
2020-12-21,0.0048944619662262,Equity Market Down 20%,Hypothetical,-0.1951055380337738
2020-12-22,0.0007520066584987,Equity Market Down 20%,Hypothetical,-0.1992479933415013
2020-12-23,-0.0022318987876566,Equity Market Down 20%,Hypothetical,-0.2022318987876566
2020-12-24,0.0033760338038929,Equity Market Down 20%,Hypothetical,-0.19662396619610711
2020-12-28,0.0166232438682762,Equity Market Down 20%,Hypothetical,-0.1833767561317238
2020-12-29,-0.0029802474716436,Equity Market Down 20%,Hypothetical,-0.20298024747164362
2020-12-30,-0.0018135689909089,Equity Market Down 20%,Hypothetical,-0.2018135689909089
2020-12-31,0.0006981545534938,Equity Market Down 20%,Hypothetical,-0.1993018454465062
2021-01-04,-0.0111441926635346,Equity Market Down 20%,Hypothetical,-0.21114419266353462
2021-01-05,0.0106554394416097,Equity Market Down 20%,Hypothetical,-0.1893445605583903
2021-01-06,-0.0155460789987512,Equity Market Down 20%,Hypothetical,-0.21554607899875122
2021-01-07,0.0323109404342893,Equity Market Down 20%,Hypothetical,-0.1676890595657107
2021-01-08,0.0078288876861253,Equity Market Down 20%,Hypothetical,-0.1921711123138747
2021-01-11,-0.0103408795836165,Equity Market Down 20%,Hypothetical,-0.21034087958361652
2021-01-12,-0.0010775167495958,Equity Market Down 20%,Hypothetical,-0.2010775167495958
2021-01-13,0.0074465162325404,Equity Market Down 20%,Hypothetical,-0.19255348376745962
2021-01-14,-0.0111512000256056,Equity Market Down 20%,Hypothetical,-0.2111512000256056
2021-01-15,-0.0120249857270766,Equity Market Down 20%,Hypothetical,-0.21202498572707662
2021-01-19,0.0130981453180764,Equity Market Down 20%,Hypothetical,-0.1869018546819236
2021-01-20,0.025954981395504,Equity Market Down 20%,Hypothetical,-0.174045018604496
2021-01-21,0.0136616996780362,Equity Market Down 20%,Hypothetical,-0.1863383003219638
2021-01-22,1.9308800999248265e-06,Equity Market Down 20%,Hypothetical,-0.1999980691199001
2021-01-25,0.0081471209620667,Equity Market Down 20%,Hypothetical,-0.1918528790379333
2021-01-26,8.081499374491471e-05,Equity Market Down 20%,Hypothetical,-0.1999191850062551
2021-01-27,-0.0225042665491913,Equity Market Down 20%,Hypothetical,-0.2225042665491913
2021-01-28,0.0005430918759709,Equity Market Down 20%,Hypothetical,-0.1994569081240291
2021-01-29,-0.0221364075620553,Equity Market Down 20%,Hypothetical,-0.2221364075620553
2021-02-01,0.0231340075529865,Equity Market Down 20%,Hypothetical,-0.1768659924470135
2021-02-02,0.0146287174106725,Equity Market Down 20%,Hypothetical,-0.1853712825893275
2021-02-03,0.0071421971278177,Equity Market Down 20%,Hypothetical,-0.19285780287218232
2021-02-04,0.0078855941216992,Equity Market Down 20%,Hypothetical,-0.1921144058783008
2021-02-05,0.0021734329179066,Equity Market Down 20%,Hypothetical,-0.19782656708209342
2021-02-08,0.0123829122622737,Equity Market Down 20%,Hypothetical,-0.1876170877377263
2021-02-09,-0.0037917691217362,Equity Market Down 20%,Hypothetical,-0.20379176912173622
2021-02-10,0.002508384572792,Equity Market Down 20%,Hypothetical,-0.197491615427208
2021-02-11,0.0034217536070991,Equity Market Down 20%,Hypothetical,-0.19657824639290092
2021-02-12,0.0002164678260948,Equity Market Down 20%,Hypothetical,-0.1997835321739052
2021-02-16,0.0028025845952641,Equity Market Down 20%,Hypothetical,-0.1971974154047359
2021-02-17,-0.0040613593321998,Equity Market Down 20%,Hypothetical,-0.20406135933219982
2021-02-18,-0.0044467469812324,Equity Market Down 20%,Hypothetical,-0.2044467469812324
2021-02-19,-0.004166276598482,Equity Market Down 20%,Hypothetical,-0.20416627659848202
2021-02-22,-0.0212847687244261,Equity Market Down 20%,Hypothetical,-0.22128476872442612
2021-02-23,-0.0008378892926838,Equity Market Down 20%,Hypothetical,-0.2008378892926838
2021-02-24,0.0101251841486949,Equity Market Down 20%,Hypothetical,-0.1898748158513051
2021-02-25,-0.0389086903680049,Equity Market Down 20%,Hypothetical,-0.2389086903680049
2021-02-26,0.0052607938675587,Equity Market Down 20%,Hypothetical,-0.1947392061324413
2021-03-01,0.0277411123532061,Equity Market Down 20%,Hypothetical,-0.17225888764679392
2021-03-02,-0.0169058194014747,Equity Market Down 20%,Hypothetical,-0.21690581940147471
2021-03-03,-0.0226110007354685,Equity Market Down 20%,Hypothetical,-0.22261100073546852
2021-03-04,-0.0102821032310823,Equity Market Down 20%,Hypothetical,-0.21028210323108232
2021-03-05,0.013635025230945,Equity Market Down 20%,Hypothetical,-0.186364974769055
2021-03-08,-0.0311236053331435,Equity Market Down 20%,Hypothetical,-0.23112360533314352
2021-03-09,0.038767281020769,Equity Market Down 20%,Hypothetical,-0.16123271897923103
2021-03-10,-0.0009628209655031,Equity Market Down 20%,Hypothetical,-0.2009628209655031
2021-03-11,0.0209715407015242,Equity Market Down 20%,Hypothetical,-0.1790284592984758
2021-03-12,-0.0063432474823132,Equity Market Down 20%,Hypothetical,-0.2063432474823132
2021-03-15,0.0079649730140773,Equity Market Down 20%,Hypothetical,-0.1920350269859227
2021-03-16,0.0038423838890491,Equity Market Down 20%,Hypothetical,-0.19615761611095092
2021-03-17,0.0037235219168583,Equity Market Down 20%,Hypothetical,-0.19627647808314172
2021-03-18,-0.0282739726216031,Equity Market Down 20%,Hypothetical,-0.22827397262160312
2021-03-19,0.0028733131145857,Equity Market Down 20%,Hypothetical,-0.19712668688541432
2021-03-22,0.0131497139056308,Equity Market Down 20%,Hypothetical,-0.1868502860943692
2021-03-23,-0.0028096995439008,Equity Market Down 20%,Hypothetical,-0.20280969954390082
2021-03-24,-0.0143161443012536,Equity Market Down 20%,Hypothetical,-0.21431614430125362
2021-03-25,-0.002400744751552,Equity Market Down 20%,Hypothetical,-0.202400744751552
2021-03-26,0.0098331952486573,Equity Market Down 20%,Hypothetical,-0.1901668047513427
2021-03-29,0.0018467017181016,Equity Market Down 20%,Hypothetical,-0.1981532982818984
2021-03-30,-0.004886744010543,Equity Market Down 20%,Hypothetical,-0.20488674401054302
2021-03-31,0.0148975051289305,Equity Market Down 20%,Hypothetical,-0.1851024948710695
2021-04-01,0.0178852432962653,Equity Market Down 20%,Hypothetical,-0.18211475670373473
2021-04-05,0.0208425470081386,Equity Market Down 20%,Hypothetical,-0.17915745299186142
2021-04-06,-0.0041521528244085,Equity Market Down 20%,Hypothetical,-0.20415215282440852
2021-04-07,0.0114955998144262,Equity Market Down 20%,Hypothetical,-0.18850440018557382
2021-04-08,0.0091814868515578,Equity Market Down 20%,Hypothetical,-0.1908185131484422
2021-04-09,0.0110704923808626,Equity Market Down 20%,Hypothetical,-0.1889295076191374
2021-04-12,0.0057454213793449,Equity Market Down 20%,Hypothetical,-0.19425457862065512
2021-04-13,0.0145104300055418,Equity Market Down 20%,Hypothetical,-0.1854895699944582
2021-04-14,-0.0152013563618406,Equity Market Down 20%,Hypothetical,-0.21520135636184062
2021-04-15,0.0209723308540194,Equity Market Down 20%,Hypothetical,-0.17902766914598062
2021-04-16,-0.0010220415828438,Equity Market Down 20%,Hypothetical,-0.2010220415828438
2021-04-19,-0.0090418239050614,Equity Market Down 20%,Hypothetical,-0.2090418239050614
2021-04-20,-0.0083975227878752,Equity Market Down 20%,Hypothetical,-0.2083975227878752
2021-04-21,0.0078676620649871,Equity Market Down 20%,Hypothetical,-0.19213233793501291
2021-04-22,-0.0176892593983796,Equity Market Down 20%,Hypothetical,-0.2176892593983796
2021-04-23,0.0171347629216682,Equity Market Down 20%,Hypothetical,-0.1828652370783318
2021-04-26,0.0060543770452837,Equity Market Down 20%,Hypothetical,-0.19394562295471632
2021-04-27,-0.0030577037534094,Equity Market Down 20%,Hypothetical,-0.20305770375340942
2021-04-28,-0.0004376542664534,Equity Market Down 20%,Hypothetical,-0.2004376542664534
2021-04-29,0.0066588269998221,Equity Market Down 20%,Hypothetical,-0.19334117300017792
2021-04-30,-0.0091670730767055,Equity Market Down 20%,Hypothetical,-0.2091670730767055
2021-05-03,-0.0032912532063521,Equity Market Down 20%,Hypothetical,-0.2032912532063521
2021-05-04,-0.0175650661548265,Equity Market Down 20%,Hypothetical,-0.21756506615482651
2021-05-05,0.0019947971656393,Equity Market Down 20%,Hypothetical,-0.1980052028343607
2021-05-06,0.0102404327528975,Equity Market Down 20%,Hypothetical,-0.18975956724710252
2021-05-07,0.0077133673326773,Equity Market Down 20%,Hypothetical,-0.1922866326673227
2021-05-10,-0.0246847446364555,Equity Market Down 20%,Hypothetical,-0.22468474463645552
2021-05-11,-0.0068034696305063,Equity Market Down 20%,Hypothetical,-0.2068034696305063
2021-05-12,-0.024872188100387,Equity Market Down 20%,Hypothetical,-0.224872188100387
2021-05-13,0.0078326752604864,Equity Market Down 20%,Hypothetical,-0.19216732473951362
2021-05-14,0.023574368833975,Equity Market Down 20%,Hypothetical,-0.176425631166025
2021-05-17,-0.0023297548676178,Equity Market Down 20%,Hypothetical,-0.2023297548676178
2021-05-18,-0.0109108172684742,Equity Market Down 20%,Hypothetical,-0.21091081726847422
2021-05-19,-0.0017370624445702,Equity Market Down 20%,Hypothetical,-0.2017370624445702
2021-05-20,0.0164005599185188,Equity Market Down 20%,Hypothetical,-0.1835994400814812
2021-05-21,-0.0011877850864472,Equity Market Down 20%,Hypothetical,-0.20118778508644722
2021-05-24,0.0207975756312967,Equity Market Down 20%,Hypothetical,-0.17920242436870332
2021-05-25,-0.0004902804424488,Equity Market Down 20%,Hypothetical,-0.20049028044244882
2021-05-26,0.0029541186036091,Equity Market Down 20%,Hypothetical,-0.1970458813963909
2021-05-27,-0.0047902586002051,Equity Market Down 20%,Hypothetical,-0.2047902586002051
2021-05-28,0.0044581145115684,Equity Market Down 20%,Hypothetical,-0.1955418854884316
2021-06-01,0.0013428405668011,Equity Market Down 20%,Hypothetical,-0.19865715943319892
2021-06-02,0.0046544078459739,Equity Market Down 20%,Hypothetical,-0.1953455921540261
2021-06-03,-0.0068434241050896,Equity Market Down 20%,Hypothetical,-0.2068434241050896
2021-06-04,0.0176548699453074,Equity Market Down 20%,Hypothetical,-0.1823451300546926
2021-06-07,0.0022403879508768,Equity Market Down 20%,Hypothetical,-0.1977596120491232
2021-06-08,0.0011980763393586,Equity Market Down 20%,Hypothetical,-0.19880192366064142
2021-06-09,-0.0005174888480515,Equity Market Down 20%,Hypothetical,-0.2005174888480515
2021-06-10,0.0041258657123055,Equity Market Down 20%,Hypothetical,-0.1958741342876945
2021-06-11,0.0042723024730148,Equity Market Down 20%,Hypothetical,-0.1957276975269852
2021-06-14,0.0093296466691764,Equity Market Down 20%,Hypothetical,-0.1906703533308236
2021-06-15,-0.0060791397156716,Equity Market Down 20%,Hypothetical,-0.2060791397156716
2021-06-16,0.0005585861606467,Equity Market Down 20%,Hypothetical,-0.19944141383935332
2021-06-17,0.0116394229329936,Equity Market Down 20%,Hypothetical,-0.1883605770670064
2021-06-18,-0.0096228353051814,Equity Market Down 20%,Hypothetical,-0.20962283530518142
2021-06-21,0.0081520487289025,Equity Market Down 20%,Hypothetical,-0.19184795127109752
2021-06-22,0.0118743214744103,Equity Market Down 20%,Hypothetical,-0.1881256785255897
2021-06-23,0.0039549140171309,Equity Market Down 20%,Hypothetical,-0.1960450859828691
2021-06-24,0.0039121060046508,Equity Market Down 20%,Hypothetical,-0.1960878939953492
2021-06-25,-0.0031280147917344,Equity Market Down 20%,Hypothetical,-0.20312801479173442
2021-06-28,0.01491476575925,Equity Market Down 20%,Hypothetical,-0.18508523424075002
2021-06-29,0.002031453062336,Equity Market Down 20%,Hypothetical,-0.19796854693766402
2021-06-30,0.0009700792418869,Equity Market Down 20%,Hypothetical,-0.1990299207581131
2021-07-01,0.0049838243077148,Equity Market Down 20%,Hypothetical,-0.19501617569228522
2021-07-02,0.0142291824179887,Equity Market Down 20%,Hypothetical,-0.1857708175820113
2021-07-06,0.0050519187337904,Equity Market Down 20%,Hypothetical,-0.1949480812662096
2021-07-07,0.0012126119340382,Equity Market Down 20%,Hypothetical,-0.1987873880659618
2021-07-08,-0.0091312743429873,Equity Market Down 20%,Hypothetical,-0.2091312743429873
2021-07-09,0.0093493235609769,Equity Market Down 20%,Hypothetical,-0.19065067643902311
2021-07-12,0.0077524344031416,Equity Market Down 20%,Hypothetical,-0.1922475655968584
2021-07-13,-0.0020752047575033,Equity Market Down 20%,Hypothetical,-0.20207520475750332
2021-07-14,-0.0003637718529822,Equity Market Down 20%,Hypothetical,-0.2003637718529822
2021-07-15,-0.0111071616937662,Equity Market Down 20%,Hypothetical,-0.2111071616937662
2021-07-16,-0.0158459049893334,Equity Market Down 20%,Hypothetical,-0.21584590498933343
2021-07-19,-0.0118241582202528,Equity Market Down 20%,Hypothetical,-0.2118241582202528
2021-07-20,0.0116497970601766,Equity Market Down 20%,Hypothetical,-0.1883502029398234
2021-07-21,0.0119078389761722,Equity Market Down 20%,Hypothetical,-0.1880921610238278
2021-07-22,0.0065305136183577,Equity Market Down 20%,Hypothetical,-0.1934694863816423
2021-07-23,0.0100749958023783,Equity Market Down 20%,Hypothetical,-0.1899250041976217
2021-07-26,0.00302460037158,Equity Market Down 20%,Hypothetical,-0.19697539962842
2021-07-27,-0.0107078003823772,Equity Market Down 20%,Hypothetical,-0.2107078003823772
2021-07-28,0.0035929455377537,Equity Market Down 20%,Hypothetical,-0.19640705446224632
2021-07-29,0.0032614234448871,Equity Market Down 20%,Hypothetical,-0.1967385765551129
2021-07-30,-0.0119368286011627,Equity Market Down 20%,Hypothetical,-0.2119368286011627
2021-08-02,0.0026213998813739,Equity Market Down 20%,Hypothetical,-0.19737860011862612
2021-08-03,0.0081504489674711,Equity Market Down 20%,Hypothetical,-0.1918495510325289
2021-08-04,0.0006978027552952,Equity Market Down 20%,Hypothetical,-0.1993021972447048
2021-08-05,0.0069900596638734,Equity Market Down 20%,Hypothetical,-0.19300994033612662
2021-08-06,-0.0014450712781358,Equity Market Down 20%,Hypothetical,-0.20144507127813582
2021-08-09,-0.0008298638203634,Equity Market Down 20%,Hypothetical,-0.2008298638203634
2021-08-10,-0.0032008880060567,Equity Market Down 20%,Hypothetical,-0.2032008880060567
2021-08-11,-0.0018974783423065,Equity Market Down 20%,Hypothetical,-0.2018974783423065
2021-08-12,0.0096142954052659,Equity Market Down 20%,Hypothetical,-0.1903857045947341
2021-08-13,0.0026055990784754,Equity Market Down 20%,Hypothetical,-0.1973944009215246
2021-08-16,0.0001510081255074,Equity Market Down 20%,Hypothetical,-0.19984899187449262
2021-08-17,-0.0123424633598839,Equity Market Down 20%,Hypothetical,-0.2123424633598839
2021-08-18,-0.0127125198167003,Equity Market Down 20%,Hypothetical,-0.2127125198167003
2021-08-19,0.0068291127960265,Equity Market Down 20%,Hypothetical,-0.19317088720397352
2021-08-20,0.0165964500954588,Equity Market Down 20%,Hypothetical,-0.18340354990454122
2021-08-23,0.0193250364853512,Equity Market Down 20%,Hypothetical,-0.18067496351464882
2021-08-24,0.001074023521585,Equity Market Down 20%,Hypothetical,-0.198925976478415
2021-08-25,0.0035250795561885,Equity Market Down 20%,Hypothetical,-0.1964749204438115
2021-08-26,-0.0052598729712899,Equity Market Down 20%,Hypothetical,-0.20525987297128992
2021-08-27,0.0122339985302048,Equity Market Down 20%,Hypothetical,-0.18776600146979522
2021-08-30,0.0109564575954493,Equity Market Down 20%,Hypothetical,-0.1890435424045507
2021-08-31,-0.0040004370650715,Equity Market Down 20%,Hypothetical,-0.2040004370650715
2021-09-01,0.0013700530908705,Equity Market Down 20%,Hypothetical,-0.19862994690912952
2021-09-02,0.0004677742098199,Equity Market Down 20%,Hypothetical,-0.19953222579018012
2021-09-03,0.0038622720561086,Equity Market Down 20%,Hypothetical,-0.19613772794389142
2021-09-07,0.0040939577071789,Equity Market Down 20%,Hypothetical,-0.1959060422928211
2021-09-08,-0.0062641762601312,Equity Market Down 20%,Hypothetical,-0.20626417626013122
2021-09-09,-0.0047148092290617,Equity Market Down 20%,Hypothetical,-0.2047148092290617
2021-09-10,-0.011333599984792,Equity Market Down 20%,Hypothetical,-0.211333599984792
2021-09-13,0.004226435676304,Equity Market Down 20%,Hypothetical,-0.195773564323696
2021-09-14,-0.0025804428587007,Equity Market Down 20%,Hypothetical,-0.20258044285870072
2021-09-15,0.0098030564019162,Equity Market Down 20%,Hypothetical,-0.1901969435980838
2021-09-16,-0.0017021734939762,Equity Market Down 20%,Hypothetical,-0.2017021734939762
2021-09-17,-0.0128200772568799,Equity Market Down 20%,Hypothetical,-0.2128200772568799
2021-09-20,-0.0257479321530816,Equity Market Down 20%,Hypothetical,-0.22574793215308162
2021-09-21,0.002544573964431,Equity Market Down 20%,Hypothetical,-0.197455426035569
2021-09-22,0.0137661121826511,Equity Market Down 20%,Hypothetical,-0.1862338878173489
2021-09-23,0.0126248735029512,Equity Market Down 20%,Hypothetical,-0.18737512649704882
2021-09-24,0.0021360566761943,Equity Market Down 20%,Hypothetical,-0.19786394332380572
2021-09-27,-0.0042117339093529,Equity Market Down 20%,Hypothetical,-0.2042117339093529
2021-09-28,-0.0272061606237109,Equity Market Down 20%,Hypothetical,-0.2272061606237109
2021-09-29,-0.0011201426496372,Equity Market Down 20%,Hypothetical,-0.2011201426496372
2021-09-30,-0.0064131528975232,Equity Market Down 20%,Hypothetical,-0.2064131528975232
2021-10-01,0.0122188013792445,Equity Market Down 20%,Hypothetical,-0.1877811986207555
2021-10-04,-0.0228955340117624,Equity Market Down 20%,Hypothetical,-0.2228955340117624
2021-10-05,0.0171934978254405,Equity Market Down 20%,Hypothetical,-0.18280650217455952
2021-10-06,0.0073400111727452,Equity Market Down 20%,Hypothetical,-0.19265998882725482
2021-10-07,0.0099221577505744,Equity Market Down 20%,Hypothetical,-0.19007784224942562
2021-10-08,-0.0009212356997229,Equity Market Down 20%,Hypothetical,-0.20092123569972292
2021-10-11,-0.0066910713352413,Equity Market Down 20%,Hypothetical,-0.2066910713352413
2021-10-12,-0.0050959626475217,Equity Market Down 20%,Hypothetical,-0.20509596264752172
2021-10-13,0.0024649484407763,Equity Market Down 20%,Hypothetical,-0.1975350515592237
2021-10-14,0.0213107530444878,Equity Market Down 20%,Hypothetical,-0.17868924695551222
2021-10-15,0.0106199851466378,Equity Market Down 20%,Hypothetical,-0.1893800148533622
2021-10-18,0.0111203753335496,Equity Market Down 20%,Hypothetical,-0.18887962466645042
2021-10-19,0.0064306556573288,Equity Market Down 20%,Hypothetical,-0.1935693443426712
2021-10-20,0.0001924997788039,Equity Market Down 20%,Hypothetical,-0.19980750022119612
2021-10-21,0.0074092708333263,Equity Market Down 20%,Hypothetical,-0.19259072916667372
2021-10-22,-0.0069120649733593,Equity Market Down 20%,Hypothetical,-0.20691206497335932
2021-10-25,0.0088624432563507,Equity Market Down 20%,Hypothetical,-0.19113755674364932
2021-10-26,0.0142727822411719,Equity Market Down 20%,Hypothetical,-0.1857272177588281
2021-10-27,0.0060848118550024,Equity Market Down 20%,Hypothetical,-0.1939151881449976
2021-10-28,0.0142409662026315,Equity Market Down 20%,Hypothetical,-0.18575903379736852
2021-10-29,0.0058219041703185,Equity Market Down 20%,Hypothetical,-0.1941780958296815
2021-11-01,-0.0001738796825433,Equity Market Down 20%,Hypothetical,-0.2001738796825433
2021-11-02,0.0053147469190865,Equity Market Down 20%,Hypothetical,-0.1946852530809135
2021-11-03,0.0085996257726069,Equity Market Down 20%,Hypothetical,-0.19140037422739312
2021-11-04,0.0215702249864113,Equity Market Down 20%,Hypothetical,-0.1784297750135887
2021-11-05,0.0025782350108223,Equity Market Down 20%,Hypothetical,-0.1974217649891777
2021-11-08,0.0028031576172629,Equity Market Down 20%,Hypothetical,-0.1971968423827371
2021-11-09,-0.0052526497684644,Equity Market Down 20%,Hypothetical,-0.2052526497684644
2021-11-10,-0.0174993970949307,Equity Market Down 20%,Hypothetical,-0.2174993970949307
2021-11-11,0.0045958280875087,Equity Market Down 20%,Hypothetical,-0.19540417191249132
2021-11-12,0.0081285609409913,Equity Market Down 20%,Hypothetical,-0.19187143905900872
2021-11-15,-0.0023213895420455,Equity Market Down 20%,Hypothetical,-0.2023213895420455
2021-11-16,0.0041950792402718,Equity Market Down 20%,Hypothetical,-0.19580492075972822
2021-11-17,-0.0009145316065743,Equity Market Down 20%,Hypothetical,-0.2009145316065743
2021-11-18,0.0224037354353862,Equity Market Down 20%,Hypothetical,-0.1775962645646138
2021-11-19,0.0071550855621381,Equity Market Down 20%,Hypothetical,-0.19284491443786192
2021-11-22,-0.0075028416478002,Equity Market Down 20%,Hypothetical,-0.20750284164780022
2021-11-23,0.0004766827656896,Equity Market Down 20%,Hypothetical,-0.1995233172343104
2021-11-24,0.0060231782986091,Equity Market Down 20%,Hypothetical,-0.1939768217013909
2021-11-26,-0.0292111196769653,Equity Market Down 20%,Hypothetical,-0.2292111196769653
2021-11-29,0.0244739159497292,Equity Market Down 20%,Hypothetical,-0.17552608405027081
2021-11-30,-0.009264770260685,Equity Market Down 20%,Hypothetical,-0.20926477026068502
2021-12-01,-0.0141108624126236,Equity Market Down 20%,Hypothetical,-0.21411086241262361
2021-12-02,0.0059161206470564,Equity Market Down 20%,Hypothetical,-0.1940838793529436
2021-12-03,-0.0197617829839541,Equity Market Down 20%,Hypothetical,-0.2197617829839541
2021-12-06,0.0087910348383675,Equity Market Down 20%,Hypothetical,-0.19120896516163252
2021-12-07,0.0334019060864244,Equity Market Down 20%,Hypothetical,-0.1665980939135756
2021-12-08,0.0037724642193206,Equity Market Down 20%,Hypothetical,-0.19622753578067942
2021-12-09,-0.0121833017624969,Equity Market Down 20%,Hypothetical,-0.21218330176249692
2021-12-10,0.0084672993901198,Equity Market Down 20%,Hypothetical,-0.1915327006098802
2021-12-13,-0.0232149290676723,Equity Market Down 20%,Hypothetical,-0.22321492906767232
2021-12-14,-0.0069467119682968,Equity Market Down 20%,Hypothetical,-0.2069467119682968
2021-12-15,0.026160001369946,Equity Market Down 20%,Hypothetical,-0.173839998630054
2021-12-16,-0.029082738105056,Equity Market Down 20%,Hypothetical,-0.229082738105056
2021-12-17,-0.0100201282676504,Equity Market Down 20%,Hypothetical,-0.2100201282676504
2021-12-20,-0.0116541763745708,Equity Market Down 20%,Hypothetical,-0.21165417637457082
2021-12-21,0.0239446334484909,Equity Market Down 20%,Hypothetical,-0.1760553665515091
2021-12-22,0.0143335839373102,Equity Market Down 20%,Hypothetical,-0.1856664160626898
2021-12-23,0.0070047131517745,Equity Market Down 20%,Hypothetical,-0.1929952868482255
2021-12-27,0.0188395695647687,Equity Market Down 20%,Hypothetical,-0.1811604304352313
2021-12-28,-0.0047397699887866,Equity Market Down 20%,Hypothetical,-0.20473976998878662
2021-12-29,-0.0028787478246672,Equity Market Down 20%,Hypothetical,-0.20287874782466722
2021-12-30,-0.0061952717509293,Equity Market Down 20%,Hypothetical,-0.2061952717509293
2021-12-31,-0.0068023276776083,Equity Market Down 20%,Hypothetical,-0.2068023276776083
2022-01-03,0.0207613445664578,Equity Market Down 20%,Hypothetical,-0.17923865543354223
2022-01-04,-0.0094737683871155,Equity Market Down 20%,Hypothetical,-0.2094737683871155
2022-01-05,-0.0327291527551604,Equity Market Down 20%,Hypothetical,-0.2327291527551604
2022-01-06,-0.0018584507101465,Equity Market Down 20%,Hypothetical,-0.20185845071014652
2022-01-07,-0.0074288524663657,Equity Market Down 20%,Hypothetical,-0.20742885246636572
2022-01-10,0.0029335356322822,Equity Market Down 20%,Hypothetical,-0.1970664643677178
2022-01-11,0.0129079079761018,Equity Market Down 20%,Hypothetical,-0.1870920920238982
2022-01-12,0.0068413651584712,Equity Market Down 20%,Hypothetical,-0.19315863484152881
2022-01-13,-0.02831070404377,Equity Market Down 20%,Hypothetical,-0.22831070404377002
2022-01-14,0.0032773127596636,Equity Market Down 20%,Hypothetical,-0.19672268724033642
2022-01-18,-0.0252554263437805,Equity Market Down 20%,Hypothetical,-0.2252554263437805
2022-01-19,-0.0140134792213209,Equity Market Down 20%,Hypothetical,-0.2140134792213209
2022-01-20,-0.0140246185692436,Equity Market Down 20%,Hypothetical,-0.2140246185692436
2022-01-21,-0.026219441042826,Equity Market Down 20%,Hypothetical,-0.226219441042826
2022-01-24,0.0014752852378185,Equity Market Down 20%,Hypothetical,-0.1985247147621815
2022-01-25,-0.0195117837493789,Equity Market Down 20%,Hypothetical,-0.2195117837493789
2022-01-26,0.0087819591618464,Equity Market Down 20%,Hypothetical,-0.1912180408381536
2022-01-27,-0.0111350045362158,Equity Market Down 20%,Hypothetical,-0.2111350045362158
2022-01-28,0.033714819116112,Equity Market Down 20%,Hypothetical,-0.166285180883888
2022-01-31,0.031622660202805,Equity Market Down 20%,Hypothetical,-0.16837733979719502
2022-02-01,0.007432746081481,Equity Market Down 20%,Hypothetical,-0.192567253918519
2022-02-02,0.0136673399201208,Equity Market Down 20%,Hypothetical,-0.1863326600798792
2022-02-03,-0.0453505709986369,Equity Market Down 20%,Hypothetical,-0.2453505709986369
2022-02-04,0.0218169385922502,Equity Market Down 20%,Hypothetical,-0.1781830614077498
2022-02-07,-0.0060464621407886,Equity Market Down 20%,Hypothetical,-0.20604646214078862
2022-02-08,0.0113430220684998,Equity Market Down 20%,Hypothetical,-0.1886569779315002
2022-02-09,0.0193665210125436,Equity Market Down 20%,Hypothetical,-0.1806334789874564
2022-02-10,-0.0220164497709004,Equity Market Down 20%,Hypothetical,-0.2220164497709004
2022-02-11,-0.0313000751624707,Equity Market Down 20%,Hypothetical,-0.2313000751624707
2022-02-14,0.002766522538566,Equity Market Down 20%,Hypothetical,-0.19723347746143402
2022-02-15,0.0267383100778145,Equity Market Down 20%,Hypothetical,-0.17326168992218552
2022-02-16,0.0011051881019593,Equity Market Down 20%,Hypothetical,-0.1988948118980407
2022-02-17,-0.0347248799801527,Equity Market Down 20%,Hypothetical,-0.2347248799801527
2022-02-18,-0.0135347021347652,Equity Market Down 20%,Hypothetical,-0.21353470213476522
2022-02-22,-0.0117964810294798,Equity Market Down 20%,Hypothetical,-0.21179648102947982
2022-02-23,-0.0278817203765351,Equity Market Down 20%,Hypothetical,-0.22788172037653512
2022-02-24,0.0287028910369125,Equity Market Down 20%,Hypothetical,-0.1712971089630875
2022-02-25,0.0164856223223325,Equity Market Down 20%,Hypothetical,-0.1835143776776675
2022-02-28,0.0026386454083307,Equity Market Down 20%,Hypothetical,-0.1973613545916693
2022-03-01,-0.0177989931054461,Equity Market Down 20%,Hypothetical,-0.21779899310544612
2022-03-02,0.018262930362221,Equity Market Down 20%,Hypothetical,-0.18173706963777903
2022-03-03,-0.0128688587408873,Equity Market Down 20%,Hypothetical,-0.21286885874088732
2022-03-04,-0.0154246276665214,Equity Market Down 20%,Hypothetical,-0.2154246276665214
2022-03-07,-0.0400444665846424,Equity Market Down 20%,Hypothetical,-0.2400444665846424
2022-03-08,-0.0031117909037398,Equity Market Down 20%,Hypothetical,-0.20311179090373982
2022-03-09,0.0373667587782881,Equity Market Down 20%,Hypothetical,-0.1626332412217119
2022-03-10,-0.0059610515343206,Equity Market Down 20%,Hypothetical,-0.20596105153432062
2022-03-11,-0.0222272102095393,Equity Market Down 20%,Hypothetical,-0.2222272102095393
2022-03-14,-0.0207126043984024,Equity Market Down 20%,Hypothetical,-0.2207126043984024
2022-03-15,0.0325741359266145,Equity Market Down 20%,Hypothetical,-0.1674258640733855
2022-03-16,0.0355011364801477,Equity Market Down 20%,Hypothetical,-0.16449886351985232
2022-03-17,0.0127351157912609,Equity Market Down 20%,Hypothetical,-0.1872648842087391
2022-03-18,0.0244819798286716,Equity Market Down 20%,Hypothetical,-0.17551802017132842
2022-03-21,0.0045014845275877,Equity Market Down 20%,Hypothetical,-0.19549851547241232
2022-03-22,0.0168466950683101,Equity Market Down 20%,Hypothetical,-0.1831533049316899
2022-03-23,-0.0097194352475914,Equity Market Down 20%,Hypothetical,-0.2097194352475914
2022-03-24,0.0272762677041258,Equity Market Down 20%,Hypothetical,-0.1727237322958742
2022-03-25,0.0010892583516551,Equity Market Down 20%,Hypothetical,-0.1989107416483449
2022-03-28,0.011746717664109,Equity Market Down 20%,Hypothetical,-0.188253282335891
2022-03-29,0.0107318789019072,Equity Market Down 20%,Hypothetical,-0.18926812109809282
2022-03-30,-0.008732872973944,Equity Market Down 20%,Hypothetical,-0.20873287297394402
2022-03-31,-0.0193087543872157,Equity Market Down 20%,Hypothetical,-0.2193087543872157
2022-04-01,-0.0011612878363538,Equity Market Down 20%,Hypothetical,-0.2011612878363538
2022-04-04,0.020738577197762,Equity Market Down 20%,Hypothetical,-0.179261422802238
2022-04-05,-0.0216331051545638,Equity Market Down 20%,Hypothetical,-0.2216331051545638
2022-04-06,-0.0281222641272422,Equity Market Down 20%,Hypothetical,-0.2281222641272422
2022-04-07,0.0004484365555417,Equity Market Down 20%,Hypothetical,-0.19955156344445832
2022-04-08,-0.0135454146928623,Equity Market Down 20%,Hypothetical,-0.2135454146928623
2022-04-11,-0.0315249155856376,Equity Market Down 20%,Hypothetical,-0.23152491558563762
2022-04-12,-0.0037371139883452,Equity Market Down 20%,Hypothetical,-0.2037371139883452
2022-04-13,0.0154580362103208,Equity Market Down 20%,Hypothetical,-0.18454196378967921
2022-04-14,-0.0252382385731655,Equity Market Down 20%,Hypothetical,-0.22523823857316552
2022-04-18,0.0085023595765237,Equity Market Down 20%,Hypothetical,-0.1914976404234763
2022-04-19,0.0180494314635118,Equity Market Down 20%,Hypothetical,-0.18195056853648822
2022-04-20,-0.0140855726143315,Equity Market Down 20%,Hypothetical,-0.2140855726143315
2022-04-21,-0.0232778006765461,Equity Market Down 20%,Hypothetical,-0.22327780067654612
2022-04-22,-0.0281190232979241,Equity Market Down 20%,Hypothetical,-0.2281190232979241
2022-04-25,0.0109248681728967,Equity Market Down 20%,Hypothetical,-0.1890751318271033
2022-04-26,-0.0424440775811501,Equity Market Down 20%,Hypothetical,-0.2424440775811501
2022-04-27,-0.0021700410470477,Equity Market Down 20%,Hypothetical,-0.20217004104704772
2022-04-28,0.0430686189254035,Equity Market Down 20%,Hypothetical,-0.1569313810745965
2022-04-29,-0.0500974665022716,Equity Market Down 20%,Hypothetical,-0.2500974665022716
2022-05-02,0.0194497721764188,Equity Market Down 20%,Hypothetical,-0.1805502278235812
2022-05-03,0.0050099565316843,Equity Market Down 20%,Hypothetical,-0.19499004346831572
2022-05-04,0.034236632361463,Equity Market Down 20%,Hypothetical,-0.165763367638537
2022-05-05,-0.0546832573635133,Equity Market Down 20%,Hypothetical,-0.2546832573635133
2022-05-06,-0.0043434004515882,Equity Market Down 20%,Hypothetical,-0.20434340045158822
2022-05-09,-0.0487305699521406,Equity Market Down 20%,Hypothetical,-0.2487305699521406
2022-05-10,0.0124938208053944,Equity Market Down 20%,Hypothetical,-0.1875061791946056
2022-05-11,-0.0345319193654201,Equity Market Down 20%,Hypothetical,-0.23453191936542012
2022-05-12,-0.0122118382198827,Equity Market Down 20%,Hypothetical,-0.2122118382198827
2022-05-13,0.0392750265401092,Equity Market Down 20%,Hypothetical,-0.1607249734598908
2022-05-16,-0.0109347978024192,Equity Market Down 20%,Hypothetical,-0.21093479780241922
2022-05-17,0.0289386206131361,Equity Market Down 20%,Hypothetical,-0.17106137938686392
2022-05-18,-0.051495081288698,Equity Market Down 20%,Hypothetical,-0.251495081288698
2022-05-19,-0.0058228718767487,Equity Market Down 20%,Hypothetical,-0.20582287187674872
2022-05-20,-0.0073191149839819,Equity Market Down 20%,Hypothetical,-0.20731911498398192
2022-05-23,0.0259856158974381,Equity Market Down 20%,Hypothetical,-0.17401438410256193
2022-05-24,-0.0248950794978887,Equity Market Down 20%,Hypothetical,-0.2248950794978887
2022-05-25,0.0165347515694269,Equity Market Down 20%,Hypothetical,-0.1834652484305731
2022-05-26,0.0278291899650677,Equity Market Down 20%,Hypothetical,-0.17217081003493231
2022-05-27,0.0344603908807844,Equity Market Down 20%,Hypothetical,-0.1655396091192156
2022-05-31,0.0010480633719675,Equity Market Down 20%,Hypothetical,-0.1989519366280325
2022-06-01,-0.0051432297655685,Equity Market Down 20%,Hypothetical,-0.2051432297655685
2022-06-02,0.0273109774657989,Equity Market Down 20%,Hypothetical,-0.1726890225342011
2022-06-03,-0.030682872681295,Equity Market Down 20%,Hypothetical,-0.230682872681295
2022-06-06,0.0065171365812104,Equity Market Down 20%,Hypothetical,-0.19348286341878962
2022-06-07,0.0092048200484612,Equity Market Down 20%,Hypothetical,-0.1907951799515388
2022-06-08,-0.0063124939238072,Equity Market Down 20%,Hypothetical,-0.2063124939238072
2022-06-09,-0.029055873356404,Equity Market Down 20%,Hypothetical,-0.229055873356404
2022-06-10,-0.0429802172395135,Equity Market Down 20%,Hypothetical,-0.24298021723951352
2022-06-13,-0.0504608416541878,Equity Market Down 20%,Hypothetical,-0.2504608416541878
2022-06-14,0.0021056446727648,Equity Market Down 20%,Hypothetical,-0.1978943553272352
2022-06-15,0.0278852498992351,Equity Market Down 20%,Hypothetical,-0.1721147501007649
2022-06-16,-0.0394549544541189,Equity Market Down 20%,Hypothetical,-0.2394549544541189
2022-06-17,0.0080343304091008,Equity Market Down 20%,Hypothetical,-0.19196566959089922
2022-06-21,0.0336327710169911,Equity Market Down 20%,Hypothetical,-0.1663672289830089
2022-06-22,-0.0050082766615917,Equity Market Down 20%,Hypothetical,-0.20500827666159172
2022-06-23,0.0093096660619743,Equity Market Down 20%,Hypothetical,-0.1906903339380257
2022-06-24,0.0356693295113454,Equity Market Down 20%,Hypothetical,-0.1643306704886546
2022-06-27,-0.0074547464333894,Equity Market Down 20%,Hypothetical,-0.2074547464333894
2022-06-28,-0.0317022163660229,Equity Market Down 20%,Hypothetical,-0.2317022163660229
2022-06-29,0.0002039614435644,Equity Market Down 20%,Hypothetical,-0.1997960385564356
2022-06-30,-0.0200769930178671,Equity Market Down 20%,Hypothetical,-0.22007699301786712
2022-07-01,0.0042507564924607,Equity Market Down 20%,Hypothetical,-0.1957492435075393
2022-07-05,0.0183136253949723,Equity Market Down 20%,Hypothetical,-0.1816863746050277
2022-07-06,0.0069549654557197,Equity Market Down 20%,Hypothetical,-0.19304503454428032
2022-07-07,0.0257443731154381,Equity Market Down 20%,Hypothetical,-0.17425562688456192
2022-07-08,0.001187548538922,Equity Market Down 20%,Hypothetical,-0.198812451461078
2022-07-11,-0.0253779885597301,Equity Market Down 20%,Hypothetical,-0.22537798855973012
2022-07-12,-0.010311971895108,Equity Market Down 20%,Hypothetical,-0.210311971895108
2022-07-13,-0.0026775699732027,Equity Market Down 20%,Hypothetical,-0.20267756997320271
2022-07-14,0.0003483216300531,Equity Market Down 20%,Hypothetical,-0.1996516783699469
2022-07-15,0.021851397558724,Equity Market Down 20%,Hypothetical,-0.178148602441276
2022-07-18,-0.0049795219954022,Equity Market Down 20%,Hypothetical,-0.2049795219954022
2022-07-19,0.0331124803837735,Equity Market Down 20%,Hypothetical,-0.1668875196162265
2022-07-20,0.0167886518059614,Equity Market Down 20%,Hypothetical,-0.18321134819403861
2022-07-21,0.0131925170669825,Equity Market Down 20%,Hypothetical,-0.18680748293301752
2022-07-22,-0.0227932304662824,Equity Market Down 20%,Hypothetical,-0.2227932304662824
2022-07-25,-0.0050391321604677,Equity Market Down 20%,Hypothetical,-0.2050391321604677
2022-07-26,-0.0236318198097972,Equity Market Down 20%,Hypothetical,-0.2236318198097972
2022-07-27,0.0491452876069175,Equity Market Down 20%,Hypothetical,-0.1508547123930825
2022-07-28,0.0079164556469887,Equity Market Down 20%,Hypothetical,-0.1920835443530113
2022-07-29,0.0270766177417299,Equity Market Down 20%,Hypothetical,-0.17292338225827011
2022-08-01,-0.0040057194660426,Equity Market Down 20%,Hypothetical,-0.20400571946604262
2022-08-02,-0.0047312411056716,Equity Market Down 20%,Hypothetical,-0.20473124110567162
2022-08-03,0.0246314866808943,Equity Market Down 20%,Hypothetical,-0.17536851331910572
2022-08-04,0.0018545528067664,Equity Market Down 20%,Hypothetical,-0.1981454471932336
2022-08-05,-0.0049386131368714,Equity Market Down 20%,Hypothetical,-0.20493861313687142
2022-08-08,-0.0123359092906726,Equity Market Down 20%,Hypothetical,-0.21233590929067261
2022-08-09,-0.006549923363381,Equity Market Down 20%,Hypothetical,-0.20654992336338102
2022-08-10,0.031287410310607,Equity Market Down 20%,Hypothetical,-0.168712589689393
2022-08-11,-0.0045906006419289,Equity Market Down 20%,Hypothetical,-0.2045906006419289
2022-08-12,0.0236704585863964,Equity Market Down 20%,Hypothetical,-0.1763295414136036
2022-08-15,0.0057869634831927,Equity Market Down 20%,Hypothetical,-0.19421303651680732
2022-08-16,-0.0012080767082031,Equity Market Down 20%,Hypothetical,-0.20120807670820312
2022-08-17,-0.0089521513144983,Equity Market Down 20%,Hypothetical,-0.20895215131449832
2022-08-18,0.0033175253108502,Equity Market Down 20%,Hypothetical,-0.19668247468914982
2022-08-19,-0.0234745479018342,Equity Market Down 20%,Hypothetical,-0.22347454790183421
2022-08-22,-0.0270787890207821,Equity Market Down 20%,Hypothetical,-0.2270787890207821
2022-08-23,0.0009330154485539,Equity Market Down 20%,Hypothetical,-0.1990669845514461
2022-08-24,0.0017180269459775,Equity Market Down 20%,Hypothetical,-0.1982819730540225
2022-08-25,0.0202249282084361,Equity Market Down 20%,Hypothetical,-0.1797750717915639
2022-08-26,-0.0471275037573748,Equity Market Down 20%,Hypothetical,-0.2471275037573748
2022-08-29,-0.0106781486536123,Equity Market Down 20%,Hypothetical,-0.2106781486536123
2022-08-30,-0.0133050122990247,Equity Market Down 20%,Hypothetical,-0.2133050122990247
2022-08-31,-0.0087483141602704,Equity Market Down 20%,Hypothetical,-0.2087483141602704
2022-09-01,-0.008174966255793,Equity Market Down 20%,Hypothetical,-0.20817496625579301
2022-09-02,-0.0137421833804,Equity Market Down 20%,Hypothetical,-0.21374218338040002
2022-09-06,-0.0073580389371233,Equity Market Down 20%,Hypothetical,-0.20735803893712332
2022-09-07,0.0166346608669274,Equity Market Down 20%,Hypothetical,-0.18336533913307262
2022-09-08,0.0053396209890313,Equity Market Down 20%,Hypothetical,-0.19466037901096872
2022-09-09,0.0211092958963163,Equity Market Down 20%,Hypothetical,-0.1788907041036837
2022-09-12,0.0156981713709912,Equity Market Down 20%,Hypothetical,-0.18430182862900882
2022-09-13,-0.0622555488769908,Equity Market Down 20%,Hypothetical,-0.2622555488769908
2022-09-14,0.0057975180436013,Equity Market Down 20%,Hypothetical,-0.19420248195639872
2022-09-15,-0.0131866775560618,Equity Market Down 20%,Hypothetical,-0.2131866775560618
2022-09-16,-0.0046986724238912,Equity Market Down 20%,Hypothetical,-0.2046986724238912
2022-09-19,0.0107464073987435,Equity Market Down 20%,Hypothetical,-0.18925359260125652
2022-09-20,-0.0075689468383811,Equity Market Down 20%,Hypothetical,-0.20756894683838112
2022-09-21,-0.0176535972652257,Equity Market Down 20%,Hypothetical,-0.2176535972652257
2022-09-22,-0.0109827552326118,Equity Market Down 20%,Hypothetical,-0.2109827552326118
2022-09-23,-0.0181557709892364,Equity Market Down 20%,Hypothetical,-0.2181557709892364
2022-09-26,-0.0077887444542878,Equity Market Down 20%,Hypothetical,-0.2077887444542878
2022-09-27,0.0022395537614661,Equity Market Down 20%,Hypothetical,-0.19776044623853392
2022-09-28,0.0177143652417518,Equity Market Down 20%,Hypothetical,-0.18228563475824822
2022-09-29,-0.0316440251255709,Equity Market Down 20%,Hypothetical,-0.23164402512557092
2022-09-30,-0.0169966214865458,Equity Market Down 20%,Hypothetical,-0.2169966214865458
2022-10-03,0.0243654761202318,Equity Market Down 20%,Hypothetical,-0.17563452387976822
2022-10-04,0.0342255183436149,Equity Market Down 20%,Hypothetical,-0.16577448165638511
2022-10-05,-0.0003580211651843,Equity Market Down 20%,Hypothetical,-0.2003580211651843
2022-10-06,-0.006119755223218,Equity Market Down 20%,Hypothetical,-0.20611975522321802
2022-10-07,-0.0447390002208914,Equity Market Down 20%,Hypothetical,-0.2447390002208914
2022-10-10,-0.0120320496671866,Equity Market Down 20%,Hypothetical,-0.2120320496671866
2022-10-11,-0.014400698849257,Equity Market Down 20%,Hypothetical,-0.214400698849257
2022-10-12,0.0007923539844312,Equity Market Down 20%,Hypothetical,-0.1992076460155688
2022-10-13,0.0294465531294287,Equity Market Down 20%,Hypothetical,-0.1705534468705713
2022-10-14,-0.0320759353674774,Equity Market Down 20%,Hypothetical,-0.23207593536747742
2022-10-17,0.0416662497650248,Equity Market Down 20%,Hypothetical,-0.1583337502349752
2022-10-18,0.0088953036867794,Equity Market Down 20%,Hypothetical,-0.1911046963132206
2022-10-19,-0.002446089859331,Equity Market Down 20%,Hypothetical,-0.20244608985933102
2022-10-20,-0.0028844303020489,Equity Market Down 20%,Hypothetical,-0.20288443030204892
2022-10-21,0.0253929301096069,Equity Market Down 20%,Hypothetical,-0.1746070698903931
2022-10-24,0.0098007044471893,Equity Market Down 20%,Hypothetical,-0.1901992955528107
2022-10-25,0.0213962189323049,Equity Market Down 20%,Hypothetical,-0.17860378106769512
2022-10-26,-0.034337678812204,Equity Market Down 20%,Hypothetical,-0.23433767881220402
2022-10-27,-0.0265346045089939,Equity Market Down 20%,Hypothetical,-0.2265346045089939
2022-10-28,0.0299467050437509,Equity Market Down 20%,Hypothetical,-0.1700532949562491
2022-10-31,-0.0151226863050187,Equity Market Down 20%,Hypothetical,-0.2151226863050187
2022-11-01,-0.0129378441640295,Equity Market Down 20%,Hypothetical,-0.2129378441640295
2022-11-02,-0.0332569804244738,Equity Market Down 20%,Hypothetical,-0.23325698042447382
2022-11-03,-0.0176556399455472,Equity Market Down 20%,Hypothetical,-0.2176556399455472
2022-11-04,0.0200245213906595,Equity Market Down 20%,Hypothetical,-0.17997547860934052
2022-11-07,0.0106636004987493,Equity Market Down 20%,Hypothetical,-0.18933639950125072
2022-11-08,0.0037998774959025,Equity Market Down 20%,Hypothetical,-0.19620012250409752
2022-11-09,-0.0304473531684817,Equity Market Down 20%,Hypothetical,-0.23044735316848172
2022-11-10,0.0813236739778396,Equity Market Down 20%,Hypothetical,-0.11867632602216041
2022-11-11,0.0200496699889122,Equity Market Down 20%,Hypothetical,-0.17995033001108782
2022-11-14,-0.0111222186150193,Equity Market Down 20%,Hypothetical,-0.2111222186150193
2022-11-15,0.0099638560870624,Equity Market Down 20%,Hypothetical,-0.1900361439129376
2022-11-16,-0.0130063216622707,Equity Market Down 20%,Hypothetical,-0.2130063216622707
2022-11-17,-0.0043351549386171,Equity Market Down 20%,Hypothetical,-0.20433515493861712
2022-11-18,-0.0024241432266287,Equity Market Down 20%,Hypothetical,-0.20242414322662872
2022-11-21,-0.015304602283324,Equity Market Down 20%,Hypothetical,-0.21530460228332401
2022-11-22,0.0187439909862526,Equity Market Down 20%,Hypothetical,-0.18125600901374742
2022-11-23,0.0151650574796846,Equity Market Down 20%,Hypothetical,-0.1848349425203154
2022-11-25,-0.0077880384330531,Equity Market Down 20%,Hypothetical,-0.2077880384330531
2022-11-28,-0.0188245781160786,Equity Market Down 20%,Hypothetical,-0.2188245781160786
2022-11-29,-0.0082013923036459,Equity Market Down 20%,Hypothetical,-0.2082013923036459
2022-11-30,0.0514808618647645,Equity Market Down 20%,Hypothetical,-0.1485191381352355
2022-12-01,-0.0007788866180378,Equity Market Down 20%,Hypothetical,-0.2007788866180378
2022-12-02,-0.00460321936425,Equity Market Down 20%,Hypothetical,-0.20460321936425002
2022-12-05,-0.0192385366015178,Equity Market Down 20%,Hypothetical,-0.21923853660151782
2022-12-06,-0.0246597159284981,Equity Market Down 20%,Hypothetical,-0.22465971592849812
2022-12-07,-0.0054458114929862,Equity Market Down 20%,Hypothetical,-0.2054458114929862
2022-12-08,0.0168385499840302,Equity Market Down 20%,Hypothetical,-0.1831614500159698
2022-12-09,-0.0056468063604848,Equity Market Down 20%,Hypothetical,-0.20564680636048482
2022-12-12,0.0139184157606477,Equity Market Down 20%,Hypothetical,-0.1860815842393523
2022-12-13,0.0130183676067573,Equity Market Down 20%,Hypothetical,-0.18698163239324272
2022-12-14,-0.0094409571300658,Equity Market Down 20%,Hypothetical,-0.2094409571300658
2022-12-15,-0.0347341133289608,Equity Market Down 20%,Hypothetical,-0.23473411332896083
2022-12-16,-0.0126837585061861,Equity Market Down 20%,Hypothetical,-0.21268375850618612
2022-12-19,-0.0155954942784831,Equity Market Down 20%,Hypothetical,-0.21559549427848312
2022-12-20,-0.0020578345444969,Equity Market Down 20%,Hypothetical,-0.2020578345444969
2022-12-21,0.0161235871356938,Equity Market Down 20%,Hypothetical,-0.1838764128643062
2022-12-22,-0.0331604955355058,Equity Market Down 20%,Hypothetical,-0.2331604955355058
2022-12-23,0.0035446729013091,Equity Market Down 20%,Hypothetical,-0.1964553270986909
2022-12-27,-0.0251727070954663,Equity Market Down 20%,Hypothetical,-0.2251727070954663
2022-12-28,-0.0112764030061495,Equity Market Down 20%,Hypothetical,-0.2112764030061495
2022-12-29,0.0281817423643242,Equity Market Down 20%,Hypothetical,-0.17181825763567582
2022-12-30,0.0011767826509359,Equity Market Down 20%,Hypothetical,-0.1988232173490641
2023-01-03,-0.0145531315887666,Equity Market Down 20%,Hypothetical,-0.2145531315887666
2023-01-04,0.0010873289989031,Equity Market Down 20%,Hypothetical,-0.1989126710010969
2023-01-05,-0.0182293358843499,Equity Market Down 20%,Hypothetical,-0.21822933588434992
2023-01-06,0.0248333055262363,Equity Market Down 20%,Hypothetical,-0.1751666944737637
2023-01-09,0.0134120040577245,Equity Market Down 20%,Hypothetical,-0.18658799594227551
2023-01-10,0.0101591004996378,Equity Market Down 20%,Hypothetical,-0.1898408995003622
2023-01-11,0.0224456305483905,Equity Market Down 20%,Hypothetical,-0.17755436945160952
2023-01-12,0.0085894942172803,Equity Market Down 20%,Hypothetical,-0.1914105057827197
2023-01-13,0.0114470862696965,Equity Market Down 20%,Hypothetical,-0.1885529137303035
2023-01-17,0.0072419946592829,Equity Market Down 20%,Hypothetical,-0.1927580053407171
2023-01-18,-0.0144404486868404,Equity Market Down 20%,Hypothetical,-0.21444044868684042
2023-01-19,-0.007206789718774,Equity Market Down 20%,Hypothetical,-0.20720678971877401
2023-01-20,0.0322919251381106,Equity Market Down 20%,Hypothetical,-0.1677080748618894
2023-01-23,0.0255152442858641,Equity Market Down 20%,Hypothetical,-0.1744847557141359
2023-01-24,0.0007902074464253,Equity Market Down 20%,Hypothetical,-0.1992097925535747
2023-01-25,-0.0031415014061537,Equity Market Down 20%,Hypothetical,-0.20314150140615372
2023-01-26,0.0254101587767541,Equity Market Down 20%,Hypothetical,-0.17458984122324592
2023-01-27,0.0172650334926689,Equity Market Down 20%,Hypothetical,-0.18273496650733112
2023-01-30,-0.0272660036724507,Equity Market Down 20%,Hypothetical,-0.2272660036724507
2023-01-31,0.0178951214903674,Equity Market Down 20%,Hypothetical,-0.1821048785096326
2023-02-01,0.021143261180751,Equity Market Down 20%,Hypothetical,-0.17885673881924902
2023-02-02,0.0412463713838496,Equity Market Down 20%,Hypothetical,-0.15875362861615042
2023-02-03,-0.012764189422867,Equity Market Down 20%,Hypothetical,-0.212764189422867
2023-02-06,-0.0056465390965157,Equity Market Down 20%,Hypothetical,-0.2056465390965157
2023-02-07,0.0267274765080354,Equity Market Down 20%,Hypothetical,-0.17327252349196462
2023-02-08,-0.0153849357978685,Equity Market Down 20%,Hypothetical,-0.21538493579786852
2023-02-09,-0.0097400076319084,Equity Market Down 20%,Hypothetical,-0.20974000763190842
2023-02-10,-0.0085677865960785,Equity Market Down 20%,Hypothetical,-0.2085677865960785
2023-02-13,0.0158998320922007,Equity Market Down 20%,Hypothetical,-0.18410016790779932
2023-02-14,0.011017540602151,Equity Market Down 20%,Hypothetical,-0.18898245939784902
2023-02-15,0.0046474308634371,Equity Market Down 20%,Hypothetical,-0.1953525691365629
2023-02-16,-0.0219715550780022,Equity Market Down 20%,Hypothetical,-0.2219715550780022
2023-02-17,-0.009133929535525,Equity Market Down 20%,Hypothetical,-0.209133929535525
2023-02-21,-0.0249040763206229,Equity Market Down 20%,Hypothetical,-0.22490407632062293
2023-02-22,0.000652614066101,Equity Market Down 20%,Hypothetical,-0.199347385933899
2023-02-23,0.0235797858622608,Equity Market Down 20%,Hypothetical,-0.1764202141377392
2023-02-24,-0.0153937885380365,Equity Market Down 20%,Hypothetical,-0.2153937885380365
2023-02-27,0.0077729137079789,Equity Market Down 20%,Hypothetical,-0.19222708629202112
2023-02-28,-0.0013769903281796,Equity Market Down 20%,Hypothetical,-0.2013769903281796
2023-03-01,-0.0113863143428014,Equity Market Down 20%,Hypothetical,-0.21138631434280142
2023-03-02,0.0062643549777197,Equity Market Down 20%,Hypothetical,-0.1937356450222803
2023-03-03,0.0250662443320441,Equity Market Down 20%,Hypothetical,-0.1749337556679559
2023-03-06,0.0017988340432225,Equity Market Down 20%,Hypothetical,-0.1982011659567775
2023-03-07,-0.0141412347204301,Equity Market Down 20%,Hypothetical,-0.21414123472043012
2023-03-08,0.004760050381192,Equity Market Down 20%,Hypothetical,-0.195239949618808
2023-03-09,-0.0223960520926524,Equity Market Down 20%,Hypothetical,-0.2223960520926524
2023-03-10,-0.0104686369833963,Equity Market Down 20%,Hypothetical,-0.21046863698339632
2023-03-13,0.006865501100635,Equity Market Down 20%,Hypothetical,-0.19313449889936501
2023-03-14,0.0282837453207631,Equity Market Down 20%,Hypothetical,-0.1717162546792369
2023-03-15,0.0007129213515437,Equity Market Down 20%,Hypothetical,-0.19928707864845632
2023-03-16,0.0309097525589518,Equity Market Down 20%,Hypothetical,-0.16909024744104822
2023-03-17,-0.0062180610526757,Equity Market Down 20%,Hypothetical,-0.2062180610526757
2023-03-20,0.003066795165465,Equity Market Down 20%,Hypothetical,-0.19693320483453503
2023-03-21,0.021481423067533,Equity Market Down 20%,Hypothetical,-0.178518576932467
2023-03-22,-0.0110115038884888,Equity Market Down 20%,Hypothetical,-0.2110115038884888
2023-03-23,0.0104623984018914,Equity Market Down 20%,Hypothetical,-0.18953760159810862
2023-03-24,-0.0006969254048782,Equity Market Down 20%,Hypothetical,-0.2006969254048782
2023-03-27,-0.0049670462007004,Equity Market Down 20%,Hypothetical,-0.20496704620070041
2023-03-28,-0.0056099982614992,Equity Market Down 20%,Hypothetical,-0.2056099982614992
2023-03-29,0.0161890657721768,Equity Market Down 20%,Hypothetical,-0.18381093422782321
2023-03-30,0.0085603788619894,Equity Market Down 20%,Hypothetical,-0.1914396211380106
2023-03-31,0.017060315952336,Equity Market Down 20%,Hypothetical,-0.182939684047664
2023-04-03,0.0038339766546922,Equity Market Down 20%,Hypothetical,-0.1961660233453078
2023-04-04,-0.0037128451420967,Equity Market Down 20%,Hypothetical,-0.2037128451420967
2023-04-05,-0.0099743723279168,Equity Market Down 20%,Hypothetical,-0.20997437232791683
2023-04-06,0.0107631907724378,Equity Market Down 20%,Hypothetical,-0.1892368092275622
2023-04-10,-0.0032443661032978,Equity Market Down 20%,Hypothetical,-0.20324436610329782
2023-04-11,-0.0086597076894243,Equity Market Down 20%,Hypothetical,-0.20865970768942432
2023-04-12,-0.0087940669364073,Equity Market Down 20%,Hypothetical,-0.2087940669364073
2023-04-13,0.0210658395415615,Equity Market Down 20%,Hypothetical,-0.17893416045843852
2023-04-14,0.006775780865726,Equity Market Down 20%,Hypothetical,-0.193224219134274
2023-04-17,-0.0001793434221133,Equity Market Down 20%,Hypothetical,-0.2001793434221133
2023-04-18,0.0041353828781353,Equity Market Down 20%,Hypothetical,-0.1958646171218647
2023-04-19,0.0008286075559954,Equity Market Down 20%,Hypothetical,-0.1991713924440046
2023-04-20,-0.01261630878475,Equity Market Down 20%,Hypothetical,-0.21261630878475002
2023-04-21,0.0012247631945401,Equity Market Down 20%,Hypothetical,-0.19877523680545992
2023-04-24,-0.0015334242627365,Equity Market Down 20%,Hypothetical,-0.20153342426273652
2023-04-25,-0.0197722141746142,Equity Market Down 20%,Hypothetical,-0.2197722141746142
2023-04-26,0.0117703169372738,Equity Market Down 20%,Hypothetical,-0.18822968306272622
2023-04-27,0.0312778108989604,Equity Market Down 20%,Hypothetical,-0.16872218910103962
2023-04-28,0.0045632180614645,Equity Market Down 20%,Hypothetical,-0.1954367819385355
2023-05-01,0.0025419176045793,Equity Market Down 20%,Hypothetical,-0.1974580823954207
2023-05-02,-0.0104088594945027,Equity Market Down 20%,Hypothetical,-0.21040885949450272
2023-05-03,-0.0077818857924303,Equity Market Down 20%,Hypothetical,-0.20778188579243032
2023-05-04,-0.0061888692534782,Equity Market Down 20%,Hypothetical,-0.2061888692534782
2023-05-05,0.0265025057273194,Equity Market Down 20%,Hypothetical,-0.1734974942726806
2023-05-08,0.0044985546027195,Equity Market Down 20%,Hypothetical,-0.1955014453972805
2023-05-09,-0.0069192320652753,Equity Market Down 20%,Hypothetical,-0.20691923206527532
2023-05-10,0.0127270217359067,Equity Market Down 20%,Hypothetical,-0.1872729782640933
2023-05-11,0.00382291439545,Equity Market Down 20%,Hypothetical,-0.19617708560455002
2023-05-12,-0.0066402488012537,Equity Market Down 20%,Hypothetical,-0.2066402488012537
2023-05-15,0.0039300868340719,Equity Market Down 20%,Hypothetical,-0.19606991316592812
2023-05-16,0.0043438706343254,Equity Market Down 20%,Hypothetical,-0.1956561293656746
2023-05-17,0.0175316841820648,Equity Market Down 20%,Hypothetical,-0.1824683158179352
2023-05-18,0.0184195165447375,Equity Market Down 20%,Hypothetical,-0.1815804834552625
2023-05-19,-0.002987385119223,Equity Market Down 20%,Hypothetical,-0.202987385119223
2023-05-22,0.0022422052456146,Equity Market Down 20%,Hypothetical,-0.1977577947543854
2023-05-23,-0.0118817683457555,Equity Market Down 20%,Hypothetical,-0.2118817683457555
2023-05-24,-0.0014249021604223,Equity Market Down 20%,Hypothetical,-0.2014249021604223
2023-05-25,0.0404416704554932,Equity Market Down 20%,Hypothetical,-0.15955832954450683
2023-05-26,0.0201245056972117,Equity Market Down 20%,Hypothetical,-0.17987549430278832
2023-05-30,0.0081862453855272,Equity Market Down 20%,Hypothetical,-0.1918137546144728
2023-05-31,-0.0119640126104762,Equity Market Down 20%,Hypothetical,-0.2119640126104762
2023-06-01,0.0199910264742844,Equity Market Down 20%,Hypothetical,-0.1800089735257156
2023-06-02,0.0078583034583712,Equity Market Down 20%,Hypothetical,-0.19214169654162883
2023-06-05,-0.0006943170341573,Equity Market Down 20%,Hypothetical,-0.2006943170341573
2023-06-06,-0.001049339796477,Equity Market Down 20%,Hypothetical,-0.20104933979647702
2023-06-07,-0.0182484095546727,Equity Market Down 20%,Hypothetical,-0.2182484095546727
2023-06-08,0.0133219898186434,Equity Market Down 20%,Hypothetical,-0.1866780101813566
2023-06-09,0.0037891738311435,Equity Market Down 20%,Hypothetical,-0.19621082616885652
2023-06-12,0.0134687469279154,Equity Market Down 20%,Hypothetical,-0.18653125307208462
2023-06-13,0.0089363165416843,Equity Market Down 20%,Hypothetical,-0.1910636834583157
2023-06-14,0.0045074688365381,Equity Market Down 20%,Hypothetical,-0.1954925311634619
2023-06-15,0.0110987226718616,Equity Market Down 20%,Hypothetical,-0.1889012773281384
2023-06-16,-0.0063741603215663,Equity Market Down 20%,Hypothetical,-0.2063741603215663
2023-06-20,0.0046570778903026,Equity Market Down 20%,Hypothetical,-0.19534292210969742
2023-06-21,-0.0107274390919297,Equity Market Down 20%,Hypothetical,-0.2107274390919297
2023-06-22,0.0118322480857563,Equity Market Down 20%,Hypothetical,-0.1881677519142437
2023-06-23,-0.0086340265110034,Equity Market Down 20%,Hypothetical,-0.2086340265110034
2023-06-26,-0.0185733850385312,Equity Market Down 20%,Hypothetical,-0.21857338503853121
2023-06-27,0.0155254280573023,Equity Market Down 20%,Hypothetical,-0.1844745719426977
2023-06-28,0.0005349670849539,Equity Market Down 20%,Hypothetical,-0.1994650329150461
2023-06-29,0.0009679282148258,Equity Market Down 20%,Hypothetical,-0.1990320717851742
2023-06-30,0.018624034115708,Equity Market Down 20%,Hypothetical,-0.181375965884292
2023-07-03,0.001539638640775,Equity Market Down 20%,Hypothetical,-0.198460361359225
2023-07-05,0.0004925471826917,Equity Market Down 20%,Hypothetical,-0.1995074528173083
2023-07-06,-0.0063609844779415,Equity Market Down 20%,Hypothetical,-0.20636098447794152
2023-07-07,-0.001546789074693,Equity Market Down 20%,Hypothetical,-0.201546789074693
2023-07-10,-0.0091966349729902,Equity Market Down 20%,Hypothetical,-0.2091966349729902
2023-07-11,0.0052874380313074,Equity Market Down 20%,Hypothetical,-0.1947125619686926
2023-07-12,0.0139250096973435,Equity Market Down 20%,Hypothetical,-0.1860749903026565
2023-07-13,0.0182462531703425,Equity Market Down 20%,Hypothetical,-0.1817537468296575
2023-07-14,0.0028411452332691,Equity Market Down 20%,Hypothetical,-0.19715885476673092
2023-07-17,0.0102921438164712,Equity Market Down 20%,Hypothetical,-0.1897078561835288
2023-07-18,0.0099294828111634,Equity Market Down 20%,Hypothetical,-0.1900705171888366
2023-07-19,8.633355069157488e-05,Equity Market Down 20%,Hypothetical,-0.19991366644930844
2023-07-20,-0.0221537250598653,Equity Market Down 20%,Hypothetical,-0.2221537250598653
2023-07-21,-0.0081592607603606,Equity Market Down 20%,Hypothetical,-0.20815926076036062
2023-07-24,0.0069668011532873,Equity Market Down 20%,Hypothetical,-0.19303319884671272
2023-07-25,0.0071172868345955,Equity Market Down 20%,Hypothetical,-0.1928827131654045
2023-07-26,-0.0001947004575502,Equity Market Down 20%,Hypothetical,-0.20019470045755022
2023-07-27,-0.0035684618194323,Equity Market Down 20%,Hypothetical,-0.2035684618194323
2023-07-28,0.0182889288115832,Equity Market Down 20%,Hypothetical,-0.1817110711884168
2023-07-31,0.0022700817627023,Equity Market Down 20%,Hypothetical,-0.1977299182372977
2023-08-01,-0.0052778538426947,Equity Market Down 20%,Hypothetical,-0.2052778538426947
2023-08-02,-0.0240629229435267,Equity Market Down 20%,Hypothetical,-0.2240629229435267
2023-08-03,0.0018885863544377,Equity Market Down 20%,Hypothetical,-0.1981114136455623
2023-08-04,-0.0028348733090635,Equity Market Down 20%,Hypothetical,-0.20283487330906352
2023-08-07,0.0061646725232565,Equity Market Down 20%,Hypothetical,-0.1938353274767435
2023-08-08,-0.0067881715558038,Equity Market Down 20%,Hypothetical,-0.2067881715558038
2023-08-09,-0.0172727817696062,Equity Market Down 20%,Hypothetical,-0.2172727817696062
2023-08-10,0.0010032983178643,Equity Market Down 20%,Hypothetical,-0.1989967016821357
2023-08-11,-0.005990994977864,Equity Market Down 20%,Hypothetical,-0.20599099497786402
2023-08-14,0.0171474049974529,Equity Market Down 20%,Hypothetical,-0.1828525950025471
2023-08-15,-0.0123290025608743,Equity Market Down 20%,Hypothetical,-0.2123290025608743
2023-08-16,-0.0101327623265115,Equity Market Down 20%,Hypothetical,-0.2101327623265115
2023-08-17,-0.0090164866979535,Equity Market Down 20%,Hypothetical,-0.2090164866979535
2023-08-18,-0.00201432327127,Equity Market Down 20%,Hypothetical,-0.20201432327127
2023-08-21,0.0224314159521864,Equity Market Down 20%,Hypothetical,-0.17756858404781362
2023-08-22,-0.0050340107096526,Equity Market Down 20%,Hypothetical,-0.2050340107096526
2023-08-23,0.016439498772672,Equity Market Down 20%,Hypothetical,-0.183560501227328
2023-08-24,-0.0165001521346533,Equity Market Down 20%,Hypothetical,-0.21650015213465332
2023-08-25,0.0038526848227139,Equity Market Down 20%,Hypothetical,-0.19614731517728612
2023-08-28,0.0073713859453466,Equity Market Down 20%,Hypothetical,-0.19262861405465342
2023-08-29,0.0228812424456502,Equity Market Down 20%,Hypothetical,-0.1771187575543498
2023-08-30,0.0059345223360031,Equity Market Down 20%,Hypothetical,-0.1940654776639969
2023-08-31,0.0001222088775197,Equity Market Down 20%,Hypothetical,-0.1998777911224803
2023-09-01,-0.0019724118174885,Equity Market Down 20%,Hypothetical,-0.2019724118174885
2023-09-05,0.0043467487041241,Equity Market Down 20%,Hypothetical,-0.1956532512958759
2023-09-06,-0.0158183698526993,Equity Market Down 20%,Hypothetical,-0.2158183698526993
2023-09-07,-0.0079570645655655,Equity Market Down 20%,Hypothetical,-0.2079570645655655
2023-09-08,0.0014271712721017,Equity Market Down 20%,Hypothetical,-0.1985728287278983
2023-09-11,0.0115793074497766,Equity Market Down 20%,Hypothetical,-0.18842069255022342
2023-09-12,-0.0090188597998217,Equity Market Down 20%,Hypothetical,-0.2090188597998217
2023-09-13,0.0059841960792229,Equity Market Down 20%,Hypothetical,-0.1940158039207771
2023-09-14,0.0093033112842455,Equity Market Down 20%,Hypothetical,-0.19069668871575451
2023-09-15,-0.0167319678317588,Equity Market Down 20%,Hypothetical,-0.2167319678317588
2023-09-18,0.0025739164888473,Equity Market Down 20%,Hypothetical,-0.1974260835111527
2023-09-19,-0.0024740328118693,Equity Market Down 20%,Hypothetical,-0.20247403281186932
2023-09-20,-0.0183148567375694,Equity Market Down 20%,Hypothetical,-0.2183148567375694
2023-09-21,-0.0163529867657297,Equity Market Down 20%,Hypothetical,-0.2163529867657297
2023-09-22,-0.000347123392066,Equity Market Down 20%,Hypothetical,-0.200347123392066
2023-09-25,0.0084037251980914,Equity Market Down 20%,Hypothetical,-0.1915962748019086
2023-09-26,-0.016824392820113,Equity Market Down 20%,Hypothetical,-0.216824392820113
2023-09-27,0.003090447982318,Equity Market Down 20%,Hypothetical,-0.196909552017682
2023-09-28,0.0080354683375428,Equity Market Down 20%,Hypothetical,-0.19196453166245722
2023-09-29,-0.0001505736987503,Equity Market Down 20%,Hypothetical,-0.2001505736987503
2023-10-02,0.0151555249261015,Equity Market Down 20%,Hypothetical,-0.1848444750738985
2023-10-03,-0.0180028927595438,Equity Market Down 20%,Hypothetical,-0.21800289275954382
2023-10-04,0.0121084023287746,Equity Market Down 20%,Hypothetical,-0.1878915976712254
2023-10-05,0.0023481853044019,Equity Market Down 20%,Hypothetical,-0.19765181469559812
2023-10-06,0.0168908487302331,Equity Market Down 20%,Hypothetical,-0.1831091512697669
2023-10-09,0.0040339695839013,Equity Market Down 20%,Hypothetical,-0.19596603041609872
2023-10-10,0.0025684780342485,Equity Market Down 20%,Hypothetical,-0.1974315219657515
2023-10-11,0.0095635500608415,Equity Market Down 20%,Hypothetical,-0.1904364499391585
2023-10-12,-0.0013259875157715,Equity Market Down 20%,Hypothetical,-0.20132598751577152
2023-10-13,-0.0101907257569197,Equity Market Down 20%,Hypothetical,-0.21019072575691972
2023-10-16,0.0089038547387375,Equity Market Down 20%,Hypothetical,-0.1910961452612625
2023-10-17,-0.0086585435467637,Equity Market Down 20%,Hypothetical,-0.20865854354676372
2023-10-18,-0.0162842322338407,Equity Market Down 20%,Hypothetical,-0.21628423223384072
2023-10-19,-0.0065149078118451,Equity Market Down 20%,Hypothetical,-0.20651490781184512
2023-10-20,-0.0172421231916958,Equity Market Down 20%,Hypothetical,-0.2172421231916958
2023-10-23,0.0070130830413749,Equity Market Down 20%,Hypothetical,-0.1929869169586251
2023-10-24,0.0074512199006661,Equity Market Down 20%,Hypothetical,-0.1925487800993339
2023-10-25,-0.0235758918320672,Equity Market Down 20%,Hypothetical,-0.22357589183206722
2023-10-26,-0.0240964567744701,Equity Market Down 20%,Hypothetical,-0.2240964567744701
2023-10-27,0.0064524023292117,Equity Market Down 20%,Hypothetical,-0.1935475976707883
2023-10-30,0.0143821130584239,Equity Market Down 20%,Hypothetical,-0.1856178869415761
2023-10-31,0.0018422534552676,Equity Market Down 20%,Hypothetical,-0.19815774654473242
2023-11-01,0.0199239140424483,Equity Market Down 20%,Hypothetical,-0.1800760859575517
2023-11-02,0.0174761425064899,Equity Market Down 20%,Hypothetical,-0.1825238574935101
2023-11-03,0.0085320976067084,Equity Market Down 20%,Hypothetical,-0.19146790239329162
2023-11-06,0.0087815832191193,Equity Market Down 20%,Hypothetical,-0.19121841678088072
2023-11-07,0.0085688843899625,Equity Market Down 20%,Hypothetical,-0.1914311156100375
2023-11-08,0.0044130176591377,Equity Market Down 20%,Hypothetical,-0.1955869823408623
2023-11-09,-0.0053875471228786,Equity Market Down 20%,Hypothetical,-0.2053875471228786
2023-11-10,0.0209370838903674,Equity Market Down 20%,Hypothetical,-0.1790629161096326
2023-11-13,-0.0007822080600028,Equity Market Down 20%,Hypothetical,-0.2007822080600028
2023-11-14,0.0166862739052295,Equity Market Down 20%,Hypothetical,-0.1833137260947705
2023-11-15,-0.0017520261307908,Equity Market Down 20%,Hypothetical,-0.20175202613079082
2023-11-16,0.0066272268837922,Equity Market Down 20%,Hypothetical,-0.19337277311620782
2023-11-17,-0.000617094932109,Equity Market Down 20%,Hypothetical,-0.20061709493210902
2023-11-20,0.0105651709079793,Equity Market Down 20%,Hypothetical,-0.18943482909202072
2023-11-21,-0.0040731576972196,Equity Market Down 20%,Hypothetical,-0.20407315769721962
2023-11-22,0.0015130920374324,Equity Market Down 20%,Hypothetical,-0.1984869079625676
2023-11-24,-0.005287103269368,Equity Market Down 20%,Hypothetical,-0.205287103269368
2023-11-27,0.0009684891979448,Equity Market Down 20%,Hypothetical,-0.19903151080205522
2023-11-28,0.0037992578612952,Equity Market Down 20%,Hypothetical,-0.1962007421387048
2023-11-29,-0.006015171118052,Equity Market Down 20%,Hypothetical,-0.206015171118052
2023-11-30,-0.0043134756231504,Equity Market Down 20%,Hypothetical,-0.20431347562315041
2023-12-01,-0.000648814308179,Equity Market Down 20%,Hypothetical,-0.20064881430817902
2023-12-04,-0.0125024699462984,Equity Market Down 20%,Hypothetical,-0.2125024699462984
2023-12-05,0.0112880935073646,Equity Market Down 20%,Hypothetical,-0.18871190649263542
2023-12-06,-0.0102584927169126,Equity Market Down 20%,Hypothetical,-0.2102584927169126
2023-12-07,0.0151882671054686,Equity Market Down 20%,Hypothetical,-0.1848117328945314
2023-12-08,0.007624439519001,Equity Market Down 20%,Hypothetical,-0.19237556048099902
2023-12-11,-0.0110331196721451,Equity Market Down 20%,Hypothetical,-0.2110331196721451
2023-12-12,0.0076635491848096,Equity Market Down 20%,Hypothetical,-0.1923364508151904
2023-12-13,0.0072473666758497,Equity Market Down 20%,Hypothetical,-0.19275263332415032
2023-12-14,4.08865250424498e-05,Equity Market Down 20%,Hypothetical,-0.19995911347495757
2023-12-15,0.0061610693276965,Equity Market Down 20%,Hypothetical,-0.1938389306723035
2023-12-18,0.0094352807674188,Equity Market Down 20%,Hypothetical,-0.19056471923258123
2023-12-19,0.003910716927557,Equity Market Down 20%,Hypothetical,-0.196089283072443
2023-12-20,-0.0125752326998167,Equity Market Down 20%,Hypothetical,-0.2125752326998167
2023-12-21,0.0096834853637684,Equity Market Down 20%,Hypothetical,-0.19031651463623162
2023-12-22,-0.0011160318219763,Equity Market Down 20%,Hypothetical,-0.20111603182197632
2023-12-26,0.0025288720580158,Equity Market Down 20%,Hypothetical,-0.1974711279419842
2023-12-27,0.0014055147287882,Equity Market Down 20%,Hypothetical,-0.19859448527121182
2023-12-28,-0.0003599138508204,Equity Market Down 20%,Hypothetical,-0.20035991385082041
2023-12-29,-0.0037355205820504,Equity Market Down 20%,Hypothetical,-0.2037355205820504
2024-01-02,-0.0135155231616794,Equity Market Down 20%,Hypothetical,-0.2135155231616794
2024-01-03,-0.0060079218879955,Equity Market Down 20%,Hypothetical,-0.20600792188799552
2024-01-04,-0.0059806644461466,Equity Market Down 20%,Hypothetical,-0.2059806644461466
2024-01-05,0.0029989672752758,Equity Market Down 20%,Hypothetical,-0.19700103272472422
2024-01-08,0.0223133291827073,Equity Market Down 20%,Hypothetical,-0.17768667081729272
2024-01-09,0.002959313177436,Equity Market Down 20%,Hypothetical,-0.197040686822564
2024-01-10,0.0109780214947135,Equity Market Down 20%,Hypothetical,-0.18902197850528651
2024-01-11,0.0003686944244987,Equity Market Down 20%,Hypothetical,-0.19963130557550132
2024-01-12,-0.0014468566145613,Equity Market Down 20%,Hypothetical,-0.2014468566145613
2024-01-16,-0.0010451754547748,Equity Market Down 20%,Hypothetical,-0.20104517545477482
2024-01-17,-0.0051176082432978,Equity Market Down 20%,Hypothetical,-0.2051176082432978
2024-01-18,0.0129357963693174,Equity Market Down 20%,Hypothetical,-0.1870642036306826
2024-01-19,0.0157995338858257,Equity Market Down 20%,Hypothetical,-0.18420046611417432
2024-01-22,0.0011051447060549,Equity Market Down 20%,Hypothetical,-0.1988948552939451
2024-01-23,0.0049644182613378,Equity Market Down 20%,Hypothetical,-0.1950355817386622
2024-01-24,0.0079399825839223,Equity Market Down 20%,Hypothetical,-0.1920600174160777
2024-01-25,-0.0016320177685409,Equity Market Down 20%,Hypothetical,-0.20163201776854092
2024-01-26,-0.0012010408517869,Equity Market Down 20%,Hypothetical,-0.20120104085178692
2024-01-29,0.0104744949401517,Equity Market Down 20%,Hypothetical,-0.1895255050598483
2024-01-30,-0.0035003520331377,Equity Market Down 20%,Hypothetical,-0.2035003520331377
2024-01-31,-0.0248936768276989,Equity Market Down 20%,Hypothetical,-0.2248936768276989
2024-02-01,0.0119237762724484,Equity Market Down 20%,Hypothetical,-0.18807622372755162
2024-02-02,0.0270330677166014,Equity Market Down 20%,Hypothetical,-0.1729669322833986
2024-02-05,0.002390765057519,Equity Market Down 20%,Hypothetical,-0.197609234942481
2024-02-06,0.000887163692892,Equity Market Down 20%,Hypothetical,-0.19911283630710802
2024-02-07,0.0124202145717373,Equity Market Down 20%,Hypothetical,-0.1875797854282627
2024-02-08,-0.0011423558347521,Equity Market Down 20%,Hypothetical,-0.20114235583475212
2024-02-09,0.0128951741078877,Equity Market Down 20%,Hypothetical,-0.1871048258921123
2024-02-12,-0.0059458828581844,Equity Market Down 20%,Hypothetical,-0.2059458828581844
2024-02-13,-0.0130175296618165,Equity Market Down 20%,Hypothetical,-0.2130175296618165
2024-02-14,0.0094871948224222,Equity Market Down 20%,Hypothetical,-0.19051280517757782
2024-02-15,0.0012677612036497,Equity Market Down 20%,Hypothetical,-0.19873223879635032
2024-02-16,-0.0061182338367728,Equity Market Down 20%,Hypothetical,-0.2061182338367728
2024-02-20,-0.0108605842868037,Equity Market Down 20%,Hypothetical,-0.2108605842868037
2024-02-21,-0.0001576705414712,Equity Market Down 20%,Hypothetical,-0.2001576705414712
2024-02-22,0.0372255933467808,Equity Market Down 20%,Hypothetical,-0.1627744066532192
2024-02-23,-0.0033020260847008,Equity Market Down 20%,Hypothetical,-0.2033020260847008
2024-02-26,-0.0053562053251772,Equity Market Down 20%,Hypothetical,-0.2053562053251772
2024-02-27,0.0005437732753944,Equity Market Down 20%,Hypothetical,-0.1994562267246056
2024-02-28,-0.0058572131648484,Equity Market Down 20%,Hypothetical,-0.20585721316484842
2024-02-29,0.0088850354265155,Equity Market Down 20%,Hypothetical,-0.1911149645734845
2024-03-01,0.0064286832197698,Equity Market Down 20%,Hypothetical,-0.1935713167802302
2024-03-04,-0.0080839271549256,Equity Market Down 20%,Hypothetical,-0.2080839271549256
2024-03-05,-0.0135908227719507,Equity Market Down 20%,Hypothetical,-0.2135908227719507
2024-03-06,0.002410768953105,Equity Market Down 20%,Hypothetical,-0.19758923104689502
2024-03-07,0.0154047182650933,Equity Market Down 20%,Hypothetical,-0.18459528173490672
2024-03-08,-0.0085983257220932,Equity Market Down 20%,Hypothetical,-0.20859832572209322
2024-03-11,-0.0015475817517243,Equity Market Down 20%,Hypothetical,-0.2015475817517243
2024-03-12,0.0195347428705791,Equity Market Down 20%,Hypothetical,-0.1804652571294209
2024-03-13,-0.0041122848418842,Equity Market Down 20%,Hypothetical,-0.2041122848418842
2024-03-14,0.0011212121989847,Equity Market Down 20%,Hypothetical,-0.1988787878010153
2024-03-15,-0.0066982549715267,Equity Market Down 20%,Hypothetical,-0.20669825497152672
2024-03-18,0.0128353363332475,Equity Market Down 20%,Hypothetical,-0.18716466366675252
2024-03-19,0.0069035332772772,Equity Market Down 20%,Hypothetical,-0.19309646672272282
2024-03-20,0.0118541265726178,Equity Market Down 20%,Hypothetical,-0.1881458734273822
2024-03-21,-0.0051549851037506,Equity Market Down 20%,Hypothetical,-0.2051549851037506
2024-03-22,0.0061791956621531,Equity Market Down 20%,Hypothetical,-0.1938208043378469
2024-03-25,-0.0035696123238305,Equity Market Down 20%,Hypothetical,-0.2035696123238305
2024-03-26,-0.0045900223621282,Equity Market Down 20%,Hypothetical,-0.2045900223621282
2024-03-27,0.0042272482862438,Equity Market Down 20%,Hypothetical,-0.19577275171375622
2024-03-28,-0.0027348032938285,Equity Market Down 20%,Hypothetical,-0.2027348032938285
2024-04-01,0.002543340488139,Equity Market Down 20%,Hypothetical,-0.197456659511861
2024-04-02,-0.0090955406886848,Equity Market Down 20%,Hypothetical,-0.2090955406886848
2024-04-03,0.0023201458812203,Equity Market Down 20%,Hypothetical,-0.19767985411877972
2024-04-04,-0.0112032216272167,Equity Market Down 20%,Hypothetical,-0.21120322162721672
2024-04-05,0.012694739611631,Equity Market Down 20%,Hypothetical,-0.187305260388369
2024-04-08,0.0002586114157328,Equity Market Down 20%,Hypothetical,-0.1997413885842672
2024-04-09,0.0012100245598324,Equity Market Down 20%,Hypothetical,-0.1987899754401676
2024-04-10,-0.0032036483942396,Equity Market Down 20%,Hypothetical,-0.2032036483942396
2024-04-11,0.0199018616433204,Equity Market Down 20%,Hypothetical,-0.18009813835667962
2024-04-12,-0.0167780561127566,Equity Market Down 20%,Hypothetical,-0.2167780561127566
2024-04-15,-0.0178823644363635,Equity Market Down 20%,Hypothetical,-0.2178823644363635
2024-04-16,-0.001984422338265,Equity Market Down 20%,Hypothetical,-0.20198442233826502
2024-04-17,-0.0094265537519303,Equity Market Down 20%,Hypothetical,-0.2094265537519303
2024-04-18,-0.0025748177755892,Equity Market Down 20%,Hypothetical,-0.20257481777558922
2024-04-19,-0.0232549929447157,Equity Market Down 20%,Hypothetical,-0.2232549929447157
2024-04-22,0.0105362110970553,Equity Market Down 20%,Hypothetical,-0.1894637889029447
2024-04-23,0.0151589386362772,Equity Market Down 20%,Hypothetical,-0.1848410613637228
2024-04-24,0.0029230798997529,Equity Market Down 20%,Hypothetical,-0.1970769201002471
2024-04-25,-0.0031084048645696,Equity Market Down 20%,Hypothetical,-0.2031084048645696
2024-04-26,0.0225698917842307,Equity Market Down 20%,Hypothetical,-0.17743010821576932
2024-04-29,0.0066001227146419,Equity Market Down 20%,Hypothetical,-0.19339987728535812
2024-04-30,-0.0213799604186252,Equity Market Down 20%,Hypothetical,-0.2213799604186252
2024-05-01,-0.0028165531154753,Equity Market Down 20%,Hypothetical,-0.2028165531154753
2024-05-02,0.0163853834480058,Equity Market Down 20%,Hypothetical,-0.1836146165519942
2024-05-03,0.0219090292668233,Equity Market Down 20%,Hypothetical,-0.1780909707331767
2024-05-06,0.0118527792865278,Equity Market Down 20%,Hypothetical,-0.1881472207134722
2024-05-07,-0.0028505087644217,Equity Market Down 20%,Hypothetical,-0.2028505087644217
2024-05-08,0.0008905565334588,Equity Market Down 20%,Hypothetical,-0.19910944346654122
2024-05-09,0.0027899463268601,Equity Market Down 20%,Hypothetical,-0.1972100536731399
2024-05-10,-0.0003923641237339,Equity Market Down 20%,Hypothetical,-0.2003923641237339
2024-05-13,0.0037912174260788,Equity Market Down 20%,Hypothetical,-0.19620878257392121
2024-05-14,0.0087401435901174,Equity Market Down 20%,Hypothetical,-0.1912598564098826
2024-05-15,0.0120392488396969,Equity Market Down 20%,Hypothetical,-0.1879607511603031
2024-05-16,-0.0017511892942747,Equity Market Down 20%,Hypothetical,-0.2017511892942747
2024-05-17,0.0011991340595006,Equity Market Down 20%,Hypothetical,-0.19880086594049942
2024-05-20,-0.0001649036348927,Equity Market Down 20%,Hypothetical,-0.2001649036348927
2024-05-21,0.0089609524840501,Equity Market Down 20%,Hypothetical,-0.1910390475159499
2024-05-22,-0.005791700616357,Equity Market Down 20%,Hypothetical,-0.20579170061635702
2024-05-23,0.0011043308736126,Equity Market Down 20%,Hypothetical,-0.1988956691263874
2024-05-24,0.0127644273308628,Equity Market Down 20%,Hypothetical,-0.1872355726691372
2024-05-28,0.0108221318051703,Equity Market Down 20%,Hypothetical,-0.1891778681948297
2024-05-29,-0.0031264631871813,Equity Market Down 20%,Hypothetical,-0.2031264631871813
2024-05-30,-0.0131286022065454,Equity Market Down 20%,Hypothetical,-0.21312860220654542
2024-05-31,0.0028311359064925,Equity Market Down 20%,Hypothetical,-0.1971688640935075
2024-06-03,0.0091071310696667,Equity Market Down 20%,Hypothetical,-0.1908928689303333
2024-06-04,0.0022377590427268,Equity Market Down 20%,Hypothetical,-0.1977622409572732
2024-06-05,0.014868739487336,Equity Market Down 20%,Hypothetical,-0.18513126051266401
2024-06-06,0.0005387112098091,Equity Market Down 20%,Hypothetical,-0.1994612887901909
2024-06-07,7.005089004068535e-05,Equity Market Down 20%,Hypothetical,-0.19992994910995932
2024-06-10,0.0009112772204547,Equity Market Down 20%,Hypothetical,-0.1990887227795453
2024-06-11,0.0122613860908647,Equity Market Down 20%,Hypothetical,-0.18773861390913532
2024-06-12,0.0139208254112169,Equity Market Down 20%,Hypothetical,-0.18607917458878312
2024-06-13,0.0054257030130454,Equity Market Down 20%,Hypothetical,-0.1945742969869546
2024-06-14,0.0005714043581531,Equity Market Down 20%,Hypothetical,-0.19942859564184692
2024-06-17,0.0078032197362456,Equity Market Down 20%,Hypothetical,-0.19219678026375442
2024-06-18,-0.0003606250086311,Equity Market Down 20%,Hypothetical,-0.2003606250086311
2024-06-20,-0.0059054941648677,Equity Market Down 20%,Hypothetical,-0.2059054941648677
2024-06-21,-0.0043209052806987,Equity Market Down 20%,Hypothetical,-0.2043209052806987
2024-06-24,-0.0087318269330308,Equity Market Down 20%,Hypothetical,-0.2087318269330308
2024-06-25,0.0164732668196513,Equity Market Down 20%,Hypothetical,-0.1835267331803487
2024-06-26,0.0107188679406582,Equity Market Down 20%,Hypothetical,-0.1892811320593418
2024-06-27,0.0033604372518041,Equity Market Down 20%,Hypothetical,-0.1966395627481959
2024-06-28,-0.0073710855082484,Equity Market Down 20%,Hypothetical,-0.2073710855082484
2024-07-01,0.015412608108359,Equity Market Down 20%,Hypothetical,-0.184587391891641
2024-07-02,0.0116922672102227,Equity Market Down 20%,Hypothetical,-0.1883077327897773
2024-07-03,0.0100076618281626,Equity Market Down 20%,Hypothetical,-0.18999233817183742
2024-07-05,0.0090803041567242,Equity Market Down 20%,Hypothetical,-0.1909196958432758
2024-07-08,0.0015805162626439,Equity Market Down 20%,Hypothetical,-0.1984194837373561
2024-07-09,0.0050614467029317,Equity Market Down 20%,Hypothetical,-0.1949385532970683
2024-07-10,0.0132874341537109,Equity Market Down 20%,Hypothetical,-0.18671256584628912
2024-07-11,-0.0281799091377386,Equity Market Down 20%,Hypothetical,-0.2281799091377386
2024-07-12,0.0034087381072956,Equity Market Down 20%,Hypothetical,-0.1965912618927044
2024-07-15,0.0066906821405923,Equity Market Down 20%,Hypothetical,-0.19330931785940772
2024-07-16,0.000497961302264,Equity Market Down 20%,Hypothetical,-0.199502038697736
2024-07-17,-0.0218293225909923,Equity Market Down 20%,Hypothetical,-0.2218293225909923
2024-07-18,-0.0073339553338206,Equity Market Down 20%,Hypothetical,-0.20733395533382062
2024-07-19,-0.0084450909166476,Equity Market Down 20%,Hypothetical,-0.20844509091664762
2024-07-22,0.0134577590381157,Equity Market Down 20%,Hypothetical,-0.18654224096188432
2024-07-23,0.0005495167309148,Equity Market Down 20%,Hypothetical,-0.1994504832690852
2024-07-24,-0.0392363492236725,Equity Market Down 20%,Hypothetical,-0.2392363492236725
2024-07-25,-0.0097912075185989,Equity Market Down 20%,Hypothetical,-0.20979120751859892
2024-07-26,0.00898602745694,Equity Market Down 20%,Hypothetical,-0.19101397254306002
2024-07-29,0.0019724859022896,Equity Market Down 20%,Hypothetical,-0.1980275140977104
2024-07-30,-0.0107553222882292,Equity Market Down 20%,Hypothetical,-0.2107553222882292
2024-07-31,0.0253849747595572,Equity Market Down 20%,Hypothetical,-0.1746150252404428
2024-08-01,-0.0205342749729399,Equity Market Down 20%,Hypothetical,-0.22053427497293993
2024-08-02,-0.0221119250055937,Equity Market Down 20%,Hypothetical,-0.2221119250055937
2024-08-05,-0.0416652326076759,Equity Market Down 20%,Hypothetical,-0.24166523260767592
2024-08-06,0.0099318788090302,Equity Market Down 20%,Hypothetical,-0.1900681211909698
2024-08-07,-0.0072175514477899,Equity Market Down 20%,Hypothetical,-0.20721755144778992
2024-08-08,0.0242414070308319,Equity Market Down 20%,Hypothetical,-0.17575859296916813
2024-08-09,0.0070142299727447,Equity Market Down 20%,Hypothetical,-0.1929857700272553
2024-08-12,0.00680088151633,Equity Market Down 20%,Hypothetical,-0.19319911848367002
2024-08-13,0.0236181430961688,Equity Market Down 20%,Hypothetical,-0.1763818569038312
2024-08-14,0.0017940458667453,Equity Market Down 20%,Hypothetical,-0.1982059541332547
2024-08-15,0.0202804857098672,Equity Market Down 20%,Hypothetical,-0.1797195142901328
2024-08-16,0.0033394682932746,Equity Market Down 20%,Hypothetical,-0.1966605317067254
2024-08-19,0.0128599155002304,Equity Market Down 20%,Hypothetical,-0.1871400844997696
2024-08-20,-0.0033970874997615,Equity Market Down 20%,Hypothetical,-0.20339708749976151
2024-08-21,0.0017997349008964,Equity Market Down 20%,Hypothetical,-0.1982002650991036
2024-08-22,-0.0156950174574042,Equity Market Down 20%,Hypothetical,-0.21569501745740421
2024-08-23,0.0146179450600478,Equity Market Down 20%,Hypothetical,-0.18538205493995222
2024-08-26,-0.0054737319703592,Equity Market Down 20%,Hypothetical,-0.2054737319703592
2024-08-27,-0.0003599418669241,Equity Market Down 20%,Hypothetical,-0.2003599418669241
2024-08-28,-0.0091283652484588,Equity Market Down 20%,Hypothetical,-0.20912836524845882
2024-08-29,-0.0043497325748041,Equity Market Down 20%,Hypothetical,-0.2043497325748041
2024-08-30,0.0107637125192373,Equity Market Down 20%,Hypothetical,-0.1892362874807627
2024-09-03,-0.0324664482999577,Equity Market Down 20%,Hypothetical,-0.23246644829995772
2024-09-04,-0.0051403143191134,Equity Market Down 20%,Hypothetical,-0.20514031431911342
2024-09-05,0.0065995378192259,Equity Market Down 20%,Hypothetical,-0.1934004621807741
2024-09-06,-0.0265326957555139,Equity Market Down 20%,Hypothetical,-0.2265326957555139
2024-09-09,0.0123448929498129,Equity Market Down 20%,Hypothetical,-0.18765510705018712
2024-09-10,0.0024283587541754,Equity Market Down 20%,Hypothetical,-0.1975716412458246
2024-09-11,0.0222753106195183,Equity Market Down 20%,Hypothetical,-0.17772468938048172
2024-09-12,0.009947273741322,Equity Market Down 20%,Hypothetical,-0.190052726258678
2024-09-13,0.0018287571175353,Equity Market Down 20%,Hypothetical,-0.1981712428824647
2024-09-16,-0.0065524054424398,Equity Market Down 20%,Hypothetical,-0.2065524054424398
2024-09-17,0.0029618174034305,Equity Market Down 20%,Hypothetical,-0.19703818259656952
2024-09-18,-0.0011943412482,Equity Market Down 20%,Hypothetical,-0.20119434124820001
2024-09-19,0.0263092872371257,Equity Market Down 20%,Hypothetical,-0.17369071276287432
2024-09-20,-0.0035429468565494,Equity Market Down 20%,Hypothetical,-0.20354294685654942
2024-09-23,0.0019242165310661,Equity Market Down 20%,Hypothetical,-0.19807578346893392
2024-09-24,0.0062743980121042,Equity Market Down 20%,Hypothetical,-0.19372560198789582
2024-09-25,0.0015770698346034,Equity Market Down 20%,Hypothetical,-0.1984229301653966
2024-09-26,-0.0003516986398003,Equity Market Down 20%,Hypothetical,-0.20035169863980032
2024-09-27,-0.0016318094911682,Equity Market Down 20%,Hypothetical,-0.2016318094911682
2024-09-30,0.0073291334039969,Equity Market Down 20%,Hypothetical,-0.1926708665960031
2024-10-01,-0.0159984746421391,Equity Market Down 20%,Hypothetical,-0.21599847464213912
2024-10-02,0.0001547301369599,Equity Market Down 20%,Hypothetical,-0.1998452698630401
2024-10-03,0.0008717434044831,Equity Market Down 20%,Hypothetical,-0.19912825659551692
2024-10-04,0.0138266154740945,Equity Market Down 20%,Hypothetical,-0.1861733845259055
2024-10-07,-0.0125854115557271,Equity Market Down 20%,Hypothetical,-0.2125854115557271
2024-10-08,0.0132365475101108,Equity Market Down 20%,Hypothetical,-0.1867634524898892
2024-10-09,0.0050090537382014,Equity Market Down 20%,Hypothetical,-0.1949909462617986
2024-10-10,0.0019925567744401,Equity Market Down 20%,Hypothetical,-0.1980074432255599
2024-10-11,0.0012148024209524,Equity Market Down 20%,Hypothetical,-0.1987851975790476
2024-10-14,0.00903144432922,Equity Market Down 20%,Hypothetical,-0.19096855567078
2024-10-15,-0.0103721414985837,Equity Market Down 20%,Hypothetical,-0.21037214149858371
2024-10-16,0.0029036624689871,Equity Market Down 20%,Hypothetical,-0.1970963375310129
2024-10-17,0.0005142519840518,Equity Market Down 20%,Hypothetical,-0.1994857480159482
2024-10-18,0.0057145223785138,Equity Market Down 20%,Hypothetical,-0.1942854776214862
2024-10-21,0.006599045174483,Equity Market Down 20%,Hypothetical,-0.193400954825517
2024-10-22,0.0044350486554141,Equity Market Down 20%,Hypothetical,-0.1955649513445859
2024-10-23,-0.0173276621443322,Equity Market Down 20%,Hypothetical,-0.21732766214433222
2024-10-24,0.0120024724968391,Equity Market Down 20%,Hypothetical,-0.1879975275031609
2024-10-25,0.0066840241489888,Equity Market Down 20%,Hypothetical,-0.1933159758510112
2024-10-28,0.0016587878205878,Equity Market Down 20%,Hypothetical,-0.19834121217941222
2024-10-29,0.0045247155474557,Equity Market Down 20%,Hypothetical,-0.1954752844525443
2024-10-30,-0.0011603331639941,Equity Market Down 20%,Hypothetical,-0.20116033316399412
2024-10-31,-0.0301231662997555,Equity Market Down 20%,Hypothetical,-0.23012316629975552
2024-11-01,0.0075911703147499,Equity Market Down 20%,Hypothetical,-0.1924088296852501
2024-11-04,-0.0056401278838516,Equity Market Down 20%,Hypothetical,-0.2056401278838516
2024-11-05,0.0132872857124368,Equity Market Down 20%,Hypothetical,-0.1867127142875632
2024-11-06,0.037297309018733,Equity Market Down 20%,Hypothetical,-0.162702690981267
2024-11-07,0.0127080630735874,Equity Market Down 20%,Hypothetical,-0.1872919369264126
2024-11-08,6.440283292251001e-05,Equity Market Down 20%,Hypothetical,-0.1999355971670775
2024-11-11,-0.0007653757877838,Equity Market Down 20%,Hypothetical,-0.2007653757877838
2024-11-12,0.0027644180632819,Equity Market Down 20%,Hypothetical,-0.1972355819367181
2024-11-13,0.0006959020634902,Equity Market Down 20%,Hypothetical,-0.1993040979365098
2024-11-14,-0.0032129286479642,Equity Market Down 20%,Hypothetical,-0.2032129286479642
2024-11-15,-0.0178234161813765,Equity Market Down 20%,Hypothetical,-0.21782341618137652
2024-11-18,0.0050078124504728,Equity Market Down 20%,Hypothetical,-0.1949921875495272
2024-11-19,0.0102325799918838,Equity Market Down 20%,Hypothetical,-0.18976742000811622
2024-11-20,-0.0018385422793459,Equity Market Down 20%,Hypothetical,-0.20183854227934592
2024-11-21,-0.005885915594319,Equity Market Down 20%,Hypothetical,-0.205885915594319
2024-11-22,-0.0021628198479244,Equity Market Down 20%,Hypothetical,-0.20216281984792442
2024-11-25,0.0004509959259747,Equity Market Down 20%,Hypothetical,-0.19954900407402532
2024-11-26,0.0099240735446767,Equity Market Down 20%,Hypothetical,-0.1900759264553233
2024-11-27,-0.0058227295178771,Equity Market Down 20%,Hypothetical,-0.2058227295178771
2024-11-29,0.0087706117952242,Equity Market Down 20%,Hypothetical,-0.1912293882047758
2024-12-02,0.0094884626621999,Equity Market Down 20%,Hypothetical,-0.1905115373378001
2024-12-03,0.0055635636518131,Equity Market Down 20%,Hypothetical,-0.19443643634818691
2024-12-04,0.0108574219716095,Equity Market Down 20%,Hypothetical,-0.18914257802839052
2024-12-05,0.0014042344592134,Equity Market Down 20%,Hypothetical,-0.19859576554078662
2024-12-06,0.0029474836679498,Equity Market Down 20%,Hypothetical,-0.1970525163320502
2024-12-09,-0.0010851585929128,Equity Market Down 20%,Hypothetical,-0.20108515859291282
2024-12-10,0.0025892554932178,Equity Market Down 20%,Hypothetical,-0.1974107445067822
2024-12-11,0.0141807379779524,Equity Market Down 20%,Hypothetical,-0.1858192620220476
2024-12-12,-0.0065987523094592,Equity Market Down 20%,Hypothetical,-0.2065987523094592
2024-12-13,-0.0051821598142911,Equity Market Down 20%,Hypothetical,-0.2051821598142911
2024-12-16,0.007099394040713,Equity Market Down 20%,Hypothetical,-0.192900605959287
2024-12-17,-0.0009975148710387,Equity Market Down 20%,Hypothetical,-0.2009975148710387
2024-12-18,-0.0290120555848225,Equity Market Down 20%,Hypothetical,-0.22901205558482252
2024-12-19,0.0036689292528643,Equity Market Down 20%,Hypothetical,-0.1963310707471357
2024-12-20,0.0109847423380348,Equity Market Down 20%,Hypothetical,-0.1890152576619652
2024-12-23,0.0108167039536191,Equity Market Down 20%,Hypothetical,-0.1891832960463809
2024-12-24,0.0126445416516754,Equity Market Down 20%,Hypothetical,-0.18735545834832462
2024-12-26,-0.0016029690537926,Equity Market Down 20%,Hypothetical,-0.2016029690537926
2024-12-27,-0.0151373066235519,Equity Market Down 20%,Hypothetical,-0.2151373066235519
2024-12-30,-0.0097602192455592,Equity Market Down 20%,Hypothetical,-0.2097602192455592
2024-12-31,-0.0093353675031105,Equity Market Down 20%,Hypothetical,-0.20933536750311052
2025-01-02,-0.0036012788926807,Equity Market Down 20%,Hypothetical,-0.2036012788926807
2025-01-03,0.0177012645085303,Equity Market Down 20%,Hypothetical,-0.18229873549146972
2025-01-06,0.0137870900941624,Equity Market Down 20%,Hypothetical,-0.1862129099058376
2025-01-07,-0.01857897790079,Equity Market Down 20%,Hypothetical,-0.21857897790079
2025-01-08,-1.5800722626767294e-05,Equity Market Down 20%,Hypothetical,-0.20001580072262679
2025-01-10,-0.0153817696462392,Equity Market Down 20%,Hypothetical,-0.2153817696462392
2025-01-13,-0.0010034264425358,Equity Market Down 20%,Hypothetical,-0.2010034264425358
2025-01-14,-0.0044778036171605,Equity Market Down 20%,Hypothetical,-0.2044778036171605
2025-01-15,0.026782952472788,Equity Market Down 20%,Hypothetical,-0.173217047527212
2025-01-16,-0.0190247268570009,Equity Market Down 20%,Hypothetical,-0.21902472685700092
2025-01-17,0.0154976415344366,Equity Market Down 20%,Hypothetical,-0.1845023584655634
2025-01-21,0.0024064259386492,Equity Market Down 20%,Hypothetical,-0.1975935740613508
2025-01-22,0.0136944231255368,Equity Market Down 20%,Hypothetical,-0.1863055768744632
2025-01-23,0.0032639588489196,Equity Market Down 20%,Hypothetical,-0.1967360411510804
2025-01-24,-0.0062546015686581,Equity Market Down 20%,Hypothetical,-0.2062546015686581
2025-01-27,-0.0270540507178259,Equity Market Down 20%,Hypothetical,-0.22705405071782592
2025-01-28,0.0278733294569324,Equity Market Down 20%,Hypothetical,-0.1721266705430676
2025-01-29,-0.008707435124593,Equity Market Down 20%,Hypothetical,-0.208707435124593
2025-01-30,-0.0042756450951014,Equity Market Down 20%,Hypothetical,-0.2042756450951014
2025-01-31,-0.0052910991404969,Equity Market Down 20%,Hypothetical,-0.20529109914049692
2025-02-03,-0.0157977848384365,Equity Market Down 20%,Hypothetical,-0.2157977848384365
2025-02-04,0.0147610198680543,Equity Market Down 20%,Hypothetical,-0.1852389801319457
2025-02-05,-0.0037739977751622,Equity Market Down 20%,Hypothetical,-0.20377399777516222
2025-02-06,0.0081547597609589,Equity Market Down 20%,Hypothetical,-0.19184524023904112
2025-02-07,-0.015190678787558,Equity Market Down 20%,Hypothetical,-0.21519067878755802
2025-02-10,0.0061966226843869,Equity Market Down 20%,Hypothetical,-0.19380337731561312
2025-02-11,0.0010920678344092,Equity Market Down 20%,Hypothetical,-0.1989079321655908
2025-02-12,-0.0021133998350272,Equity Market Down 20%,Hypothetical,-0.2021133998350272
2025-02-13,0.0151741382368994,Equity Market Down 20%,Hypothetical,-0.18482586176310062
2025-02-14,0.0043835336507857,Equity Market Down 20%,Hypothetical,-0.1956164663492143
2025-02-18,-0.0025403301303298,Equity Market Down 20%,Hypothetical,-0.20254033013032982
2025-02-19,0.0036713858970273,Equity Market Down 20%,Hypothetical,-0.1963286141029727
2025-02-20,-0.0056801065052593,Equity Market Down 20%,Hypothetical,-0.2056801065052593
2025-02-21,-0.0233637342150415,Equity Market Down 20%,Hypothetical,-0.22336373421504152
2025-02-24,-0.0106306817657504,Equity Market Down 20%,Hypothetical,-0.21063068176575042
2025-02-25,-0.0151590356060547,Equity Market Down 20%,Hypothetical,-0.2151590356060547
2025-02-26,-0.0013207719813056,Equity Market Down 20%,Hypothetical,-0.2013207719813056
2025-02-27,-0.0254674405441888,Equity Market Down 20%,Hypothetical,-0.22546744054418882
2025-02-28,0.0200767796692307,Equity Market Down 20%,Hypothetical,-0.1799232203307693
2025-03-03,-0.0319235512009221,Equity Market Down 20%,Hypothetical,-0.23192355120092212
2025-03-04,-0.004279074153,Equity Market Down 20%,Hypothetical,-0.204279074153
2025-03-05,0.0118925107043762,Equity Market Down 20%,Hypothetical,-0.18810748929562382
2025-03-06,-0.0197674730014791,Equity Market Down 20%,Hypothetical,-0.2197674730014791
2025-03-07,0.0039512532896072,Equity Market Down 20%,Hypothetical,-0.19604874671039282
2025-03-10,-0.0445907936648044,Equity Market Down 20%,Hypothetical,-0.2445907936648044
2025-03-11,-0.0028203261629872,Equity Market Down 20%,Hypothetical,-0.2028203261629872
2025-03-12,0.0136666131479223,Equity Market Down 20%,Hypothetical,-0.1863333868520777
2025-03-13,-0.0192784676540894,Equity Market Down 20%,Hypothetical,-0.21927846765408943
2025-03-14,0.0275912604610542,Equity Market Down 20%,Hypothetical,-0.1724087395389458
2025-03-17,-0.0041438083775124,Equity Market Down 20%,Hypothetical,-0.20414380837751242
2025-03-18,-0.0159800913594665,Equity Market Down 20%,Hypothetical,-0.2159800913594665
2025-03-19,0.0150263523140383,Equity Market Down 20%,Hypothetical,-0.18497364768596172
2025-03-20,9.149351780417496e-05,Equity Market Down 20%,Hypothetical,-0.19990850648219582
2025-03-21,0.0107725303712334,Equity Market Down 20%,Hypothetical,-0.1892274696287666
2025-03-24,0.0235670111550093,Equity Market Down 20%,Hypothetical,-0.1764329888449907
2025-03-25,0.0091105303862269,Equity Market Down 20%,Hypothetical,-0.19088946961377312
2025-03-26,-0.0213493145201337,Equity Market Down 20%,Hypothetical,-0.2213493145201337
2025-03-27,-0.0044576948146522,Equity Market Down 20%,Hypothetical,-0.2044576948146522
2025-03-28,-0.0279141778757151,Equity Market Down 20%,Hypothetical,-0.2279141778757151
2025-03-31,0.001009574740802,Equity Market Down 20%,Hypothetical,-0.19899042525919802
2025-04-01,0.0105403720257394,Equity Market Down 20%,Hypothetical,-0.1894596279742606
2025-04-02,0.0060857922877535,Equity Market Down 20%,Hypothetical,-0.19391420771224652
2025-04-03,-0.0645084250896823,Equity Market Down 20%,Hypothetical,-0.2645084250896823
2025-04-04,-0.0607837305741899,Equity Market Down 20%,Hypothetical,-0.2607837305741899
2025-04-07,0.0012192630869938,Equity Market Down 20%,Hypothetical,-0.1987807369130062
2025-04-08,-0.0181307398111229,Equity Market Down 20%,Hypothetical,-0.2181307398111229
2025-04-09,0.1188353049222503,Equity Market Down 20%,Hypothetical,-0.0811646950777497
2025-04-10,-0.0423459920378063,Equity Market Down 20%,Hypothetical,-0.24234599203780632
2025-04-11,0.0257834210570002,Equity Market Down 20%,Hypothetical,-0.1742165789429998
2025-04-14,0.0008695889703943,Equity Market Down 20%,Hypothetical,-0.19913041102960571
2025-04-15,-0.0040411817064517,Equity Market Down 20%,Hypothetical,-0.20404118170645172
2025-04-16,-0.0343950259667205,Equity Market Down 20%,Hypothetical,-0.23439502596672052
2025-04-17,-0.0160454072513463,Equity Market Down 20%,Hypothetical,-0.2160454072513463
2025-04-21,-0.0298329030132061,Equity Market Down 20%,Hypothetical,-0.2298329030132061
2025-04-22,0.0271736687238062,Equity Market Down 20%,Hypothetical,-0.17282633127619382
2025-04-23,0.0267351076332421,Equity Market Down 20%,Hypothetical,-0.1732648923667579
2025-04-24,0.0244465508489345,Equity Market Down 20%,Hypothetical,-0.17555344915106552
2025-04-25,0.0167600337217621,Equity Market Down 20%,Hypothetical,-0.1832399662782379
2025-04-28,-0.0036368066532724,Equity Market Down 20%,Hypothetical,-0.2036368066532724
2025-04-29,0.0027104148228298,Equity Market Down 20%,Hypothetical,-0.1972895851771702
2025-04-30,-0.0041252478776467,Equity Market Down 20%,Hypothetical,-0.20412524787764671
2025-05-01,0.0215494287236613,Equity Market Down 20%,Hypothetical,-0.1784505712763387
2025-05-02,0.0068850363767963,Equity Market Down 20%,Hypothetical,-0.1931149636232037
2025-05-05,-0.0106122581447764,Equity Market Down 20%,Hypothetical,-0.2106122581447764
2025-05-06,-0.0068662253938888,Equity Market Down 20%,Hypothetical,-0.20686622539388883
2025-05-07,-0.0027237992103199,Equity Market Down 20%,Hypothetical,-0.2027237992103199
2025-05-08,0.0102229585195295,Equity Market Down 20%,Hypothetical,-0.1897770414804705
2025-05-09,0.0014592860300908,Equity Market Down 20%,Hypothetical,-0.19854071396990922
2025-05-12,0.0455847535667296,Equity Market Down 20%,Hypothetical,-0.15441524643327043
2025-05-13,0.0073375033555848,Equity Market Down 20%,Hypothetical,-0.1926624966444152
2025-05-14,0.0121336119900428,Equity Market Down 20%,Hypothetical,-0.1878663880099572
2025-05-15,-0.0108406953301154,Equity Market Down 20%,Hypothetical,-0.2108406953301154
2025-05-16,0.0060915080417891,Equity Market Down 20%,Hypothetical,-0.19390849195821092
2025-05-19,0.0008314432080279,Equity Market Down 20%,Hypothetical,-0.19916855679197212
2025-05-20,-0.0055005589118205,Equity Market Down 20%,Hypothetical,-0.2055005589118205
2025-05-21,-0.0149608961528953,Equity Market Down 20%,Hypothetical,-0.21496089615289532
2025-05-22,0.0030480694005728,Equity Market Down 20%,Hypothetical,-0.1969519305994272
2025-05-23,-0.0130454276986172,Equity Market Down 20%,Hypothetical,-0.2130454276986172
2025-05-27,0.0246994983179365,Equity Market Down 20%,Hypothetical,-0.17530050168206351
2025-05-28,-0.0041664704417498,Equity Market Down 20%,Hypothetical,-0.20416647044174982
2025-05-29,0.0059004684543302,Equity Market Down 20%,Hypothetical,-0.1940995315456698
2025-05-30,-0.0046162238230613,Equity Market Down 20%,Hypothetical,-0.2046162238230613
2025-06-02,0.0053584514695456,Equity Market Down 20%,Hypothetical,-0.1946415485304544
2025-06-03,0.0041726385295306,Equity Market Down 20%,Hypothetical,-0.19582736147046942
2025-06-04,0.0005551352558141,Equity Market Down 20%,Hypothetical,-0.1994448647441859
2025-06-05,-0.0123650647183919,Equity Market Down 20%,Hypothetical,-0.21236506471839192
2025-06-06,0.0184412792852024,Equity Market Down 20%,Hypothetical,-0.18155872071479762
2025-06-09,0.0050330281366153,Equity Market Down 20%,Hypothetical,-0.1949669718633847
2025-06-10,0.0089343436110171,Equity Market Down 20%,Hypothetical,-0.1910656563889829
2025-06-11,-0.0058966875873106,Equity Market Down 20%,Hypothetical,-0.2058966875873106
2025-06-12,0.0040359201298515,Equity Market Down 20%,Hypothetical,-0.19596407987014852
2025-06-13,-0.0090449586094127,Equity Market Down 20%,Hypothetical,-0.20904495860941272
2025-06-16,0.012822492803987,Equity Market Down 20%,Hypothetical,-0.187177507196013
2025-06-17,-0.0065912249148712,Equity Market Down 20%,Hypothetical,-0.20659122491487122
2025-06-18,0.0022681779839919,Equity Market Down 20%,Hypothetical,-0.1977318220160081
2025-06-20,-0.0041708803079053,Equity Market Down 20%,Hypothetical,-0.2041708803079053
2025-06-23,0.0068320901618362,Equity Market Down 20%,Hypothetical,-0.19316790983816381
2025-06-24,0.0070097778011921,Equity Market Down 20%,Hypothetical,-0.1929902221988079
2025-06-25,0.0084580036337738,Equity Market Down 20%,Hypothetical,-0.1915419963662262
2025-06-26,0.0091765244790802,Equity Market Down 20%,Hypothetical,-0.1908234755209198
2025-06-27,0.0082823980616604,Equity Market Down 20%,Hypothetical,-0.19171760193833962
2025-06-30,0.0017115740571256,Equity Market Down 20%,Hypothetical,-0.1982884259428744
2025-07-01,-0.0042936208803419,Equity Market Down 20%,Hypothetical,-0.20429362088034192
2025-07-02,0.009720025718398,Equity Market Down 20%,Hypothetical,-0.190279974281602
2025-07-03,0.0102920813182485,Equity Market Down 20%,Hypothetical,-0.18970791868175152
2025-07-07,-0.012498496183416,Equity Market Down 20%,Hypothetical,-0.212498496183416
2025-07-08,-0.0022191627305865,Equity Market Down 20%,Hypothetical,-0.20221916273058652
2025-07-09,0.0082300217346207,Equity Market Down 20%,Hypothetical,-0.1917699782653793
2025-07-10,0.0057723259157679,Equity Market Down 20%,Hypothetical,-0.1942276740842321
2025-07-11,0.0032126712760701,Equity Market Down 20%,Hypothetical,-0.1967873287239299
2025-07-14,-0.0020564760481422,Equity Market Down 20%,Hypothetical,-0.2020564760481422
2025-07-15,0.0033768683709914,Equity Market Down 20%,Hypothetical,-0.1966231316290086
2025-07-16,0.0014248645849904,Equity Market Down 20%,Hypothetical,-0.19857513541500962
2025-07-17,0.00366326822123,Equity Market Down 20%,Hypothetical,-0.19633673177877
2025-07-18,0.001438415216906,Equity Market Down 20%,Hypothetical,-0.19856158478309402
2025-07-21,0.0047839689217807,Equity Market Down 20%,Hypothetical,-0.1952160310782193
2025-07-22,-0.0027400425653789,Equity Market Down 20%,Hypothetical,-0.20274004256537892
2025-07-23,0.0074654447437939,Equity Market Down 20%,Hypothetical,-0.1925345552562061
2025-07-24,0.0001053664073444,Equity Market Down 20%,Hypothetical,-0.1998946335926556
2025-07-25,0.0034627383520478,Equity Market Down 20%,Hypothetical,-0.1965372616479522
2025-07-28,0.005234043230206,Equity Market Down 20%,Hypothetical,-0.19476595676979402
2025-07-29,-0.0083592733313798,Equity Market Down 20%,Hypothetical,-0.20835927333137982
2025-07-30,0.0019992920501547,Equity Market Down 20%,Hypothetical,-0.1980007079498453
2025-07-31,0.0016780122414755,Equity Market Down 20%,Hypothetical,-0.1983219877585245
2025-08-01,-0.0294861047931529,Equity Market Down 20%,Hypothetical,-0.2294861047931529
2025-08-04,0.0152810300159525,Equity Market Down 20%,Hypothetical,-0.18471896998404752
2025-08-05,-0.0032453359875779,Equity Market Down 20%,Hypothetical,-0.2032453359875779
2025-08-06,0.0156927654699147,Equity Market Down 20%,Hypothetical,-0.18430723453008532
2025-08-07,0.0044852007367833,Equity Market Down 20%,Hypothetical,-0.19551479926321672
2025-08-08,0.0164076830014351,Equity Market Down 20%,Hypothetical,-0.1835923169985649
2025-08-11,-0.0018193394516851,Equity Market Down 20%,Hypothetical,-0.20181933945168512
2025-08-12,0.0113116765546463,Equity Market Down 20%,Hypothetical,-0.18868832344535372
2025-08-13,0.0010840854854198,Equity Market Down 20%,Hypothetical,-0.1989159145145802
2025-08-14,0.0043807848320475,Equity Market Down 20%,Hypothetical,-0.1956192151679525
2025-08-15,0.0013968921211029,Equity Market Down 20%,Hypothetical,-0.19860310787889712
2025-08-18,0.0005376735237972,Equity Market Down 20%,Hypothetical,-0.19946232647620282
2025-08-19,-0.0128311849143921,Equity Market Down 20%,Hypothetical,-0.21283118491439212
2025-08-20,-0.0091210242482829,Equity Market Down 20%,Hypothetical,-0.2091210242482829
2025-08-21,-0.0026852840621786,Equity Market Down 20%,Hypothetical,-0.20268528406217862
2025-08-22,0.0194394517233608,Equity Market Down 20%,Hypothetical,-0.1805605482766392
2025-08-25,0.0010771273225949,Equity Market Down 20%,Hypothetical,-0.1989228726774051
2025-08-26,0.0037080806513377,Equity Market Down 20%,Hypothetical,-0.1962919193486623
2025-08-27,0.0032546569673014,Equity Market Down 20%,Hypothetical,-0.1967453430326986
2025-08-28,0.0048479168272962,Equity Market Down 20%,Hypothetical,-0.1951520831727038
2025-08-29,-0.0076818085600725,Equity Market Down 20%,Hypothetical,-0.2076818085600725
2025-09-02,-0.0093590309648724,Equity Market Down 20%,Hypothetical,-0.2093590309648724
2025-09-03,0.0158403507778852,Equity Market Down 20%,Hypothetical,-0.1841596492221148
2025-09-04,0.0111822558095505,Equity Market Down 20%,Hypothetical,-0.1888177441904495
2025-09-05,-0.0100882847611909,Equity Market Down 20%,Hypothetical,-0.2100882847611909
2025-09-08,0.0016844086147825,Equity Market Down 20%,Hypothetical,-0.1983155913852175
2025-09-09,0.0097575085657455,Equity Market Down 20%,Hypothetical,-0.1902424914342545
2025-09-10,-0.0030972044057325,Equity Market Down 20%,Hypothetical,-0.2030972044057325
2025-09-11,0.0085709601305595,Equity Market Down 20%,Hypothetical,-0.19142903986944051
2025-09-12,0.0102169335631357,Equity Market Down 20%,Hypothetical,-0.18978306643686432
2025-09-15,0.0123265821839998,Equity Market Down 20%,Hypothetical,-0.18767341781600022
2025-09-16,0.0001352282495879,Equity Market Down 20%,Hypothetical,-0.19986477175041212
2025-09-17,-0.0030439157129357,Equity Market Down 20%,Hypothetical,-0.2030439157129357
2025-09-18,0.0026848279297027,Equity Market Down 20%,Hypothetical,-0.1973151720702973
2025-09-19,0.0118688168596381,Equity Market Down 20%,Hypothetical,-0.18813118314036192
2025-09-22,0.0103676667346206,Equity Market Down 20%,Hypothetical,-0.1896323332653794
2025-09-23,-0.0102839301557467,Equity Market Down 20%,Hypothetical,-0.2102839301557467
2025-09-24,-0.001303802684703,Equity Market Down 20%,Hypothetical,-0.20130380268470302
2025-09-25,-0.001674065420231,Equity Market Down 20%,Hypothetical,-0.201674065420231
2025-09-26,0.0046131414364074,Equity Market Down 20%,Hypothetical,-0.1953868585635926
2025-09-29,0.0022669386246084,Equity Market Down 20%,Hypothetical,-0.19773306137539162
2025-09-30,0.002261967332377,Equity Market Down 20%,Hypothetical,-0.19773803266762302
2025-10-01,0.0019440484386984,Equity Market Down 20%,Hypothetical,-0.19805595156130162
2025-10-02,9.054848733355987e-05,Equity Market Down 20%,Hypothetical,-0.19990945151266645
2025-10-03,-0.0005758783690377,Equity Market Down 20%,Hypothetical,-0.2005758783690377
2025-10-06,0.0066282800090189,Equity Market Down 20%,Hypothetical,-0.1933717199909811
2025-10-07,-0.005596973159296,Equity Market Down 20%,Hypothetical,-0.205596973159296
2025-10-08,0.0063414933136507,Equity Market Down 20%,Hypothetical,-0.19365850668634932
2025-10-09,-0.0008607037391331,Equity Market Down 20%,Hypothetical,-0.20086070373913312
2025-10-10,-0.0339494058300054,Equity Market Down 20%,Hypothetical,-0.2339494058300054
2025-10-13,0.0188178350303747,Equity Market Down 20%,Hypothetical,-0.1811821649696253
2025-10-14,-0.0109563437321476,Equity Market Down 20%,Hypothetical,-0.2109563437321476
2025-10-15,0.005285172866864,Equity Market Down 20%,Hypothetical,-0.194714827133136
2025-10-16,-0.0053038482888556,Equity Market Down 20%,Hypothetical,-0.20530384828885562
2025-10-17,0.007604768157598,Equity Market Down 20%,Hypothetical,-0.192395231842402
2025-10-20,0.015937642116334,Equity Market Down 20%,Hypothetical,-0.184062357883666
2025-10-21,-0.0025349077745578,Equity Market Down 20%,Hypothetical,-0.20253490777455782
2025-10-22,-0.0056430554376427,Equity Market Down 20%,Hypothetical,-0.20564305543764272
2025-10-23,0.0061357703959486,Equity Market Down 20%,Hypothetical,-0.19386422960405142
2025-10-24,0.0113430762593989,Equity Market Down 20%,Hypothetical,-0.1886569237406011
2025-10-27,0.0205575905407175,Equity Market Down 20%,Hypothetical,-0.17944240945928253
2025-10-28,0.0118993318850911,Equity Market Down 20%,Hypothetical,-0.18810066811490891
2025-10-29,0.0069134002931726,Equity Market Down 20%,Hypothetical,-0.1930865997068274
2025-10-30,-0.0163924502518784,Equity Market Down 20%,Hypothetical,-0.21639245025187842
2025-10-31,0.0060977283131622,Equity Market Down 20%,Hypothetical,-0.19390227168683782
2025-11-03,0.0053000013122288,Equity Market Down 20%,Hypothetical,-0.19469999868777121
2025-11-04,-0.01394645413493,Equity Market Down 20%,Hypothetical,-0.21394645413493002
2025-11-05,0.0008401742072847,Equity Market Down 20%,Hypothetical,-0.19915982579271532
2025-11-06,-0.0147807955014362,Equity Market Down 20%,Hypothetical,-0.21478079550143622
2025-11-07,-0.0023468652215845,Equity Market Down 20%,Hypothetical,-0.20234686522158452
2025-11-10,0.0211478847397028,Equity Market Down 20%,Hypothetical,-0.1788521152602972
2025-11-11,0.0014112402935461,Equity Market Down 20%,Hypothetical,-0.1985887597064539
2025-11-12,-0.0036040414271816,Equity Market Down 20%,Hypothetical,-0.2036040414271816
2025-11-13,-0.0213280489708089,Equity Market Down 20%,Hypothetical,-0.2213280489708089
2025-11-14,-0.0003662777124554,Equity Market Down 20%,Hypothetical,-0.2003662777124554
2025-11-17,-0.0070283700878662,Equity Market Down 20%,Hypothetical,-0.2070283700878662
2025-11-18,-0.015336385005707,Equity Market Down 20%,Hypothetical,-0.215336385005707
2025-11-19,0.0055923729934971,Equity Market Down 20%,Hypothetical,-0.1944076270065029
2025-11-20,-0.0151970748405115,Equity Market Down 20%,Hypothetical,-0.2151970748405115
2025-11-21,0.0066703405427818,Equity Market Down 20%,Hypothetical,-0.19332965945721822
2025-11-24,0.0197347581505189,Equity Market Down 20%,Hypothetical,-0.18026524184948112
2025-11-25,0.0049652972316127,Equity Market Down 20%,Hypothetical,-0.1950347027683873
2025-11-26,0.0066072782145476,Equity Market Down 20%,Hypothetical,-0.19339272178545241
2025-11-28,0.0058214663195229,Equity Market Down 20%,Hypothetical,-0.1941785336804771
2025-12-01,-0.0001089254501158,Equity Market Down 20%,Hypothetical,-0.2001089254501158
2025-12-02,0.0046815368406964,Equity Market Down 20%,Hypothetical,-0.19531846315930362
2025-12-03,-0.0003520642594413,Equity Market Down 20%,Hypothetical,-0.2003520642594413
2025-12-04,0.0022320888252812,Equity Market Down 20%,Hypothetical,-0.1977679111747188
2025-12-05,-0.0001591177744501,Equity Market Down 20%,Hypothetical,-0.2001591177744501
2025-12-08,-0.0023118870553685,Equity Market Down 20%,Hypothetical,-0.2023118870553685
2025-12-09,-0.0030790882423208,Equity Market Down 20%,Hypothetical,-0.20307908824232082
2025-12-10,0.003280655962924,Equity Market Down 20%,Hypothetical,-0.196719344037076
2025-12-11,-0.0011962199696386,Equity Market Down 20%,Hypothetical,-0.2011962199696386
2025-12-12,-0.0076562440573298,Equity Market Down 20%,Hypothetical,-0.2076562440573298
2025-12-15,-0.0031177421706468,Equity Market Down 20%,Hypothetical,-0.20311774217064682
2025-12-16,3.872676089726815e-05,Equity Market Down 20%,Hypothetical,-0.19996127323910273
2025-12-17,-0.0141338992357122,Equity Market Down 20%,Hypothetical,-0.21413389923571222
2025-12-18,0.0111635287072285,Equity Market Down 20%,Hypothetical,-0.1888364712927715
2025-12-19,0.0099101063840805,Equity Market Down 20%,Hypothetical,-0.19008989361591952
2025-12-22,0.0043476578067993,Equity Market Down 20%,Hypothetical,-0.1956523421932007
2025-12-23,0.0104242136376382,Equity Market Down 20%,Hypothetical,-0.1895757863623618
2025-12-24,0.0024770381930485,Equity Market Down 20%,Hypothetical,-0.1975229618069515
2025-12-26,-0.0001685141286545,Equity Market Down 20%,Hypothetical,-0.20016851412865452
2025-12-29,-0.0050651449714475,Equity Market Down 20%,Hypothetical,-0.2050651449714475
2025-12-30,-7.925023386106983e-05,Equity Market Down 20%,Hypothetical,-0.20007925023386108
2025-12-31,-0.0058448913166461,Equity Market Down 20%,Hypothetical,-0.2058448913166461
2026-01-02,-0.0024523048082833,Equity Market Down 20%,Hypothetical,-0.2024523048082833
2026-01-05,0.0065848546470889,Equity Market Down 20%,Hypothetical,-0.1934151453529111
2026-01-06,-0.0020953298645552,Equity Market Down 20%,Hypothetical,-0.20209532986455522
2026-01-07,-0.0013690080748168,Equity Market Down 20%,Hypothetical,-0.2013690080748168
2026-01-08,0.0008136336193937,Equity Market Down 20%,Hypothetical,-0.1991863663806063
2026-01-09,0.0035478201590759,Equity Market Down 20%,Hypothetical,-0.1964521798409241
2026-01-12,-0.0018813760536899,Equity Market Down 20%,Hypothetical,-0.20188137605368991
2026-01-13,-0.0063976690651136,Equity Market Down 20%,Hypothetical,-0.20639766906511361
2026-01-14,-0.0107230538516739,Equity Market Down 20%,Hypothetical,-0.21072305385167392
2026-01-15,0.0016429251030099,Equity Market Down 20%,Hypothetical,-0.19835707489699012
2026-01-16,-0.0021688910965432,Equity Market Down 20%,Hypothetical,-0.2021688910965432
2026-01-20,-0.0267005971726316,Equity Market Down 20%,Hypothetical,-0.2267005971726316
2026-01-21,0.008226985784251,Equity Market Down 20%,Hypothetical,-0.19177301421574902
2026-01-22,0.0123949934207221,Equity Market Down 20%,Hypothetical,-0.18760500657927792
2026-01-23,0.0077176304149204,Equity Market Down 20%,Hypothetical,-0.1922823695850796
2026-01-26,0.0074460346358181,Equity Market Down 20%,Hypothetical,-0.1925539653641819
2026-01-27,-0.0007774681817458,Equity Market Down 20%,Hypothetical,-0.2007774681817458
2026-01-28,0.0031623827433333,Equity Market Down 20%,Hypothetical,-0.1968376172566667
2026-01-29,-0.0076413980883901,Equity Market Down 20%,Hypothetical,-0.2076413980883901
2026-01-30,-0.0029978801461466,Equity Market Down 20%,Hypothetical,-0.20299788014614661
2026-02-02,0.0020235825771579,Equity Market Down 20%,Hypothetical,-0.1979764174228421
2026-02-03,-0.0092903630475206,Equity Market Down 20%,Hypothetical,-0.2092903630475206
2026-02-04,-0.0063359402854972,Equity Market Down 20%,Hypothetical,-0.2063359402854972
2026-02-05,-0.0202435373043135,Equity Market Down 20%,Hypothetical,-0.2202435373043135
2026-02-06,0.0149259851653184,Equity Market Down 20%,Hypothetical,-0.1850740148346816
2026-02-09,0.0080110721944211,Equity Market Down 20%,Hypothetical,-0.1919889278055789
2026-02-10,-0.0056917879064365,Equity Market Down 20%,Hypothetical,-0.20569178790643652
2026-02-11,-0.0044072800057994,Equity Market Down 20%,Hypothetical,-0.2044072800057994
2026-02-12,-0.0224888143674264,Equity Market Down 20%,Hypothetical,-0.2224888143674264
2026-02-13,-0.0093510323184307,Equity Market Down 20%,Hypothetical,-0.20935103231843072
2026-02-17,0.0054548541357315,Equity Market Down 20%,Hypothetical,-0.19454514586426852
2026-02-18,0.0083200733595246,Equity Market Down 20%,Hypothetical,-0.19167992664047542
2026-02-19,-0.0028202656326301,Equity Market Down 20%,Hypothetical,-0.20282026563263011
2026-02-20,0.0110759156392269,Equity Market Down 20%,Hypothetical,-0.18892408436077313
2026-02-23,-0.0131607807796919,Equity Market Down 20%,Hypothetical,-0.21316078077969192
2026-02-24,0.0078090430612404,Equity Market Down 20%,Hypothetical,-0.19219095693875962
2026-02-25,0.0155151491772143,Equity Market Down 20%,Hypothetical,-0.1844848508227857
2026-02-26,-0.0116420576577837,Equity Market Down 20%,Hypothetical,-0.2116420576577837
2026-02-27,-0.0147855532054674,Equity Market Down 20%,Hypothetical,-0.2147855532054674
2026-03-02,0.0049993623346427,Equity Market Down 20%,Hypothetical,-0.1950006376653573
2026-03-03,-0.003643884101913,Equity Market Down 20%,Hypothetical,-0.203643884101913
2026-03-04,0.0078261354992855,Equity Market Down 20%,Hypothetical,-0.1921738645007145
2026-03-05,-0.0020111310703161,Equity Market Down 20%,Hypothetical,-0.20201113107031612
2026-03-06,-0.0147891215614148,Equity Market Down 20%,Hypothetical,-0.2147891215614148
2026-03-09,0.0093456866538519,Equity Market Down 20%,Hypothetical,-0.1906543133461481
2026-03-10,0.0006316820911687,Equity Market Down 20%,Hypothetical,-0.1993683179088313
2026-03-11,0.0028061882300428,Equity Market Down 20%,Hypothetical,-0.1971938117699572
2026-03-12,-0.015871043758481,Equity Market Down 20%,Hypothetical,-0.215871043758481
2026-03-13,-0.0110379972666898,Equity Market Down 20%,Hypothetical,-0.21103799726668981
2026-03-16,0.0128907096138531,Equity Market Down 20%,Hypothetical,-0.1871092903861469
2026-03-17,0.0044108951944191,Equity Market Down 20%,Hypothetical,-0.19558910480558092
2026-03-18,-0.0131514732408135,Equity Market Down 20%,Hypothetical,-0.21315147324081352
2026-03-19,-0.0068777276406271,Equity Market Down 20%,Hypothetical,-0.20687772764062712
2026-03-20,-0.0158456570396786,Equity Market Down 20%,Hypothetical,-0.21584565703967862
2026-03-23,0.0115232999851818,Equity Market Down 20%,Hypothetical,-0.1884767000148182
2026-03-24,-0.0076252852777987,Equity Market Down 20%,Hypothetical,-0.20762528527779872
2026-03-25,0.0059538301281821,Equity Market Down 20%,Hypothetical,-0.19404616987181791
2026-03-26,-0.0207781536873016,Equity Market Down 20%,Hypothetical,-0.2207781536873016
2026-03-27,-0.0233413679372261,Equity Market Down 20%,Hypothetical,-0.22334136793722612
2026-03-30,-0.0013648407877984,Equity Market Down 20%,Hypothetical,-0.2013648407877984
2026-03-31,0.0372940723011465,Equity Market Down 20%,Hypothetical,-0.1627059276988535
2026-04-01,0.0069646024806119,Equity Market Down 20%,Hypothetical,-0.1930353975193881
2026-04-02,-0.0005529355863214,Equity Market Down 20%,Hypothetical,-0.20055293558632142
2026-04-06,0.0062535740688875,Equity Market Down 20%,Hypothetical,-0.19374642593111252
2026-04-07,0.0028291233287086,Equity Market Down 20%,Hypothetical,-0.1971708766712914
2026-04-08,0.0190587880027824,Equity Market Down 20%,Hypothetical,-0.1809412119972176
2026-04-09,0.0102071370518341,Equity Market Down 20%,Hypothetical,-0.1897928629481659
2026-04-10,0.0037204258616793,Equity Market Down 20%,Hypothetical,-0.1962795741383207
2026-04-13,0.0103571609588527,Equity Market Down 20%,Hypothetical,-0.18964283904114732
2026-04-14,0.0180117693866367,Equity Market Down 20%,Hypothetical,-0.1819882306133633
2026-04-15,0.0179535203895404,Equity Market Down 20%,Hypothetical,-0.1820464796104596
2026-04-16,0.0034030787784033,Equity Market Down 20%,Hypothetical,-0.19659692122159672
2026-04-17,0.012408768207535,Equity Market Down 20%,Hypothetical,-0.187591231792465
2026-04-20,-0.0014351581475228,Equity Market Down 20%,Hypothetical,-0.2014351581475228
2026-04-21,-0.0040449842337703,Equity Market Down 20%,Hypothetical,-0.20404498423377032
2026-04-22,0.0165036862728328,Equity Market Down 20%,Hypothetical,-0.1834963137271672
2026-04-23,-0.0111649266001312,Equity Market Down 20%,Hypothetical,-0.2111649266001312
2026-04-24,0.0127635901017986,Equity Market Down 20%,Hypothetical,-0.18723640989820142
2026-04-27,0.0054003253985247,Equity Market Down 20%,Hypothetical,-0.19459967460147531
2026-04-28,0.002272708017369,Equity Market Down 20%,Hypothetical,-0.197727291982631
2026-04-29,-0.0029626238118557,Equity Market Down 20%,Hypothetical,-0.2029626238118557
2026-04-30,-0.0041501113805825,Equity Market Down 20%,Hypothetical,-0.2041501113805825
2026-05-01,0.0093364240943601,Equity Market Down 20%,Hypothetical,-0.1906635759056399
2026-05-04,-0.0025128724829814,Equity Market Down 20%,Hypothetical,-0.20251287248298142
2026-05-05,0.0039811129783619,Equity Market Down 20%,Hypothetical,-0.1960188870216381
2026-05-06,0.016672568207812,Equity Market Down 20%,Hypothetical,-0.18332743179218802
2026-05-07,0.0023844915738078,Equity Market Down 20%,Hypothetical,-0.19761550842619222
2026-05-08,0.0065730720138982,Equity Market Down 20%,Hypothetical,-0.1934269279861018
2026-05-11,-2.2809556288955592e-05,Equity Market Down 20%,Hypothetical,-0.20002280955628896
2026-05-12,0.001540611974659,Equity Market Down 20%,Hypothetical,-0.19845938802534102
2026-05-13,0.012506537349805,Equity Market Down 20%,Hypothetical,-0.187493462650195
2026-05-14,0.0060347853606273,Equity Market Down 20%,Hypothetical,-0.19396521463937272
2026-05-15,-0.005303403434343,Equity Market Down 20%,Hypothetical,-0.205303403434343
2026-05-18,-0.0030038415037228,Equity Market Down 20%,Hypothetical,-0.2030038415037228
2026-05-19,-0.0097779423194636,Equity Market Down 20%,Hypothetical,-0.20977794231946362
2026-05-20,0.0090712403810499,Equity Market Down 20%,Hypothetical,-0.19092875961895012
2026-05-21,-0.0001100852397715,Equity Market Down 20%,Hypothetical,-0.2001100852397715
2026-05-22,0.0003788706432982,Equity Market Down 20%,Hypothetical,-0.19962112935670182
2026-05-26,-0.0024392576448392,Equity Market Down 20%,Hypothetical,-0.20243925764483922
2026-05-27,0.0017033975892403,Equity Market Down 20%,Hypothetical,-0.19829660241075972
2026-05-28,0.0072952208895211,Equity Market Down 20%,Hypothetical,-0.19270477911047892
2026-05-29,0.0007510939451901,Equity Market Down 20%,Hypothetical,-0.1992489060548099
2026-06-01,-0.000314740002262,Equity Market Down 20%,Hypothetical,-0.20031474000226202
2026-06-02,-0.0054983914230892,Equity Market Down 20%,Hypothetical,-0.2054983914230892
2026-06-03,-0.013980854185894,Equity Market Down 20%,Hypothetical,-0.21398085418589402
2026-06-04,0.0142454134753167,Equity Market Down 20%,Hypothetical,-0.18575458652468332
2026-06-05,-0.0263297785240769,Equity Market Down 20%,Hypothetical,-0.2263297785240769
2026-06-08,-0.002043710599803,Equity Market Down 20%,Hypothetical,-0.202043710599803
2026-06-09,-0.0122166425894446,Equity Market Down 20%,Hypothetical,-0.21221664258944462
2026-06-10,-0.0163852366567912,Equity Market Down 20%,Hypothetical,-0.2163852366567912
2026-06-11,0.0070680398540805,Equity Market Down 20%,Hypothetical,-0.1929319601459195
2026-06-12,0.0001798581455447,Equity Market Down 20%,Hypothetical,-0.19982014185445532
2026-06-15,0.0189487491054039,Equity Market Down 20%,Hypothetical,-0.18105125089459612
2026-06-16,0.0003891130339293,Equity Market Down 20%,Hypothetical,-0.1996108869660707
2026-06-17,-0.0206299429961185,Equity Market Down 20%,Hypothetical,-0.22062994299611852
2026-06-18,0.0079451751433376,Equity Market Down 20%,Hypothetical,-0.19205482485666242
2026-06-22,-0.0147065924648088,Equity Market Down 20%,Hypothetical,-0.2147065924648088
2026-06-23,-0.0074981758718378,Equity Market Down 20%,Hypothetical,-0.2074981758718378
2026-06-24,-0.0080887321626563,Equity Market Down 20%,Hypothetical,-0.2080887321626563
2026-06-25,-0.0234640773353365,Equity Market Down 20%,Hypothetical,-0.22346407733533652
2026-06-26,0.0131908761768961,Equity Market Down 20%,Hypothetical,-0.1868091238231039
2026-06-29,0.0106707122064926,Equity Market Down 20%,Hypothetical,-0.1893292877935074
2026-06-30,0.0115465285484001,Equity Market Down 20%,Hypothetical,-0.1884534714515999
2026-07-01,0.0164253873544256,Equity Market Down 20%,Hypothetical,-0.1835746126455744
2026-07-02,0.0036717847693283,Equity Market Down 20%,Hypothetical,-0.1963282152306717
2026-07-06,0.0091285923446557,Equity Market Down 20%,Hypothetical,-0.1908714076553443
2026-07-07,0.0042248960211844,Equity Market Down 20%,Hypothetical,-0.19577510397881562
2026-07-08,-0.0025750734210464,Equity Market Down 20%,Hypothetical,-0.20257507342104641
2026-07-09,0.0064676863835716,Equity Market Down 20%,Hypothetical,-0.19353231361642842
2026-07-10,0.0075195951630685,Equity Market Down 20%,Hypothetical,-0.19248040483693152
2026-07-13,-0.0029885436273929,Equity Market Down 20%,Hypothetical,-0.2029885436273929
2026-07-14,0.0068387927880816,Equity Market Down 20%,Hypothetical,-0.1931612072119184
2026-07-15,0.0200450394490475,Equity Market Down 20%,Hypothetical,-0.1799549605509525
2026-07-16,-0.0063405954094449,Equity Market Down 20%,Hypothetical,-0.2063405954094449
2026-07-17,-0.011617732093823,Equity Market Down 20%,Hypothetical,-0.211617732093823
2026-07-20,-0.000555639380874,Equity Market Down 20%,Hypothetical,-0.200555639380874
2026-07-21,0.0053589087418807,Equity Market Down 20%,Hypothetical,-0.19464109125811932
2026-07-22,-0.0038945313854105,Equity Market Down 20%,Hypothetical,-0.2038945313854105
2026-07-23,-0.0296417374234273,Equity Market Down 20%,Hypothetical,-0.2296417374234273
2026-07-24,0.0042429532709895,Equity Market Down 20%,Hypothetical,-0.1957570467290105
2026-07-27,-0.0016283705571535,Equity Market Down 20%,Hypothetical,-0.20162837055715352
2026-07-28,0.0065592937675821,Equity Market Down 20%,Hypothetical,-0.1934407062324179
2026-07-29,-0.0140895850537331,Equity Market Down 20%,Hypothetical,-0.2140895850537331
2026-07-30,0.0251613079297093,Equity Market Down 20%,Hypothetical,-0.1748386920702907
2026-07-31,0.0152118330726815,Equity Market Down 20%,Hypothetical,-0.1847881669273185
2020-01-03,-0.0090452515114307,Volatility Doubles,Hypothetical,-0.019065785657334577
2020-01-06,0.0092457241799193,Volatility Doubles,Hypothetical,0.017516165725365424
2020-01-07,-0.0009130844507751,Volatility Doubles,Hypothetical,-0.0028014515360233762
2020-01-08,0.0097350818668195,Volatility Doubles,Hypothetical,0.018494881099165823
2020-01-09,0.0092895759912174,Volatility Doubles,Hypothetical,0.017603869347961622
2020-01-10,-0.0014267532638405,Volatility Doubles,Hypothetical,-0.0038287891621541763
2020-01-13,0.0170945285528887,Volatility Doubles,Hypothetical,0.033213774471304226
2020-01-14,-0.0066971347397461,Volatility Doubles,Hypothetical,-0.014369552113965376
2020-01-15,-0.0022849176809996,Volatility Doubles,Hypothetical,-0.005545117996472376
2020-01-16,0.0094326458634776,Volatility Doubles,Hypothetical,0.017890009092482024
2020-01-17,0.0044610302492123,Volatility Doubles,Hypothetical,0.007946777863951423
2020-01-21,0.0008770916226846,Volatility Doubles,Hypothetical,0.0007789006108960238
2020-01-22,0.0027452470228971,Volatility Doubles,Hypothetical,0.004515211411321024
2020-01-23,0.0026973672286744,Volatility Doubles,Hypothetical,0.004419451822875624
2020-01-24,-0.0110348389887033,Volatility Doubles,Hypothetical,-0.023044960611879776
2020-01-27,-0.0238438773669367,Volatility Doubles,Hypothetical,-0.048663037368346575
2020-01-28,0.0194298516505263,Volatility Doubles,Hypothetical,0.037884420666579426
2020-01-29,0.0070401001419181,Volatility Doubles,Hypothetical,0.013104917649363024
2020-01-30,0.0077085102385255,Volatility Doubles,Hypothetical,0.014441737842577823
2020-01-31,-0.0188784860448927,Volatility Doubles,Hypothetical,-0.03873225472425858
2020-02-03,0.01825950471351,Volatility Doubles,Hypothetical,0.035543726792546824
2020-02-04,0.0250643252809806,Volatility Doubles,Hypothetical,0.04915336792748802
2020-02-05,0.0003560466627618,Volatility Doubles,Hypothetical,-0.00026318930894957647
2020-02-06,0.0099452718432001,Volatility Doubles,Hypothetical,0.018915261051927024
2020-02-07,-0.003402412606586,Volatility Doubles,Hypothetical,-0.007780107847645176
2020-02-10,0.0172313682437106,Volatility Doubles,Hypothetical,0.033487453852948025
2020-02-11,-0.0008577979276684,Volatility Doubles,Hypothetical,-0.0026908784898099763
2020-02-12,0.0116251667789301,Volatility Doubles,Hypothetical,0.022275050923387024
2020-02-13,-0.001709581575289,Volatility Doubles,Hypothetical,-0.004394445785051176
2020-02-14,0.0101033048018317,Volatility Doubles,Hypothetical,0.019231326969190225
2020-02-18,0.0052496969159724,Volatility Doubles,Hypothetical,0.009524111197471624
2020-02-19,0.0187675740810324,Volatility Doubles,Hypothetical,0.03655986552759163
2020-02-20,-0.0111559597956758,Volatility Doubles,Hypothetical,-0.023287202225824775
2020-02-21,-0.0245111781097514,Volatility Doubles,Hypothetical,-0.04999763885397598
2020-02-24,-0.0513333216999444,Volatility Doubles,Hypothetical,-0.10364192603436198
2020-02-25,-0.0321586429290398,Volatility Doubles,Hypothetical,-0.06529256849255277
2020-02-26,0.0067160388443378,Volatility Doubles,Hypothetical,0.012456795054202423
2020-02-27,-0.06148178287404,Volatility Doubles,Hypothetical,-0.12393884838255317
2020-02-28,0.0125726864726635,Volatility Doubles,Hypothetical,0.024170090310853824
2020-03-02,0.054764534217602,Volatility Doubles,Hypothetical,0.10855378580073083
2020-03-03,-0.0366509468158957,Volatility Doubles,Hypothetical,-0.07427717626626458
2020-03-04,0.0417320334743808,Volatility Doubles,Hypothetical,0.08248878431428842
2020-03-05,-0.0359125944568362,Volatility Doubles,Hypothetical,-0.07280047154814558
2020-03-06,-0.0238742902315096,Volatility Doubles,Hypothetical,-0.048723863097492374
2020-03-09,-0.084440673304365,Volatility Doubles,Hypothetical,-0.16985662924320316
2020-03-10,0.0587726116036191,Volatility Doubles,Hypothetical,0.11656994057276503
2020-03-11,-0.0417001071684956,Volatility Doubles,Hypothetical,-0.08437549697146438
2020-03-12,-0.1030307099012725,Volatility Doubles,Hypothetical,-0.20703670243701816
2020-03-13,0.0995701960846836,Volatility Doubles,Hypothetical,0.19816510953489402
2020-03-16,-0.1486065285869183,Volatility Doubles,Hypothetical,-0.2981883398083098
2020-03-17,0.059258711894464,Volatility Doubles,Hypothetical,0.11754214115445483
2020-03-18,-0.0548135136662103,Volatility Doubles,Hypothetical,-0.11060230996689378
2020-03-19,0.0275686469498818,Volatility Doubles,Hypothetical,0.054162011265290425
2020-03-20,-0.0387753387081801,Volatility Doubles,Hypothetical,-0.07852596005083337
2020-03-23,-0.0093194063467104,Volatility Doubles,Hypothetical,-0.019614095327893977
2020-03-24,0.0997571198695234,Volatility Doubles,Hypothetical,0.19853895710457364
2020-03-25,0.0011327587334124,Volatility Doubles,Hypothetical,0.0012902348323516237
2020-03-26,0.0495396419620757,Volatility Doubles,Hypothetical,0.09810400128967822
2020-03-27,-0.0407352904108082,Volatility Doubles,Hypothetical,-0.08244586345608958
2020-03-30,0.0365001412896016,Volatility Doubles,Hypothetical,0.07202499994473002
2020-03-31,-0.0044381038865709,Volatility Doubles,Hypothetical,-0.009851490407614976
2020-04-01,-0.0518583891258318,Volatility Doubles,Hypothetical,-0.10469206088613678
2020-04-02,0.0204399102902164,Volatility Doubles,Hypothetical,0.03990453794595963
2020-04-03,-0.0194469485791538,Volatility Doubles,Hypothetical,-0.039869179792780776
2020-04-06,0.0734207440082578,Volatility Doubles,Hypothetical,0.14586620538204242
2020-04-07,-0.0027135247151373,Volatility Doubles,Hypothetical,-0.006402332064747777
2020-04-08,0.0274272168339157,Volatility Doubles,Hypothetical,0.053879151033358226
2020-04-09,0.0086175702670948,Volatility Doubles,Hypothetical,0.016259857899716422
2020-04-13,0.015582332142168,Volatility Doubles,Hypothetical,0.030189381649862825
2020-04-14,0.0377456242884977,Volatility Doubles,Hypothetical,0.07451596594252223
2020-04-15,-0.0089712766699926,Volatility Doubles,Hypothetical,-0.018917835974458376
2020-04-16,0.0156905003477119,Volatility Doubles,Hypothetical,0.030405718060950625
2020-04-17,0.0113169553945596,Volatility Doubles,Hypothetical,0.021658628154646024
2020-04-20,-0.0189351566428119,Volatility Doubles,Hypothetical,-0.038845595920096974
2020-04-21,-0.0397453509522163,Volatility Doubles,Hypothetical,-0.08046598453890577
2020-04-22,0.0336278586734491,Volatility Doubles,Hypothetical,0.06628043471242502
2020-04-23,0.0007999583004313,Volatility Doubles,Hypothetical,0.0006246339663894237
2020-04-24,0.0177007938530642,Volatility Doubles,Hypothetical,0.03442630507165522
2020-04-27,0.0107327948895353,Volatility Doubles,Hypothetical,0.020490307144597424
2020-04-28,-0.0178126173310993,Volatility Doubles,Hypothetical,-0.036600517296671777
2020-04-29,0.0379039434493626,Volatility Doubles,Hypothetical,0.07483260426425202
2020-04-30,0.0061187486209398,Volatility Doubles,Hypothetical,0.011262214607406423
2020-05-01,-0.036034725609921,Volatility Doubles,Hypothetical,-0.07304473385431517
2020-05-04,0.0187456179366661,Volatility Doubles,Hypothetical,0.03651595323885903
2020-05-05,0.0095085426537342,Volatility Doubles,Hypothetical,0.018041802672995225
2020-05-06,0.0044290403140746,Volatility Doubles,Hypothetical,0.007882797993676024
2020-05-07,0.0100659209768384,Volatility Doubles,Hypothetical,0.019156559319203622
2020-05-08,0.0177273420810899,Volatility Doubles,Hypothetical,0.03447940152770662
2020-05-11,0.0086978525427352,Volatility Doubles,Hypothetical,0.016420422450997223
2020-05-12,-0.0201182141431743,Volatility Doubles,Hypothetical,-0.04121171092082178
2020-05-13,-0.0167814359663785,Volatility Doubles,Hypothetical,-0.034538154567230174
2020-05-14,0.0160563668641931,Volatility Doubles,Hypothetical,0.031137451093913027
2020-05-15,0.0099531300110577,Volatility Doubles,Hypothetical,0.018930977387642222
2020-05-18,0.0229994545026809,Volatility Doubles,Hypothetical,0.04502362637088862
2020-05-19,-0.0048762115064735,Volatility Doubles,Hypothetical,-0.010727705647420177
2020-05-20,0.0209265100607378,Volatility Doubles,Hypothetical,0.04087773748700242
2020-05-21,-0.0101702381800196,Volatility Doubles,Hypothetical,-0.021315758994512376
2020-05-22,0.0055293780322215,Volatility Doubles,Hypothetical,0.010083473429969824
2020-05-26,0.0004777192857728,Volatility Doubles,Hypothetical,-1.9844062927576326e-05
2020-05-27,0.0040587178170095,Volatility Doubles,Hypothetical,0.007142152999545823
2020-05-28,-0.005934102486519,Volatility Doubles,Hypothetical,-0.012843487607511176
2020-05-29,0.0105467682464477,Volatility Doubles,Hypothetical,0.020118253858422225
2020-06-01,0.0096983109291493,Volatility Doubles,Hypothetical,0.018421339223825425
2020-06-02,0.0042581582008344,Volatility Doubles,Hypothetical,0.007541033767195624
2020-06-03,0.0071672188632737,Volatility Doubles,Hypothetical,0.013359155092074224
2020-06-04,-0.0073686088900682,Volatility Doubles,Hypothetical,-0.015712500414609577
2020-06-05,0.0271513187303961,Volatility Doubles,Hypothetical,0.05332735482631902
2020-06-08,0.0091276196980514,Volatility Doubles,Hypothetical,0.017279956761629623
2020-06-09,0.0119751471695313,Volatility Doubles,Hypothetical,0.022975011704589425
2020-06-10,0.0148422430697424,Volatility Doubles,Hypothetical,0.028709203505011625
2020-06-11,-0.0577179432565987,Volatility Doubles,Hypothetical,-0.11641116914767058
2020-06-12,0.0084371459018699,Volatility Doubles,Hypothetical,0.015899009169266624
2020-06-15,0.0143211583053102,Volatility Doubles,Hypothetical,0.027667033976147223
2020-06-16,0.0138658531368495,Volatility Doubles,Hypothetical,0.026756423639225823
2020-06-17,0.0005615039077776,Volatility Doubles,Hypothetical,0.00014772518108202375
2020-06-18,0.0008702277749224,Volatility Doubles,Hypothetical,0.0007651729153716237
2020-06-19,-0.0027537255197329,Volatility Doubles,Hypothetical,-0.006482733673938977
2020-06-22,0.0161563010197748,Volatility Doubles,Hypothetical,0.031337319405076426
2020-06-23,0.0101197579823384,Volatility Doubles,Hypothetical,0.019264233330203624
2020-06-24,-0.024367583897438,Volatility Doubles,Hypothetical,-0.04971045042934918
2020-06-25,0.0169396025879369,Volatility Doubles,Hypothetical,0.03290392254140062
2020-06-26,-0.0372121118472727,Volatility Doubles,Hypothetical,-0.07539950632901858
2020-06-29,0.0142423832399971,Volatility Doubles,Hypothetical,0.027509483845521022
2020-06-30,0.0218727965727681,Volatility Doubles,Hypothetical,0.042770310511063024
2020-07-01,0.0094722313144647,Volatility Doubles,Hypothetical,0.017969179994456224
2020-07-02,0.0085318172724531,Volatility Doubles,Hypothetical,0.016088351910433025
2020-07-06,0.0309581751578015,Volatility Doubles,Hypothetical,0.06094106768112982
2020-07-07,-0.0088308493023759,Volatility Doubles,Hypothetical,-0.018636981239224977
2020-07-08,0.0175059690094652,Volatility Doubles,Hypothetical,0.03403665538445722
2020-07-09,0.0060850559661561,Volatility Doubles,Hypothetical,0.011194829297839024
2020-07-10,0.0134516697667943,Volatility Doubles,Hypothetical,0.025928056899115422
2020-07-13,-0.0166211174445236,Volatility Doubles,Hypothetical,-0.034217517523520376
2020-07-14,0.0133526527838648,Volatility Doubles,Hypothetical,0.025730022933256425
2020-07-15,-0.0012522564609474,Volatility Doubles,Hypothetical,-0.003479795556367977
2020-07-16,-0.00823094601038,Volatility Doubles,Hypothetical,-0.017437174655233176
2020-07-17,-0.0039311536614861,Volatility Doubles,Hypothetical,-0.008837589957445376
2020-07-20,0.0282959556058562,Volatility Doubles,Hypothetical,0.05561662857723922
2020-07-21,-0.0079875848329581,Volatility Doubles,Hypothetical,-0.016950452300389378
2020-07-22,0.0023601165305062,Volatility Doubles,Hypothetical,0.0037449504265392236
2020-07-23,-0.0316506242120563,Volatility Doubles,Hypothetical,-0.06427653105858577
2020-07-24,-0.0053486889036618,Volatility Doubles,Hypothetical,-0.011672660441796776
2020-07-27,0.0165024958001995,Volatility Doubles,Hypothetical,0.03202970896592582
2020-07-28,-0.0139332662761028,Volatility Doubles,Hypothetical,-0.028841815186678776
2020-07-29,0.0168449791363762,Volatility Doubles,Hypothetical,0.03271467563827923
2020-07-30,0.000387773505273,Volatility Doubles,Hypothetical,-0.00019973562392717635
2020-07-31,0.0224740838105252,Volatility Doubles,Hypothetical,0.043972884986577226
2020-08-03,0.0179407550310666,Volatility Doubles,Hypothetical,0.03490622742766002
2020-08-04,0.0028575355450355,Volatility Doubles,Hypothetical,0.004739788455597823
2020-08-05,0.006983267014855,Volatility Doubles,Hypothetical,0.012991251395236823
2020-08-06,0.0155833915332158,Volatility Doubles,Hypothetical,0.030191500431958423
2020-08-07,-0.009599368865657,Volatility Doubles,Hypothetical,-0.020174020365787176
2020-08-10,-0.0007185079801131,Volatility Doubles,Hypothetical,-0.0024122985946993763
2020-08-11,-0.0169810025676834,Volatility Doubles,Hypothetical,-0.034937287769839974
2020-08-12,0.0301956564187234,Volatility Doubles,Hypothetical,0.059416030202973626
2020-08-13,0.0042214797118306,Volatility Doubles,Hypothetical,0.0074676767891880234
2020-08-14,0.0018293068577993,Volatility Doubles,Hypothetical,0.002683331081125424
2020-08-17,0.0135005126007539,Volatility Doubles,Hypothetical,0.026025742567034625
2020-08-18,0.0075471738301874,Volatility Doubles,Hypothetical,0.014119065025901623
2020-08-19,-0.0051943842134251,Volatility Doubles,Hypothetical,-0.011364051061323377
2020-08-20,0.0131079085595091,Volatility Doubles,Hypothetical,0.025240534484545024
2020-08-21,0.0156012692121048,Volatility Doubles,Hypothetical,0.030227255789736424
2020-08-24,0.0078917600262449,Volatility Doubles,Hypothetical,0.014808237418016623
2020-08-25,0.0044168602870968,Volatility Doubles,Hypothetical,0.007858437939720424
2020-08-26,0.0153701986731032,Volatility Doubles,Hypothetical,0.029765114711733223
2020-08-27,0.0008625111226832,Volatility Doubles,Hypothetical,0.0007497396108932237
2020-08-28,0.0095057560262144,Volatility Doubles,Hypothetical,0.018036229417955622
2020-08-31,0.0099109299825194,Volatility Doubles,Hypothetical,0.018846577330565623
2020-09-01,0.0142188566501244,Volatility Doubles,Hypothetical,0.027462430665775625
2020-09-02,0.0094299908500991,Volatility Doubles,Hypothetical,0.017884699065725023
2020-09-03,-0.0585715881836838,Volatility Doubles,Hypothetical,-0.11811845900184077
2020-09-04,-0.010462690208665,Volatility Doubles,Hypothetical,-0.021900663051803177
2020-09-08,-0.0585447974424062,Volatility Doubles,Hypothetical,-0.11806487751928557
2020-09-09,0.036158438074905,Volatility Doubles,Hypothetical,0.07134159351533682
2020-09-10,-0.0238762423388497,Volatility Doubles,Hypothetical,-0.04872776731217258
2020-09-11,-0.0072800118226899,Volatility Doubles,Hypothetical,-0.015535306279852976
2020-09-14,0.0225728345496739,Volatility Doubles,Hypothetical,0.044170386464874624
2020-09-15,0.0082737642468258,Volatility Doubles,Hypothetical,0.015572245859178425
2020-09-16,-0.0184885344436794,Volatility Doubles,Hypothetical,-0.037952351521831976
2020-09-17,-0.0145673499781694,Volatility Doubles,Hypothetical,-0.030109982590811976
2020-09-18,-0.0147302128425503,Volatility Doubles,Hypothetical,-0.030435708319573776
2020-09-21,0.0046034233907576,Volatility Doubles,Hypothetical,0.008231564147042023
2020-09-22,0.0109702769963497,Volatility Doubles,Hypothetical,0.020965271358226224
2020-09-23,-0.0377747927620654,Volatility Doubles,Hypothetical,-0.07652486815860397
2020-09-24,0.0093079476491913,Volatility Doubles,Hypothetical,0.017640612663909424
2020-09-25,0.0270924113847673,Volatility Doubles,Hypothetical,0.05320954013506143
2020-09-28,0.0175997127289743,Volatility Doubles,Hypothetical,0.034224142823475426
2020-09-29,-0.0027993595369976,Volatility Doubles,Hypothetical,-0.006574001708468376
2020-09-30,0.0121724767958214,Volatility Doubles,Hypothetical,0.023369670957169623
2020-10-01,0.0101444438873403,Volatility Doubles,Hypothetical,0.019313605140207423
2020-10-02,-0.0270561157727741,Volatility Doubles,Hypothetical,-0.05508751418002138
2020-10-05,0.0261699339999677,Volatility Doubles,Hypothetical,0.05136458536546222
2020-10-06,-0.0180085377564139,Volatility Doubles,Hypothetical,-0.03699235814730097
2020-10-07,0.0167630423756256,Volatility Doubles,Hypothetical,0.03255080211677802
2020-10-08,0.0061132457023014,Volatility Doubles,Hypothetical,0.011251208770129624
2020-10-09,0.0116666494430646,Volatility Doubles,Hypothetical,0.022358016251656024
2020-10-12,0.0337081632277755,Volatility Doubles,Hypothetical,0.06644104382107782
2020-10-13,-0.0054280978860327,Volatility Doubles,Hypothetical,-0.011831478406538577
2020-10-14,-0.0067024873936852,Volatility Doubles,Hypothetical,-0.014380257421843576
2020-10-15,-0.0041766280635412,Volatility Doubles,Hypothetical,-0.009328538761555576
2020-10-16,-0.0068307767587273,Volatility Doubles,Hypothetical,-0.014636836151927776
2020-10-19,-0.0222913660934349,Volatility Doubles,Hypothetical,-0.045558014821342974
2020-10-20,0.0072154405108051,Volatility Doubles,Hypothetical,0.013455598387137023
2020-10-21,-0.000874006196435,Volatility Doubles,Hypothetical,-0.002723295027343176
2020-10-22,0.0040222822828565,Volatility Doubles,Hypothetical,0.007069281931239823
2020-10-23,0.0059593560795814,Volatility Doubles,Hypothetical,0.010943429524689624
2020-10-26,-0.0185637109488261,Volatility Doubles,Hypothetical,-0.03810270453212538
2020-10-27,0.0096920871373276,Volatility Doubles,Hypothetical,0.018408891640182022
2020-10-28,-0.0473474996992285,Volatility Doubles,Hypothetical,-0.09567028203293018
2020-10-29,0.0230418432286829,Volatility Doubles,Hypothetical,0.04510840382289262
2020-10-30,-0.026320283794383,Volatility Doubles,Hypothetical,-0.05361585022323918
2020-11-02,0.0064091431479297,Volatility Doubles,Hypothetical,0.011843003661386223
2020-11-03,0.021244720231136,Volatility Doubles,Hypothetical,0.041514157827798825
2020-11-04,0.0409801983818748,Volatility Doubles,Hypothetical,0.08098511412927642
2020-11-05,0.0261636698366535,Volatility Doubles,Hypothetical,0.051352057038833825
2020-11-06,-0.0002922521146025,Volatility Doubles,Hypothetical,-0.0015597868636781764
2020-11-09,-0.0072207686319368,Volatility Doubles,Hypothetical,-0.015416819898346777
2020-11-10,-0.0215829009676987,Volatility Doubles,Hypothetical,-0.04414108456987058
2020-11-11,0.0204066970841633,Volatility Doubles,Hypothetical,0.03983811153385342
2020-11-12,-0.0054253735114787,Volatility Doubles,Hypothetical,-0.011826029657430577
2020-11-13,0.0032398456875806,Volatility Doubles,Hypothetical,0.005504408740688024
2020-11-16,0.0109069250962342,Volatility Doubles,Hypothetical,0.020838567557995225
2020-11-17,-0.0028218466562008,Volatility Doubles,Hypothetical,-0.0066189759468747765
2020-11-18,-0.0058339407046179,Volatility Doubles,Hypothetical,-0.012643164043708976
2020-11-19,0.0043853613312855,Volatility Doubles,Hypothetical,0.007795440028097823
2020-11-20,-0.0128628758503335,Volatility Doubles,Hypothetical,-0.026701034335140178
2020-11-23,0.0028359537496316,Volatility Doubles,Hypothetical,0.004696624864790023
2020-11-24,0.0181328393676056,Volatility Doubles,Hypothetical,0.035290396100738024
2020-11-25,0.0053289131550317,Volatility Doubles,Hypothetical,0.009682543675590224
2020-11-27,0.0045164608886291,Volatility Doubles,Hypothetical,0.008057639142785024
2020-11-30,-0.0051450499616769,Volatility Doubles,Hypothetical,-0.011265382557826976
2020-12-01,0.0173265056918828,Volatility Doubles,Hypothetical,0.033677728749292424
2020-12-02,0.0062939399374098,Volatility Doubles,Hypothetical,0.011612597240346424
2020-12-03,-0.0023657824399249,Volatility Doubles,Hypothetical,-0.005706847514322977
2020-12-04,0.0032518294477417,Volatility Doubles,Hypothetical,0.005528376261010224
2020-12-07,0.0052833540510485,Volatility Doubles,Hypothetical,0.009591425467623824
2020-12-08,0.0016079381126854,Volatility Doubles,Hypothetical,0.0022405935908976237
2020-12-09,-0.0213748266318285,Volatility Doubles,Hypothetical,-0.043724935898130174
2020-12-10,0.0030336055766532,Volatility Doubles,Hypothetical,0.005091928518833224
2020-12-11,-0.0012961437377509,Volatility Doubles,Hypothetical,-0.003567570109974976
2020-12-14,0.002479195302054,Volatility Doubles,Hypothetical,0.0039831079696348234
2020-12-15,0.0139774507898185,Volatility Doubles,Hypothetical,0.026979618945163823
2020-12-16,0.0044616473729432,Volatility Doubles,Hypothetical,0.007948012111413223
2020-12-17,0.0031264072487955,Volatility Doubles,Hypothetical,0.005277531863117824
2020-12-18,-0.0050430342194507,Volatility Doubles,Hypothetical,-0.011061351073374576
2020-12-21,0.0048944619662262,Volatility Doubles,Hypothetical,0.008813641297979223
2020-12-22,0.0007520066584987,Volatility Doubles,Hypothetical,0.0005287306825242236
2020-12-23,-0.0022318987876566,Volatility Doubles,Hypothetical,-0.005439080209786376
2020-12-24,0.0033760338038929,Volatility Doubles,Hypothetical,0.005776784973312623
2020-12-28,0.0166232438682762,Volatility Doubles,Hypothetical,0.032271205102079224
2020-12-29,-0.0029802474716436,Volatility Doubles,Hypothetical,-0.006935777577760377
2020-12-30,-0.0018135689909089,Volatility Doubles,Hypothetical,-0.004602420616290976
2020-12-31,0.0006981545534938,Volatility Doubles,Hypothetical,0.00042102647251442376
2021-01-04,-0.0111441926635346,Volatility Doubles,Hypothetical,-0.023263667961542375
2021-01-05,0.0106554394416097,Volatility Doubles,Hypothetical,0.020335596248746222
2021-01-06,-0.0155460789987512,Volatility Doubles,Hypothetical,-0.03206744063197557
2021-01-07,0.0323109404342893,Volatility Doubles,Hypothetical,0.06364659823410543
2021-01-08,0.0078288876861253,Volatility Doubles,Hypothetical,0.014682492737777424
2021-01-11,-0.0103408795836165,Volatility Doubles,Hypothetical,-0.021657041801706176
2021-01-12,-0.0010775167495958,Volatility Doubles,Hypothetical,-0.0031303161336647765
2021-01-13,0.0074465162325404,Volatility Doubles,Hypothetical,0.013917749830607624
2021-01-14,-0.0111512000256056,Volatility Doubles,Hypothetical,-0.023277682685684375
2021-01-15,-0.0120249857270766,Volatility Doubles,Hypothetical,-0.025025254088626377
2021-01-19,0.0130981453180764,Volatility Doubles,Hypothetical,0.025221008001679625
2021-01-20,0.025954981395504,Volatility Doubles,Hypothetical,0.05093468015653482
2021-01-21,0.0136616996780362,Volatility Doubles,Hypothetical,0.026348116721599223
2021-01-22,1.9308800999248265e-06,Volatility Doubles,Hypothetical,-0.0009714208742733267
2021-01-25,0.0081471209620667,Volatility Doubles,Hypothetical,0.015318959289660223
2021-01-26,8.081499374491471e-05,Volatility Doubles,Hypothetical,-0.0008136526469833469
2021-01-27,-0.0225042665491913,Volatility Doubles,Hypothetical,-0.04598381573285577
2021-01-28,0.0005430918759709,Volatility Doubles,Hypothetical,0.00011090111746862364
2021-01-29,-0.0221364075620553,Volatility Doubles,Hypothetical,-0.04524809775858377
2021-02-01,0.0231340075529865,Volatility Doubles,Hypothetical,0.04529273247149982
2021-02-02,0.0146287174106725,Volatility Doubles,Hypothetical,0.028282152186871825
2021-02-03,0.0071421971278177,Volatility Doubles,Hypothetical,0.013309111621162224
2021-02-04,0.0078855941216992,Volatility Doubles,Hypothetical,0.014795905608925224
2021-02-05,0.0021734329179066,Volatility Doubles,Hypothetical,0.0033715832013400237
2021-02-08,0.0123829122622737,Volatility Doubles,Hypothetical,0.023790541890074225
2021-02-09,-0.0037917691217362,Volatility Doubles,Hypothetical,-0.008558820877945576
2021-02-10,0.002508384572792,Volatility Doubles,Hypothetical,0.004041486511110823
2021-02-11,0.0034217536070991,Volatility Doubles,Hypothetical,0.005868224579725024
2021-02-12,0.0002164678260948,Volatility Doubles,Hypothetical,-0.0005423469822835763
2021-02-16,0.0028025845952641,Volatility Doubles,Hypothetical,0.004629886556055024
2021-02-17,-0.0040613593321998,Volatility Doubles,Hypothetical,-0.009098001298872777
2021-02-18,-0.0044467469812324,Volatility Doubles,Hypothetical,-0.009868776596937976
2021-02-19,-0.004166276598482,Volatility Doubles,Hypothetical,-0.009307835831437176
2021-02-22,-0.0212847687244261,Volatility Doubles,Hypothetical,-0.04354482008332538
2021-02-23,-0.0008378892926838,Volatility Doubles,Hypothetical,-0.0026510612198407764
2021-02-24,0.0101251841486949,Volatility Doubles,Hypothetical,0.019275085662916625
2021-02-25,-0.0389086903680049,Volatility Doubles,Hypothetical,-0.07879266337048298
2021-02-26,0.0052607938675587,Volatility Doubles,Hypothetical,0.009546305100644224
2021-03-01,0.0277411123532061,Volatility Doubles,Hypothetical,0.05450694207193903
2021-03-02,-0.0169058194014747,Volatility Doubles,Hypothetical,-0.034786921437422576
2021-03-03,-0.0226110007354685,Volatility Doubles,Hypothetical,-0.04619728410541018
2021-03-04,-0.0102821032310823,Volatility Doubles,Hypothetical,-0.021539489096637776
2021-03-05,0.013635025230945,Volatility Doubles,Hypothetical,0.026294767827416823
2021-03-08,-0.0311236053331435,Volatility Doubles,Hypothetical,-0.06322249330076017
2021-03-09,0.038767281020769,Volatility Doubles,Hypothetical,0.07655927940706482
2021-03-10,-0.0009628209655031,Volatility Doubles,Hypothetical,-0.002900924565479376
2021-03-11,0.0209715407015242,Volatility Doubles,Hypothetical,0.040967798768575224
2021-03-12,-0.0063432474823132,Volatility Doubles,Hypothetical,-0.013661777599099575
2021-03-15,0.0079649730140773,Volatility Doubles,Hypothetical,0.014954663393681424
2021-03-16,0.0038423838890491,Volatility Doubles,Hypothetical,0.006709485143625024
2021-03-17,0.0037235219168583,Volatility Doubles,Hypothetical,0.006471761199243423
2021-03-18,-0.0282739726216031,Volatility Doubles,Hypothetical,-0.05752322787767938
2021-03-19,0.0028733131145857,Volatility Doubles,Hypothetical,0.004771343594698224
2021-03-22,0.0131497139056308,Volatility Doubles,Hypothetical,0.025324145176788423
2021-03-23,-0.0028096995439008,Volatility Doubles,Hypothetical,-0.006594681722274776
2021-03-24,-0.0143161443012536,Volatility Doubles,Hypothetical,-0.029607571236980375
2021-03-25,-0.002400744751552,Volatility Doubles,Hypothetical,-0.0057767721375771765
2021-03-26,0.0098331952486573,Volatility Doubles,Hypothetical,0.018691107862841425
2021-03-29,0.0018467017181016,Volatility Doubles,Hypothetical,0.0027181208017300236
2021-03-30,-0.004886744010543,Volatility Doubles,Hypothetical,-0.010748770655559176
2021-03-31,0.0148975051289305,Volatility Doubles,Hypothetical,0.028819727623387824
2021-04-01,0.0178852432962653,Volatility Doubles,Hypothetical,0.03479520395805742
2021-04-05,0.0208425470081386,Volatility Doubles,Hypothetical,0.040709811381804024
2021-04-06,-0.0041521528244085,Volatility Doubles,Hypothetical,-0.009279588283290176
2021-04-07,0.0114955998144262,Volatility Doubles,Hypothetical,0.022015916994379225
2021-04-08,0.0091814868515578,Volatility Doubles,Hypothetical,0.017387691068642425
2021-04-09,0.0110704923808626,Volatility Doubles,Hypothetical,0.021165702127252023
2021-04-12,0.0057454213793449,Volatility Doubles,Hypothetical,0.010515560124216623
2021-04-13,0.0145104300055418,Volatility Doubles,Hypothetical,0.028045577376610422
2021-04-14,-0.0152013563618406,Volatility Doubles,Hypothetical,-0.03137799535815437
2021-04-15,0.0209723308540194,Volatility Doubles,Hypothetical,0.040969379073565626
2021-04-16,-0.0010220415828438,Volatility Doubles,Hypothetical,-0.0030193658001607757
2021-04-19,-0.0090418239050614,Volatility Doubles,Hypothetical,-0.019058930444595976
2021-04-20,-0.0083975227878752,Volatility Doubles,Hypothetical,-0.017770328210223577
2021-04-21,0.0078676620649871,Volatility Doubles,Hypothetical,0.014760041495501024
2021-04-22,-0.0176892593983796,Volatility Doubles,Hypothetical,-0.036353801431232374
2021-04-23,0.0171347629216682,Volatility Doubles,Hypothetical,0.033294243208863226
2021-04-26,0.0060543770452837,Volatility Doubles,Hypothetical,0.011133471456094224
2021-04-27,-0.0030577037534094,Volatility Doubles,Hypothetical,-0.007090690141291977
2021-04-28,-0.0004376542664534,Volatility Doubles,Hypothetical,-0.0018505911673799762
2021-04-29,0.0066588269998221,Volatility Doubles,Hypothetical,0.012342371365171023
2021-04-30,-0.0091670730767055,Volatility Doubles,Hypothetical,-0.019309428787884178
2021-05-03,-0.0032912532063521,Volatility Doubles,Hypothetical,-0.007557789047177375
2021-05-04,-0.0175650661548265,Volatility Doubles,Hypothetical,-0.036105414944126175
2021-05-05,0.0019947971656393,Volatility Doubles,Hypothetical,0.0030143116968054237
2021-05-06,0.0102404327528975,Volatility Doubles,Hypothetical,0.019505582871321824
2021-05-07,0.0077133673326773,Volatility Doubles,Hypothetical,0.014451452030881424
2021-05-10,-0.0246847446364555,Volatility Doubles,Hypothetical,-0.05034477190738418
2021-05-11,-0.0068034696305063,Volatility Doubles,Hypothetical,-0.014582221895485777
2021-05-12,-0.024872188100387,Volatility Doubles,Hypothetical,-0.05071965883524718
2021-05-13,0.0078326752604864,Volatility Doubles,Hypothetical,0.014690067886499625
2021-05-14,0.023574368833975,Volatility Doubles,Hypothetical,0.04617345503347682
2021-05-17,-0.0023297548676178,Volatility Doubles,Hypothetical,-0.005634792369708776
2021-05-18,-0.0109108172684742,Volatility Doubles,Hypothetical,-0.022796917171421575
2021-05-19,-0.0017370624445702,Volatility Doubles,Hypothetical,-0.004449407523613577
2021-05-20,0.0164005599185188,Volatility Doubles,Hypothetical,0.031825837202564426
2021-05-21,-0.0011877850864472,Volatility Doubles,Hypothetical,-0.003350852807367577
2021-05-24,0.0207975756312967,Volatility Doubles,Hypothetical,0.040619868628120226
2021-05-25,-0.0004902804424488,Volatility Doubles,Hypothetical,-0.001955843519370776
2021-05-26,0.0029541186036091,Volatility Doubles,Hypothetical,0.004932954572745024
2021-05-27,-0.0047902586002051,Volatility Doubles,Hypothetical,-0.010555799834883377
2021-05-28,0.0044581145115684,Volatility Doubles,Hypothetical,0.007940946388663623
2021-06-01,0.0013428405668011,Volatility Doubles,Hypothetical,0.0017103984991290238
2021-06-02,0.0046544078459739,Volatility Doubles,Hypothetical,0.008333533057474623
2021-06-03,-0.0068434241050896,Volatility Doubles,Hypothetical,-0.014662130844652378
2021-06-04,0.0176548699453074,Volatility Doubles,Hypothetical,0.03433445725614162
2021-06-07,0.0022403879508768,Volatility Doubles,Hypothetical,0.0035054932672804236
2021-06-08,0.0011980763393586,Volatility Doubles,Hypothetical,0.0014208700442440237
2021-06-09,-0.0005174888480515,Volatility Doubles,Hypothetical,-0.0020102603305761765
2021-06-10,0.0041258657123055,Volatility Doubles,Hypothetical,0.007276448790137823
2021-06-11,0.0042723024730148,Volatility Doubles,Hypothetical,0.007569322311556423
2021-06-14,0.0093296466691764,Volatility Doubles,Hypothetical,0.017684010703879625
2021-06-15,-0.0060791397156716,Volatility Doubles,Hypothetical,-0.013133562065816376
2021-06-16,0.0005585861606467,Volatility Doubles,Hypothetical,0.0001418896868202236
2021-06-17,0.0116394229329936,Volatility Doubles,Hypothetical,0.022303563231514025
2021-06-18,-0.0096228353051814,Volatility Doubles,Hypothetical,-0.020220953244835978
2021-06-21,0.0081520487289025,Volatility Doubles,Hypothetical,0.015328814823331822
2021-06-22,0.0118743214744103,Volatility Doubles,Hypothetical,0.022773360314347423
2021-06-23,0.0039549140171309,Volatility Doubles,Hypothetical,0.006934545399788624
2021-06-24,0.0039121060046508,Volatility Doubles,Hypothetical,0.006848929374828424
2021-06-25,-0.0031280147917344,Volatility Doubles,Hypothetical,-0.007231312217941977
2021-06-28,0.01491476575925,Volatility Doubles,Hypothetical,0.028854248884026823
2021-06-29,0.002031453062336,Volatility Doubles,Hypothetical,0.0030876234901988237
2021-06-30,0.0009700792418869,Volatility Doubles,Hypothetical,0.0009648758493006238
2021-07-01,0.0049838243077148,Volatility Doubles,Hypothetical,0.008992365980956424
2021-07-02,0.0142291824179887,Volatility Doubles,Hypothetical,0.027483082201504222
2021-07-06,0.0050519187337904,Volatility Doubles,Hypothetical,0.009128554833107623
2021-07-07,0.0012126119340382,Volatility Doubles,Hypothetical,0.0014499412336032237
2021-07-08,-0.0091312743429873,Volatility Doubles,Hypothetical,-0.019237831320447776
2021-07-09,0.0093493235609769,Volatility Doubles,Hypothetical,0.017723364487480624
2021-07-12,0.0077524344031416,Volatility Doubles,Hypothetical,0.014529586171810023
2021-07-13,-0.0020752047575033,Volatility Doubles,Hypothetical,-0.005125692149479776
2021-07-14,-0.0003637718529822,Volatility Doubles,Hypothetical,-0.0017028263404375763
2021-07-15,-0.0111071616937662,Volatility Doubles,Hypothetical,-0.023189606022005576
2021-07-16,-0.0158459049893334,Volatility Doubles,Hypothetical,-0.03266709261313998
2021-07-19,-0.0118241582202528,Volatility Doubles,Hypothetical,-0.024623599074978776
2021-07-20,0.0116497970601766,Volatility Doubles,Hypothetical,0.022324311485880023
2021-07-21,0.0119078389761722,Volatility Doubles,Hypothetical,0.022840395317871225
2021-07-22,0.0065305136183577,Volatility Doubles,Hypothetical,0.012085744602242224
2021-07-23,0.0100749958023783,Volatility Doubles,Hypothetical,0.019174708970283425
2021-07-26,0.00302460037158,Volatility Doubles,Hypothetical,0.005073918108686824
2021-07-27,-0.0107078003823772,Volatility Doubles,Hypothetical,-0.022390883399227575
2021-07-28,0.0035929455377537,Volatility Doubles,Hypothetical,0.006210608441034223
2021-07-29,0.0032614234448871,Volatility Doubles,Hypothetical,0.005547564255301024
2021-07-30,-0.0119368286011627,Volatility Doubles,Hypothetical,-0.024848939836798575
2021-08-02,0.0026213998813739,Volatility Doubles,Hypothetical,0.004267517128274624
2021-08-03,0.0081504489674711,Volatility Doubles,Hypothetical,0.015325615300469022
2021-08-04,0.0006978027552952,Volatility Doubles,Hypothetical,0.0004203228761172238
2021-08-05,0.0069900596638734,Volatility Doubles,Hypothetical,0.013004836693273623
2021-08-06,-0.0014450712781358,Volatility Doubles,Hypothetical,-0.0038654251907447763
2021-08-09,-0.0008298638203634,Volatility Doubles,Hypothetical,-0.0026350102751999762
2021-08-10,-0.0032008880060567,Volatility Doubles,Hypothetical,-0.0073770586465865765
2021-08-11,-0.0018974783423065,Volatility Doubles,Hypothetical,-0.004770239319086177
2021-08-12,0.0096142954052659,Volatility Doubles,Hypothetical,0.018253308176058625
2021-08-13,0.0026055990784754,Volatility Doubles,Hypothetical,0.0042359155224776235
2021-08-16,0.0001510081255074,Volatility Doubles,Hypothetical,-0.0006732663834583762
2021-08-17,-0.0123424633598839,Volatility Doubles,Hypothetical,-0.025660209354240977
2021-08-18,-0.0127125198167003,Volatility Doubles,Hypothetical,-0.026400322267873776
2021-08-19,0.0068291127960265,Volatility Doubles,Hypothetical,0.012682942957579824
2021-08-20,0.0165964500954588,Volatility Doubles,Hypothetical,0.03221761755644442
2021-08-23,0.0193250364853512,Volatility Doubles,Hypothetical,0.037674790336229225
2021-08-24,0.001074023521585,Volatility Doubles,Hypothetical,0.0011727644086968235
2021-08-25,0.0035250795561885,Volatility Doubles,Hypothetical,0.006074876477903824
2021-08-26,-0.0052598729712899,Volatility Doubles,Hypothetical,-0.011495028577052976
2021-08-27,0.0122339985302048,Volatility Doubles,Hypothetical,0.023492714425936423
2021-08-30,0.0109564575954493,Volatility Doubles,Hypothetical,0.020937632556425424
2021-08-31,-0.0040004370650715,Volatility Doubles,Hypothetical,-0.008976156764616177
2021-09-01,0.0013700530908705,Volatility Doubles,Hypothetical,0.0017648235472678235
2021-09-02,0.0004677742098199,Volatility Doubles,Hypothetical,-3.9734214833376386e-05
2021-09-03,0.0038622720561086,Volatility Doubles,Hypothetical,0.0067492614777440235
2021-09-07,0.0040939577071789,Volatility Doubles,Hypothetical,0.007212632779884624
2021-09-08,-0.0062641762601312,Volatility Doubles,Hypothetical,-0.013503635154735577
2021-09-09,-0.0047148092290617,Volatility Doubles,Hypothetical,-0.010404901092596576
2021-09-10,-0.011333599984792,Volatility Doubles,Hypothetical,-0.023642482604057175
2021-09-13,0.004226435676304,Volatility Doubles,Hypothetical,0.0074775887181348245
2021-09-14,-0.0025804428587007,Volatility Doubles,Hypothetical,-0.006136168351874576
2021-09-15,0.0098030564019162,Volatility Doubles,Hypothetical,0.018630830169359222
2021-09-16,-0.0017021734939762,Volatility Doubles,Hypothetical,-0.004379629622425576
2021-09-17,-0.0128200772568799,Volatility Doubles,Hypothetical,-0.026615437148232977
2021-09-20,-0.0257479321530816,Volatility Doubles,Hypothetical,-0.05247114694063638
2021-09-21,0.002544573964431,Volatility Doubles,Hypothetical,0.004113865294388824
2021-09-22,0.0137661121826511,Volatility Doubles,Hypothetical,0.026556941730829023
2021-09-23,0.0126248735029512,Volatility Doubles,Hypothetical,0.024274464371429223
2021-09-24,0.0021360566761943,Volatility Doubles,Hypothetical,0.003296830717915424
2021-09-27,-0.0042117339093529,Volatility Doubles,Hypothetical,-0.009398750453178976
2021-09-28,-0.0272061606237109,Volatility Doubles,Hypothetical,-0.055387603881894974
2021-09-29,-0.0011201426496372,Volatility Doubles,Hypothetical,-0.0032155679337475766
2021-09-30,-0.0064131528975232,Volatility Doubles,Hypothetical,-0.013801588429519576
2021-10-01,0.0122188013792445,Volatility Doubles,Hypothetical,0.023462320124015824
2021-10-04,-0.0228955340117624,Volatility Doubles,Hypothetical,-0.046766350657997974
2021-10-05,0.0171934978254405,Volatility Doubles,Hypothetical,0.03341171301640782
2021-10-06,0.0073400111727452,Volatility Doubles,Hypothetical,0.013704739711017223
2021-10-07,0.0099221577505744,Volatility Doubles,Hypothetical,0.018869032866675624
2021-10-08,-0.0009212356997229,Volatility Doubles,Hypothetical,-0.0028177540339189766
2021-10-11,-0.0066910713352413,Volatility Doubles,Hypothetical,-0.014357425304955776
2021-10-12,-0.0050959626475217,Volatility Doubles,Hypothetical,-0.011167207929516577
2021-10-13,0.0024649484407763,Volatility Doubles,Hypothetical,0.003954614247079423
2021-10-14,0.0213107530444878,Volatility Doubles,Hypothetical,0.041646223454502425
2021-10-15,0.0106199851466378,Volatility Doubles,Hypothetical,0.020264687658802422
2021-10-18,0.0111203753335496,Volatility Doubles,Hypothetical,0.021265468032626023
2021-10-19,0.0064306556573288,Volatility Doubles,Hypothetical,0.011886028680184424
2021-10-20,0.0001924997788039,Volatility Doubles,Hypothetical,-0.0005902830768653763
2021-10-21,0.0074092708333263,Volatility Doubles,Hypothetical,0.013843259032179424
2021-10-22,-0.0069120649733593,Volatility Doubles,Hypothetical,-0.014799412581191777
2021-10-25,0.0088624432563507,Volatility Doubles,Hypothetical,0.016749603878228225
2021-10-26,0.0142727822411719,Volatility Doubles,Hypothetical,0.027570281847870623
2021-10-27,0.0060848118550024,Volatility Doubles,Hypothetical,0.011194341075531624
2021-10-28,0.0142409662026315,Volatility Doubles,Hypothetical,0.027506649770789825
2021-10-29,0.0058219041703185,Volatility Doubles,Hypothetical,0.010668525706163823
2021-11-01,-0.0001738796825433,Volatility Doubles,Hypothetical,-0.0013230419995597762
2021-11-02,0.0053147469190865,Volatility Doubles,Hypothetical,0.009654211203699824
2021-11-03,0.0085996257726069,Volatility Doubles,Hypothetical,0.016223968910740624
2021-11-04,0.0215702249864113,Volatility Doubles,Hypothetical,0.04216516733834942
2021-11-05,0.0025782350108223,Volatility Doubles,Hypothetical,0.004181187387171424
2021-11-08,0.0028031576172629,Volatility Doubles,Hypothetical,0.004631032600052624
2021-11-09,-0.0052526497684644,Volatility Doubles,Hypothetical,-0.011480582171401976
2021-11-10,-0.0174993970949307,Volatility Doubles,Hypothetical,-0.035974076824334573
2021-11-11,0.0045958280875087,Volatility Doubles,Hypothetical,0.008216373540544223
2021-11-12,0.0081285609409913,Volatility Doubles,Hypothetical,0.015281839247509425
2021-11-15,-0.0023213895420455,Volatility Doubles,Hypothetical,-0.005618061718564177
2021-11-16,0.0041950792402718,Volatility Doubles,Hypothetical,0.007414875846070423
2021-11-17,-0.0009145316065743,Volatility Doubles,Hypothetical,-0.0028043458476217763
2021-11-18,0.0224037354353862,Volatility Doubles,Hypothetical,0.043832188236299224
2021-11-19,0.0071550855621381,Volatility Doubles,Hypothetical,0.013334888489803024
2021-11-22,-0.0075028416478002,Volatility Doubles,Hypothetical,-0.015980965930073577
2021-11-23,0.0004766827656896,Volatility Doubles,Hypothetical,-2.1917103093976268e-05
2021-11-24,0.0060231782986091,Volatility Doubles,Hypothetical,0.011071073962745023
2021-11-26,-0.0292111196769653,Volatility Doubles,Hypothetical,-0.05939752198840378
2021-11-29,0.0244739159497292,Volatility Doubles,Hypothetical,0.047972549264985224
2021-11-30,-0.009264770260685,Volatility Doubles,Hypothetical,-0.019504823155843176
2021-12-01,-0.0141108624126236,Volatility Doubles,Hypothetical,-0.029197007459720377
2021-12-02,0.0059161206470564,Volatility Doubles,Hypothetical,0.010856958659639624
2021-12-03,-0.0197617829839541,Volatility Doubles,Hypothetical,-0.04049884860238138
2021-12-06,0.0087910348383675,Volatility Doubles,Hypothetical,0.016606787042261824
2021-12-07,0.0334019060864244,Volatility Doubles,Hypothetical,0.06582852953837562
2021-12-08,0.0037724642193206,Volatility Doubles,Hypothetical,0.006569645804168024
2021-12-09,-0.0121833017624969,Volatility Doubles,Hypothetical,-0.025341886159466975
2021-12-10,0.0084672993901198,Volatility Doubles,Hypothetical,0.015959316145766424
2021-12-13,-0.0232149290676723,Volatility Doubles,Hypothetical,-0.04740514076981778
2021-12-14,-0.0069467119682968,Volatility Doubles,Hypothetical,-0.014868706571066776
2021-12-15,0.026160001369946,Volatility Doubles,Hypothetical,0.05134472010541882
2021-12-16,-0.029082738105056,Volatility Doubles,Hypothetical,-0.059140758844585174
2021-12-17,-0.0100201282676504,Volatility Doubles,Hypothetical,-0.021015539169773976
2021-12-20,-0.0116541763745708,Volatility Doubles,Hypothetical,-0.024283635383614777
2021-12-21,0.0239446334484909,Volatility Doubles,Hypothetical,0.046913984262508625
2021-12-22,0.0143335839373102,Volatility Doubles,Hypothetical,0.027691885240147224
2021-12-23,0.0070047131517745,Volatility Doubles,Hypothetical,0.013034143669075824
2021-12-27,0.0188395695647687,Volatility Doubles,Hypothetical,0.036703856495064226
2021-12-28,-0.0047397699887866,Volatility Doubles,Hypothetical,-0.010454822612046376
2021-12-29,-0.0028787478246672,Volatility Doubles,Hypothetical,-0.006732778283807576
2021-12-30,-0.0061952717509293,Volatility Doubles,Hypothetical,-0.013365826136331777
2021-12-31,-0.0068023276776083,Volatility Doubles,Hypothetical,-0.014579937989689776
2022-01-03,0.0207613445664578,Volatility Doubles,Hypothetical,0.04054740649844242
2022-01-04,-0.0094737683871155,Volatility Doubles,Hypothetical,-0.019922819408704176
2022-01-05,-0.0327291527551604,Volatility Doubles,Hypothetical,-0.06643358814479397
2022-01-06,-0.0018584507101465,Volatility Doubles,Hypothetical,-0.004692184054766176
2022-01-07,-0.0074288524663657,Volatility Doubles,Hypothetical,-0.015832987567204575
2022-01-10,0.0029335356322822,Volatility Doubles,Hypothetical,0.004891788630091223
2022-01-11,0.0129079079761018,Volatility Doubles,Hypothetical,0.024840533317730423
2022-01-12,0.0068413651584712,Volatility Doubles,Hypothetical,0.012707447682469224
2022-01-13,-0.02831070404377,Volatility Doubles,Hypothetical,-0.05759669072201318
2022-01-14,0.0032773127596636,Volatility Doubles,Hypothetical,0.0055793428848540235
2022-01-18,-0.0252554263437805,Volatility Doubles,Hypothetical,-0.05148613532203418
2022-01-19,-0.0140134792213209,Volatility Doubles,Hypothetical,-0.029002241077114976
2022-01-20,-0.0140246185692436,Volatility Doubles,Hypothetical,-0.029024519772960375
2022-01-21,-0.026219441042826,Volatility Doubles,Hypothetical,-0.053414164720125175
2022-01-24,0.0014752852378185,Volatility Doubles,Hypothetical,0.0019752878411638235
2022-01-25,-0.0195117837493789,Volatility Doubles,Hypothetical,-0.03999885013323098
2022-01-26,0.0087819591618464,Volatility Doubles,Hypothetical,0.016588635689219623
2022-01-27,-0.0111350045362158,Volatility Doubles,Hypothetical,-0.023245291706904776
2022-01-28,0.033714819116112,Volatility Doubles,Hypothetical,0.06645435559775083
2022-01-31,0.031622660202805,Volatility Doubles,Hypothetical,0.06227003777113682
2022-02-01,0.007432746081481,Volatility Doubles,Hypothetical,0.013890209528488824
2022-02-02,0.0136673399201208,Volatility Doubles,Hypothetical,0.026359397205768423
2022-02-03,-0.0453505709986369,Volatility Doubles,Hypothetical,-0.09167642463174698
2022-02-04,0.0218169385922502,Volatility Doubles,Hypothetical,0.042658594550027226
2022-02-07,-0.0060464621407886,Volatility Doubles,Hypothetical,-0.013068206916050377
2022-02-08,0.0113430220684998,Volatility Doubles,Hypothetical,0.021710761502526425
2022-02-09,0.0193665210125436,Volatility Doubles,Hypothetical,0.03775775939061402
2022-02-10,-0.0220164497709004,Volatility Doubles,Hypothetical,-0.045008182176273975
2022-02-11,-0.0313000751624707,Volatility Doubles,Hypothetical,-0.06357543295941458
2022-02-14,0.002766522538566,Volatility Doubles,Hypothetical,0.004557762442658824
2022-02-15,0.0267383100778145,Volatility Doubles,Hypothetical,0.05250133752115582
2022-02-16,0.0011051881019593,Volatility Doubles,Hypothetical,0.0012350935694454236
2022-02-17,-0.0347248799801527,Volatility Doubles,Hypothetical,-0.07042504259477858
2022-02-18,-0.0135347021347652,Volatility Doubles,Hypothetical,-0.028044686904003576
2022-02-22,-0.0117964810294798,Volatility Doubles,Hypothetical,-0.024568244693432776
2022-02-23,-0.0278817203765351,Volatility Doubles,Hypothetical,-0.05673872338754338
2022-02-24,0.0287028910369125,Volatility Doubles,Hypothetical,0.05643049943935182
2022-02-25,0.0164856223223325,Volatility Doubles,Hypothetical,0.03199596201019182
2022-02-28,0.0026386454083307,Volatility Doubles,Hypothetical,0.004302008182188224
2022-03-01,-0.0177989931054461,Volatility Doubles,Hypothetical,-0.036573268845365374
2022-03-02,0.018262930362221,Volatility Doubles,Hypothetical,0.03555057808996882
2022-03-03,-0.0128688587408873,Volatility Doubles,Hypothetical,-0.026713000116247776
2022-03-04,-0.0154246276665214,Volatility Doubles,Hypothetical,-0.03182453796751598
2022-03-07,-0.0400444665846424,Volatility Doubles,Hypothetical,-0.08106421580375797
2022-03-08,-0.0031117909037398,Volatility Doubles,Hypothetical,-0.007198864441952776
2022-03-09,0.0373667587782881,Volatility Doubles,Hypothetical,0.07375823492210302
2022-03-10,-0.0059610515343206,Volatility Doubles,Hypothetical,-0.012897385703114377
2022-03-11,-0.0222272102095393,Volatility Doubles,Hypothetical,-0.045429703053551776
2022-03-14,-0.0207126043984024,Volatility Doubles,Hypothetical,-0.04240049143127798
2022-03-15,0.0325741359266145,Volatility Doubles,Hypothetical,0.06417298921875582
2022-03-16,0.0355011364801477,Volatility Doubles,Hypothetical,0.07002699032582223
2022-03-17,0.0127351157912609,Volatility Doubles,Hypothetical,0.024494948948048625
2022-03-18,0.0244819798286716,Volatility Doubles,Hypothetical,0.047988677022870026
2022-03-21,0.0045014845275877,Volatility Doubles,Hypothetical,0.008027686420702224
2022-03-22,0.0168466950683101,Volatility Doubles,Hypothetical,0.03271810750214702
2022-03-23,-0.0097194352475914,Volatility Doubles,Hypothetical,-0.020414153129655978
2022-03-24,0.0272762677041258,Volatility Doubles,Hypothetical,0.05357725277377842
2022-03-25,0.0010892583516551,Volatility Doubles,Hypothetical,0.0012032340688370238
2022-03-28,0.011746717664109,Volatility Doubles,Hypothetical,0.022518152693744825
2022-03-29,0.0107318789019072,Volatility Doubles,Hypothetical,0.020488475169341224
2022-03-30,-0.008732872973944,Volatility Doubles,Hypothetical,-0.018441028582361175
2022-03-31,-0.0193087543872157,Volatility Doubles,Hypothetical,-0.03959279140890458
2022-04-01,-0.0011612878363538,Volatility Doubles,Hypothetical,-0.0032978583071807763
2022-04-04,0.020738577197762,Volatility Doubles,Hypothetical,0.04050187176105082
2022-04-05,-0.0216331051545638,Volatility Doubles,Hypothetical,-0.044241492943600774
2022-04-06,-0.0281222641272422,Volatility Doubles,Hypothetical,-0.05721981088895758
2022-04-07,0.0004484365555417,Volatility Doubles,Hypothetical,-7.840952338977617e-05
2022-04-08,-0.0135454146928623,Volatility Doubles,Hypothetical,-0.028066112020197775
2022-04-11,-0.0315249155856376,Volatility Doubles,Hypothetical,-0.06402511380574838
2022-04-12,-0.0037371139883452,Volatility Doubles,Hypothetical,-0.008449510611163577
2022-04-13,0.0154580362103208,Volatility Doubles,Hypothetical,0.029940789786168424
2022-04-14,-0.0252382385731655,Volatility Doubles,Hypothetical,-0.05145175978080418
2022-04-18,0.0085023595765237,Volatility Doubles,Hypothetical,0.016029436518574223
2022-04-19,0.0180494314635118,Volatility Doubles,Hypothetical,0.03512358029255042
2022-04-20,-0.0140855726143315,Volatility Doubles,Hypothetical,-0.029146427863136176
2022-04-21,-0.0232778006765461,Volatility Doubles,Hypothetical,-0.04753088398756538
2022-04-22,-0.0281190232979241,Volatility Doubles,Hypothetical,-0.05721332923032137
2022-04-25,0.0109248681728967,Volatility Doubles,Hypothetical,0.020874453711320223
2022-04-26,-0.0424440775811501,Volatility Doubles,Hypothetical,-0.08586343779677337
2022-04-27,-0.0021700410470477,Volatility Doubles,Hypothetical,-0.0053153647285685765
2022-04-28,0.0430686189254035,Volatility Doubles,Hypothetical,0.08516195521633382
2022-04-29,-0.0500974665022716,Volatility Doubles,Hypothetical,-0.10117021563901638
2022-05-02,0.0194497721764188,Volatility Doubles,Hypothetical,0.037924261718364424
2022-05-03,0.0050099565316843,Volatility Doubles,Hypothetical,0.009044630428895424
2022-05-04,0.034236632361463,Volatility Doubles,Hypothetical,0.06749798208845283
2022-05-05,-0.0546832573635133,Volatility Doubles,Hypothetical,-0.11034179736149978
2022-05-06,-0.0043434004515882,Volatility Doubles,Hypothetical,-0.009662083537649576
2022-05-09,-0.0487305699521406,Volatility Doubles,Hypothetical,-0.09843642253875437
2022-05-10,0.0124938208053944,Volatility Doubles,Hypothetical,0.024012358976315623
2022-05-11,-0.0345319193654201,Volatility Doubles,Hypothetical,-0.07003912136531337
2022-05-12,-0.0122118382198827,Volatility Doubles,Hypothetical,-0.025398959074238576
2022-05-13,0.0392750265401092,Volatility Doubles,Hypothetical,0.07757477044574522
2022-05-16,-0.0109347978024192,Volatility Doubles,Hypothetical,-0.022844878239311577
2022-05-17,0.0289386206131361,Volatility Doubles,Hypothetical,0.05690195859179902
2022-05-18,-0.051495081288698,Volatility Doubles,Hypothetical,-0.10396544521186918
2022-05-19,-0.0058228718767487,Volatility Doubles,Hypothetical,-0.012621026387970576
2022-05-20,-0.0073191149839819,Volatility Doubles,Hypothetical,-0.015613512602436978
2022-05-23,0.0259856158974381,Volatility Doubles,Hypothetical,0.05099594916040302
2022-05-24,-0.0248950794978887,Volatility Doubles,Hypothetical,-0.050765441630250575
2022-05-25,0.0165347515694269,Volatility Doubles,Hypothetical,0.03209422050438062
2022-05-26,0.0278291899650677,Volatility Doubles,Hypothetical,0.054683097295662224
2022-05-27,0.0344603908807844,Volatility Doubles,Hypothetical,0.06794549912709562
2022-05-31,0.0010480633719675,Volatility Doubles,Hypothetical,0.001120844109461824
2022-06-01,-0.0051432297655685,Volatility Doubles,Hypothetical,-0.011261742165610177
2022-06-02,0.0273109774657989,Volatility Doubles,Hypothetical,0.05364667229712462
2022-06-03,-0.030682872681295,Volatility Doubles,Hypothetical,-0.062341027997063175
2022-06-06,0.0065171365812104,Volatility Doubles,Hypothetical,0.012058990527947623
2022-06-07,0.0092048200484612,Volatility Doubles,Hypothetical,0.017434357462449222
2022-06-08,-0.0063124939238072,Volatility Doubles,Hypothetical,-0.013600270482087576
2022-06-09,-0.029055873356404,Volatility Doubles,Hypothetical,-0.059087029347281175
2022-06-10,-0.0429802172395135,Volatility Doubles,Hypothetical,-0.08693571711350018
2022-06-13,-0.0504608416541878,Volatility Doubles,Hypothetical,-0.10189696594284878
2022-06-14,0.0021056446727648,Volatility Doubles,Hypothetical,0.0032360067110564234
2022-06-15,0.0278852498992351,Volatility Doubles,Hypothetical,0.054795217163997025
2022-06-16,-0.0394549544541189,Volatility Doubles,Hypothetical,-0.07988519154271098
2022-06-17,0.0080343304091008,Volatility Doubles,Hypothetical,0.015093378183728422
2022-06-21,0.0336327710169911,Volatility Doubles,Hypothetical,0.06629025939950903
2022-06-22,-0.0050082766615917,Volatility Doubles,Hypothetical,-0.010991835957656576
2022-06-23,0.0093096660619743,Volatility Doubles,Hypothetical,0.017644049489475424
2022-06-24,0.0356693295113454,Volatility Doubles,Hypothetical,0.07036337638821763
2022-06-27,-0.0074547464333894,Volatility Doubles,Hypothetical,-0.015884775501251974
2022-06-28,-0.0317022163660229,Volatility Doubles,Hypothetical,-0.06437971536651897
2022-06-29,0.0002039614435644,Volatility Doubles,Hypothetical,-0.0005673597473443764
2022-06-30,-0.0200769930178671,Volatility Doubles,Hypothetical,-0.04112926867020738
2022-07-01,0.0042507564924607,Volatility Doubles,Hypothetical,0.007526230350448224
2022-07-05,0.0183136253949723,Volatility Doubles,Hypothetical,0.03565196815547143
2022-07-06,0.0069549654557197,Volatility Doubles,Hypothetical,0.012934648276966224
2022-07-07,0.0257443731154381,Volatility Doubles,Hypothetical,0.050513463596403026
2022-07-08,0.001187548538922,Volatility Doubles,Hypothetical,0.0013998144433708237
2022-07-11,-0.0253779885597301,Volatility Doubles,Hypothetical,-0.051731259753933376
2022-07-12,-0.010311971895108,Volatility Doubles,Hypothetical,-0.021599226424689175
2022-07-13,-0.0026775699732027,Volatility Doubles,Hypothetical,-0.006330422580878577
2022-07-14,0.0003483216300531,Volatility Doubles,Hypothetical,-0.00027863937436697645
2022-07-15,0.021851397558724,Volatility Doubles,Hypothetical,0.04272751248297482
2022-07-18,-0.0049795219954022,Volatility Doubles,Hypothetical,-0.010934326625277576
2022-07-19,0.0331124803837735,Volatility Doubles,Hypothetical,0.06524967813307382
2022-07-20,0.0167886518059614,Volatility Doubles,Hypothetical,0.032602020977449624
2022-07-21,0.0131925170669825,Volatility Doubles,Hypothetical,0.025409751499491824
2022-07-22,-0.0227932304662824,Volatility Doubles,Hypothetical,-0.046561743567037975
2022-07-25,-0.0050391321604677,Volatility Doubles,Hypothetical,-0.011053546955408576
2022-07-26,-0.0236318198097972,Volatility Doubles,Hypothetical,-0.048238922254067576
2022-07-27,0.0491452876069175,Volatility Doubles,Hypothetical,0.09731529257936182
2022-07-28,0.0079164556469887,Volatility Doubles,Hypothetical,0.014857628659504223
2022-07-29,0.0270766177417299,Volatility Doubles,Hypothetical,0.053177952848986625
2022-08-01,-0.0040057194660426,Volatility Doubles,Hypothetical,-0.008986721566558376
2022-08-02,-0.0047312411056716,Volatility Doubles,Hypothetical,-0.010437764845816376
2022-08-03,0.0246314866808943,Volatility Doubles,Hypothetical,0.048287690727315424
2022-08-04,0.0018545528067664,Volatility Doubles,Hypothetical,0.0027338229790596236
2022-08-05,-0.0049386131368714,Volatility Doubles,Hypothetical,-0.010852508908215977
2022-08-08,-0.0123359092906726,Volatility Doubles,Hypothetical,-0.025647101215818376
2022-08-09,-0.006549923363381,Volatility Doubles,Hypothetical,-0.014075129361235176
2022-08-10,0.031287410310607,Volatility Doubles,Hypothetical,0.061599537986740824
2022-08-11,-0.0045906006419289,Volatility Doubles,Hypothetical,-0.010156483918330976
2022-08-12,0.0236704585863964,Volatility Doubles,Hypothetical,0.04636563453831962
2022-08-15,0.0057869634831927,Volatility Doubles,Hypothetical,0.010598644331912224
2022-08-16,-0.0012080767082031,Volatility Doubles,Hypothetical,-0.0033914360508793765
2022-08-17,-0.0089521513144983,Volatility Doubles,Hypothetical,-0.018879585263469775
2022-08-18,0.0033175253108502,Volatility Doubles,Hypothetical,0.005659767987227224
2022-08-19,-0.0234745479018342,Volatility Doubles,Hypothetical,-0.047924378438141575
2022-08-22,-0.0270787890207821,Volatility Doubles,Hypothetical,-0.05513286067603738
2022-08-23,0.0009330154485539,Volatility Doubles,Hypothetical,0.0008907482626346237
2022-08-24,0.0017180269459775,Volatility Doubles,Hypothetical,0.0024607712574818237
2022-08-25,0.0202249282084361,Volatility Doubles,Hypothetical,0.039474573782399026
2022-08-26,-0.0471275037573748,Volatility Doubles,Hypothetical,-0.09523029014922278
2022-08-29,-0.0106781486536123,Volatility Doubles,Hypothetical,-0.022331579941697776
2022-08-30,-0.0133050122990247,Volatility Doubles,Hypothetical,-0.027585307232522577
2022-08-31,-0.0087483141602704,Volatility Doubles,Hypothetical,-0.018471910955013975
2022-09-01,-0.008174966255793,Volatility Doubles,Hypothetical,-0.017325215146059177
2022-09-02,-0.0137421833804,Volatility Doubles,Hypothetical,-0.028459649395273175
2022-09-06,-0.0073580389371233,Volatility Doubles,Hypothetical,-0.015691360508719776
2022-09-07,0.0166346608669274,Volatility Doubles,Hypothetical,0.032294039099381625
2022-09-08,0.0053396209890313,Volatility Doubles,Hypothetical,0.009703959343589424
2022-09-09,0.0211092958963163,Volatility Doubles,Hypothetical,0.04124330915815942
2022-09-12,0.0156981713709912,Volatility Doubles,Hypothetical,0.030421060107509224
2022-09-13,-0.0622555488769908,Volatility Doubles,Hypothetical,-0.12548638038845478
2022-09-14,0.0057975180436013,Volatility Doubles,Hypothetical,0.010619753452729424
2022-09-15,-0.0131866775560618,Volatility Doubles,Hypothetical,-0.027348637746596776
2022-09-16,-0.0046986724238912,Volatility Doubles,Hypothetical,-0.010372627482255576
2022-09-19,0.0107464073987435,Volatility Doubles,Hypothetical,0.020517532163013823
2022-09-20,-0.0075689468383811,Volatility Doubles,Hypothetical,-0.016113176311235378
2022-09-21,-0.0176535972652257,Volatility Doubles,Hypothetical,-0.036282477164924574
2022-09-22,-0.0109827552326118,Volatility Doubles,Hypothetical,-0.022940793099696776
2022-09-23,-0.0181557709892364,Volatility Doubles,Hypothetical,-0.037286824612945975
2022-09-26,-0.0077887444542878,Volatility Doubles,Hypothetical,-0.016552771543048777
2022-09-27,0.0022395537614661,Volatility Doubles,Hypothetical,0.0035038248884590234
2022-09-28,0.0177143652417518,Volatility Doubles,Hypothetical,0.03445344784903042
2022-09-29,-0.0316440251255709,Volatility Doubles,Hypothetical,-0.06426333288561498
2022-09-30,-0.0169966214865458,Volatility Doubles,Hypothetical,-0.03496852560756478
2022-10-03,0.0243654761202318,Volatility Doubles,Hypothetical,0.047755669605990425
2022-10-04,0.0342255183436149,Volatility Doubles,Hypothetical,0.06747575405275662
2022-10-05,-0.0003580211651843,Volatility Doubles,Hypothetical,-0.001691324964841776
2022-10-06,-0.006119755223218,Volatility Doubles,Hypothetical,-0.013214793080909176
2022-10-07,-0.0447390002208914,Volatility Doubles,Hypothetical,-0.09045328307625598
2022-10-10,-0.0120320496671866,Volatility Doubles,Hypothetical,-0.025039381968846378
2022-10-11,-0.014400698849257,Volatility Doubles,Hypothetical,-0.029776680332987176
2022-10-12,0.0007923539844312,Volatility Doubles,Hypothetical,0.0006094253343892236
2022-10-13,0.0294465531294287,Volatility Doubles,Hypothetical,0.057917823624384225
2022-10-14,-0.0320759353674774,Volatility Doubles,Hypothetical,-0.06512715336942798
2022-10-17,0.0416662497650248,Volatility Doubles,Hypothetical,0.08235721689557643
2022-10-18,0.0088953036867794,Volatility Doubles,Hypothetical,0.016815324739085622
2022-10-19,-0.002446089859331,Volatility Doubles,Hypothetical,-0.005867462353135176
2022-10-20,-0.0028844303020489,Volatility Doubles,Hypothetical,-0.0067441432385709765
2022-10-21,0.0253929301096069,Volatility Doubles,Hypothetical,0.049810577584740626
2022-10-24,0.0098007044471893,Volatility Doubles,Hypothetical,0.018626126259905423
2022-10-25,0.0213962189323049,Volatility Doubles,Hypothetical,0.04181715523013663
2022-10-26,-0.034337678812204,Volatility Doubles,Hypothetical,-0.06965064025888118
2022-10-27,-0.0265346045089939,Volatility Doubles,Hypothetical,-0.054044491652460974
2022-10-28,0.0299467050437509,Volatility Doubles,Hypothetical,0.05891812745302862
2022-10-31,-0.0151226863050187,Volatility Doubles,Hypothetical,-0.03122065524451058
2022-11-01,-0.0129378441640295,Volatility Doubles,Hypothetical,-0.026850970962532177
2022-11-02,-0.0332569804244738,Volatility Doubles,Hypothetical,-0.06748924348342078
2022-11-03,-0.0176556399455472,Volatility Doubles,Hypothetical,-0.03628656252556758
2022-11-04,0.0200245213906595,Volatility Doubles,Hypothetical,0.039073760146845826
2022-11-07,0.0106636004987493,Volatility Doubles,Hypothetical,0.020351918363025422
2022-11-08,0.0037998774959025,Volatility Doubles,Hypothetical,0.006624472357331824
2022-11-09,-0.0304473531684817,Volatility Doubles,Hypothetical,-0.06186998897143657
2022-11-10,0.0813236739778396,Volatility Doubles,Hypothetical,0.16167206532120604
2022-11-11,0.0200496699889122,Volatility Doubles,Hypothetical,0.039124057343351226
2022-11-14,-0.0111222186150193,Volatility Doubles,Hypothetical,-0.023219719864511778
2022-11-15,0.0099638560870624,Volatility Doubles,Hypothetical,0.018952429539651625
2022-11-16,-0.0130063216622707,Volatility Doubles,Hypothetical,-0.026987925959014575
2022-11-17,-0.0043351549386171,Volatility Doubles,Hypothetical,-0.009645592511707376
2022-11-18,-0.0024241432266287,Volatility Doubles,Hypothetical,-0.005823569087730576
2022-11-21,-0.015304602283324,Volatility Doubles,Hypothetical,-0.03158448720112118
2022-11-22,0.0187439909862526,Volatility Doubles,Hypothetical,0.03651269933803202
2022-11-23,0.0151650574796846,Volatility Doubles,Hypothetical,0.029354832324896024
2022-11-25,-0.0077880384330531,Volatility Doubles,Hypothetical,-0.016551359500579378
2022-11-28,-0.0188245781160786,Volatility Doubles,Hypothetical,-0.038624438866630376
2022-11-29,-0.0082013923036459,Volatility Doubles,Hypothetical,-0.017378067241764977
2022-11-30,0.0514808618647645,Volatility Doubles,Hypothetical,0.10198644109505582
2022-12-01,-0.0007788866180378,Volatility Doubles,Hypothetical,-0.0025330558705487765
2022-12-02,-0.00460321936425,Volatility Doubles,Hypothetical,-0.010181721362973177
2022-12-05,-0.0192385366015178,Volatility Doubles,Hypothetical,-0.03945235583750878
2022-12-06,-0.0246597159284981,Volatility Doubles,Hypothetical,-0.050294714491469376
2022-12-07,-0.0054458114929862,Volatility Doubles,Hypothetical,-0.011866905620445576
2022-12-08,0.0168385499840302,Volatility Doubles,Hypothetical,0.03270181733358722
2022-12-09,-0.0056468063604848,Volatility Doubles,Hypothetical,-0.012268895355442776
2022-12-12,0.0139184157606477,Volatility Doubles,Hypothetical,0.026861548886822222
2022-12-13,0.0130183676067573,Volatility Doubles,Hypothetical,0.025061452579041424
2022-12-14,-0.0094409571300658,Volatility Doubles,Hypothetical,-0.019857196894604776
2022-12-15,-0.0347341133289608,Volatility Doubles,Hypothetical,-0.07044350929239478
2022-12-16,-0.0126837585061861,Volatility Doubles,Hypothetical,-0.026342799646845376
2022-12-19,-0.0155954942784831,Volatility Doubles,Hypothetical,-0.032166271191439375
2022-12-20,-0.0020578345444969,Volatility Doubles,Hypothetical,-0.005090951723466976
2022-12-21,0.0161235871356938,Volatility Doubles,Hypothetical,0.03127189163691443
2022-12-22,-0.0331604955355058,Volatility Doubles,Hypothetical,-0.06729627370548477
2022-12-23,0.0035446729013091,Volatility Doubles,Hypothetical,0.006114063168145023
2022-12-27,-0.0251727070954663,Volatility Doubles,Hypothetical,-0.05132069682540578
2022-12-28,-0.0112764030061495,Volatility Doubles,Hypothetical,-0.023528088646772177
2022-12-29,0.0281817423643242,Volatility Doubles,Hypothetical,0.05538820209417522
2022-12-30,0.0011767826509359,Volatility Doubles,Hypothetical,0.0013782826673986236
2023-01-03,-0.0145531315887666,Volatility Doubles,Hypothetical,-0.030081545812006377
2023-01-04,0.0010873289989031,Volatility Doubles,Hypothetical,0.0011993753633330237
2023-01-05,-0.0182293358843499,Volatility Doubles,Hypothetical,-0.03743395440317298
2023-01-06,0.0248333055262363,Volatility Doubles,Hypothetical,0.048691328417999426
2023-01-09,0.0134120040577245,Volatility Doubles,Hypothetical,0.025848725480975825
2023-01-10,0.0101591004996378,Volatility Doubles,Hypothetical,0.019342918364802425
2023-01-11,0.0224456305483905,Volatility Doubles,Hypothetical,0.043915978462307825
2023-01-12,0.0085894942172803,Volatility Doubles,Hypothetical,0.016203705800087422
2023-01-13,0.0114470862696965,Volatility Doubles,Hypothetical,0.021918889904919824
2023-01-17,0.0072419946592829,Volatility Doubles,Hypothetical,0.013508706684092623
2023-01-18,-0.0144404486868404,Volatility Doubles,Hypothetical,-0.029856180008153977
2023-01-19,-0.007206789718774,Volatility Doubles,Hypothetical,-0.015388862072021177
2023-01-20,0.0322919251381106,Volatility Doubles,Hypothetical,0.06360856764174802
2023-01-23,0.0255152442858641,Volatility Doubles,Hypothetical,0.05005520593725502
2023-01-24,0.0007902074464253,Volatility Doubles,Hypothetical,0.0006051322583774236
2023-01-25,-0.0031415014061537,Volatility Doubles,Hypothetical,-0.0072582854467805775
2023-01-26,0.0254101587767541,Volatility Doubles,Hypothetical,0.049845034919035025
2023-01-27,0.0172650334926689,Volatility Doubles,Hypothetical,0.033554784350864626
2023-01-30,-0.0272660036724507,Volatility Doubles,Hypothetical,-0.055507289979374576
2023-01-31,0.0178951214903674,Volatility Doubles,Hypothetical,0.03481496034626162
2023-02-01,0.021143261180751,Volatility Doubles,Hypothetical,0.041311239727028826
2023-02-02,0.0412463713838496,Volatility Doubles,Hypothetical,0.08151746013322603
2023-02-03,-0.012764189422867,Volatility Doubles,Hypothetical,-0.026503661480207177
2023-02-06,-0.0056465390965157,Volatility Doubles,Hypothetical,-0.012268360827504576
2023-02-07,0.0267274765080354,Volatility Doubles,Hypothetical,0.05247967038159762
2023-02-08,-0.0153849357978685,Volatility Doubles,Hypothetical,-0.031745154230210175
2023-02-09,-0.0097400076319084,Volatility Doubles,Hypothetical,-0.020455297898289978
2023-02-10,-0.0085677865960785,Volatility Doubles,Hypothetical,-0.018110855826630176
2023-02-13,0.0158998320922007,Volatility Doubles,Hypothetical,0.030824381549928226
2023-02-14,0.011017540602151,Volatility Doubles,Hypothetical,0.021059798569828824
2023-02-15,0.0046474308634371,Volatility Doubles,Hypothetical,0.008319579092401023
2023-02-16,-0.0219715550780022,Volatility Doubles,Hypothetical,-0.044918392790477574
2023-02-17,-0.009133929535525,Volatility Doubles,Hypothetical,-0.019243141705523176
2023-02-21,-0.0249040763206229,Volatility Doubles,Hypothetical,-0.05078343527571898
2023-02-22,0.000652614066101,Volatility Doubles,Hypothetical,0.00032994549772882376
2023-02-23,0.0235797858622608,Volatility Doubles,Hypothetical,0.046184289090048423
2023-02-24,-0.0153937885380365,Volatility Doubles,Hypothetical,-0.031762859710546175
2023-02-27,0.0077729137079789,Volatility Doubles,Hypothetical,0.014570544781484623
2023-02-28,-0.0013769903281796,Volatility Doubles,Hypothetical,-0.0037292632908323764
2023-03-01,-0.0113863143428014,Volatility Doubles,Hypothetical,-0.023747911320075976
2023-03-02,0.0062643549777197,Volatility Doubles,Hypothetical,0.011553427320966224
2023-03-03,0.0250662443320441,Volatility Doubles,Hypothetical,0.04915720602961502
2023-03-06,0.0017988340432225,Volatility Doubles,Hypothetical,0.0026223854519718238
2023-03-07,-0.0141412347204301,Volatility Doubles,Hypothetical,-0.029257752075333376
2023-03-08,0.004760050381192,Volatility Doubles,Hypothetical,0.008544818127910823
2023-03-09,-0.0223960520926524,Volatility Doubles,Hypothetical,-0.045767386819777975
2023-03-10,-0.0104686369833963,Volatility Doubles,Hypothetical,-0.021912556601265776
2023-03-13,0.006865501100635,Volatility Doubles,Hypothetical,0.012755719566796823
2023-03-14,0.0282837453207631,Volatility Doubles,Hypothetical,0.05559220800705302
2023-03-15,0.0007129213515437,Volatility Doubles,Hypothetical,0.0004505600686142237
2023-03-16,0.0309097525589518,Volatility Doubles,Hypothetical,0.060844222483430424
2023-03-17,-0.0062180610526757,Volatility Doubles,Hypothetical,-0.013411404739824577
2023-03-20,0.003066795165465,Volatility Doubles,Hypothetical,0.005158307696456824
2023-03-21,0.021481423067533,Volatility Doubles,Hypothetical,0.04198756350059282
2023-03-22,-0.0110115038884888,Volatility Doubles,Hypothetical,-0.022998290411450777
2023-03-23,0.0104623984018914,Volatility Doubles,Hypothetical,0.019949514169309623
2023-03-24,-0.0006969254048782,Volatility Doubles,Hypothetical,-0.0023691334442295766
2023-03-27,-0.0049670462007004,Volatility Doubles,Hypothetical,-0.010909375035873976
2023-03-28,-0.0056099982614992,Volatility Doubles,Hypothetical,-0.012195279157471576
2023-03-29,0.0161890657721768,Volatility Doubles,Hypothetical,0.031402848909880425
2023-03-30,0.0085603788619894,Volatility Doubles,Hypothetical,0.016145475089505625
2023-03-31,0.017060315952336,Volatility Doubles,Hypothetical,0.033145349270198826
2023-04-03,0.0038339766546922,Volatility Doubles,Hypothetical,0.006692670674911224
2023-04-04,-0.0037128451420967,Volatility Doubles,Hypothetical,-0.008400972918666576
2023-04-05,-0.0099743723279168,Volatility Doubles,Hypothetical,-0.020924027290306776
2023-04-06,0.0107631907724378,Volatility Doubles,Hypothetical,0.020551098910402424
2023-04-10,-0.0032443661032978,Volatility Doubles,Hypothetical,-0.007464014841068775
2023-04-11,-0.0086597076894243,Volatility Doubles,Hypothetical,-0.018294698013321776
2023-04-12,-0.0087940669364073,Volatility Doubles,Hypothetical,-0.018563416507287777
2023-04-13,0.0210658395415615,Volatility Doubles,Hypothetical,0.041156396448649823
2023-04-14,0.006775780865726,Volatility Doubles,Hypothetical,0.012576279096978824
2023-04-17,-0.0001793434221133,Volatility Doubles,Hypothetical,-0.0013339694786997764
2023-04-18,0.0041353828781353,Volatility Doubles,Hypothetical,0.007295483121797423
2023-04-19,0.0008286075559954,Volatility Doubles,Hypothetical,0.0006819324775176236
2023-04-20,-0.01261630878475,Volatility Doubles,Hypothetical,-0.026207900203973178
2023-04-21,0.0012247631945401,Volatility Doubles,Hypothetical,0.0014742437546070237
2023-04-24,-0.0015334242627365,Volatility Doubles,Hypothetical,-0.004042131159946176
2023-04-25,-0.0197722141746142,Volatility Doubles,Hypothetical,-0.04051971098370158
2023-04-26,0.0117703169372738,Volatility Doubles,Hypothetical,0.022565351240074423
2023-04-27,0.0312778108989604,Volatility Doubles,Hypothetical,0.06158033916344763
2023-04-28,0.0045632180614645,Volatility Doubles,Hypothetical,0.008151153488455824
2023-05-01,0.0025419176045793,Volatility Doubles,Hypothetical,0.004108552574685424
2023-05-02,-0.0104088594945027,Volatility Doubles,Hypothetical,-0.021793001623478577
2023-05-03,-0.0077818857924303,Volatility Doubles,Hypothetical,-0.016539054219333778
2023-05-04,-0.0061888692534782,Volatility Doubles,Hypothetical,-0.013353021141429576
2023-05-05,0.0265025057273194,Volatility Doubles,Hypothetical,0.05202972882016562
2023-05-08,0.0044985546027195,Volatility Doubles,Hypothetical,0.008021826570965824
2023-05-09,-0.0069192320652753,Volatility Doubles,Hypothetical,-0.014813746765023776
2023-05-10,0.0127270217359067,Volatility Doubles,Hypothetical,0.024478760837340224
2023-05-11,0.00382291439545,Volatility Doubles,Hypothetical,0.006670546156426824
2023-05-12,-0.0066402488012537,Volatility Doubles,Hypothetical,-0.014255780236980577
2023-05-15,0.0039300868340719,Volatility Doubles,Hypothetical,0.006884891033670624
2023-05-16,0.0043438706343254,Volatility Doubles,Hypothetical,0.007712458634177624
2023-05-17,0.0175316841820648,Volatility Doubles,Hypothetical,0.03408808572965642
2023-05-18,0.0184195165447375,Volatility Doubles,Hypothetical,0.03586375045500182
2023-05-19,-0.002987385119223,Volatility Doubles,Hypothetical,-0.006950052872919176
2023-05-22,0.0022422052456146,Volatility Doubles,Hypothetical,0.0035091278567560237
2023-05-23,-0.0118817683457555,Volatility Doubles,Hypothetical,-0.024738819325984176
2023-05-24,-0.0014249021604223,Volatility Doubles,Hypothetical,-0.0038250869553177764
2023-05-25,0.0404416704554932,Volatility Doubles,Hypothetical,0.07990805827651322
2023-05-26,0.0201245056972117,Volatility Doubles,Hypothetical,0.03927372875995022
2023-05-30,0.0081862453855272,Volatility Doubles,Hypothetical,0.015397208136581225
2023-05-31,-0.0119640126104762,Volatility Doubles,Hypothetical,-0.024903307855425577
2023-06-01,0.0199910264742844,Volatility Doubles,Hypothetical,0.03900677031409562
2023-06-02,0.0078583034583712,Volatility Doubles,Hypothetical,0.014741324282269222
2023-06-05,-0.0006943170341573,Volatility Doubles,Hypothetical,-0.0023639167027877765
2023-06-06,-0.001049339796477,Volatility Doubles,Hypothetical,-0.0030739622274271764
2023-06-07,-0.0182484095546727,Volatility Doubles,Hypothetical,-0.03747210174381858
2023-06-08,0.0133219898186434,Volatility Doubles,Hypothetical,0.025668697002813625
2023-06-09,0.0037891738311435,Volatility Doubles,Hypothetical,0.006603065027813823
2023-06-12,0.0134687469279154,Volatility Doubles,Hypothetical,0.025962211221357622
2023-06-13,0.0089363165416843,Volatility Doubles,Hypothetical,0.016897350448895423
2023-06-14,0.0045074688365381,Volatility Doubles,Hypothetical,0.008039655038603023
2023-06-15,0.0110987226718616,Volatility Doubles,Hypothetical,0.021222162709250023
2023-06-16,-0.0063741603215663,Volatility Doubles,Hypothetical,-0.013723603277605776
2023-06-20,0.0046570778903026,Volatility Doubles,Hypothetical,0.008338873146132023
2023-06-21,-0.0107274390919297,Volatility Doubles,Hypothetical,-0.022430160818332576
2023-06-22,0.0118322480857563,Volatility Doubles,Hypothetical,0.022689213537039423
2023-06-23,-0.0086340265110034,Volatility Doubles,Hypothetical,-0.018243335656479977
2023-06-26,-0.0185733850385312,Volatility Doubles,Hypothetical,-0.03812205271153558
2023-06-27,0.0155254280573023,Volatility Doubles,Hypothetical,0.030075573480131422
2023-06-28,0.0005349670849539,Volatility Doubles,Hypothetical,9.465153543462379e-05
2023-06-29,0.0009679282148258,Volatility Doubles,Hypothetical,0.0009605737951784237
2023-06-30,0.018624034115708,Volatility Doubles,Hypothetical,0.03627278559694282
2023-07-03,0.001539638640775,Volatility Doubles,Hypothetical,0.0021039946470768236
2023-07-05,0.0004925471826917,Volatility Doubles,Hypothetical,9.811730910223599e-06
2023-07-06,-0.0063609844779415,Volatility Doubles,Hypothetical,-0.013697251590356176
2023-07-07,-0.001546789074693,Volatility Doubles,Hypothetical,-0.004068860783859176
2023-07-10,-0.0091966349729902,Volatility Doubles,Hypothetical,-0.019368552580453575
2023-07-11,0.0052874380313074,Volatility Doubles,Hypothetical,0.009599593428141623
2023-07-12,0.0139250096973435,Volatility Doubles,Hypothetical,0.026874736760213822
2023-07-13,0.0182462531703425,Volatility Doubles,Hypothetical,0.035517223706211826
2023-07-14,0.0028411452332691,Volatility Doubles,Hypothetical,0.004707007832065024
2023-07-17,0.0102921438164712,Volatility Doubles,Hypothetical,0.019609004998469223
2023-07-18,0.0099294828111634,Volatility Doubles,Hypothetical,0.018883682987853624
2023-07-19,8.633355069157488e-05,Volatility Doubles,Hypothetical,-0.0008026155330900266
2023-07-20,-0.0221537250598653,Volatility Doubles,Hypothetical,-0.045282732754203775
2023-07-21,-0.0081592607603606,Volatility Doubles,Hypothetical,-0.017293804155194378
2023-07-24,0.0069668011532873,Volatility Doubles,Hypothetical,0.012958319672101424
2023-07-25,0.0071172868345955,Volatility Doubles,Hypothetical,0.013259291034717824
2023-07-26,-0.0001947004575502,Volatility Doubles,Hypothetical,-0.001364683549573576
2023-07-27,-0.0035684618194323,Volatility Doubles,Hypothetical,-0.008112206273337776
2023-07-28,0.0182889288115832,Volatility Doubles,Hypothetical,0.03560257498869322
2023-07-31,0.0022700817627023,Volatility Doubles,Hypothetical,0.0035648808909314236
2023-08-01,-0.0052778538426947,Volatility Doubles,Hypothetical,-0.011530990319862577
2023-08-02,-0.0240629229435267,Volatility Doubles,Hypothetical,-0.04910112852152658
2023-08-03,0.0018885863544377,Volatility Doubles,Hypothetical,0.0028018900744022236
2023-08-04,-0.0028348733090635,Volatility Doubles,Hypothetical,-0.006645029252600176
2023-08-07,0.0061646725232565,Volatility Doubles,Hypothetical,0.011354062412039824
2023-08-08,-0.0067881715558038,Volatility Doubles,Hypothetical,-0.014551625746080776
2023-08-09,-0.0172727817696062,Volatility Doubles,Hypothetical,-0.035520846173685575
2023-08-10,0.0010032983178643,Volatility Doubles,Hypothetical,0.0010313140012554235
2023-08-11,-0.005990994977864,Volatility Doubles,Hypothetical,-0.012957272590201177
2023-08-14,0.0171474049974529,Volatility Doubles,Hypothetical,0.03331952736043262
2023-08-15,-0.0123290025608743,Volatility Doubles,Hypothetical,-0.025633287756221777
2023-08-16,-0.0101327623265115,Volatility Doubles,Hypothetical,-0.021240807287496177
2023-08-17,-0.0090164866979535,Volatility Doubles,Hypothetical,-0.019008256030380175
2023-08-18,-0.00201432327127,Volatility Doubles,Hypothetical,-0.0050039291770131765
2023-08-21,0.0224314159521864,Volatility Doubles,Hypothetical,0.04388754926989962
2023-08-22,-0.0050340107096526,Volatility Doubles,Hypothetical,-0.011043304053778376
2023-08-23,0.016439498772672,Volatility Doubles,Hypothetical,0.03190371491087082
2023-08-24,-0.0165001521346533,Volatility Doubles,Hypothetical,-0.033975586903779775
2023-08-25,0.0038526848227139,Volatility Doubles,Hypothetical,0.0067300870109546235
2023-08-28,0.0073713859453466,Volatility Doubles,Hypothetical,0.013767489256220023
2023-08-29,0.0228812424456502,Volatility Doubles,Hypothetical,0.044787202256827224
2023-08-30,0.0059345223360031,Volatility Doubles,Hypothetical,0.010893762037533023
2023-08-31,0.0001222088775197,Volatility Doubles,Hypothetical,-0.0007308648794337764
2023-09-01,-0.0019724118174885,Volatility Doubles,Hypothetical,-0.004920106269450176
2023-09-05,0.0043467487041241,Volatility Doubles,Hypothetical,0.007718214773775024
2023-09-06,-0.0158183698526993,Volatility Doubles,Hypothetical,-0.032612022339871774
2023-09-07,-0.0079570645655655,Volatility Doubles,Hypothetical,-0.016889411765604177
2023-09-08,0.0014271712721017,Volatility Doubles,Hypothetical,0.0018790599097302236
2023-09-11,0.0115793074497766,Volatility Doubles,Hypothetical,0.022183332265080024
2023-09-12,-0.0090188597998217,Volatility Doubles,Hypothetical,-0.019013002234116578
2023-09-13,0.0059841960792229,Volatility Doubles,Hypothetical,0.010993109523972623
2023-09-14,0.0093033112842455,Volatility Doubles,Hypothetical,0.017631339934017824
2023-09-15,-0.0167319678317588,Volatility Doubles,Hypothetical,-0.03443921829799078
2023-09-18,0.0025739164888473,Volatility Doubles,Hypothetical,0.004172550343221424
2023-09-19,-0.0024740328118693,Volatility Doubles,Hypothetical,-0.005923348258211776
2023-09-20,-0.0183148567375694,Volatility Doubles,Hypothetical,-0.037604996109611974
2023-09-21,-0.0163529867657297,Volatility Doubles,Hypothetical,-0.03368125616593257
2023-09-22,-0.000347123392066,Volatility Doubles,Hypothetical,-0.0016695294186051765
2023-09-25,0.0084037251980914,Volatility Doubles,Hypothetical,0.015832167761709624
2023-09-26,-0.016824392820113,Volatility Doubles,Hypothetical,-0.034624068274699174
2023-09-27,0.003090447982318,Volatility Doubles,Hypothetical,0.005205613330162824
2023-09-28,0.0080354683375428,Volatility Doubles,Hypothetical,0.015095654040612423
2023-09-29,-0.0001505736987503,Volatility Doubles,Hypothetical,-0.0012764300319737763
2023-10-02,0.0151555249261015,Volatility Doubles,Hypothetical,0.029335767217729822
2023-10-03,-0.0180028927595438,Volatility Doubles,Hypothetical,-0.036981068153560774
2023-10-04,0.0121084023287746,Volatility Doubles,Hypothetical,0.023241522023076024
2023-10-05,0.0023481853044019,Volatility Doubles,Hypothetical,0.0037210879743306237
2023-10-06,0.0168908487302331,Volatility Doubles,Hypothetical,0.03280641482599302
2023-10-09,0.0040339695839013,Volatility Doubles,Hypothetical,0.007092656533329423
2023-10-10,0.0025684780342485,Volatility Doubles,Hypothetical,0.004161673434023824
2023-10-11,0.0095635500608415,Volatility Doubles,Hypothetical,0.018151817487209825
2023-10-12,-0.0013259875157715,Volatility Doubles,Hypothetical,-0.0036272576660161763
2023-10-13,-0.0101907257569197,Volatility Doubles,Hypothetical,-0.021356734148312576
2023-10-16,0.0089038547387375,Volatility Doubles,Hypothetical,0.016832426843001822
2023-10-17,-0.0086585435467637,Volatility Doubles,Hypothetical,-0.018292369728000576
2023-10-18,-0.0162842322338407,Volatility Doubles,Hypothetical,-0.033543747102154575
2023-10-19,-0.0065149078118451,Volatility Doubles,Hypothetical,-0.014005098258163377
2023-10-20,-0.0172421231916958,Volatility Doubles,Hypothetical,-0.035459529017864776
2023-10-23,0.0070130830413749,Volatility Doubles,Hypothetical,0.013050883448276623
2023-10-24,0.0074512199006661,Volatility Doubles,Hypothetical,0.013927157166859024
2023-10-25,-0.0235758918320672,Volatility Doubles,Hypothetical,-0.04812706629860758
2023-10-26,-0.0240964567744701,Volatility Doubles,Hypothetical,-0.04916819618341338
2023-10-27,0.0064524023292117,Volatility Doubles,Hypothetical,0.011929522023950223
2023-10-30,0.0143821130584239,Volatility Doubles,Hypothetical,0.027788943482374623
2023-10-31,0.0018422534552676,Volatility Doubles,Hypothetical,0.0027092242760620236
2023-11-01,0.0199239140424483,Volatility Doubles,Hypothetical,0.03887254545042342
2023-11-02,0.0174761425064899,Volatility Doubles,Hypothetical,0.03397700237850662
2023-11-03,0.0085320976067084,Volatility Doubles,Hypothetical,0.016088912578943623
2023-11-06,0.0087815832191193,Volatility Doubles,Hypothetical,0.016587883803765423
2023-11-07,0.0085688843899625,Volatility Doubles,Hypothetical,0.016162486145451824
2023-11-08,0.0044130176591377,Volatility Doubles,Hypothetical,0.007850752683802224
2023-11-09,-0.0053875471228786,Volatility Doubles,Hypothetical,-0.011750376880230376
2023-11-10,0.0209370838903674,Volatility Doubles,Hypothetical,0.040898885146261624
2023-11-13,-0.0007822080600028,Volatility Doubles,Hypothetical,-0.0025396987544787763
2023-11-14,0.0166862739052295,Volatility Doubles,Hypothetical,0.032397265175985825
2023-11-15,-0.0017520261307908,Volatility Doubles,Hypothetical,-0.004479334896054776
2023-11-16,0.0066272268837922,Volatility Doubles,Hypothetical,0.012279171133111224
2023-11-17,-0.000617094932109,Volatility Doubles,Hypothetical,-0.0022094724986911765
2023-11-20,0.0105651709079793,Volatility Doubles,Hypothetical,0.020155059181485423
2023-11-21,-0.0040731576972196,Volatility Doubles,Hypothetical,-0.009121598028912376
2023-11-22,0.0015130920374324,Volatility Doubles,Hypothetical,0.0020509014403916237
2023-11-24,-0.005287103269368,Volatility Doubles,Hypothetical,-0.011549489173209176
2023-11-27,0.0009684891979448,Volatility Doubles,Hypothetical,0.0009616957614164237
2023-11-28,0.0037992578612952,Volatility Doubles,Hypothetical,0.006623233088117224
2023-11-29,-0.006015171118052,Volatility Doubles,Hypothetical,-0.013005624870577177
2023-11-30,-0.0043134756231504,Volatility Doubles,Hypothetical,-0.009602233880773976
2023-12-01,-0.000648814308179,Volatility Doubles,Hypothetical,-0.002272911250831176
2023-12-04,-0.0125024699462984,Volatility Doubles,Hypothetical,-0.025980222527069975
2023-12-05,0.0112880935073646,Volatility Doubles,Hypothetical,0.021600904380256025
2023-12-06,-0.0102584927169126,Volatility Doubles,Hypothetical,-0.021492268068298376
2023-12-07,0.0151882671054686,Volatility Doubles,Hypothetical,0.029401251576464022
2023-12-08,0.007624439519001,Volatility Doubles,Hypothetical,0.014273596403528824
2023-12-11,-0.0110331196721451,Volatility Doubles,Hypothetical,-0.023041521978763375
2023-12-12,0.0076635491848096,Volatility Doubles,Hypothetical,0.014351815735146024
2023-12-13,0.0072473666758497,Volatility Doubles,Hypothetical,0.013519450717226223
2023-12-14,4.08865250424498e-05,Volatility Doubles,Hypothetical,-0.0008935095843882767
2023-12-15,0.0061610693276965,Volatility Doubles,Hypothetical,0.011346856020919824
2023-12-18,0.0094352807674188,Volatility Doubles,Hypothetical,0.017895278900364422
2023-12-19,0.003910716927557,Volatility Doubles,Hypothetical,0.006846151220640823
2023-12-20,-0.0125752326998167,Volatility Doubles,Hypothetical,-0.026125748034106576
2023-12-21,0.0096834853637684,Volatility Doubles,Hypothetical,0.018391688093063623
2023-12-22,-0.0011160318219763,Volatility Doubles,Hypothetical,-0.003207346278425776
2023-12-26,0.0025288720580158,Volatility Doubles,Hypothetical,0.004082461481558424
2023-12-27,0.0014055147287882,Volatility Doubles,Hypothetical,0.0018357468231032237
2023-12-28,-0.0003599138508204,Volatility Doubles,Hypothetical,-0.0016951103361139762
2023-12-29,-0.0037355205820504,Volatility Doubles,Hypothetical,-0.008446323798573976
2024-01-02,-0.0135155231616794,Volatility Doubles,Hypothetical,-0.028006328957831977
2024-01-03,-0.0060079218879955,Volatility Doubles,Hypothetical,-0.012991126410464177
2024-01-04,-0.0059806644461466,Volatility Doubles,Hypothetical,-0.012936611526766376
2024-01-05,0.0029989672752758,Volatility Doubles,Hypothetical,0.0050226519160784236
2024-01-08,0.0223133291827073,Volatility Doubles,Hypothetical,0.043651375730941425
2024-01-09,0.002959313177436,Volatility Doubles,Hypothetical,0.004943343720398823
2024-01-10,0.0109780214947135,Volatility Doubles,Hypothetical,0.020980760354953824
2024-01-11,0.0003686944244987,Volatility Doubles,Hypothetical,-0.0002378937854757763
2024-01-12,-0.0014468566145613,Volatility Doubles,Hypothetical,-0.0038689958635957766
2024-01-16,-0.0010451754547748,Volatility Doubles,Hypothetical,-0.0030656335440227764
2024-01-17,-0.0051176082432978,Volatility Doubles,Hypothetical,-0.011210499121068777
2024-01-18,0.0129357963693174,Volatility Doubles,Hypothetical,0.024896310104161625
2024-01-19,0.0157995338858257,Volatility Doubles,Hypothetical,0.03062378513717822
2024-01-22,0.0011051447060549,Volatility Doubles,Hypothetical,0.0012350067776366238
2024-01-23,0.0049644182613378,Volatility Doubles,Hypothetical,0.008953553888202424
2024-01-24,0.0079399825839223,Volatility Doubles,Hypothetical,0.014904682533371422
2024-01-25,-0.0016320177685409,Volatility Doubles,Hypothetical,-0.004239318171554976
2024-01-26,-0.0012010408517869,Volatility Doubles,Hypothetical,-0.0033773643380469766
2024-01-29,0.0104744949401517,Volatility Doubles,Hypothetical,0.019973707245830224
2024-01-30,-0.0035003520331377,Volatility Doubles,Hypothetical,-0.007975986700748576
2024-01-31,-0.0248936768276989,Volatility Doubles,Hypothetical,-0.050762636289870974
2024-02-01,0.0119237762724484,Volatility Doubles,Hypothetical,0.022872269910423623
2024-02-02,0.0270330677166014,Volatility Doubles,Hypothetical,0.053090852798729625
2024-02-05,0.002390765057519,Volatility Doubles,Hypothetical,0.0038062474805648236
2024-02-06,0.000887163692892,Volatility Doubles,Hypothetical,0.0007990447513108237
2024-02-07,0.0124202145717373,Volatility Doubles,Hypothetical,0.023865146509001425
2024-02-08,-0.0011423558347521,Volatility Doubles,Hypothetical,-0.0032599943039773767
2024-02-09,0.0128951741078877,Volatility Doubles,Hypothetical,0.024815065581302222
2024-02-12,-0.0059458828581844,Volatility Doubles,Hypothetical,-0.012867048350841976
2024-02-13,-0.0130175296618165,Volatility Doubles,Hypothetical,-0.027010341958106178
2024-02-14,0.0094871948224222,Volatility Doubles,Hypothetical,0.017999107010371225
2024-02-15,0.0012677612036497,Volatility Doubles,Hypothetical,0.0015602397728262237
2024-02-16,-0.0061182338367728,Volatility Doubles,Hypothetical,-0.013211750308018777
2024-02-20,-0.0108605842868037,Volatility Doubles,Hypothetical,-0.022696451208080577
2024-02-21,-0.0001576705414712,Volatility Doubles,Hypothetical,-0.0012906237174155765
2024-02-22,0.0372255933467808,Volatility Doubles,Hypothetical,0.07347590405908842
2024-02-23,-0.0033020260847008,Volatility Doubles,Hypothetical,-0.007579334803874776
2024-02-26,-0.0053562053251772,Volatility Doubles,Hypothetical,-0.011687693284827575
2024-02-27,0.0005437732753944,Volatility Doubles,Hypothetical,0.00011226391631562367
2024-02-28,-0.0058572131648484,Volatility Doubles,Hypothetical,-0.012689708964169976
2024-02-29,0.0088850354265155,Volatility Doubles,Hypothetical,0.016794788218557823
2024-03-01,0.0064286832197698,Volatility Doubles,Hypothetical,0.011882083805066423
2024-03-04,-0.0080839271549256,Volatility Doubles,Hypothetical,-0.017143136944324375
2024-03-05,-0.0135908227719507,Volatility Doubles,Hypothetical,-0.028156928178374577
2024-03-06,0.002410768953105,Volatility Doubles,Hypothetical,0.003846255271736824
2024-03-07,0.0154047182650933,Volatility Doubles,Hypothetical,0.029834153895713422
2024-03-08,-0.0085983257220932,Volatility Doubles,Hypothetical,-0.018171934078659576
2024-03-11,-0.0015475817517243,Volatility Doubles,Hypothetical,-0.0040704461379217766
2024-03-12,0.0195347428705791,Volatility Doubles,Hypothetical,0.03809420310668502
2024-03-13,-0.0041122848418842,Volatility Doubles,Hypothetical,-0.009199852318241577
2024-03-14,0.0011212121989847,Volatility Doubles,Hypothetical,0.0012671417634962235
2024-03-15,-0.0066982549715267,Volatility Doubles,Hypothetical,-0.014371792577526576
2024-03-18,0.0128353363332475,Volatility Doubles,Hypothetical,0.024695390032021824
2024-03-19,0.0069035332772772,Volatility Doubles,Hypothetical,0.012831783920081224
2024-03-20,0.0118541265726178,Volatility Doubles,Hypothetical,0.022732970510762424
2024-03-21,-0.0051549851037506,Volatility Doubles,Hypothetical,-0.011285252841974376
2024-03-22,0.0061791956621531,Volatility Doubles,Hypothetical,0.011383108689833023
2024-03-25,-0.0035696123238305,Volatility Doubles,Hypothetical,-0.008114507282134177
2024-03-26,-0.0045900223621282,Volatility Doubles,Hypothetical,-0.010155327358729576
2024-03-27,0.0042272482862438,Volatility Doubles,Hypothetical,0.007479213938014423
2024-03-28,-0.0027348032938285,Volatility Doubles,Hypothetical,-0.006444889222130176
2024-04-01,0.002543340488139,Volatility Doubles,Hypothetical,0.004111398341804824
2024-04-02,-0.0090955406886848,Volatility Doubles,Hypothetical,-0.019166364011842775
2024-04-03,0.0023201458812203,Volatility Doubles,Hypothetical,0.0036650091279674234
2024-04-04,-0.0112032216272167,Volatility Doubles,Hypothetical,-0.023381725888906576
2024-04-05,0.012694739611631,Volatility Doubles,Hypothetical,0.024414196588788822
2024-04-08,0.0002586114157328,Volatility Doubles,Hypothetical,-0.0004580598030075765
2024-04-09,0.0012100245598324,Volatility Doubles,Hypothetical,0.0014447664851916235
2024-04-10,-0.0032036483942396,Volatility Doubles,Hypothetical,-0.0073825794229523765
2024-04-11,0.0199018616433204,Volatility Doubles,Hypothetical,0.038828440652167624
2024-04-12,-0.0167780561127566,Volatility Doubles,Hypothetical,-0.034531394859986374
2024-04-15,-0.0178823644363635,Volatility Doubles,Hypothetical,-0.036740011507200174
2024-04-16,-0.001984422338265,Volatility Doubles,Hypothetical,-0.004944127311003176
2024-04-17,-0.0094265537519303,Volatility Doubles,Hypothetical,-0.019828390138333776
2024-04-18,-0.0025748177755892,Volatility Doubles,Hypothetical,-0.006124918185651577
2024-04-19,-0.0232549929447157,Volatility Doubles,Hypothetical,-0.04748526852390458
2024-04-22,0.0105362110970553,Volatility Doubles,Hypothetical,0.020097139559637423
2024-04-23,0.0151589386362772,Volatility Doubles,Hypothetical,0.029342594638081223
2024-04-24,0.0029230798997529,Volatility Doubles,Hypothetical,0.004870877165032624
2024-04-25,-0.0031084048645696,Volatility Doubles,Hypothetical,-0.007192092363612377
2024-04-26,0.0225698917842307,Volatility Doubles,Hypothetical,0.04416450093398822
2024-04-29,0.0066001227146419,Volatility Doubles,Hypothetical,0.012224962794810624
2024-04-30,-0.0213799604186252,Volatility Doubles,Hypothetical,-0.04373520347172358
2024-05-01,-0.0028165531154753,Volatility Doubles,Hypothetical,-0.006608388865423777
2024-05-02,0.0163853834480058,Volatility Doubles,Hypothetical,0.03179548426153842
2024-05-03,0.0219090292668233,Volatility Doubles,Hypothetical,0.04284277589917342
2024-05-06,0.0118527792865278,Volatility Doubles,Hypothetical,0.022730275938582425
2024-05-07,-0.0028505087644217,Volatility Doubles,Hypothetical,-0.006676300163316576
2024-05-08,0.0008905565334588,Volatility Doubles,Hypothetical,0.0008058304324444236
2024-05-09,0.0027899463268601,Volatility Doubles,Hypothetical,0.0046046100192470235
2024-05-10,-0.0003923641237339,Volatility Doubles,Hypothetical,-0.0017600108819409762
2024-05-13,0.0037912174260788,Volatility Doubles,Hypothetical,0.006607152217684423
2024-05-14,0.0087401435901174,Volatility Doubles,Hypothetical,0.016505004545761624
2024-05-15,0.0120392488396969,Volatility Doubles,Hypothetical,0.023103215044920623
2024-05-16,-0.0017511892942747,Volatility Doubles,Hypothetical,-0.004477661223022577
2024-05-17,0.0011991340595006,Volatility Doubles,Hypothetical,0.0014229854845280235
2024-05-20,-0.0001649036348927,Volatility Doubles,Hypothetical,-0.0013050899042585762
2024-05-21,0.0089609524840501,Volatility Doubles,Hypothetical,0.016946622333627023
2024-05-22,-0.005791700616357,Volatility Doubles,Hypothetical,-0.012558683867187176
2024-05-23,0.0011043308736126,Volatility Doubles,Hypothetical,0.0012333791127520236
2024-05-24,0.0127644273308628,Volatility Doubles,Hypothetical,0.024553572027252425
2024-05-28,0.0108221318051703,Volatility Doubles,Hypothetical,0.020668980975867425
2024-05-29,-0.0031264631871813,Volatility Doubles,Hypothetical,-0.007228209008835775
2024-05-30,-0.0131286022065454,Volatility Doubles,Hypothetical,-0.027232487047563977
2024-05-31,0.0028311359064925,Volatility Doubles,Hypothetical,0.004686989178511823
2024-06-03,0.0091071310696667,Volatility Doubles,Hypothetical,0.017238979504860225
2024-06-04,0.0022377590427268,Volatility Doubles,Hypothetical,0.003500235450980424
2024-06-05,0.014868739487336,Volatility Doubles,Hypothetical,0.028762196340198824
2024-06-06,0.0005387112098091,Volatility Doubles,Hypothetical,0.00010213978514502365
2024-06-07,7.005089004068535e-05,Volatility Doubles,Hypothetical,-0.0008351808543918056
2024-06-10,0.0009112772204547,Volatility Doubles,Hypothetical,0.0008472718064362237
2024-06-11,0.0122613860908647,Volatility Doubles,Hypothetical,0.023547489547256224
2024-06-12,0.0139208254112169,Volatility Doubles,Hypothetical,0.026866368187960624
2024-06-13,0.0054257030130454,Volatility Doubles,Hypothetical,0.009876123391617624
2024-06-14,0.0005714043581531,Volatility Doubles,Hypothetical,0.00016752608183302374
2024-06-17,0.0078032197362456,Volatility Doubles,Hypothetical,0.014631156838018024
2024-06-18,-0.0003606250086311,Volatility Doubles,Hypothetical,-0.0016965326517353763
2024-06-20,-0.0059054941648677,Volatility Doubles,Hypothetical,-0.012786270964208576
2024-06-21,-0.0043209052806987,Volatility Doubles,Hypothetical,-0.009617093195870577
2024-06-24,-0.0087318269330308,Volatility Doubles,Hypothetical,-0.018438936500534776
2024-06-25,0.0164732668196513,Volatility Doubles,Hypothetical,0.03197125100482942
2024-06-26,0.0107188679406582,Volatility Doubles,Hypothetical,0.020462453246843225
2024-06-27,0.0033604372518041,Volatility Doubles,Hypothetical,0.005745591869135024
2024-06-28,-0.0073710855082484,Volatility Doubles,Hypothetical,-0.01571745365096998
2024-07-01,0.015412608108359,Volatility Doubles,Hypothetical,0.029849933582244824
2024-07-02,0.0116922672102227,Volatility Doubles,Hypothetical,0.022409251785972223
2024-07-03,0.0100076618281626,Volatility Doubles,Hypothetical,0.019040041021852024
2024-07-05,0.0090803041567242,Volatility Doubles,Hypothetical,0.017185325678975225
2024-07-08,0.0015805162626439,Volatility Doubles,Hypothetical,0.0021857498908146237
2024-07-09,0.0050614467029317,Volatility Doubles,Hypothetical,0.009147610771390223
2024-07-10,0.0132874341537109,Volatility Doubles,Hypothetical,0.025599585672948625
2024-07-11,-0.0281799091377386,Volatility Doubles,Hypothetical,-0.05733510090995038
2024-07-12,0.0034087381072956,Volatility Doubles,Hypothetical,0.005842193580118024
2024-07-15,0.0066906821405923,Volatility Doubles,Hypothetical,0.012406081646711423
2024-07-16,0.000497961302264,Volatility Doubles,Hypothetical,2.0639970054823608e-05
2024-07-17,-0.0218293225909923,Volatility Doubles,Hypothetical,-0.04463392781645777
2024-07-18,-0.0073339553338206,Volatility Doubles,Hypothetical,-0.015643193302114375
2024-07-19,-0.0084450909166476,Volatility Doubles,Hypothetical,-0.017865464467768377
2024-07-22,0.0134577590381157,Volatility Doubles,Hypothetical,0.025940235441758223
2024-07-23,0.0005495167309148,Volatility Doubles,Hypothetical,0.00012375082735642377
2024-07-24,-0.0392363492236725,Volatility Doubles,Hypothetical,-0.07944798108181818
2024-07-25,-0.0097912075185989,Volatility Doubles,Hypothetical,-0.020557697671670976
2024-07-26,0.00898602745694,Volatility Doubles,Hypothetical,0.016996772279406824
2024-07-29,0.0019724859022896,Volatility Doubles,Hypothetical,0.002969689170106024
2024-07-30,-0.0107553222882292,Volatility Doubles,Hypothetical,-0.022485927210931577
2024-07-31,0.0253849747595572,Volatility Doubles,Hypothetical,0.04979466688464122
2024-08-01,-0.0205342749729399,Volatility Doubles,Hypothetical,-0.04204383258035298
2024-08-02,-0.0221119250055937,Volatility Doubles,Hypothetical,-0.04519913264566058
2024-08-05,-0.0416652326076759,Volatility Doubles,Hypothetical,-0.08430574784982497
2024-08-06,0.0099318788090302,Volatility Doubles,Hypothetical,0.018888474983587224
2024-08-07,-0.0072175514477899,Volatility Doubles,Hypothetical,-0.015410385530052976
2024-08-08,0.0242414070308319,Volatility Doubles,Hypothetical,0.04750753142719062
2024-08-09,0.0070142299727447,Volatility Doubles,Hypothetical,0.013053177311016224
2024-08-12,0.00680088151633,Volatility Doubles,Hypothetical,0.012626480398186824
2024-08-13,0.0236181430961688,Volatility Doubles,Hypothetical,0.04626100355786442
2024-08-14,0.0017940458667453,Volatility Doubles,Hypothetical,0.002612809099017424
2024-08-15,0.0202804857098672,Volatility Doubles,Hypothetical,0.039585688785261225
2024-08-16,0.0033394682932746,Volatility Doubles,Hypothetical,0.005703653952076023
2024-08-19,0.0128599155002304,Volatility Doubles,Hypothetical,0.024744548365987624
2024-08-20,-0.0033970874997615,Volatility Doubles,Hypothetical,-0.0077694576339961754
2024-08-21,0.0017997349008964,Volatility Doubles,Hypothetical,0.0026241871673196235
2024-08-22,-0.0156950174574042,Volatility Doubles,Hypothetical,-0.032365317549281576
2024-08-23,0.0146179450600478,Volatility Doubles,Hypothetical,0.028260607485622424
2024-08-26,-0.0054737319703592,Volatility Doubles,Hypothetical,-0.011922746575191576
2024-08-27,-0.0003599418669241,Volatility Doubles,Hypothetical,-0.0016951663683213766
2024-08-28,-0.0091283652484588,Volatility Doubles,Hypothetical,-0.019232013131390776
2024-08-29,-0.0043497325748041,Volatility Doubles,Hypothetical,-0.009674747784081377
2024-08-30,0.0107637125192373,Volatility Doubles,Hypothetical,0.020552142404001425
2024-09-03,-0.0324664482999577,Volatility Doubles,Hypothetical,-0.06590817923438858
2024-09-04,-0.0051403143191134,Volatility Doubles,Hypothetical,-0.011255911272699976
2024-09-05,0.0065995378192259,Volatility Doubles,Hypothetical,0.012223793003978623
2024-09-06,-0.0265326957555139,Volatility Doubles,Hypothetical,-0.054040674145500976
2024-09-09,0.0123448929498129,Volatility Doubles,Hypothetical,0.023714503265152623
2024-09-10,0.0024283587541754,Volatility Doubles,Hypothetical,0.0038814348738776235
2024-09-11,0.0222753106195183,Volatility Doubles,Hypothetical,0.043575338604563425
2024-09-12,0.009947273741322,Volatility Doubles,Hypothetical,0.018919264848170823
2024-09-13,0.0018287571175353,Volatility Doubles,Hypothetical,0.0026822316005974236
2024-09-16,-0.0065524054424398,Volatility Doubles,Hypothetical,-0.014080093519352776
2024-09-17,0.0029618174034305,Volatility Doubles,Hypothetical,0.004948352172387824
2024-09-18,-0.0011943412482,Volatility Doubles,Hypothetical,-0.003363965130873177
2024-09-19,0.0263092872371257,Volatility Doubles,Hypothetical,0.05164329183977823
2024-09-20,-0.0035429468565494,Volatility Doubles,Hypothetical,-0.008061176347571976
2024-09-23,0.0019242165310661,Volatility Doubles,Hypothetical,0.0028731504276590237
2024-09-24,0.0062743980121042,Volatility Doubles,Hypothetical,0.011573513389735224
2024-09-25,0.0015770698346034,Volatility Doubles,Hypothetical,0.0021788570347336237
2024-09-26,-0.0003516986398003,Volatility Doubles,Hypothetical,-0.0016786799140737765
2024-09-27,-0.0016318094911682,Volatility Doubles,Hypothetical,-0.004238901616809576
2024-09-30,0.0073291334039969,Volatility Doubles,Hypothetical,0.013682984173520624
2024-10-01,-0.0159984746421391,Volatility Doubles,Hypothetical,-0.03297223191875138
2024-10-02,0.0001547301369599,Volatility Doubles,Hypothetical,-0.0006658223605533764
2024-10-03,0.0008717434044831,Volatility Doubles,Hypothetical,0.0007682041744930237
2024-10-04,0.0138266154740945,Volatility Doubles,Hypothetical,0.026677948313715824
2024-10-07,-0.0125854115557271,Volatility Doubles,Hypothetical,-0.026146105745927375
2024-10-08,0.0132365475101108,Volatility Doubles,Hypothetical,0.025497812385748424
2024-10-09,0.0050090537382014,Volatility Doubles,Hypothetical,0.009042824841929623
2024-10-10,0.0019925567744401,Volatility Doubles,Hypothetical,0.003009830914407024
2024-10-11,0.0012148024209524,Volatility Doubles,Hypothetical,0.0014543222074316236
2024-10-14,0.00903144432922,Volatility Doubles,Hypothetical,0.017087606023966823
2024-10-15,-0.0103721414985837,Volatility Doubles,Hypothetical,-0.021719565631640576
2024-10-16,0.0029036624689871,Volatility Doubles,Hypothetical,0.004832042303501024
2024-10-17,0.0005142519840518,Volatility Doubles,Hypothetical,5.322133363042363e-05
2024-10-18,0.0057145223785138,Volatility Doubles,Hypothetical,0.010453762122554423
2024-10-21,0.006599045174483,Volatility Doubles,Hypothetical,0.012222807714492823
2024-10-22,0.0044350486554141,Volatility Doubles,Hypothetical,0.007894814676355024
2024-10-23,-0.0173276621443322,Volatility Doubles,Hypothetical,-0.035630606923137575
2024-10-24,0.0120024724968391,Volatility Doubles,Hypothetical,0.023029662359205023
2024-10-25,0.0066840241489888,Volatility Doubles,Hypothetical,0.012392765663504423
2024-10-28,0.0016587878205878,Volatility Doubles,Hypothetical,0.002342293006702424
2024-10-29,0.0045247155474557,Volatility Doubles,Hypothetical,0.008074148460438224
2024-10-30,-0.0011603331639941,Volatility Doubles,Hypothetical,-0.003295948962461376
2024-10-31,-0.0301231662997555,Volatility Doubles,Hypothetical,-0.06122161523398418
2024-11-01,0.0075911703147499,Volatility Doubles,Hypothetical,0.014207057995026624
2024-11-04,-0.0056401278838516,Volatility Doubles,Hypothetical,-0.012255538402176377
2024-11-05,0.0132872857124368,Volatility Doubles,Hypothetical,0.025599288790400423
2024-11-06,0.037297309018733,Volatility Doubles,Hypothetical,0.07361933540299283
2024-11-07,0.0127080630735874,Volatility Doubles,Hypothetical,0.024440843512701625
2024-11-08,6.440283292251001e-05,Volatility Doubles,Hypothetical,-0.0008464769686281563
2024-11-11,-0.0007653757877838,Volatility Doubles,Hypothetical,-0.0025060342100407763
2024-11-12,0.0027644180632819,Volatility Doubles,Hypothetical,0.004553553492090624
2024-11-13,0.0006959020634902,Volatility Doubles,Hypothetical,0.0004165214925072236
2024-11-14,-0.0032129286479642,Volatility Doubles,Hypothetical,-0.007401139930401576
2024-11-15,-0.0178234161813765,Volatility Doubles,Hypothetical,-0.036622114997226174
2024-11-18,0.0050078124504728,Volatility Doubles,Hypothetical,0.009040342266472424
2024-11-19,0.0102325799918838,Volatility Doubles,Hypothetical,0.019489877349294422
2024-11-20,-0.0018385422793459,Volatility Doubles,Hypothetical,-0.004652367193164976
2024-11-21,-0.005885915594319,Volatility Doubles,Hypothetical,-0.012747113823111176
2024-11-22,-0.0021628198479244,Volatility Doubles,Hypothetical,-0.005300922330321976
2024-11-25,0.0004509959259747,Volatility Doubles,Hypothetical,-7.32907825237764e-05
2024-11-26,0.0099240735446767,Volatility Doubles,Hypothetical,0.018872864454880223
2024-11-27,-0.0058227295178771,Volatility Doubles,Hypothetical,-0.012620741670227377
2024-11-29,0.0087706117952242,Volatility Doubles,Hypothetical,0.016565940955975224
2024-12-02,0.0094884626621999,Volatility Doubles,Hypothetical,0.018001642689926625
2024-12-03,0.0055635636518131,Volatility Doubles,Hypothetical,0.010151844669153023
2024-12-04,0.0108574219716095,Volatility Doubles,Hypothetical,0.020739561308745824
2024-12-05,0.0014042344592134,Volatility Doubles,Hypothetical,0.0018331862839536237
2024-12-06,0.0029474836679498,Volatility Doubles,Hypothetical,0.004919684701426424
2024-12-09,-0.0010851585929128,Volatility Doubles,Hypothetical,-0.0031455998202987757
2024-12-10,0.0025892554932178,Volatility Doubles,Hypothetical,0.0042032283519624234
2024-12-11,0.0141807379779524,Volatility Doubles,Hypothetical,0.027386193321431624
2024-12-12,-0.0065987523094592,Volatility Doubles,Hypothetical,-0.014172787253391576
2024-12-13,-0.0051821598142911,Volatility Doubles,Hypothetical,-0.011339602263055377
2024-12-16,0.007099394040713,Volatility Doubles,Hypothetical,0.013223505446952824
2024-12-17,-0.0009975148710387,Volatility Doubles,Hypothetical,-0.0029703123765505764
2024-12-18,-0.0290120555848225,Volatility Doubles,Hypothetical,-0.05899939380411818
2024-12-19,0.0036689292528643,Volatility Doubles,Hypothetical,0.006362575871255423
2024-12-20,0.0109847423380348,Volatility Doubles,Hypothetical,0.020994202041596424
2024-12-23,0.0108167039536191,Volatility Doubles,Hypothetical,0.020658125272765025
2024-12-24,0.0126445416516754,Volatility Doubles,Hypothetical,0.024313800668877623
2024-12-26,-0.0016029690537926,Volatility Doubles,Hypothetical,-0.004181220742058376
2024-12-27,-0.0151373066235519,Volatility Doubles,Hypothetical,-0.031249895881576978
2024-12-30,-0.0097602192455592,Volatility Doubles,Hypothetical,-0.020495721125591577
2024-12-31,-0.0093353675031105,Volatility Doubles,Hypothetical,-0.019646017640694177
2025-01-02,-0.0036012788926807,Volatility Doubles,Hypothetical,-0.008177840419834576
2025-01-03,0.0177012645085303,Volatility Doubles,Hypothetical,0.03442724638258742
2025-01-06,0.0137870900941624,Volatility Doubles,Hypothetical,0.026598897553851624
2025-01-07,-0.01857897790079,Volatility Doubles,Hypothetical,-0.03813323843605318
2025-01-08,-1.5800722626767294e-05,Volatility Doubles,Hypothetical,-0.001006884079726711
2025-01-10,-0.0153817696462392,Volatility Doubles,Hypothetical,-0.03173882192695157
2025-01-13,-0.0010034264425358,Volatility Doubles,Hypothetical,-0.0029821355195447765
2025-01-14,-0.0044778036171605,Volatility Doubles,Hypothetical,-0.009930889868794176
2025-01-15,0.026782952472788,Volatility Doubles,Hypothetical,0.05259062231110282
2025-01-16,-0.0190247268570009,Volatility Doubles,Hypothetical,-0.039024736348474975
2025-01-17,0.0154976415344366,Volatility Doubles,Hypothetical,0.030020000434400024
2025-01-21,0.0024064259386492,Volatility Doubles,Hypothetical,0.0038375692428252233
2025-01-22,0.0136944231255368,Volatility Doubles,Hypothetical,0.026413563616600425
2025-01-23,0.0032639588489196,Volatility Doubles,Hypothetical,0.005552635063366024
2025-01-24,-0.0062546015686581,Volatility Doubles,Hypothetical,-0.013484485771789376
2025-01-27,-0.0270540507178259,Volatility Doubles,Hypothetical,-0.055083384070124974
2025-01-28,0.0278733294569324,Volatility Doubles,Hypothetical,0.054771376279391625
2025-01-29,-0.008707435124593,Volatility Doubles,Hypothetical,-0.018390152883659177
2025-01-30,-0.0042756450951014,Volatility Doubles,Hypothetical,-0.009526572824675976
2025-01-31,-0.0052910991404969,Volatility Doubles,Hypothetical,-0.011557480915466977
2025-02-03,-0.0157977848384365,Volatility Doubles,Hypothetical,-0.032570852311346175
2025-02-04,0.0147610198680543,Volatility Doubles,Hypothetical,0.028546757101635425
2025-02-05,-0.0037739977751622,Volatility Doubles,Hypothetical,-0.008523278184797575
2025-02-06,0.0081547597609589,Volatility Doubles,Hypothetical,0.015334236887444622
2025-02-07,-0.015190678787558,Volatility Doubles,Hypothetical,-0.03135664020958918
2025-02-10,0.0061966226843869,Volatility Doubles,Hypothetical,0.011417962734300624
2025-02-11,0.0010920678344092,Volatility Doubles,Hypothetical,0.001208853034345224
2025-02-12,-0.0021133998350272,Volatility Doubles,Hypothetical,-0.005202082304527576
2025-02-13,0.0151741382368994,Volatility Doubles,Hypothetical,0.029372993839325623
2025-02-14,0.0043835336507857,Volatility Doubles,Hypothetical,0.007791784667098223
2025-02-18,-0.0025403301303298,Volatility Doubles,Hypothetical,-0.006055942895132776
2025-02-19,0.0036713858970273,Volatility Doubles,Hypothetical,0.006367489159581424
2025-02-20,-0.0056801065052593,Volatility Doubles,Hypothetical,-0.012335495644991777
2025-02-21,-0.0233637342150415,Volatility Doubles,Hypothetical,-0.047702751064556174
2025-02-24,-0.0106306817657504,Volatility Doubles,Hypothetical,-0.022236646165973976
2025-02-25,-0.0151590356060547,Volatility Doubles,Hypothetical,-0.03129335384658258
2025-02-26,-0.0013207719813056,Volatility Doubles,Hypothetical,-0.003616826597084377
2025-02-27,-0.0254674405441888,Volatility Doubles,Hypothetical,-0.051910163722850775
2025-02-28,0.0200767796692307,Volatility Doubles,Hypothetical,0.03917827670398823
2025-03-03,-0.0319235512009221,Volatility Doubles,Hypothetical,-0.06482238503631738
2025-03-04,-0.004279074153,Volatility Doubles,Hypothetical,-0.009533430940473176
2025-03-05,0.0118925107043762,Volatility Doubles,Hypothetical,0.022809738774279224
2025-03-06,-0.0197674730014791,Volatility Doubles,Hypothetical,-0.040510228637431374
2025-03-07,0.0039512532896072,Volatility Doubles,Hypothetical,0.006927223944741224
2025-03-10,-0.0445907936648044,Volatility Doubles,Hypothetical,-0.09015686996408198
2025-03-11,-0.0028203261629872,Volatility Doubles,Hypothetical,-0.006615934960447576
2025-03-12,0.0136666131479223,Volatility Doubles,Hypothetical,0.026357943661371425
2025-03-13,-0.0192784676540894,Volatility Doubles,Hypothetical,-0.03953221794265198
2025-03-14,0.0275912604610542,Volatility Doubles,Hypothetical,0.054207238287635226
2025-03-17,-0.0041438083775124,Volatility Doubles,Hypothetical,-0.009262899389497977
2025-03-18,-0.0159800913594665,Volatility Doubles,Hypothetical,-0.032935465353406176
2025-03-19,0.0150263523140383,Volatility Doubles,Hypothetical,0.029077421993603424
2025-03-20,9.149351780417496e-05,Volatility Doubles,Hypothetical,-0.0007922955988648264
2025-03-21,0.0107725303712334,Volatility Doubles,Hypothetical,0.020569778107993625
2025-03-24,0.0235670111550093,Volatility Doubles,Hypothetical,0.04615873967554542
2025-03-25,0.0091105303862269,Volatility Doubles,Hypothetical,0.017245778137980623
2025-03-26,-0.0213493145201337,Volatility Doubles,Hypothetical,-0.04367391167474058
2025-03-27,-0.0044576948146522,Volatility Doubles,Hypothetical,-0.009890672263777576
2025-03-28,-0.0279141778757151,Volatility Doubles,Hypothetical,-0.056803638385903375
2025-03-31,0.001009574740802,Volatility Doubles,Hypothetical,0.0010438668471308239
2025-04-01,0.0105403720257394,Volatility Doubles,Hypothetical,0.020105461417005623
2025-04-02,0.0060857922877535,Volatility Doubles,Hypothetical,0.011196301941033824
2025-04-03,-0.0645084250896823,Volatility Doubles,Hypothetical,-0.12999213281383776
2025-04-04,-0.0607837305741899,Volatility Doubles,Hypothetical,-0.12254274378285297
2025-04-07,0.0012192630869938,Volatility Doubles,Hypothetical,0.0014632435395144235
2025-04-08,-0.0181307398111229,Volatility Doubles,Hypothetical,-0.03723676225671898
2025-04-09,0.1188353049222503,Volatility Doubles,Hypothetical,0.23669532721002745
2025-04-10,-0.0423459920378063,Volatility Doubles,Hypothetical,-0.08566726671008577
2025-04-11,0.0257834210570002,Volatility Doubles,Hypothetical,0.050591559479527225
2025-04-14,0.0008695889703943,Volatility Doubles,Hypothetical,0.0007638953063154237
2025-04-15,-0.0040411817064517,Volatility Doubles,Hypothetical,-0.009057646047376576
2025-04-16,-0.0343950259667205,Volatility Doubles,Hypothetical,-0.06976533456791417
2025-04-17,-0.0160454072513463,Volatility Doubles,Hypothetical,-0.033066097137165774
2025-04-21,-0.0298329030132061,Volatility Doubles,Hypothetical,-0.06064108866088538
2025-04-22,0.0271736687238062,Volatility Doubles,Hypothetical,0.053372054813139225
2025-04-23,0.0267351076332421,Volatility Doubles,Hypothetical,0.05249493263201102
2025-04-24,0.0244465508489345,Volatility Doubles,Hypothetical,0.047917819063395824
2025-04-25,0.0167600337217621,Volatility Doubles,Hypothetical,0.03254478480905102
2025-04-28,-0.0036368066532724,Volatility Doubles,Hypothetical,-0.008248895941017976
2025-04-29,0.0027104148228298,Volatility Doubles,Hypothetical,0.0044455470111864235
2025-04-30,-0.0041252478776467,Volatility Doubles,Hypothetical,-0.009225778389766577
2025-05-01,0.0215494287236613,Volatility Doubles,Hypothetical,0.042123574812849424
2025-05-02,0.0068850363767963,Volatility Doubles,Hypothetical,0.012794790119119423
2025-05-05,-0.0106122581447764,Volatility Doubles,Hypothetical,-0.022199798924025977
2025-05-06,-0.0068662253938888,Volatility Doubles,Hypothetical,-0.014707733422250777
2025-05-07,-0.0027237992103199,Volatility Doubles,Hypothetical,-0.006422881055112976
2025-05-08,0.0102229585195295,Volatility Doubles,Hypothetical,0.019470634404585824
2025-05-09,0.0014592860300908,Volatility Doubles,Hypothetical,0.0019432894257084238
2025-05-12,0.0455847535667296,Volatility Doubles,Hypothetical,0.09019422449898602
2025-05-13,0.0073375033555848,Volatility Doubles,Hypothetical,0.013699724076696423
2025-05-14,0.0121336119900428,Volatility Doubles,Hypothetical,0.023291941345612424
2025-05-15,-0.0108406953301154,Volatility Doubles,Hypothetical,-0.022656673294703975
2025-05-16,0.0060915080417891,Volatility Doubles,Hypothetical,0.011207733449105023
2025-05-19,0.0008314432080279,Volatility Doubles,Hypothetical,0.0006876037815826237
2025-05-20,-0.0055005589118205,Volatility Doubles,Hypothetical,-0.011976400458114177
2025-05-21,-0.0149608961528953,Volatility Doubles,Hypothetical,-0.03089707494026378
2025-05-22,0.0030480694005728,Volatility Doubles,Hypothetical,0.005120856166672423
2025-05-23,-0.0130454276986172,Volatility Doubles,Hypothetical,-0.027066138031707578
2025-05-27,0.0246994983179365,Volatility Doubles,Hypothetical,0.048423714001399824
2025-05-28,-0.0041664704417498,Volatility Doubles,Hypothetical,-0.009308223517972777
2025-05-29,0.0059004684543302,Volatility Doubles,Hypothetical,0.010825654274187224
2025-05-30,-0.0046162238230613,Volatility Doubles,Hypothetical,-0.010207730280595776
2025-06-02,0.0053584514695456,Volatility Doubles,Hypothetical,0.009741620304618023
2025-06-03,0.0041726385295306,Volatility Doubles,Hypothetical,0.007369994424588024
2025-06-04,0.0005551352558141,Volatility Doubles,Hypothetical,0.00013498787715502379
2025-06-05,-0.0123650647183919,Volatility Doubles,Hypothetical,-0.025705412071256976
2025-06-06,0.0184412792852024,Volatility Doubles,Hypothetical,0.035907275935931626
2025-06-09,0.0050330281366153,Volatility Doubles,Hypothetical,0.009090773638757424
2025-06-10,0.0089343436110171,Volatility Doubles,Hypothetical,0.016893404587561025
2025-06-11,-0.0058966875873106,Volatility Doubles,Hypothetical,-0.012768657809094376
2025-06-12,0.0040359201298515,Volatility Doubles,Hypothetical,0.007096557625229824
2025-06-13,-0.0090449586094127,Volatility Doubles,Hypothetical,-0.019065199853298576
2025-06-16,0.012822492803987,Volatility Doubles,Hypothetical,0.024669702973500823
2025-06-17,-0.0065912249148712,Volatility Doubles,Hypothetical,-0.014157732464215577
2025-06-18,0.0022681779839919,Volatility Doubles,Hypothetical,0.0035610733335106233
2025-06-20,-0.0041708803079053,Volatility Doubles,Hypothetical,-0.009317043250283777
2025-06-23,0.0068320901618362,Volatility Doubles,Hypothetical,0.012688897689199223
2025-06-24,0.0070097778011921,Volatility Doubles,Hypothetical,0.013044272967911023
2025-06-25,0.0084580036337738,Volatility Doubles,Hypothetical,0.015940724633074423
2025-06-26,0.0091765244790802,Volatility Doubles,Hypothetical,0.017377766323687222
2025-06-27,0.0082823980616604,Volatility Doubles,Hypothetical,0.015589513488847625
2025-06-30,0.0017115740571256,Volatility Doubles,Hypothetical,0.0024478654797780238
2025-07-01,-0.0042936208803419,Volatility Doubles,Hypothetical,-0.009562524395156976
2025-07-02,0.009720025718398,Volatility Doubles,Hypothetical,0.018464768802322822
2025-07-03,0.0102920813182485,Volatility Doubles,Hypothetical,0.019608880002023824
2025-07-07,-0.012498496183416,Volatility Doubles,Hypothetical,-0.025972275001305178
2025-07-08,-0.0022191627305865,Volatility Doubles,Hypothetical,-0.005413608095646176
2025-07-09,0.0082300217346207,Volatility Doubles,Hypothetical,0.015484760834768223
2025-07-10,0.0057723259157679,Volatility Doubles,Hypothetical,0.010569369197062623
2025-07-11,0.0032126712760701,Volatility Doubles,Hypothetical,0.005450059917667024
2025-07-14,-0.0020564760481422,Volatility Doubles,Hypothetical,-0.0050882347307575765
2025-07-15,0.0033768683709914,Volatility Doubles,Hypothetical,0.005778454107509623
2025-07-16,0.0014248645849904,Volatility Doubles,Hypothetical,0.0018744465355076236
2025-07-17,0.00366326822123,Volatility Doubles,Hypothetical,0.0063512538079868236
2025-07-18,0.001438415216906,Volatility Doubles,Hypothetical,0.0019015477993388238
2025-07-21,0.0047839689217807,Volatility Doubles,Hypothetical,0.008592655209088224
2025-07-22,-0.0027400425653789,Volatility Doubles,Hypothetical,-0.006455367765230977
2025-07-23,0.0074654447437939,Volatility Doubles,Hypothetical,0.013955606853114623
2025-07-24,0.0001053664073444,Volatility Doubles,Hypothetical,-0.0007645498197843762
2025-07-25,0.0034627383520478,Volatility Doubles,Hypothetical,0.005950194069622424
2025-07-28,0.005234043230206,Volatility Doubles,Hypothetical,0.009492803825938824
2025-07-29,-0.0083592733313798,Volatility Doubles,Hypothetical,-0.017693829297232778
2025-07-30,0.0019992920501547,Volatility Doubles,Hypothetical,0.0030233014658362237
2025-07-31,0.0016780122414755,Volatility Doubles,Hypothetical,0.0023807418484778236
2025-08-01,-0.0294861047931529,Volatility Doubles,Hypothetical,-0.059947492220778976
2025-08-04,0.0152810300159525,Volatility Doubles,Hypothetical,0.029586777397431825
2025-08-05,-0.0032453359875779,Volatility Doubles,Hypothetical,-0.007465954609628976
2025-08-06,0.0156927654699147,Volatility Doubles,Hypothetical,0.03041024830535622
2025-08-07,0.0044852007367833,Volatility Doubles,Hypothetical,0.007995118839093424
2025-08-08,0.0164076830014351,Volatility Doubles,Hypothetical,0.031840083368397026
2025-08-11,-0.0018193394516851,Volatility Doubles,Hypothetical,-0.004613961537843376
2025-08-12,0.0113116765546463,Volatility Doubles,Hypothetical,0.021648070474819425
2025-08-13,0.0010840854854198,Volatility Doubles,Hypothetical,0.0011928883363664239
2025-08-14,0.0043807848320475,Volatility Doubles,Hypothetical,0.0077862870296218235
2025-08-15,0.0013968921211029,Volatility Doubles,Hypothetical,0.0018185016077326235
2025-08-18,0.0005376735237972,Volatility Doubles,Hypothetical,0.00010006441312122361
2025-08-19,-0.0128311849143921,Volatility Doubles,Hypothetical,-0.026637652463257375
2025-08-20,-0.0091210242482829,Volatility Doubles,Hypothetical,-0.019217331131038976
2025-08-21,-0.0026852840621786,Volatility Doubles,Hypothetical,-0.006345850758830376
2025-08-22,0.0194394517233608,Volatility Doubles,Hypothetical,0.03790362081224842
2025-08-25,0.0010771273225949,Volatility Doubles,Hypothetical,0.0011789720107166237
2025-08-26,0.0037080806513377,Volatility Doubles,Hypothetical,0.006440878668202223
2025-08-27,0.0032546569673014,Volatility Doubles,Hypothetical,0.005534031300129623
2025-08-28,0.0048479168272962,Volatility Doubles,Hypothetical,0.008720551020119224
2025-08-29,-0.0076818085600725,Volatility Doubles,Hypothetical,-0.016338899754618177
2025-09-02,-0.0093590309648724,Volatility Doubles,Hypothetical,-0.019693344564217976
2025-09-03,0.0158403507778852,Volatility Doubles,Hypothetical,0.030705418921297224
2025-09-04,0.0111822558095505,Volatility Doubles,Hypothetical,0.021389228984627823
2025-09-05,-0.0100882847611909,Volatility Doubles,Hypothetical,-0.021151852156854976
2025-09-08,0.0016844086147825,Volatility Doubles,Hypothetical,0.0023935345950918236
2025-09-09,0.0097575085657455,Volatility Doubles,Hypothetical,0.018539734497017825
2025-09-10,-0.0030972044057325,Volatility Doubles,Hypothetical,-0.007169691445938176
2025-09-11,0.0085709601305595,Volatility Doubles,Hypothetical,0.016166637626645823
2025-09-12,0.0102169335631357,Volatility Doubles,Hypothetical,0.019458584491798225
2025-09-15,0.0123265821839998,Volatility Doubles,Hypothetical,0.023677881733526425
2025-09-16,0.0001352282495879,Volatility Doubles,Hypothetical,-0.0007048261352973764
2025-09-17,-0.0030439157129357,Volatility Doubles,Hypothetical,-0.007063114060344575
2025-09-18,0.0026848279297027,Volatility Doubles,Hypothetical,0.004394373224932224
2025-09-19,0.0118688168596381,Volatility Doubles,Hypothetical,0.022762351084803022
2025-09-22,0.0103676667346206,Volatility Doubles,Hypothetical,0.019760050834768023
2025-09-23,-0.0102839301557467,Volatility Doubles,Hypothetical,-0.021543142945966577
2025-09-24,-0.001303802684703,Volatility Doubles,Hypothetical,-0.003582888003879176
2025-09-25,-0.001674065420231,Volatility Doubles,Hypothetical,-0.004323413474935176
2025-09-26,0.0046131414364074,Volatility Doubles,Hypothetical,0.008251000238341624
2025-09-29,0.0022669386246084,Volatility Doubles,Hypothetical,0.003558594614743624
2025-09-30,0.002261967332377,Volatility Doubles,Hypothetical,0.003548652030280824
2025-10-01,0.0019440484386984,Volatility Doubles,Hypothetical,0.0029128142429236236
2025-10-02,9.054848733355987e-05,Volatility Doubles,Hypothetical,-0.0007941856598060566
2025-10-03,-0.0005758783690377,Volatility Doubles,Hypothetical,-0.002127039372548576
2025-10-06,0.0066282800090189,Volatility Doubles,Hypothetical,0.012281277383564623
2025-10-07,-0.005596973159296,Volatility Doubles,Hypothetical,-0.012169228953065176
2025-10-08,0.0063414933136507,Volatility Doubles,Hypothetical,0.011707703992828224
2025-10-09,-0.0008607037391331,Volatility Doubles,Hypothetical,-0.0026966901127393763
2025-10-10,-0.0339494058300054,Volatility Doubles,Hypothetical,-0.06887409429448398
2025-10-13,0.0188178350303747,Volatility Doubles,Hypothetical,0.036660387426276225
2025-10-14,-0.0109563437321476,Volatility Doubles,Hypothetical,-0.022887970098768376
2025-10-15,0.005285172866864,Volatility Doubles,Hypothetical,0.009595063099254824
2025-10-16,-0.0053038482888556,Volatility Doubles,Hypothetical,-0.011582979212184376
2025-10-17,0.007604768157598,Volatility Doubles,Hypothetical,0.014234253680722824
2025-10-20,0.015937642116334,Volatility Doubles,Hypothetical,0.030900001598194823
2025-10-21,-0.0025349077745578,Volatility Doubles,Hypothetical,-0.006045098183588777
2025-10-22,-0.0056430554376427,Volatility Doubles,Hypothetical,-0.012261393509758576
2025-10-23,0.0061357703959486,Volatility Doubles,Hypothetical,0.011296258157424023
2025-10-24,0.0113430762593989,Volatility Doubles,Hypothetical,0.021710869884324625
2025-10-27,0.0205575905407175,Volatility Doubles,Hypothetical,0.04013989844696182
2025-10-28,0.0118993318850911,Volatility Doubles,Hypothetical,0.022823381135709024
2025-10-29,0.0069134002931726,Volatility Doubles,Hypothetical,0.012851517951872024
2025-10-30,-0.0163924502518784,Volatility Doubles,Hypothetical,-0.033760183138229975
2025-10-31,0.0060977283131622,Volatility Doubles,Hypothetical,0.011220173991851224
2025-11-03,0.0053000013122288,Volatility Doubles,Hypothetical,0.009624719989984423
2025-11-04,-0.01394645413493,Volatility Doubles,Hypothetical,-0.028868190904333176
2025-11-05,0.0008401742072847,Volatility Doubles,Hypothetical,0.0007050657800962237
2025-11-06,-0.0147807955014362,Volatility Doubles,Hypothetical,-0.03053687363734557
2025-11-07,-0.0023468652215845,Volatility Doubles,Hypothetical,-0.005669013077642176
2025-11-10,0.0211478847397028,Volatility Doubles,Hypothetical,0.041320486844932426
2025-11-11,0.0014112402935461,Volatility Doubles,Hypothetical,0.0018471979526190237
2025-11-12,-0.0036040414271816,Volatility Doubles,Hypothetical,-0.008183365488836376
2025-11-13,-0.0213280489708089,Volatility Doubles,Hypothetical,-0.04363138057609098
2025-11-14,-0.0003662777124554,Volatility Doubles,Hypothetical,-0.0017078380593839762
2025-11-17,-0.0070283700878662,Volatility Doubles,Hypothetical,-0.015032022810205575
2025-11-18,-0.015336385005707,Volatility Doubles,Hypothetical,-0.03164805264588717
2025-11-19,0.0055923729934971,Volatility Doubles,Hypothetical,0.010209463352521023
2025-11-20,-0.0151970748405115,Volatility Doubles,Hypothetical,-0.031369432315496174
2025-11-21,0.0066703405427818,Volatility Doubles,Hypothetical,0.012365398451090423
2025-11-24,0.0197347581505189,Volatility Doubles,Hypothetical,0.038494233666564626
2025-11-25,0.0049652972316127,Volatility Doubles,Hypothetical,0.008955311828752224
2025-11-26,0.0066072782145476,Volatility Doubles,Hypothetical,0.012239273794622023
2025-11-28,0.0058214663195229,Volatility Doubles,Hypothetical,0.010667650004572624
2025-12-01,-0.0001089254501158,Volatility Doubles,Hypothetical,-0.0011931335347047764
2025-12-02,0.0046815368406964,Volatility Doubles,Hypothetical,0.008387791046919623
2025-12-03,-0.0003520642594413,Volatility Doubles,Hypothetical,-0.0016794111533557764
2025-12-04,0.0022320888252812,Volatility Doubles,Hypothetical,0.0034888950160892234
2025-12-05,-0.0001591177744501,Volatility Doubles,Hypothetical,-0.0012935181833733764
2025-12-08,-0.0023118870553685,Volatility Doubles,Hypothetical,-0.005599056745210176
2025-12-09,-0.0030790882423208,Volatility Doubles,Hypothetical,-0.007133459119114775
2025-12-10,0.003280655962924,Volatility Doubles,Hypothetical,0.005586029291374824
2025-12-11,-0.0011962199696386,Volatility Doubles,Hypothetical,-0.0033677225737503763
2025-12-12,-0.0076562440573298,Volatility Doubles,Hypothetical,-0.016287770749132777
2025-12-15,-0.0031177421706468,Volatility Doubles,Hypothetical,-0.007210766975766777
2025-12-16,3.872676089726815e-05,Volatility Doubles,Hypothetical,-0.00089782911267864
2025-12-17,-0.0141338992357122,Volatility Doubles,Hypothetical,-0.029243081105897576
2025-12-18,0.0111635287072285,Volatility Doubles,Hypothetical,0.021351774779983825
2025-12-19,0.0099101063840805,Volatility Doubles,Hypothetical,0.018844930133687824
2025-12-22,0.0043476578067993,Volatility Doubles,Hypothetical,0.007720032979125423
2025-12-23,0.0104242136376382,Volatility Doubles,Hypothetical,0.019873144640803225
2025-12-24,0.0024770381930485,Volatility Doubles,Hypothetical,0.0039787937516238235
2025-12-26,-0.0001685141286545,Volatility Doubles,Hypothetical,-0.0013123108917821764
2025-12-29,-0.0050651449714475,Volatility Doubles,Hypothetical,-0.011105572577368177
2025-12-30,-7.925023386106983e-05,Volatility Doubles,Hypothetical,-0.0011337831021953158
2025-12-31,-0.0058448913166461,Volatility Doubles,Hypothetical,-0.012665065267765376
2026-01-02,-0.0024523048082833,Volatility Doubles,Hypothetical,-0.005879892251039776
2026-01-05,0.0065848546470889,Volatility Doubles,Hypothetical,0.012194426659704624
2026-01-06,-0.0020953298645552,Volatility Doubles,Hypothetical,-0.005165942363583576
2026-01-07,-0.0013690080748168,Volatility Doubles,Hypothetical,-0.0037132987841067763
2026-01-08,0.0008136336193937,Volatility Doubles,Hypothetical,0.0006519846043142236
2026-01-09,0.0035478201590759,Volatility Doubles,Hypothetical,0.006120357683678624
2026-01-12,-0.0018813760536899,Volatility Doubles,Hypothetical,-0.004738034741852977
2026-01-13,-0.0063976690651136,Volatility Doubles,Hypothetical,-0.013770620764700377
2026-01-14,-0.0107230538516739,Volatility Doubles,Hypothetical,-0.022421390337820975
2026-01-15,0.0016429251030099,Volatility Doubles,Hypothetical,0.0023105675715466237
2026-01-16,-0.0021688910965432,Volatility Doubles,Hypothetical,-0.005313064827559577
2026-01-20,-0.0267005971726316,Volatility Doubles,Hypothetical,-0.054376476979736375
2026-01-21,0.008226985784251,Volatility Doubles,Hypothetical,0.015478688934028824
2026-01-22,0.0123949934207221,Volatility Doubles,Hypothetical,0.023814704206971023
2026-01-23,0.0077176304149204,Volatility Doubles,Hypothetical,0.014459978195367623
2026-01-26,0.0074460346358181,Volatility Doubles,Hypothetical,0.013916786637163024
2026-01-27,-0.0007774681817458,Volatility Doubles,Hypothetical,-0.0025302189979647762
2026-01-28,0.0031623827433333,Volatility Doubles,Hypothetical,0.0053494828521934235
2026-01-29,-0.0076413980883901,Volatility Doubles,Hypothetical,-0.016258078811253376
2026-01-30,-0.0029978801461466,Volatility Doubles,Hypothetical,-0.006971042926766376
2026-02-02,0.0020235825771579,Volatility Doubles,Hypothetical,0.0030718825198426235
2026-02-03,-0.0092903630475206,Volatility Doubles,Hypothetical,-0.019556008729514376
2026-02-04,-0.0063359402854972,Volatility Doubles,Hypothetical,-0.013647163205467576
2026-02-05,-0.0202435373043135,Volatility Doubles,Hypothetical,-0.04146235724310018
2026-02-06,0.0149259851653184,Volatility Doubles,Hypothetical,0.028876687696163625
2026-02-09,0.0080110721944211,Volatility Doubles,Hypothetical,0.015046861754369024
2026-02-10,-0.0056917879064365,Volatility Doubles,Hypothetical,-0.012358858447346176
2026-02-11,-0.0044072800057994,Volatility Doubles,Hypothetical,-0.009789842646071977
2026-02-12,-0.0224888143674264,Volatility Doubles,Hypothetical,-0.04595291136932598
2026-02-13,-0.0093510323184307,Volatility Doubles,Hypothetical,-0.019677347271334578
2026-02-17,0.0054548541357315,Volatility Doubles,Hypothetical,0.009934425636989824
2026-02-18,0.0083200733595246,Volatility Doubles,Hypothetical,0.015664864084576024
2026-02-19,-0.0028202656326301,Volatility Doubles,Hypothetical,-0.006615813899733376
2026-02-20,0.0110759156392269,Volatility Doubles,Hypothetical,0.021176548643980622
2026-02-23,-0.0131607807796919,Volatility Doubles,Hypothetical,-0.027296844193856976
2026-02-24,0.0078090430612404,Volatility Doubles,Hypothetical,0.014642803488007623
2026-02-25,0.0155151491772143,Volatility Doubles,Hypothetical,0.030055015719955423
2026-02-26,-0.0116420576577837,Volatility Doubles,Hypothetical,-0.024259397950040576
2026-02-27,-0.0147855532054674,Volatility Doubles,Hypothetical,-0.030546389045407976
2026-03-02,0.0049993623346427,Volatility Doubles,Hypothetical,0.009023442034812224
2026-03-03,-0.003643884101913,Volatility Doubles,Hypothetical,-0.008263050838299178
2026-03-04,0.0078261354992855,Volatility Doubles,Hypothetical,0.014676988364097823
2026-03-05,-0.0020111310703161,Volatility Doubles,Hypothetical,-0.004997544775105376
2026-03-06,-0.0147891215614148,Volatility Doubles,Hypothetical,-0.030553525757302774
2026-03-09,0.0093456866538519,Volatility Doubles,Hypothetical,0.017716090673230624
2026-03-10,0.0006316820911687,Volatility Doubles,Hypothetical,0.00028808154786422375
2026-03-11,0.0028061882300428,Volatility Doubles,Hypothetical,0.004637093825612424
2026-03-12,-0.015871043758481,Volatility Doubles,Hypothetical,-0.03271737015143518
2026-03-13,-0.0110379972666898,Volatility Doubles,Hypothetical,-0.023051277167852775
2026-03-16,0.0128907096138531,Volatility Doubles,Hypothetical,0.024806136593233025
2026-03-17,0.0044108951944191,Volatility Doubles,Hypothetical,0.007846507754365024
2026-03-18,-0.0131514732408135,Volatility Doubles,Hypothetical,-0.027278229116100176
2026-03-19,-0.0068777276406271,Volatility Doubles,Hypothetical,-0.014730737915727377
2026-03-20,-0.0158456570396786,Volatility Doubles,Hypothetical,-0.032666596713830376
2026-03-23,0.0115232999851818,Volatility Doubles,Hypothetical,0.022071317335890423
2026-03-24,-0.0076252852777987,Volatility Doubles,Hypothetical,-0.016225853190070576
2026-03-25,0.0059538301281821,Volatility Doubles,Hypothetical,0.010932377621891023
2026-03-26,-0.0207781536873016,Volatility Doubles,Hypothetical,-0.04253159000907638
2026-03-27,-0.0233413679372261,Volatility Doubles,Hypothetical,-0.04765801850892538
2026-03-30,-0.0013648407877984,Volatility Doubles,Hypothetical,-0.003704964210069977
2026-03-31,0.0372940723011465,Volatility Doubles,Hypothetical,0.07361286196781983
2026-04-01,0.0069646024806119,Volatility Doubles,Hypothetical,0.012953922326750624
2026-04-02,-0.0005529355863214,Volatility Doubles,Hypothetical,-0.002081153807115976
2026-04-06,0.0062535740688875,Volatility Doubles,Hypothetical,0.011531865503301824
2026-04-07,0.0028291233287086,Volatility Doubles,Hypothetical,0.004682964022944024
2026-04-08,0.0190587880027824,Volatility Doubles,Hypothetical,0.03714229337109162
2026-04-09,0.0102071370518341,Volatility Doubles,Hypothetical,0.019438991469195022
2026-04-10,0.0037204258616793,Volatility Doubles,Hypothetical,0.006465569088885423
2026-04-13,0.0103571609588527,Volatility Doubles,Hypothetical,0.019739039283232222
2026-04-14,0.0180117693866367,Volatility Doubles,Hypothetical,0.03504825613880022
2026-04-15,0.0179535203895404,Volatility Doubles,Hypothetical,0.034931758144607625
2026-04-16,0.0034030787784033,Volatility Doubles,Hypothetical,0.005830874922333424
2026-04-17,0.012408768207535,Volatility Doubles,Hypothetical,0.023842253780596824
2026-04-20,-0.0014351581475228,Volatility Doubles,Hypothetical,-0.0038455989295187766
2026-04-21,-0.0040449842337703,Volatility Doubles,Hypothetical,-0.009065251102013776
2026-04-22,0.0165036862728328,Volatility Doubles,Hypothetical,0.03203208991119243
2026-04-23,-0.0111649266001312,Volatility Doubles,Hypothetical,-0.023305135834735577
2026-04-24,0.0127635901017986,Volatility Doubles,Hypothetical,0.024551897569124025
2026-04-27,0.0054003253985247,Volatility Doubles,Hypothetical,0.009825368162576224
2026-04-28,0.002272708017369,Volatility Doubles,Hypothetical,0.0035701334002648235
2026-04-29,-0.0029626238118557,Volatility Doubles,Hypothetical,-0.006900530258184576
2026-04-30,-0.0041501113805825,Volatility Doubles,Hypothetical,-0.009275505395638177
2026-05-01,0.0093364240943601,Volatility Doubles,Hypothetical,0.017697565554247025
2026-05-04,-0.0025128724829814,Volatility Doubles,Hypothetical,-0.006001027600435976
2026-05-05,0.0039811129783619,Volatility Doubles,Hypothetical,0.006986943322250624
2026-05-06,0.016672568207812,Volatility Doubles,Hypothetical,0.03236985378115082
2026-05-07,0.0023844915738078,Volatility Doubles,Hypothetical,0.003793700513142424
2026-05-08,0.0065730720138982,Volatility Doubles,Hypothetical,0.012170861393323225
2026-05-11,-2.2809556288955592e-05,Volatility Doubles,Hypothetical,-0.0010209017470510875
2026-05-12,0.001540611974659,Volatility Doubles,Hypothetical,0.002105941314844824
2026-05-13,0.012506537349805,Volatility Doubles,Hypothetical,0.024037792065136825
2026-05-14,0.0060347853606273,Volatility Doubles,Hypothetical,0.011094288086781423
2026-05-15,-0.005303403434343,Volatility Doubles,Hypothetical,-0.011582089503159176
2026-05-18,-0.0030038415037228,Volatility Doubles,Hypothetical,-0.006982965641918776
2026-05-19,-0.0097779423194636,Volatility Doubles,Hypothetical,-0.020531167273400375
2026-05-20,0.0090712403810499,Volatility Doubles,Hypothetical,0.017167198127626623
2026-05-21,-0.0001100852397715,Volatility Doubles,Hypothetical,-0.0011954531140161762
2026-05-22,0.0003788706432982,Volatility Doubles,Hypothetical,-0.00021754134787677635
2026-05-26,-0.0024392576448392,Volatility Doubles,Hypothetical,-0.0058537979241515764
2026-05-27,0.0017033975892403,Volatility Doubles,Hypothetical,0.0024315125440074236
2026-05-28,0.0072952208895211,Volatility Doubles,Hypothetical,0.013615159144569023
2026-05-29,0.0007510939451901,Volatility Doubles,Hypothetical,0.0005269052559070237
2026-06-01,-0.000314740002262,Volatility Doubles,Hypothetical,-0.0016047626389971764
2026-06-02,-0.0054983914230892,Volatility Doubles,Hypothetical,-0.011972065480651576
2026-06-03,-0.013980854185894,Volatility Doubles,Hypothetical,-0.028936991006261178
2026-06-04,0.0142454134753167,Volatility Doubles,Hypothetical,0.027515544316160222
2026-06-05,-0.0263297785240769,Volatility Doubles,Hypothetical,-0.05363483968262698
2026-06-08,-0.002043710599803,Volatility Doubles,Hypothetical,-0.005062703834079176
2026-06-09,-0.0122166425894446,Volatility Doubles,Hypothetical,-0.025408567813362377
2026-06-10,-0.0163852366567912,Volatility Doubles,Hypothetical,-0.033745755948055574
2026-06-11,0.0070680398540805,Volatility Doubles,Hypothetical,0.013160797073687823
2026-06-12,0.0001798581455447,Volatility Doubles,Hypothetical,-0.0006155663433837764
2026-06-15,0.0189487491054039,Volatility Doubles,Hypothetical,0.03692221557633463
2026-06-16,0.0003891130339293,Volatility Doubles,Hypothetical,-0.00019705656661457636
2026-06-17,-0.0206299429961185,Volatility Doubles,Hypothetical,-0.04223516862671017
2026-06-18,0.0079451751433376,Volatility Doubles,Hypothetical,0.014915067652202022
2026-06-22,-0.0147065924648088,Volatility Doubles,Hypothetical,-0.030388467564090776
2026-06-23,-0.0074981758718378,Volatility Doubles,Hypothetical,-0.015971634378148775
2026-06-24,-0.0080887321626563,Volatility Doubles,Hypothetical,-0.017152746959785775
2026-06-25,-0.0234640773353365,Volatility Doubles,Hypothetical,-0.04790343730514618
2026-06-26,0.0131908761768961,Volatility Doubles,Hypothetical,0.025406469719319022
2026-06-29,0.0106707122064926,Volatility Doubles,Hypothetical,0.020366141778512023
2026-06-30,0.0115465285484001,Volatility Doubles,Hypothetical,0.022117774462327024
2026-07-01,0.0164253873544256,Volatility Doubles,Hypothetical,0.03187549207437802
2026-07-02,0.0036717847693283,Volatility Doubles,Hypothetical,0.006368286904183423
2026-07-06,0.0091285923446557,Volatility Doubles,Hypothetical,0.017281902054838223
2026-07-07,0.0042248960211844,Volatility Doubles,Hypothetical,0.007474509407895624
2026-07-08,-0.0025750734210464,Volatility Doubles,Hypothetical,-0.006125429476565977
2026-07-09,0.0064676863835716,Volatility Doubles,Hypothetical,0.011960090132670024
2026-07-10,0.0075195951630685,Volatility Doubles,Hypothetical,0.014063907691663824
2026-07-13,-0.0029885436273929,Volatility Doubles,Hypothetical,-0.006952369889258975
2026-07-14,0.0068387927880816,Volatility Doubles,Hypothetical,0.012702302941690023
2026-07-15,0.0200450394490475,Volatility Doubles,Hypothetical,0.039114796263621826
2026-07-16,-0.0063405954094449,Volatility Doubles,Hypothetical,-0.013656473453362976
2026-07-17,-0.011617732093823,Volatility Doubles,Hypothetical,-0.024210746822119177
2026-07-20,-0.000555639380874,Volatility Doubles,Hypothetical,-0.0020865613962211763
2026-07-21,0.0053589087418807,Volatility Doubles,Hypothetical,0.009742534849288224
2026-07-22,-0.0038945313854105,Volatility Doubles,Hypothetical,-0.008764345405294176
2026-07-23,-0.0296417374234273,Volatility Doubles,Hypothetical,-0.06025875748132778
2026-07-24,0.0042429532709895,Volatility Doubles,Hypothetical,0.007510623907505823
2026-07-27,-0.0016283705571535,Volatility Doubles,Hypothetical,-0.0042320237487801764
2026-07-28,0.0065592937675821,Volatility Doubles,Hypothetical,0.012143304900691024
2026-07-29,-0.0140895850537331,Volatility Doubles,Hypothetical,-0.029154452741939375
2026-07-30,0.0251613079297093,Volatility Doubles,Hypothetical,0.049347333224945424
2026-07-31,0.0152118330726815,Volatility Doubles,Hypothetical,0.029448383510889825
2020-01-03,-0.00625630466643624,Correlation Spikes,Hypothetical,-0.00625630466643624
2020-01-06,0.01081996393659741,Correlation Spikes,Hypothetical,0.01081996393659741
2020-01-07,0.0008188030663581005,Correlation Spikes,Hypothetical,0.0008188030663581005
2020-01-08,0.010634749997203017,Correlation Spikes,Hypothetical,0.010634749997203017
2020-01-09,0.005800856853183429,Correlation Spikes,Hypothetical,0.005800856853183429
2020-01-10,-0.0023458408565565202,Correlation Spikes,Hypothetical,-0.0023458408565565202
2020-01-13,0.017856208200394304,Correlation Spikes,Hypothetical,0.017856208200394304
2020-01-14,-0.0033846149298071703,Correlation Spikes,Hypothetical,-0.0033846149298071703
2020-01-15,-0.0017467591878872002,Correlation Spikes,Hypothetical,-0.0017467591878872002
2020-01-16,0.006841582665372771,Correlation Spikes,Hypothetical,0.006841582665372771
2020-01-17,0.0022721989634103593,Correlation Spikes,Hypothetical,0.0022721989634103593
2020-01-21,0.005223775421862969,Correlation Spikes,Hypothetical,0.005223775421862969
2020-01-22,0.003978991524340539,Correlation Spikes,Hypothetical,0.003978991524340539
2020-01-23,0.00075451212252017,Correlation Spikes,Hypothetical,0.00075451212252017
2020-01-24,-0.012197035081340688,Correlation Spikes,Hypothetical,-0.012197035081340688
2020-01-27,-0.02166886479961883,Correlation Spikes,Hypothetical,-0.02166886479961883
2020-01-28,0.015952370366525772,Correlation Spikes,Hypothetical,0.015952370366525772
2020-01-29,0.006316608351296129,Correlation Spikes,Hypothetical,0.006316608351296129
2020-01-30,0.00907783094829983,Correlation Spikes,Hypothetical,0.00907783094829983
2020-01-31,-0.015691067830737603,Correlation Spikes,Hypothetical,-0.015691067830737603
2020-02-03,0.02719068907666025,Correlation Spikes,Hypothetical,0.02719068907666025
2020-02-04,0.028347557473569214,Correlation Spikes,Hypothetical,0.028347557473569214
2020-02-05,-0.00370973082659888,Correlation Spikes,Hypothetical,-0.00370973082659888
2020-02-06,0.0070586880038907805,Correlation Spikes,Hypothetical,0.0070586880038907805
2020-02-07,-0.0021413305261186906,Correlation Spikes,Hypothetical,-0.0021413305261186906
2020-02-10,0.014287783716288995,Correlation Spikes,Hypothetical,0.014287783716288995
2020-02-11,-9.46266464482981e-06,Correlation Spikes,Hypothetical,-9.46266464482981e-06
2020-02-12,0.011646284780954228,Correlation Spikes,Hypothetical,0.011646284780954228
2020-02-13,0.0021365936692674496,Correlation Spikes,Hypothetical,0.0021365936692674496
2020-02-14,0.005691182371813248,Correlation Spikes,Hypothetical,0.005691182371813248
2020-02-18,0.010061119016189888,Correlation Spikes,Hypothetical,0.010061119016189888
2020-02-19,0.018808272706962566,Correlation Spikes,Hypothetical,0.018808272706962566
2020-02-20,-0.010903349472091848,Correlation Spikes,Hypothetical,-0.010903349472091848
2020-02-21,-0.019574524498525613,Correlation Spikes,Hypothetical,-0.019574524498525613
2020-02-24,-0.05172936931032619,Correlation Spikes,Hypothetical,-0.05172936931032619
2020-02-25,-0.032839841562086323,Correlation Spikes,Hypothetical,-0.032839841562086323
2020-02-26,0.0011562419212790811,Correlation Spikes,Hypothetical,0.0011562419212790811
2020-02-27,-0.0596182840162693,Correlation Spikes,Hypothetical,-0.0596182840162693
2020-02-28,0.010237064401378141,Correlation Spikes,Hypothetical,0.010237064401378141
2020-03-02,0.05546647484817017,Correlation Spikes,Hypothetical,0.05546647484817017
2020-03-03,-0.03553244902682966,Correlation Spikes,Hypothetical,-0.03553244902682966
2020-03-04,0.041160698783846386,Correlation Spikes,Hypothetical,0.041160698783846386
2020-03-05,-0.035468101080404026,Correlation Spikes,Hypothetical,-0.035468101080404026
2020-03-06,-0.02423236403289248,Correlation Spikes,Hypothetical,-0.02423236403289248
2020-03-09,-0.08330246018780402,Correlation Spikes,Hypothetical,-0.08330246018780402
2020-03-10,0.05550061272898073,Correlation Spikes,Hypothetical,0.05550061272898073
2020-03-11,-0.03736593165789159,Correlation Spikes,Hypothetical,-0.03736593165789159
2020-03-12,-0.09813357417139927,Correlation Spikes,Hypothetical,-0.09813357417139927
2020-03-13,0.09064303749051346,Correlation Spikes,Hypothetical,0.09064303749051346
2020-03-16,-0.1376548337193235,Correlation Spikes,Hypothetical,-0.1376548337193235
2020-03-17,0.05483827755812583,Correlation Spikes,Hypothetical,0.05483827755812583
2020-03-18,-0.06383910785390566,Correlation Spikes,Hypothetical,-0.06383910785390566
2020-03-19,0.04002806562284324,Correlation Spikes,Hypothetical,0.04002806562284324
2020-03-20,-0.03453106638431171,Correlation Spikes,Hypothetical,-0.03453106638431171
2020-03-23,-0.012472261550008771,Correlation Spikes,Hypothetical,-0.012472261550008771
2020-03-24,0.1077941323114424,Correlation Spikes,Hypothetical,0.1077941323114424
2020-03-25,0.011208359409097151,Correlation Spikes,Hypothetical,0.011208359409097151
2020-03-26,0.04799589936116384,Correlation Spikes,Hypothetical,0.04799589936116384
2020-03-27,-0.04099098374768822,Correlation Spikes,Hypothetical,-0.04099098374768822
2020-03-30,0.03277933106933361,Correlation Spikes,Hypothetical,0.03277933106933361
2020-03-31,-0.00023263351673297037,Correlation Spikes,Hypothetical,-0.00023263351673297037
2020-04-01,-0.048615354921423125,Correlation Spikes,Hypothetical,-0.048615354921423125
2020-04-02,0.016966068637137528,Correlation Spikes,Hypothetical,0.016966068637137528
2020-04-03,-0.01706986545159774,Correlation Spikes,Hypothetical,-0.01706986545159774
2020-04-06,0.07204158326251349,Correlation Spikes,Hypothetical,0.07204158326251349
2020-04-07,0.005662148013343249,Correlation Spikes,Hypothetical,0.005662148013343249
2020-04-08,0.03244277473780137,Correlation Spikes,Hypothetical,0.03244277473780137
2020-04-09,0.010053961788785292,Correlation Spikes,Hypothetical,0.010053961788785292
2020-04-13,0.019138288256570084,Correlation Spikes,Hypothetical,0.019138288256570084
2020-04-14,0.0351593161955173,Correlation Spikes,Hypothetical,0.0351593161955173
2020-04-15,-0.005875000985303204,Correlation Spikes,Hypothetical,-0.005875000985303204
2020-04-16,0.01364807249899422,Correlation Spikes,Hypothetical,0.01364807249899422
2020-04-17,0.018662795101007983,Correlation Spikes,Hypothetical,0.018662795101007983
2020-04-20,-0.01929295192240567,Correlation Spikes,Hypothetical,-0.01929295192240567
2020-04-21,-0.03837523533528346,Correlation Spikes,Hypothetical,-0.03837523533528346
2020-04-22,0.0353309861932298,Correlation Spikes,Hypothetical,0.0353309861932298
2020-04-23,0.00432530906997702,Correlation Spikes,Hypothetical,0.00432530906997702
2020-04-24,0.017198326597630577,Correlation Spikes,Hypothetical,0.017198326597630577
2020-04-27,0.015012879651097641,Correlation Spikes,Hypothetical,0.015012879651097641
2020-04-28,-0.016616890343340154,Correlation Spikes,Hypothetical,-0.016616890343340154
2020-04-29,0.03986943296873741,Correlation Spikes,Hypothetical,0.03986943296873741
2020-04-30,0.006181800648395632,Correlation Spikes,Hypothetical,0.006181800648395632
2020-05-01,-0.04123245217535335,Correlation Spikes,Hypothetical,-0.04123245217535335
2020-05-04,0.022527105633880114,Correlation Spikes,Hypothetical,0.022527105633880114
2020-05-05,0.00892165223341866,Correlation Spikes,Hypothetical,0.00892165223341866
2020-05-06,0.0019080492799614201,Correlation Spikes,Hypothetical,0.0019080492799614201
2020-05-07,0.0077785495613953,Correlation Spikes,Hypothetical,0.0077785495613953
2020-05-08,0.019362706131331682,Correlation Spikes,Hypothetical,0.019362706131331682
2020-05-11,0.004642859150199059,Correlation Spikes,Hypothetical,0.004642859150199059
2020-05-12,-0.017812249370786768,Correlation Spikes,Hypothetical,-0.017812249370786768
2020-05-13,-0.020936773926604906,Correlation Spikes,Hypothetical,-0.020936773926604906
2020-05-14,0.017753936902907285,Correlation Spikes,Hypothetical,0.017753936902907285
2020-05-15,0.007677337617712019,Correlation Spikes,Hypothetical,0.007677337617712019
2020-05-18,0.024913278136529177,Correlation Spikes,Hypothetical,0.024913278136529177
2020-05-19,-0.005950916962112569,Correlation Spikes,Hypothetical,-0.005950916962112569
2020-05-20,0.02257141174820735,Correlation Spikes,Hypothetical,0.02257141174820735
2020-05-21,-0.007675104514674041,Correlation Spikes,Hypothetical,-0.007675104514674041
2020-05-22,0.004201496183833618,Correlation Spikes,Hypothetical,0.004201496183833618
2020-05-26,0.005638398584794311,Correlation Spikes,Hypothetical,0.005638398584794311
2020-05-27,0.006179955521560041,Correlation Spikes,Hypothetical,0.006179955521560041
2020-05-28,-0.0085422256107449,Correlation Spikes,Hypothetical,-0.0085422256107449
2020-05-29,0.010445173578819598,Correlation Spikes,Hypothetical,0.010445173578819598
2020-06-01,0.01553659034805488,Correlation Spikes,Hypothetical,0.01553659034805488
2020-06-02,0.0035824225460182107,Correlation Spikes,Hypothetical,0.0035824225460182107
2020-06-03,0.00841478595715623,Correlation Spikes,Hypothetical,0.00841478595715623
2020-06-04,-0.008987655909893111,Correlation Spikes,Hypothetical,-0.008987655909893111
2020-06-05,0.03133513397723549,Correlation Spikes,Hypothetical,0.03133513397723549
2020-06-08,0.014024018373654568,Correlation Spikes,Hypothetical,0.014024018373654568
2020-06-09,0.00726815036099667,Correlation Spikes,Hypothetical,0.00726815036099667
2020-06-10,0.01011118761940406,Correlation Spikes,Hypothetical,0.01011118761940406
2020-06-11,-0.05859012362125299,Correlation Spikes,Hypothetical,-0.05859012362125299
2020-06-12,0.00685060578543038,Correlation Spikes,Hypothetical,0.00685060578543038
2020-06-15,0.01559326574500617,Correlation Spikes,Hypothetical,0.01559326574500617
2020-06-16,0.01328567232465931,Correlation Spikes,Hypothetical,0.01328567232465931
2020-06-17,-0.0015323714061128697,Correlation Spikes,Hypothetical,-0.0015323714061128697
2020-06-18,0.0012373650674523898,Correlation Spikes,Hypothetical,0.0012373650674523898
2020-06-19,-0.0024612084414271295,Correlation Spikes,Hypothetical,-0.0024612084414271295
2020-06-22,0.011424604301603702,Correlation Spikes,Hypothetical,0.011424604301603702
2020-06-23,0.0102993346591706,Correlation Spikes,Hypothetical,0.0102993346591706
2020-06-24,-0.027631422371052063,Correlation Spikes,Hypothetical,-0.027631422371052063
2020-06-25,0.017422176843204885,Correlation Spikes,Hypothetical,0.017422176843204885
2020-06-26,-0.039339914845983134,Correlation Spikes,Hypothetical,-0.039339914845983134
2020-06-29,0.01627962005423171,Correlation Spikes,Hypothetical,0.01627962005423171
2020-06-30,0.024775424249378904,Correlation Spikes,Hypothetical,0.024775424249378904
2020-07-01,0.012905986611085673,Correlation Spikes,Hypothetical,0.012905986611085673
2020-07-02,0.011527470318273291,Correlation Spikes,Hypothetical,0.011527470318273291
2020-07-06,0.036152455459636704,Correlation Spikes,Hypothetical,0.036152455459636704
2020-07-07,-0.00952538188960564,Correlation Spikes,Hypothetical,-0.00952538188960564
2020-07-08,0.012443810429473278,Correlation Spikes,Hypothetical,0.012443810429473278
2020-07-09,0.00204731948387873,Correlation Spikes,Hypothetical,0.00204731948387873
2020-07-10,0.02110194195010483,Correlation Spikes,Hypothetical,0.02110194195010483
2020-07-13,-0.013554067676933847,Correlation Spikes,Hypothetical,-0.013554067676933847
2020-07-14,0.013872167617484481,Correlation Spikes,Hypothetical,0.013872167617484481
2020-07-15,-7.075001166103998e-05,Correlation Spikes,Hypothetical,-7.075001166103998e-05
2020-07-16,-0.0066973446670824995,Correlation Spikes,Hypothetical,-0.0066973446670824995
2020-07-17,-0.004488441585004009,Correlation Spikes,Hypothetical,-0.004488441585004009
2020-07-20,0.027115499574667336,Correlation Spikes,Hypothetical,0.027115499574667336
2020-07-21,-0.005066125809876011,Correlation Spikes,Hypothetical,-0.005066125809876011
2020-07-22,0.0003580234088302497,Correlation Spikes,Hypothetical,0.0003580234088302497
2020-07-23,-0.02731944600295403,Correlation Spikes,Hypothetical,-0.02731944600295403
2020-07-24,-0.00924156129070752,Correlation Spikes,Hypothetical,-0.00924156129070752
2020-07-27,0.018011942643623352,Correlation Spikes,Hypothetical,0.018011942643623352
2020-07-28,-0.013846750410395358,Correlation Spikes,Hypothetical,-0.013846750410395358
2020-07-29,0.016488491409313574,Correlation Spikes,Hypothetical,0.016488491409313574
2020-07-30,-0.004172737829833171,Correlation Spikes,Hypothetical,-0.004172737829833171
2020-07-31,0.015107115615121448,Correlation Spikes,Hypothetical,0.015107115615121448
2020-08-03,0.013089185909429629,Correlation Spikes,Hypothetical,0.013089185909429629
2020-08-04,0.00326778648137036,Correlation Spikes,Hypothetical,0.00326778648137036
2020-08-05,0.00803741185304493,Correlation Spikes,Hypothetical,0.00803741185304493
2020-08-06,0.01474849769334888,Correlation Spikes,Hypothetical,0.01474849769334888
2020-08-07,-0.00607943494962824,Correlation Spikes,Hypothetical,-0.00607943494962824
2020-08-10,-0.0015507948167748401,Correlation Spikes,Hypothetical,-0.0015507948167748401
2020-08-11,-0.014011059479986583,Correlation Spikes,Hypothetical,-0.014011059479986583
2020-08-12,0.03192236417306048,Correlation Spikes,Hypothetical,0.03192236417306048
2020-08-13,0.0037123070110350294,Correlation Spikes,Hypothetical,0.0037123070110350294
2020-08-14,0.0028290486007126006,Correlation Spikes,Hypothetical,0.0028290486007126006
2020-08-17,0.01520231377640537,Correlation Spikes,Hypothetical,0.01520231377640537
2020-08-18,0.0076996320284645585,Correlation Spikes,Hypothetical,0.0076996320284645585
2020-08-19,-0.005443587270611039,Correlation Spikes,Hypothetical,-0.005443587270611039
2020-08-20,0.013376175633294629,Correlation Spikes,Hypothetical,0.013376175633294629
2020-08-21,0.009586579176154731,Correlation Spikes,Hypothetical,0.009586579176154731
2020-08-24,0.007074412901989733,Correlation Spikes,Hypothetical,0.007074412901989733
2020-08-25,0.00548911900860633,Correlation Spikes,Hypothetical,0.00548911900860633
2020-08-26,0.018954403206815695,Correlation Spikes,Hypothetical,0.018954403206815695
2020-08-27,0.0019564543430305096,Correlation Spikes,Hypothetical,0.0019564543430305096
2020-08-28,0.00838795561340481,Correlation Spikes,Hypothetical,0.00838795561340481
2020-08-31,0.01196016452381523,Correlation Spikes,Hypothetical,0.01196016452381523
2020-09-01,0.005944645608104791,Correlation Spikes,Hypothetical,0.005944645608104791
2020-09-02,0.008177126681033703,Correlation Spikes,Hypothetical,0.008177126681033703
2020-09-03,-0.04778071040731861,Correlation Spikes,Hypothetical,-0.04778071040731861
2020-09-04,-0.00885347621023357,Correlation Spikes,Hypothetical,-0.00885347621023357
2020-09-08,-0.05825577871633365,Correlation Spikes,Hypothetical,-0.05825577871633365
2020-09-09,0.0340689397196493,Correlation Spikes,Hypothetical,0.0340689397196493
2020-09-10,-0.02005506115477918,Correlation Spikes,Hypothetical,-0.02005506115477918
2020-09-11,-0.005515486225422589,Correlation Spikes,Hypothetical,-0.005515486225422589
2020-09-14,0.024109349966574815,Correlation Spikes,Hypothetical,0.024109349966574815
2020-09-15,0.011102046314743838,Correlation Spikes,Hypothetical,0.011102046314743838
2020-09-16,-0.01298627678634744,Correlation Spikes,Hypothetical,-0.01298627678634744
2020-09-17,-0.01608095796524838,Correlation Spikes,Hypothetical,-0.01608095796524838
2020-09-18,-0.00812833853638133,Correlation Spikes,Hypothetical,-0.00812833853638133
2020-09-21,-0.00255738411603886,Correlation Spikes,Hypothetical,-0.00255738411603886
2020-09-22,0.004562775742624021,Correlation Spikes,Hypothetical,0.004562775742624021
2020-09-23,-0.0372783843819182,Correlation Spikes,Hypothetical,-0.0372783843819182
2020-09-24,0.007839260456351839,Correlation Spikes,Hypothetical,0.007839260456351839
2020-09-25,0.02625168808136045,Correlation Spikes,Hypothetical,0.02625168808136045
2020-09-28,0.017571562002925062,Correlation Spikes,Hypothetical,0.017571562002925062
2020-09-29,-0.0027751396266880593,Correlation Spikes,Hypothetical,-0.0027751396266880593
2020-09-30,0.011416767909937859,Correlation Spikes,Hypothetical,0.011416767909937859
2020-10-01,0.010223160044781318,Correlation Spikes,Hypothetical,0.010223160044781318
2020-10-02,-0.02513497592768137,Correlation Spikes,Hypothetical,-0.02513497592768137
2020-10-05,0.02455750307259067,Correlation Spikes,Hypothetical,0.02455750307259067
2020-10-06,-0.017792013650364,Correlation Spikes,Hypothetical,-0.017792013650364
2020-10-07,0.01627708156212775,Correlation Spikes,Hypothetical,0.01627708156212775
2020-10-08,0.010273680880644218,Correlation Spikes,Hypothetical,0.010273680880644218
2020-10-09,0.01030568422262377,Correlation Spikes,Hypothetical,0.01030568422262377
2020-10-12,0.028391493457918714,Correlation Spikes,Hypothetical,0.028391493457918714
2020-10-13,-0.0028981257407583215,Correlation Spikes,Hypothetical,-0.0028981257407583215
2020-10-14,-0.006381620847165001,Correlation Spikes,Hypothetical,-0.006381620847165001
2020-10-15,-0.0044311148118733705,Correlation Spikes,Hypothetical,-0.0044311148118733705
2020-10-16,-0.00565161627094545,Correlation Spikes,Hypothetical,-0.00565161627094545
2020-10-19,-0.02082629325654901,Correlation Spikes,Hypothetical,-0.02082629325654901
2020-10-20,0.005753504040797429,Correlation Spikes,Hypothetical,0.005753504040797429
2020-10-21,0.001444347120896809,Correlation Spikes,Hypothetical,0.001444347120896809
2020-10-22,0.009004173980501028,Correlation Spikes,Hypothetical,0.009004173980501028
2020-10-23,0.005823110448350261,Correlation Spikes,Hypothetical,0.005823110448350261
2020-10-26,-0.01894616075145566,Correlation Spikes,Hypothetical,-0.01894616075145566
2020-10-27,0.007205628362604871,Correlation Spikes,Hypothetical,0.007205628362604871
2020-10-28,-0.045030183381813145,Correlation Spikes,Hypothetical,-0.045030183381813145
2020-10-29,0.0222161895712035,Correlation Spikes,Hypothetical,0.0222161895712035
2020-10-30,-0.023647025674269285,Correlation Spikes,Hypothetical,-0.023647025674269285
2020-11-02,0.010969547322155668,Correlation Spikes,Hypothetical,0.010969547322155668
2020-11-03,0.02158222924623271,Correlation Spikes,Hypothetical,0.02158222924623271
2020-11-04,0.0416441482710611,Correlation Spikes,Hypothetical,0.0416441482710611
2020-11-05,0.023305948288721734,Correlation Spikes,Hypothetical,0.023305948288721734
2020-11-06,-0.00431423272148181,Correlation Spikes,Hypothetical,-0.00431423272148181
2020-11-09,0.00417904906089209,Correlation Spikes,Hypothetical,0.00417904906089209
2020-11-10,-0.016712690789866765,Correlation Spikes,Hypothetical,-0.016712690789866765
2020-11-11,0.01470491409975673,Correlation Spikes,Hypothetical,0.01470491409975673
2020-11-12,-0.007252839285919761,Correlation Spikes,Hypothetical,-0.007252839285919761
2020-11-13,0.00491904113096091,Correlation Spikes,Hypothetical,0.00491904113096091
2020-11-16,0.012553913173374428,Correlation Spikes,Hypothetical,0.012553913173374428
2020-11-17,0.0025234533393133996,Correlation Spikes,Hypothetical,0.0025234533393133996
2020-11-18,-0.002142151734779701,Correlation Spikes,Hypothetical,-0.002142151734779701
2020-11-19,0.004191298617608352,Correlation Spikes,Hypothetical,0.004191298617608352
2020-11-20,-0.012392279903010128,Correlation Spikes,Hypothetical,-0.012392279903010128
2020-11-23,0.012404323144008612,Correlation Spikes,Hypothetical,0.012404323144008612
2020-11-24,0.02544740631388038,Correlation Spikes,Hypothetical,0.02544740631388038
2020-11-25,0.0032512448987100677,Correlation Spikes,Hypothetical,0.0032512448987100677
2020-11-27,0.00503569246197496,Correlation Spikes,Hypothetical,0.00503569246197496
2020-11-30,-0.011808184250201083,Correlation Spikes,Hypothetical,-0.011808184250201083
2020-12-01,0.018446295743704103,Correlation Spikes,Hypothetical,0.018446295743704103
2020-12-02,0.007334694366936888,Correlation Spikes,Hypothetical,0.007334694366936888
2020-12-03,0.00028688437182425026,Correlation Spikes,Hypothetical,0.00028688437182425026
2020-12-04,0.005515644196562708,Correlation Spikes,Hypothetical,0.005515644196562708
2020-12-07,0.007444289814388102,Correlation Spikes,Hypothetical,0.007444289814388102
2020-12-08,0.0035986070359036093,Correlation Spikes,Hypothetical,0.0035986070359036093
2020-12-09,-0.020692304664202847,Correlation Spikes,Hypothetical,-0.020692304664202847
2020-12-10,0.0045038259606531295,Correlation Spikes,Hypothetical,0.0045038259606531295
2020-12-11,-0.004009142471158281,Correlation Spikes,Hypothetical,-0.004009142471158281
2020-12-14,0.0024138695624860694,Correlation Spikes,Hypothetical,0.0024138695624860694
2020-12-15,0.010297147508941548,Correlation Spikes,Hypothetical,0.010297147508941548
2020-12-16,0.0037582327427804017,Correlation Spikes,Hypothetical,0.0037582327427804017
2020-12-17,0.004648648060997209,Correlation Spikes,Hypothetical,0.004648648060997209
2020-12-18,-0.0008875087695292899,Correlation Spikes,Hypothetical,-0.0008875087695292899
2020-12-21,-0.0024043346911896005,Correlation Spikes,Hypothetical,-0.0024043346911896005
2020-12-22,-0.0048551955405829895,Correlation Spikes,Hypothetical,-0.0048551955405829895
2020-12-23,0.0018879463933905703,Correlation Spikes,Hypothetical,0.0018879463933905703
2020-12-24,0.0036637053989043307,Correlation Spikes,Hypothetical,0.0036637053989043307
2020-12-28,0.01603886554999162,Correlation Spikes,Hypothetical,0.01603886554999162
2020-12-29,-0.0018286353959569802,Correlation Spikes,Hypothetical,-0.0018286353959569802
2020-12-30,0.00024704626789765003,Correlation Spikes,Hypothetical,0.00024704626789765003
2020-12-31,0.0030789278917810895,Correlation Spikes,Hypothetical,0.0030789278917810895
2021-01-04,-0.006552761147902592,Correlation Spikes,Hypothetical,-0.006552761147902592
2021-01-05,0.010865812214818003,Correlation Spikes,Hypothetical,0.010865812214818003
2021-01-06,-0.0038746515042782812,Correlation Spikes,Hypothetical,-0.0038746515042782812
2021-01-07,0.031464271832627524,Correlation Spikes,Hypothetical,0.031464271832627524
2021-01-08,0.01112009442445879,Correlation Spikes,Hypothetical,0.01112009442445879
2021-01-11,-0.01319067017198295,Correlation Spikes,Hypothetical,-0.01319067017198295
2021-01-12,0.0021500301124193107,Correlation Spikes,Hypothetical,0.0021500301124193107
2021-01-13,0.006008880917923452,Correlation Spikes,Hypothetical,0.006008880917923452
2021-01-14,-0.00791370566726589,Correlation Spikes,Hypothetical,-0.00791370566726589
2021-01-15,-0.01134490377040749,Correlation Spikes,Hypothetical,-0.01134490377040749
2021-01-19,0.015341601389862111,Correlation Spikes,Hypothetical,0.015341601389862111
2021-01-20,0.022149159132734242,Correlation Spikes,Hypothetical,0.022149159132734242
2021-01-21,0.008107449214552292,Correlation Spikes,Hypothetical,0.008107449214552292
2021-01-22,-0.0025655113319392893,Correlation Spikes,Hypothetical,-0.0025655113319392893
2021-01-25,0.007088002796198249,Correlation Spikes,Hypothetical,0.007088002796198249
2021-01-26,-0.0007547885136274101,Correlation Spikes,Hypothetical,-0.0007547885136274101
2021-01-27,-0.02442011984477008,Correlation Spikes,Hypothetical,-0.02442011984477008
2021-01-28,0.0010881764147031695,Correlation Spikes,Hypothetical,0.0010881764147031695
2021-01-29,-0.022132638543039877,Correlation Spikes,Hypothetical,-0.022132638543039877
2021-02-01,0.023028862013232905,Correlation Spikes,Hypothetical,0.023028862013232905
2021-02-02,0.01741139078137602,Correlation Spikes,Hypothetical,0.01741139078137602
2021-02-03,0.0083601974569762,Correlation Spikes,Hypothetical,0.0083601974569762
2021-02-04,0.004533565911962351,Correlation Spikes,Hypothetical,0.004533565911962351
2021-02-05,0.004145379919077269,Correlation Spikes,Hypothetical,0.004145379919077269
2021-02-08,0.011944436060973583,Correlation Spikes,Hypothetical,0.011944436060973583
2021-02-09,-0.00279458160741593,Correlation Spikes,Hypothetical,-0.00279458160741593
2021-02-10,0.00045587280904403035,Correlation Spikes,Hypothetical,0.00045587280904403035
2021-02-11,0.0005790217595165901,Correlation Spikes,Hypothetical,0.0005790217595165901
2021-02-12,0.00118819313613682,Correlation Spikes,Hypothetical,0.00118819313613682
2021-02-16,0.003967547834761489,Correlation Spikes,Hypothetical,0.003967547834761489
2021-02-17,0.00014754088067975036,Correlation Spikes,Hypothetical,0.00014754088067975036
2021-02-18,-0.005196534252322331,Correlation Spikes,Hypothetical,-0.005196534252322331
2021-02-19,-0.006039815385827969,Correlation Spikes,Hypothetical,-0.006039815385827969
2021-02-22,-0.01671962021108879,Correlation Spikes,Hypothetical,-0.01671962021108879
2021-02-23,0.0012767162599977501,Correlation Spikes,Hypothetical,0.0012767162599977501
2021-02-24,0.013895107955542992,Correlation Spikes,Hypothetical,0.013895107955542992
2021-02-25,-0.03628225547491803,Correlation Spikes,Hypothetical,-0.03628225547491803
2021-02-26,0.00226648536857826,Correlation Spikes,Hypothetical,0.00226648536857826
2021-03-01,0.028270106462972767,Correlation Spikes,Hypothetical,0.028270106462972767
2021-03-02,-0.016019514240787854,Correlation Spikes,Hypothetical,-0.016019514240787854
2021-03-03,-0.019115854074504567,Correlation Spikes,Hypothetical,-0.019115854074504567
2021-03-04,-0.00650117573986933,Correlation Spikes,Hypothetical,-0.00650117573986933
2021-03-05,0.014624858529881933,Correlation Spikes,Hypothetical,0.014624858529881933
2021-03-08,-0.025968364883942354,Correlation Spikes,Hypothetical,-0.025968364883942354
2021-03-09,0.042294870779687056,Correlation Spikes,Hypothetical,0.042294870779687056
2021-03-10,0.0011437355154812498,Correlation Spikes,Hypothetical,0.0011437355154812498
2021-03-11,0.020725066242751323,Correlation Spikes,Hypothetical,0.020725066242751323
2021-03-12,-0.004975212453718931,Correlation Spikes,Hypothetical,-0.004975212453718931
2021-03-15,0.005009851886305611,Correlation Spikes,Hypothetical,0.005009851886305611
2021-03-16,-0.00044934626980852057,Correlation Spikes,Hypothetical,-0.00044934626980852057
2021-03-17,0.00695140527234408,Correlation Spikes,Hypothetical,0.00695140527234408
2021-03-18,-0.025742912568116175,Correlation Spikes,Hypothetical,-0.025742912568116175
2021-03-19,0.00539484745652285,Correlation Spikes,Hypothetical,0.00539484745652285
2021-03-22,0.009412769636731592,Correlation Spikes,Hypothetical,0.009412769636731592
2021-03-23,-0.003459791109114239,Correlation Spikes,Hypothetical,-0.003459791109114239
2021-03-24,-0.012565675331454428,Correlation Spikes,Hypothetical,-0.012565675331454428
2021-03-25,-0.0015563020298035466,Correlation Spikes,Hypothetical,-0.0015563020298035466
2021-03-26,0.00852128266159563,Correlation Spikes,Hypothetical,0.00852128266159563
2021-03-29,0.00244070140702556,Correlation Spikes,Hypothetical,0.00244070140702556
2021-03-30,-0.0023892803537949995,Correlation Spikes,Hypothetical,-0.0023892803537949995
2021-03-31,0.01330137056246403,Correlation Spikes,Hypothetical,0.01330137056246403
2021-04-01,0.01528255187644001,Correlation Spikes,Hypothetical,0.01528255187644001
2021-04-05,0.020355879319200278,Correlation Spikes,Hypothetical,0.020355879319200278
2021-04-06,-0.00499880896893171,Correlation Spikes,Hypothetical,-0.00499880896893171
2021-04-07,0.008871221557315071,Correlation Spikes,Hypothetical,0.008871221557315071
2021-04-08,0.006371659164716992,Correlation Spikes,Hypothetical,0.006371659164716992
2021-04-09,0.00921270547816378,Correlation Spikes,Hypothetical,0.00921270547816378
2021-04-12,0.005897764362809772,Correlation Spikes,Hypothetical,0.005897764362809772
2021-04-13,0.014316281367233173,Correlation Spikes,Hypothetical,0.014316281367233173
2021-04-14,-0.012865118268725226,Correlation Spikes,Hypothetical,-0.012865118268725226
2021-04-15,0.018772781473006428,Correlation Spikes,Hypothetical,0.018772781473006428
2021-04-16,-0.00064445322751638,Correlation Spikes,Hypothetical,-0.00064445322751638
2021-04-19,-0.009948485533595909,Correlation Spikes,Hypothetical,-0.009948485533595909
2021-04-20,-0.006144116688963278,Correlation Spikes,Hypothetical,-0.006144116688963278
2021-04-21,0.00904455603669377,Correlation Spikes,Hypothetical,0.00904455603669377
2021-04-22,-0.01741207847406076,Correlation Spikes,Hypothetical,-0.01741207847406076
2021-04-23,0.015523955165262882,Correlation Spikes,Hypothetical,0.015523955165262882
2021-04-26,0.0054918006430153005,Correlation Spikes,Hypothetical,0.0054918006430153005
2021-04-27,-0.00421123777362948,Correlation Spikes,Hypothetical,-0.00421123777362948
2021-04-28,0.00343859257498614,Correlation Spikes,Hypothetical,0.00343859257498614
2021-04-29,0.011161989296539197,Correlation Spikes,Hypothetical,0.011161989296539197
2021-04-30,-0.006465070733523471,Correlation Spikes,Hypothetical,-0.006465070733523471
2021-05-03,-0.00321301655508803,Correlation Spikes,Hypothetical,-0.00321301655508803
2021-05-04,-0.011783837438050199,Correlation Spikes,Hypothetical,-0.011783837438050199
2021-05-05,0.0026637229033329496,Correlation Spikes,Hypothetical,0.0026637229033329496
2021-05-06,0.00916684458855518,Correlation Spikes,Hypothetical,0.00916684458855518
2021-05-07,0.007249796466459171,Correlation Spikes,Hypothetical,0.007249796466459171
2021-05-10,-0.02354157793342771,Correlation Spikes,Hypothetical,-0.02354157793342771
2021-05-11,-0.00946538499015719,Correlation Spikes,Hypothetical,-0.00946538499015719
2021-05-12,-0.021978943978292687,Correlation Spikes,Hypothetical,-0.021978943978292687
2021-05-13,0.004348322024465719,Correlation Spikes,Hypothetical,0.004348322024465719
2021-05-14,0.02346824988379399,Correlation Spikes,Hypothetical,0.02346824988379399
2021-05-17,-0.0006181498227548396,Correlation Spikes,Hypothetical,-0.0006181498227548396
2021-05-18,-0.01073294521633326,Correlation Spikes,Hypothetical,-0.01073294521633326
2021-05-19,-0.003839956398855949,Correlation Spikes,Hypothetical,-0.003839956398855949
2021-05-20,0.01454073209100015,Correlation Spikes,Hypothetical,0.01454073209100015
2021-05-21,-0.0010888016014746803,Correlation Spikes,Hypothetical,-0.0010888016014746803
2021-05-24,0.020585325847792272,Correlation Spikes,Hypothetical,0.020585325847792272
2021-05-25,-0.0011450178564188901,Correlation Spikes,Hypothetical,-0.0011450178564188901
2021-05-26,0.00467060481831585,Correlation Spikes,Hypothetical,0.00467060481831585
2021-05-27,-0.0010335000271990606,Correlation Spikes,Hypothetical,-0.0010335000271990606
2021-05-28,0.0013524183782153794,Correlation Spikes,Hypothetical,0.0013524183782153794
2021-06-01,0.0031710911562217907,Correlation Spikes,Hypothetical,0.0031710911562217907
2021-06-02,0.0013597985451134916,Correlation Spikes,Hypothetical,0.0013597985451134916
2021-06-03,-0.00843978174952409,Correlation Spikes,Hypothetical,-0.00843978174952409
2021-06-04,0.016049836306194262,Correlation Spikes,Hypothetical,0.016049836306194262
2021-06-07,0.0020051493671938065,Correlation Spikes,Hypothetical,0.0020051493671938065
2021-06-08,0.0017922013609264304,Correlation Spikes,Hypothetical,0.0017922013609264304
2021-06-09,-0.00130883798541047,Correlation Spikes,Hypothetical,-0.00130883798541047
2021-06-10,0.00549932792562929,Correlation Spikes,Hypothetical,0.00549932792562929
2021-06-11,0.0009582012054775797,Correlation Spikes,Hypothetical,0.0009582012054775797
2021-06-14,0.007599141027633651,Correlation Spikes,Hypothetical,0.007599141027633651
2021-06-15,-0.003938697820814124,Correlation Spikes,Hypothetical,-0.003938697820814124
2021-06-16,-0.0006236268702412799,Correlation Spikes,Hypothetical,-0.0006236268702412799
2021-06-17,0.007780603477794602,Correlation Spikes,Hypothetical,0.007780603477794602
2021-06-18,-0.010771786118887601,Correlation Spikes,Hypothetical,-0.010771786118887601
2021-06-21,0.00993809789691876,Correlation Spikes,Hypothetical,0.00993809789691876
2021-06-22,0.01119470486791314,Correlation Spikes,Hypothetical,0.01119470486791314
2021-06-23,0.006676896005516509,Correlation Spikes,Hypothetical,0.006676896005516509
2021-06-24,0.00630222990892333,Correlation Spikes,Hypothetical,0.00630222990892333
2021-06-25,-0.0020791636446609164,Correlation Spikes,Hypothetical,-0.0020791636446609164
2021-06-28,0.012389712809950349,Correlation Spikes,Hypothetical,0.012389712809950349
2021-06-29,-0.0015245987898973798,Correlation Spikes,Hypothetical,-0.0015245987898973798
2021-06-30,0.0006627920825558302,Correlation Spikes,Hypothetical,0.0006627920825558302
2021-07-01,0.00565981610212841,Correlation Spikes,Hypothetical,0.00565981610212841
2021-07-02,0.011215285655364378,Correlation Spikes,Hypothetical,0.011215285655364378
2021-07-06,0.0002491281115105838,Correlation Spikes,Hypothetical,0.0002491281115105838
2021-07-07,-0.0021920158673385598,Correlation Spikes,Hypothetical,-0.0021920158673385598
2021-07-08,-0.0070100465617631506,Correlation Spikes,Hypothetical,-0.0070100465617631506
2021-07-09,0.00984349920725406,Correlation Spikes,Hypothetical,0.00984349920725406
2021-07-12,0.010247077974137708,Correlation Spikes,Hypothetical,0.010247077974137708
2021-07-13,-0.00415660143348904,Correlation Spikes,Hypothetical,-0.00415660143348904
2021-07-14,-0.005242218554026061,Correlation Spikes,Hypothetical,-0.005242218554026061
2021-07-15,-0.008528253911852971,Correlation Spikes,Hypothetical,-0.008528253911852971
2021-07-16,-0.01443653410029526,Correlation Spikes,Hypothetical,-0.01443653410029526
2021-07-19,-0.01332065907034629,Correlation Spikes,Hypothetical,-0.01332065907034629
2021-07-20,0.01204238695976979,Correlation Spikes,Hypothetical,0.01204238695976979
2021-07-21,0.012190311281236427,Correlation Spikes,Hypothetical,0.012190311281236427
2021-07-22,0.004149870348885901,Correlation Spikes,Hypothetical,0.004149870348885901
2021-07-23,0.010877437124038708,Correlation Spikes,Hypothetical,0.010877437124038708
2021-07-26,0.005807655228685169,Correlation Spikes,Hypothetical,0.005807655228685169
2021-07-27,-0.010448785720352443,Correlation Spikes,Hypothetical,-0.010448785720352443
2021-07-28,0.004731897988056369,Correlation Spikes,Hypothetical,0.004731897988056369
2021-07-29,0.003772395236205399,Correlation Spikes,Hypothetical,0.003772395236205399
2021-07-30,-0.011752648082711236,Correlation Spikes,Hypothetical,-0.011752648082711236
2021-08-02,0.003711511222353441,Correlation Spikes,Hypothetical,0.003711511222353441
2021-08-03,0.0075654543397279716,Correlation Spikes,Hypothetical,0.0075654543397279716
2021-08-04,-3.696449402835007e-05,Correlation Spikes,Hypothetical,-3.696449402835007e-05
2021-08-05,0.005474399409245979,Correlation Spikes,Hypothetical,0.005474399409245979
2021-08-06,-0.00018130533307931,Correlation Spikes,Hypothetical,-0.00018130533307931
2021-08-09,-0.0006978676876715098,Correlation Spikes,Hypothetical,-0.0006978676876715098
2021-08-10,-0.0009706506158722698,Correlation Spikes,Hypothetical,-0.0009706506158722698
2021-08-11,-0.0022040467621232697,Correlation Spikes,Hypothetical,-0.0022040467621232697
2021-08-12,0.007651342068558978,Correlation Spikes,Hypothetical,0.007651342068558978
2021-08-13,0.00093871694153534,Correlation Spikes,Hypothetical,0.00093871694153534
2021-08-16,-0.00232129081596454,Correlation Spikes,Hypothetical,-0.00232129081596454
2021-08-17,-0.0125040117805071,Correlation Spikes,Hypothetical,-0.0125040117805071
2021-08-18,-0.008868042252714481,Correlation Spikes,Hypothetical,-0.008868042252714481
2021-08-19,0.002340428279573201,Correlation Spikes,Hypothetical,0.002340428279573201
2021-08-20,0.013321818755641299,Correlation Spikes,Hypothetical,0.013321818755641299
2021-08-23,0.019885200493458138,Correlation Spikes,Hypothetical,0.019885200493458138
2021-08-24,0.0024998930696346496,Correlation Spikes,Hypothetical,0.0024998930696346496
2021-08-25,0.0038081837344224505,Correlation Spikes,Hypothetical,0.0038081837344224505
2021-08-26,-0.00613713078998315,Correlation Spikes,Hypothetical,-0.00613713078998315
2021-08-27,0.01332763375824236,Correlation Spikes,Hypothetical,0.01332763375824236
2021-08-30,0.00913561016220545,Correlation Spikes,Hypothetical,0.00913561016220545
2021-08-31,-0.0028403899599174502,Correlation Spikes,Hypothetical,-0.0028403899599174502
2021-09-01,0.0004981939107370801,Correlation Spikes,Hypothetical,0.0004981939107370801
2021-09-02,0.0009571579759242098,Correlation Spikes,Hypothetical,0.0009571579759242098
2021-09-03,0.0023983782505104727,Correlation Spikes,Hypothetical,0.0023983782505104727
2021-09-07,0.004781597618904119,Correlation Spikes,Hypothetical,0.004781597618904119
2021-09-08,-0.00620165165745817,Correlation Spikes,Hypothetical,-0.00620165165745817
2021-09-09,-0.0031063158773607497,Correlation Spikes,Hypothetical,-0.0031063158773607497
2021-09-10,-0.01061615318451035,Correlation Spikes,Hypothetical,-0.01061615318451035
2021-09-13,0.007189378702895139,Correlation Spikes,Hypothetical,0.007189378702895139
2021-09-14,-0.0031094493154758766,Correlation Spikes,Hypothetical,-0.0031094493154758766
2021-09-15,0.010909671785467232,Correlation Spikes,Hypothetical,0.010909671785467232
2021-09-16,-0.00202931109907423,Correlation Spikes,Hypothetical,-0.00202931109907423
2021-09-17,-0.010369820916368799,Correlation Spikes,Hypothetical,-0.010369820916368799
2021-09-20,-0.025916480222868018,Correlation Spikes,Hypothetical,-0.025916480222868018
2021-09-21,0.0026024858592777504,Correlation Spikes,Hypothetical,0.0026024858592777504
2021-09-22,0.00989562672679002,Correlation Spikes,Hypothetical,0.00989562672679002
2021-09-23,0.012824887752139,Correlation Spikes,Hypothetical,0.012824887752139
2021-09-24,0.0057848623641459495,Correlation Spikes,Hypothetical,0.0057848623641459495
2021-09-27,0.0012368687625909306,Correlation Spikes,Hypothetical,0.0012368687625909306
2021-09-28,-0.02332595225106289,Correlation Spikes,Hypothetical,-0.02332595225106289
2021-09-29,-0.0011152053612808498,Correlation Spikes,Hypothetical,-0.0011152053612808498
2021-09-30,-0.008043113974678452,Correlation Spikes,Hypothetical,-0.008043113974678452
2021-10-01,0.012730016733265563,Correlation Spikes,Hypothetical,0.012730016733265563
2021-10-04,-0.018631088360380337,Correlation Spikes,Hypothetical,-0.018631088360380337
2021-10-05,0.014874973676670249,Correlation Spikes,Hypothetical,0.014874973676670249
2021-10-06,0.004830527520172569,Correlation Spikes,Hypothetical,0.004830527520172569
2021-10-07,0.00938683664807716,Correlation Spikes,Hypothetical,0.00938683664807716
2021-10-08,0.00129468367090615,Correlation Spikes,Hypothetical,0.00129468367090615
2021-10-11,-0.007358883582419811,Correlation Spikes,Hypothetical,-0.007358883582419811
2021-10-12,-0.0037241075614309503,Correlation Spikes,Hypothetical,-0.0037241075614309503
2021-10-13,0.002077527148804491,Correlation Spikes,Hypothetical,0.002077527148804491
2021-10-14,0.020463110058149367,Correlation Spikes,Hypothetical,0.020463110058149367
2021-10-15,0.011807362744653264,Correlation Spikes,Hypothetical,0.011807362744653264
2021-10-18,0.0115237454733649,Correlation Spikes,Hypothetical,0.0115237454733649
2021-10-19,0.0057406706378914695,Correlation Spikes,Hypothetical,0.0057406706378914695
2021-10-20,0.0021924625940729103,Correlation Spikes,Hypothetical,0.0021924625940729103
2021-10-21,0.007199986981062752,Correlation Spikes,Hypothetical,0.007199986981062752
2021-10-22,-0.00654433971141391,Correlation Spikes,Hypothetical,-0.00654433971141391
2021-10-25,0.01647898192359831,Correlation Spikes,Hypothetical,0.01647898192359831
2021-10-26,0.01001133554334739,Correlation Spikes,Hypothetical,0.01001133554334739
2021-10-27,0.00410227788028648,Correlation Spikes,Hypothetical,0.00410227788028648
2021-10-28,0.013711190670849343,Correlation Spikes,Hypothetical,0.013711190670849343
2021-10-29,0.00889827854702798,Correlation Spikes,Hypothetical,0.00889827854702798
2021-11-01,0.00593148773423227,Correlation Spikes,Hypothetical,0.00593148773423227
2021-11-02,0.00036421295552490935,Correlation Spikes,Hypothetical,0.00036421295552490935
2021-11-03,0.00942242799371601,Correlation Spikes,Hypothetical,0.00942242799371601
2021-11-04,0.018220420518038558,Correlation Spikes,Hypothetical,0.018220420518038558
2021-11-05,0.0032155290247885488,Correlation Spikes,Hypothetical,0.0032155290247885488
2021-11-08,0.00012060183007245992,Correlation Spikes,Hypothetical,0.00012060183007245992
2021-11-09,-0.010474091778271513,Correlation Spikes,Hypothetical,-0.010474091778271513
2021-11-10,-0.013007560933872904,Correlation Spikes,Hypothetical,-0.013007560933872904
2021-11-11,0.002507945206989088,Correlation Spikes,Hypothetical,0.002507945206989088
2021-11-12,0.0065612316881051794,Correlation Spikes,Hypothetical,0.0065612316881051794
2021-11-15,-0.002041058881709488,Correlation Spikes,Hypothetical,-0.002041058881709488
2021-11-16,0.004538098668979671,Correlation Spikes,Hypothetical,0.004538098668979671
2021-11-17,-0.00021957789785935044,Correlation Spikes,Hypothetical,-0.00021957789785935044
2021-11-18,0.015321641865402573,Correlation Spikes,Hypothetical,0.015321641865402573
2021-11-19,0.002863351471569099,Correlation Spikes,Hypothetical,0.002863351471569099
2021-11-22,-0.004917072412659212,Correlation Spikes,Hypothetical,-0.004917072412659212
2021-11-23,0.000784960428063661,Correlation Spikes,Hypothetical,0.000784960428063661
2021-11-24,0.005767721776511031,Correlation Spikes,Hypothetical,0.005767721776511031
2021-11-26,-0.028184587552174643,Correlation Spikes,Hypothetical,-0.028184587552174643
2021-11-29,0.023657186555803192,Correlation Spikes,Hypothetical,0.023657186555803192
2021-11-30,-0.014142679298688555,Correlation Spikes,Hypothetical,-0.014142679298688555
2021-12-01,-0.01593038177120738,Correlation Spikes,Hypothetical,-0.01593038177120738
2021-12-02,0.00653452156069165,Correlation Spikes,Hypothetical,0.00653452156069165
2021-12-03,-0.01860107313827391,Correlation Spikes,Hypothetical,-0.01860107313827391
2021-12-06,0.010641850751906939,Correlation Spikes,Hypothetical,0.010641850751906939
2021-12-07,0.029269943974027653,Correlation Spikes,Hypothetical,0.029269943974027653
2021-12-08,0.005129546806593518,Correlation Spikes,Hypothetical,0.005129546806593518
2021-12-09,-0.01181846993840217,Correlation Spikes,Hypothetical,-0.01181846993840217
2021-12-10,0.006372885591714699,Correlation Spikes,Hypothetical,0.006372885591714699
2021-12-13,-0.01967237954870467,Correlation Spikes,Hypothetical,-0.01967237954870467
2021-12-14,-0.005178440003280152,Correlation Spikes,Hypothetical,-0.005178440003280152
2021-12-15,0.02264177629795749,Correlation Spikes,Hypothetical,0.02264177629795749
2021-12-16,-0.023156148928814294,Correlation Spikes,Hypothetical,-0.023156148928814294
2021-12-17,-0.009602714596860091,Correlation Spikes,Hypothetical,-0.009602714596860091
2021-12-20,-0.014061739360900598,Correlation Spikes,Hypothetical,-0.014061739360900598
2021-12-21,0.023780529118436134,Correlation Spikes,Hypothetical,0.023780529118436134
2021-12-22,0.015863812941709302,Correlation Spikes,Hypothetical,0.015863812941709302
2021-12-23,0.009859717819950408,Correlation Spikes,Hypothetical,0.009859717819950408
2021-12-27,0.01749288131317748,Correlation Spikes,Hypothetical,0.01749288131317748
2021-12-28,-0.0029999639993782703,Correlation Spikes,Hypothetical,-0.0029999639993782703
2021-12-29,-0.0032383337183073003,Correlation Spikes,Hypothetical,-0.0032383337183073003
2021-12-30,-0.005360782362073449,Correlation Spikes,Hypothetical,-0.005360782362073449
2021-12-31,-0.007365409781179831,Correlation Spikes,Hypothetical,-0.007365409781179831
2022-01-03,0.026922542938140247,Correlation Spikes,Hypothetical,0.026922542938140247
2022-01-04,-0.007332933925947461,Correlation Spikes,Hypothetical,-0.007332933925947461
2022-01-05,-0.028582774793100514,Correlation Spikes,Hypothetical,-0.028582774793100514
2022-01-06,-0.0013441408561182797,Correlation Spikes,Hypothetical,-0.0013441408561182797
2022-01-07,-0.008401777242918091,Correlation Spikes,Hypothetical,-0.008401777242918091
2022-01-10,0.004004450960371689,Correlation Spikes,Hypothetical,0.004004450960371689
2022-01-11,0.01427737118550619,Correlation Spikes,Hypothetical,0.01427737118550619
2022-01-12,0.00795099447714158,Correlation Spikes,Hypothetical,0.00795099447714158
2022-01-13,-0.02660137640881429,Correlation Spikes,Hypothetical,-0.02660137640881429
2022-01-14,0.004170363197404729,Correlation Spikes,Hypothetical,0.004170363197404729
2022-01-18,-0.02277744959026664,Correlation Spikes,Hypothetical,-0.02277744959026664
2022-01-19,-0.01150521777946745,Correlation Spikes,Hypothetical,-0.01150521777946745
2022-01-20,-0.01098121249029883,Correlation Spikes,Hypothetical,-0.01098121249029883
2022-01-21,-0.027634419751136088,Correlation Spikes,Hypothetical,-0.027634419751136088
2022-01-24,0.0026623542585229665,Correlation Spikes,Hypothetical,0.0026623542585229665
2022-01-25,-0.015557328822361738,Correlation Spikes,Hypothetical,-0.015557328822361738
2022-01-26,0.006327975502065779,Correlation Spikes,Hypothetical,0.006327975502065779
2022-01-27,-0.013843962364045378,Correlation Spikes,Hypothetical,-0.013843962364045378
2022-01-28,0.026900289539220426,Correlation Spikes,Hypothetical,0.026900289539220426
2022-01-31,0.03421537497961536,Correlation Spikes,Hypothetical,0.03421537497961536
2022-02-01,0.011117924164004872,Correlation Spikes,Hypothetical,0.011117924164004872
2022-02-02,0.01169066168827461,Correlation Spikes,Hypothetical,0.01169066168827461
2022-02-03,-0.04993646595518632,Correlation Spikes,Hypothetical,-0.04993646595518632
2022-02-04,0.023566509971465314,Correlation Spikes,Hypothetical,0.023566509971465314
2022-02-07,-0.008260840015738987,Correlation Spikes,Hypothetical,-0.008260840015738987
2022-02-08,0.0077436431710472915,Correlation Spikes,Hypothetical,0.0077436431710472915
2022-02-09,0.01814926353495841,Correlation Spikes,Hypothetical,0.01814926353495841
2022-02-10,-0.020252351710258094,Correlation Spikes,Hypothetical,-0.020252351710258094
2022-02-11,-0.027639551220100835,Correlation Spikes,Hypothetical,-0.027639551220100835
2022-02-14,0.0013521484971163395,Correlation Spikes,Hypothetical,0.0013521484971163395
2022-02-15,0.022876328115556687,Correlation Spikes,Hypothetical,0.022876328115556687
2022-02-16,0.00075657103487807,Correlation Spikes,Hypothetical,0.00075657103487807
2022-02-17,-0.03222082561827142,Correlation Spikes,Hypothetical,-0.03222082561827142
2022-02-18,-0.01250380082140696,Correlation Spikes,Hypothetical,-0.01250380082140696
2022-02-22,-0.013536852167961803,Correlation Spikes,Hypothetical,-0.013536852167961803
2022-02-23,-0.025861509819025203,Correlation Spikes,Hypothetical,-0.025861509819025203
2022-02-24,0.025924659488460382,Correlation Spikes,Hypothetical,0.025924659488460382
2022-02-25,0.01881794839468867,Correlation Spikes,Hypothetical,0.01881794839468867
2022-02-28,0.006242793851364351,Correlation Spikes,Hypothetical,0.006242793851364351
2022-03-01,-0.015491031880389115,Correlation Spikes,Hypothetical,-0.015491031880389115
2022-03-02,0.01777540312492693,Correlation Spikes,Hypothetical,0.01777540312492693
2022-03-03,-0.013853354969064782,Correlation Spikes,Hypothetical,-0.013853354969064782
2022-03-04,-0.008308018173451833,Correlation Spikes,Hypothetical,-0.008308018173451833
2022-03-07,-0.03580356873424411,Correlation Spikes,Hypothetical,-0.03580356873424411
2022-03-08,-0.0007114921952329297,Correlation Spikes,Hypothetical,-0.0007114921952329297
2022-03-09,0.031813796417320205,Correlation Spikes,Hypothetical,0.031813796417320205
2022-03-10,-0.00153877610257223,Correlation Spikes,Hypothetical,-0.00153877610257223
2022-03-11,-0.022837088400725507,Correlation Spikes,Hypothetical,-0.022837088400725507
2022-03-14,-0.01868446901535287,Correlation Spikes,Hypothetical,-0.01868446901535287
2022-03-15,0.026668662742024746,Correlation Spikes,Hypothetical,0.026668662742024746
2022-03-16,0.034090939853157365,Correlation Spikes,Hypothetical,0.034090939853157365
2022-03-17,0.016637643994743653,Correlation Spikes,Hypothetical,0.016637643994743653
2022-03-18,0.022360988107225668,Correlation Spikes,Hypothetical,0.022360988107225668
2022-03-21,0.00552750272432579,Correlation Spikes,Hypothetical,0.00552750272432579
2022-03-22,0.019376625895139502,Correlation Spikes,Hypothetical,0.019376625895139502
2022-03-23,-0.00785679464720987,Correlation Spikes,Hypothetical,-0.00785679464720987
2022-03-24,0.023483299936073596,Correlation Spikes,Hypothetical,0.023483299936073596
2022-03-25,0.00304095817663802,Correlation Spikes,Hypothetical,0.00304095817663802
2022-03-28,0.012444651968188352,Correlation Spikes,Hypothetical,0.012444651968188352
2022-03-29,0.008631970426165822,Correlation Spikes,Hypothetical,0.008631970426165822
2022-03-30,-0.004853167385718717,Correlation Spikes,Hypothetical,-0.004853167385718717
2022-03-31,-0.019428116465755506,Correlation Spikes,Hypothetical,-0.019428116465755506
2022-04-01,0.0013914888596264197,Correlation Spikes,Hypothetical,0.0013914888596264197
2022-04-04,0.02115010003251923,Correlation Spikes,Hypothetical,0.02115010003251923
2022-04-05,-0.018400506496513768,Correlation Spikes,Hypothetical,-0.018400506496513768
2022-04-06,-0.02291497946913467,Correlation Spikes,Hypothetical,-0.02291497946913467
2022-04-07,0.00218489726170937,Correlation Spikes,Hypothetical,0.00218489726170937
2022-04-08,-0.008839818518147958,Correlation Spikes,Hypothetical,-0.008839818518147958
2022-04-11,-0.030048136931092352,Correlation Spikes,Hypothetical,-0.030048136931092352
2022-04-12,-0.0025834420930323197,Correlation Spikes,Hypothetical,-0.0025834420930323197
2022-04-13,0.014507427161858459,Correlation Spikes,Hypothetical,0.014507427161858459
2022-04-14,-0.020915027012593446,Correlation Spikes,Hypothetical,-0.020915027012593446
2022-04-18,0.008816884982505562,Correlation Spikes,Hypothetical,0.008816884982505562
2022-04-19,0.01767137893700551,Correlation Spikes,Hypothetical,0.01767137893700551
2022-04-20,-0.017677764711374607,Correlation Spikes,Hypothetical,-0.017677764711374607
2022-04-21,-0.02102363944832497,Correlation Spikes,Hypothetical,-0.02102363944832497
2022-04-22,-0.02591740077762869,Correlation Spikes,Hypothetical,-0.02591740077762869
2022-04-25,0.00726786967848979,Correlation Spikes,Hypothetical,0.00726786967848979
2022-04-26,-0.04157705621490519,Correlation Spikes,Hypothetical,-0.04157705621490519
2022-04-27,-0.0030441282542830947,Correlation Spikes,Hypothetical,-0.0030441282542830947
2022-04-28,0.04636539707330289,Correlation Spikes,Hypothetical,0.04636539707330289
2022-04-29,-0.04367283902625922,Correlation Spikes,Hypothetical,-0.04367283902625922
2022-05-02,0.020192582675412178,Correlation Spikes,Hypothetical,0.020192582675412178
2022-05-03,0.005837845441300559,Correlation Spikes,Hypothetical,0.005837845441300559
2022-05-04,0.03531875893759451,Correlation Spikes,Hypothetical,0.03531875893759451
2022-05-05,-0.0511832173899146,Correlation Spikes,Hypothetical,-0.0511832173899146
2022-05-06,-0.00410633252227115,Correlation Spikes,Hypothetical,-0.00410633252227115
2022-05-09,-0.04907276148858883,Correlation Spikes,Hypothetical,-0.04907276148858883
2022-05-10,0.00994414193023543,Correlation Spikes,Hypothetical,0.00994414193023543
2022-05-11,-0.029578169364327018,Correlation Spikes,Hypothetical,-0.029578169364327018
2022-05-12,-0.00724534947427603,Correlation Spikes,Hypothetical,-0.00724534947427603
2022-05-13,0.03829192499903604,Correlation Spikes,Hypothetical,0.03829192499903604
2022-05-16,-0.009505680778797109,Correlation Spikes,Hypothetical,-0.009505680778797109
2022-05-17,0.027448007564090292,Correlation Spikes,Hypothetical,0.027448007564090292
2022-05-18,-0.04760810937661292,Correlation Spikes,Hypothetical,-0.04760810937661292
2022-05-19,-0.0028672412031160908,Correlation Spikes,Hypothetical,-0.0028672412031160908
2022-05-20,-0.007419035793919709,Correlation Spikes,Hypothetical,-0.007419035793919709
2022-05-23,0.023525599824519232,Correlation Spikes,Hypothetical,0.023525599824519232
2022-05-24,-0.02635784440620701,Correlation Spikes,Hypothetical,-0.02635784440620701
2022-05-25,0.017827272383685772,Correlation Spikes,Hypothetical,0.017827272383685772
2022-05-26,0.029259418446491978,Correlation Spikes,Hypothetical,0.029259418446491978
2022-05-27,0.03260234463731558,Correlation Spikes,Hypothetical,0.03260234463731558
2022-05-31,3.0136348332879953e-05,Correlation Spikes,Hypothetical,3.0136348332879953e-05
2022-06-01,-0.0060601119548303484,Correlation Spikes,Hypothetical,-0.0060601119548303484
2022-06-02,0.027309011477535207,Correlation Spikes,Hypothetical,0.027309011477535207
2022-06-03,-0.029678867233596397,Correlation Spikes,Hypothetical,-0.029678867233596397
2022-06-06,0.0081713676174615,Correlation Spikes,Hypothetical,0.0081713676174615
2022-06-07,0.009978705330265989,Correlation Spikes,Hypothetical,0.009978705330265989
2022-06-08,-0.0035369382677071302,Correlation Spikes,Hypothetical,-0.0035369382677071302
2022-06-09,-0.027468919115907035,Correlation Spikes,Hypothetical,-0.027468919115907035
2022-06-10,-0.03817101035111592,Correlation Spikes,Hypothetical,-0.03817101035111592
2022-06-13,-0.049822899151046464,Correlation Spikes,Hypothetical,-0.049822899151046464
2022-06-14,0.0007578238208621699,Correlation Spikes,Hypothetical,0.0007578238208621699
2022-06-15,0.02684228539563779,Correlation Spikes,Hypothetical,0.02684228539563779
2022-06-16,-0.039765141788526394,Correlation Spikes,Hypothetical,-0.039765141788526394
2022-06-17,0.0040509752164653995,Correlation Spikes,Hypothetical,0.0040509752164653995
2022-06-21,0.03669930926402973,Correlation Spikes,Hypothetical,0.03669930926402973
2022-06-22,-0.005403321196257372,Correlation Spikes,Hypothetical,-0.005403321196257372
2022-06-23,0.0068646256399965706,Correlation Spikes,Hypothetical,0.0068646256399965706
2022-06-24,0.03594861384340241,Correlation Spikes,Hypothetical,0.03594861384340241
2022-06-27,-0.00418996815516156,Correlation Spikes,Hypothetical,-0.00418996815516156
2022-06-28,-0.027214870981410212,Correlation Spikes,Hypothetical,-0.027214870981410212
2022-06-29,-0.00131274473480253,Correlation Spikes,Hypothetical,-0.00131274473480253
2022-06-30,-0.0194741658008288,Correlation Spikes,Hypothetical,-0.0194741658008288
2022-07-01,0.006168158031675441,Correlation Spikes,Hypothetical,0.006168158031675441
2022-07-05,0.015739842637607533,Correlation Spikes,Hypothetical,0.015739842637607533
2022-07-06,0.005139573484962829,Correlation Spikes,Hypothetical,0.005139573484962829
2022-07-07,0.02595901220878275,Correlation Spikes,Hypothetical,0.02595901220878275
2022-07-08,0.0023289249485008495,Correlation Spikes,Hypothetical,0.0023289249485008495
2022-07-11,-0.02672139372167158,Correlation Spikes,Hypothetical,-0.02672139372167158
2022-07-12,-0.009599359885664734,Correlation Spikes,Hypothetical,-0.009599359885664734
2022-07-13,-0.0026031161112229505,Correlation Spikes,Hypothetical,-0.0026031161112229505
2022-07-14,-0.004769563391027722,Correlation Spikes,Hypothetical,-0.004769563391027722
2022-07-15,0.025286225639275087,Correlation Spikes,Hypothetical,0.025286225639275087
2022-07-18,-0.0025539092357857603,Correlation Spikes,Hypothetical,-0.0025539092357857603
2022-07-19,0.033472138221380225,Correlation Spikes,Hypothetical,0.033472138221380225
2022-07-20,0.01456147090461022,Correlation Spikes,Hypothetical,0.01456147090461022
2022-07-21,0.015166366062586329,Correlation Spikes,Hypothetical,0.015166366062586329
2022-07-22,-0.022799194820305808,Correlation Spikes,Hypothetical,-0.022799194820305808
2022-07-25,-0.0021082911887964494,Correlation Spikes,Hypothetical,-0.0021082911887964494
2022-07-26,-0.023603321398322424,Correlation Spikes,Hypothetical,-0.023603321398322424
2022-07-27,0.0477890216886459,Correlation Spikes,Hypothetical,0.0477890216886459
2022-07-28,0.005480659011108727,Correlation Spikes,Hypothetical,0.005480659011108727
2022-07-29,0.028085054988541226,Correlation Spikes,Hypothetical,0.028085054988541226
2022-08-01,-0.005229854218176271,Correlation Spikes,Hypothetical,-0.005229854218176271
2022-08-02,-0.00299020493357141,Correlation Spikes,Hypothetical,-0.00299020493357141
2022-08-03,0.021563976556711516,Correlation Spikes,Hypothetical,0.021563976556711516
2022-08-04,-0.0009248129578447701,Correlation Spikes,Hypothetical,-0.0009248129578447701
2022-08-05,-0.007368879198794629,Correlation Spikes,Hypothetical,-0.007368879198794629
2022-08-08,-0.006340091978710589,Correlation Spikes,Hypothetical,-0.006340091978710589
2022-08-09,-0.005525436211423219,Correlation Spikes,Hypothetical,-0.005525436211423219
2022-08-10,0.03048023311419253,Correlation Spikes,Hypothetical,0.03048023311419253
2022-08-11,-0.00382930425943216,Correlation Spikes,Hypothetical,-0.00382930425943216
2022-08-12,0.023510844111931106,Correlation Spikes,Hypothetical,0.023510844111931106
2022-08-15,0.004933422688874011,Correlation Spikes,Hypothetical,0.004933422688874011
2022-08-16,-0.0017296049454363898,Correlation Spikes,Hypothetical,-0.0017296049454363898
2022-08-17,-0.00953305847993507,Correlation Spikes,Hypothetical,-0.00953305847993507
2022-08-18,0.0035747762148274813,Correlation Spikes,Hypothetical,0.0035747762148274813
2022-08-19,-0.021248806221244376,Correlation Spikes,Hypothetical,-0.021248806221244376
2022-08-22,-0.023573097114733477,Correlation Spikes,Hypothetical,-0.023573097114733477
2022-08-23,0.0028701585797620394,Correlation Spikes,Hypothetical,0.0028701585797620394
2022-08-24,0.00267723061030233,Correlation Spikes,Hypothetical,0.00267723061030233
2022-08-25,0.018698763195447554,Correlation Spikes,Hypothetical,0.018698763195447554
2022-08-26,-0.04064423919257059,Correlation Spikes,Hypothetical,-0.04064423919257059
2022-08-29,-0.00742207252095064,Correlation Spikes,Hypothetical,-0.00742207252095064
2022-08-30,-0.014604141309544303,Correlation Spikes,Hypothetical,-0.014604141309544303
2022-08-31,-0.005329803356165289,Correlation Spikes,Hypothetical,-0.005329803356165289
2022-09-01,-0.003531441260107389,Correlation Spikes,Hypothetical,-0.003531441260107389
2022-09-02,-0.012955084995750762,Correlation Spikes,Hypothetical,-0.012955084995750762
2022-09-06,-0.005252608397481099,Correlation Spikes,Hypothetical,-0.005252608397481099
2022-09-07,0.0162273338657823,Correlation Spikes,Hypothetical,0.0162273338657823
2022-09-08,0.007768407384280102,Correlation Spikes,Hypothetical,0.007768407384280102
2022-09-09,0.021615445881899877,Correlation Spikes,Hypothetical,0.021615445881899877
2022-09-12,0.013195649903160469,Correlation Spikes,Hypothetical,0.013195649903160469
2022-09-13,-0.056266783513899965,Correlation Spikes,Hypothetical,-0.056266783513899965
2022-09-14,0.006950751931297251,Correlation Spikes,Hypothetical,0.006950751931297251
2022-09-15,-0.009591016047594752,Correlation Spikes,Hypothetical,-0.009591016047594752
2022-09-16,-0.006612353032992829,Correlation Spikes,Hypothetical,-0.006612353032992829
2022-09-19,0.009455461393812332,Correlation Spikes,Hypothetical,0.009455461393812332
2022-09-20,-0.009017782537234268,Correlation Spikes,Hypothetical,-0.009017782537234268
2022-09-21,-0.019483470421275573,Correlation Spikes,Hypothetical,-0.019483470421275573
2022-09-22,-0.009309680019111593,Correlation Spikes,Hypothetical,-0.009309680019111593
2022-09-23,-0.02175705695891193,Correlation Spikes,Hypothetical,-0.02175705695891193
2022-09-26,-0.009515561813575707,Correlation Spikes,Hypothetical,-0.009515561813575707
2022-09-27,0.002690071274905053,Correlation Spikes,Hypothetical,0.002690071274905053
2022-09-28,0.022912223396410282,Correlation Spikes,Hypothetical,0.022912223396410282
2022-09-29,-0.029166735910683923,Correlation Spikes,Hypothetical,-0.029166735910683923
2022-09-30,-0.014480522720093857,Correlation Spikes,Hypothetical,-0.014480522720093857
2022-10-03,0.01917791269229715,Correlation Spikes,Hypothetical,0.01917791269229715
2022-10-04,0.03263369997130616,Correlation Spikes,Hypothetical,0.03263369997130616
2022-10-05,-0.0005038338010681802,Correlation Spikes,Hypothetical,-0.0005038338010681802
2022-10-06,-0.004401760772088407,Correlation Spikes,Hypothetical,-0.004401760772088407
2022-10-07,-0.04038042255214361,Correlation Spikes,Hypothetical,-0.04038042255214361
2022-10-10,-0.010947473214337828,Correlation Spikes,Hypothetical,-0.010947473214337828
2022-10-11,-0.015766431426323106,Correlation Spikes,Hypothetical,-0.015766431426323106
2022-10-12,0.0015737937900938696,Correlation Spikes,Hypothetical,0.0015737937900938696
2022-10-13,0.02762667891514421,Correlation Spikes,Hypothetical,0.02762667891514421
2022-10-14,-0.02989455671172412,Correlation Spikes,Hypothetical,-0.02989455671172412
2022-10-17,0.04279644202904585,Correlation Spikes,Hypothetical,0.04279644202904585
2022-10-18,0.007344684629783081,Correlation Spikes,Hypothetical,0.007344684629783081
2022-10-19,-0.0005007578203510803,Correlation Spikes,Hypothetical,-0.0005007578203510803
2022-10-20,-0.00678899301478535,Correlation Spikes,Hypothetical,-0.00678899301478535
2022-10-21,0.024031731108829883,Correlation Spikes,Hypothetical,0.024031731108829883
2022-10-24,0.007045081464711401,Correlation Spikes,Hypothetical,0.007045081464711401
2022-10-25,0.02175414049489435,Correlation Spikes,Hypothetical,0.02175414049489435
2022-10-26,-0.027376350606948173,Correlation Spikes,Hypothetical,-0.027376350606948173
2022-10-27,-0.03360079886403698,Correlation Spikes,Hypothetical,-0.03360079886403698
2022-10-28,0.02284964413380943,Correlation Spikes,Hypothetical,0.02284964413380943
2022-10-31,-0.014216780431537002,Correlation Spikes,Hypothetical,-0.014216780431537002
2022-11-01,-0.00921289602324929,Correlation Spikes,Hypothetical,-0.00921289602324929
2022-11-02,-0.032569190320735256,Correlation Spikes,Hypothetical,-0.032569190320735256
2022-11-03,-0.012575072415154837,Correlation Spikes,Hypothetical,-0.012575072415154837
2022-11-04,0.015568693603881521,Correlation Spikes,Hypothetical,0.015568693603881521
2022-11-07,0.010561652134765058,Correlation Spikes,Hypothetical,0.010561652134765058
2022-11-08,0.0014765788438678405,Correlation Spikes,Hypothetical,0.0014765788438678405
2022-11-09,-0.02692430378379321,Correlation Spikes,Hypothetical,-0.02692430378379321
2022-11-10,0.07508981922947619,Correlation Spikes,Hypothetical,0.07508981922947619
2022-11-11,0.017230926068830997,Correlation Spikes,Hypothetical,0.017230926068830997
2022-11-14,-0.010243845562434082,Correlation Spikes,Hypothetical,-0.010243845562434082
2022-11-15,0.009134238049663812,Correlation Spikes,Hypothetical,0.009134238049663812
2022-11-16,-0.01299758295882451,Correlation Spikes,Hypothetical,-0.01299758295882451
2022-11-17,-0.00616122778143111,Correlation Spikes,Hypothetical,-0.00616122778143111
2022-11-18,-0.00133950666614712,Correlation Spikes,Hypothetical,-0.00133950666614712
2022-11-21,-0.018873163798272117,Correlation Spikes,Hypothetical,-0.018873163798272117
2022-11-22,0.01790407390957031,Correlation Spikes,Hypothetical,0.01790407390957031
2022-11-23,0.017455529656793183,Correlation Spikes,Hypothetical,0.017455529656793183
2022-11-25,-0.004877014597796891,Correlation Spikes,Hypothetical,-0.004877014597796891
2022-11-28,-0.016607204843879234,Correlation Spikes,Hypothetical,-0.016607204843879234
2022-11-29,-0.005427944618105689,Correlation Spikes,Hypothetical,-0.005427944618105689
2022-11-30,0.05102653929778486,Correlation Spikes,Hypothetical,0.05102653929778486
2022-12-01,-0.00170014641202503,Correlation Spikes,Hypothetical,-0.00170014641202503
2022-12-02,-0.0025566619155939297,Correlation Spikes,Hypothetical,-0.0025566619155939297
2022-12-05,-0.021514768776924317,Correlation Spikes,Hypothetical,-0.021514768776924317
2022-12-06,-0.023905077104980813,Correlation Spikes,Hypothetical,-0.023905077104980813
2022-12-07,-0.005723117155959681,Correlation Spikes,Hypothetical,-0.005723117155959681
2022-12-08,0.013400948865243715,Correlation Spikes,Hypothetical,0.013400948865243715
2022-12-09,-0.003703253010987841,Correlation Spikes,Hypothetical,-0.003703253010987841
2022-12-12,0.007775087867773219,Correlation Spikes,Hypothetical,0.007775087867773219
2022-12-13,0.010361605275801392,Correlation Spikes,Hypothetical,0.010361605275801392
2022-12-14,-0.0077987873503755694,Correlation Spikes,Hypothetical,-0.0077987873503755694
2022-12-15,-0.029150633351774115,Correlation Spikes,Hypothetical,-0.029150633351774115
2022-12-16,-0.010741191888164152,Correlation Spikes,Hypothetical,-0.010741191888164152
2022-12-19,-0.013958293748758097,Correlation Spikes,Hypothetical,-0.013958293748758097
2022-12-20,-0.00404896701110556,Correlation Spikes,Hypothetical,-0.00404896701110556
2022-12-21,0.01446996223527448,Correlation Spikes,Hypothetical,0.01446996223527448
2022-12-22,-0.03176299901782392,Correlation Spikes,Hypothetical,-0.03176299901782392
2022-12-23,0.005447403128939209,Correlation Spikes,Hypothetical,0.005447403128939209
2022-12-27,-0.02444287352969511,Correlation Spikes,Hypothetical,-0.02444287352969511
2022-12-28,-0.007263478152026319,Correlation Spikes,Hypothetical,-0.007263478152026319
2022-12-29,0.029041154647429932,Correlation Spikes,Hypothetical,0.029041154647429932
2022-12-30,0.0022733653413398503,Correlation Spikes,Hypothetical,0.0022733653413398503
2023-01-03,-0.016149242805070053,Correlation Spikes,Hypothetical,-0.016149242805070053
2023-01-04,0.003460055982081549,Correlation Spikes,Hypothetical,0.003460055982081549
2023-01-05,-0.01572112182869611,Correlation Spikes,Hypothetical,-0.01572112182869611
2023-01-06,0.021927489972163712,Correlation Spikes,Hypothetical,0.021927489972163712
2023-01-09,0.012070546991720008,Correlation Spikes,Hypothetical,0.012070546991720008
2023-01-10,0.009844098472210513,Correlation Spikes,Hypothetical,0.009844098472210513
2023-01-11,0.022057864528343595,Correlation Spikes,Hypothetical,0.022057864528343595
2023-01-12,0.009224182287165868,Correlation Spikes,Hypothetical,0.009224182287165868
2023-01-13,0.008231187393726278,Correlation Spikes,Hypothetical,0.008231187393726278
2023-01-17,0.006671843264590541,Correlation Spikes,Hypothetical,0.006671843264590541
2023-01-18,-0.015733122229927447,Correlation Spikes,Hypothetical,-0.015733122229927447
2023-01-19,-0.0027523595949857306,Correlation Spikes,Hypothetical,-0.0027523595949857306
2023-01-20,0.030890078573360544,Correlation Spikes,Hypothetical,0.030890078573360544
2023-01-23,0.024460591763600624,Correlation Spikes,Hypothetical,0.024460591763600624
2023-01-24,0.0008231809470286397,Correlation Spikes,Hypothetical,0.0008231809470286397
2023-01-25,-0.00303599354689846,Correlation Spikes,Hypothetical,-0.00303599354689846
2023-01-26,0.031244637365521095,Correlation Spikes,Hypothetical,0.031244637365521095
2023-01-27,0.020342876390723304,Correlation Spikes,Hypothetical,0.020342876390723304
2023-01-30,-0.02628669074261196,Correlation Spikes,Hypothetical,-0.02628669074261196
2023-01-31,0.020233581178056365,Correlation Spikes,Hypothetical,0.020233581178056365
2023-02-01,0.019263559972711303,Correlation Spikes,Hypothetical,0.019263559972711303
2023-02-02,0.04491472518376159,Correlation Spikes,Hypothetical,0.04491472518376159
2023-02-03,-0.01169167132697369,Correlation Spikes,Hypothetical,-0.01169167132697369
2023-02-06,-0.0020563146613649004,Correlation Spikes,Hypothetical,-0.0020563146613649004
2023-02-07,0.02426467560279018,Correlation Spikes,Hypothetical,0.02426467560279018
2023-02-08,-0.01387317622162083,Correlation Spikes,Hypothetical,-0.01387317622162083
2023-02-09,-0.00812703658166879,Correlation Spikes,Hypothetical,-0.00812703658166879
2023-02-10,-0.0065943138134724796,Correlation Spikes,Hypothetical,-0.0065943138134724796
2023-02-13,0.0122914080584927,Correlation Spikes,Hypothetical,0.0122914080584927
2023-02-14,0.011850838873597797,Correlation Spikes,Hypothetical,0.011850838873597797
2023-02-15,0.004431086354027699,Correlation Spikes,Hypothetical,0.004431086354027699
2023-02-16,-0.0223257090272124,Correlation Spikes,Hypothetical,-0.0223257090272124
2023-02-17,-0.005071514691633491,Correlation Spikes,Hypothetical,-0.005071514691633491
2023-02-21,-0.022797800170477993,Correlation Spikes,Hypothetical,-0.022797800170477993
2023-02-22,9.283948347201028e-05,Correlation Spikes,Hypothetical,9.283948347201028e-05
2023-02-23,0.018283007337276922,Correlation Spikes,Hypothetical,0.018283007337276922
2023-02-24,-0.014047166089030134,Correlation Spikes,Hypothetical,-0.014047166089030134
2023-02-27,0.008678542942928403,Correlation Spikes,Hypothetical,0.008678542942928403
2023-02-28,-0.00014903287099421027,Correlation Spikes,Hypothetical,-0.00014903287099421027
2023-03-01,-0.008887593607835939,Correlation Spikes,Hypothetical,-0.008887593607835939
2023-03-02,0.0015934392425177193,Correlation Spikes,Hypothetical,0.0015934392425177193
2023-03-03,0.025477460510757225,Correlation Spikes,Hypothetical,0.025477460510757225
2023-03-06,-6.401170218703344e-07,Correlation Spikes,Hypothetical,-6.401170218703344e-07
2023-03-07,-0.01483671733822978,Correlation Spikes,Hypothetical,-0.01483671733822978
2023-03-08,-0.00023051017097702005,Correlation Spikes,Hypothetical,-0.00023051017097702005
2023-03-09,-0.02310006973590644,Correlation Spikes,Hypothetical,-0.02310006973590644
2023-03-10,-0.00858328547725885,Correlation Spikes,Hypothetical,-0.00858328547725885
2023-03-13,0.005033802944536675,Correlation Spikes,Hypothetical,0.005033802944536675
2023-03-14,0.030102719273955508,Correlation Spikes,Hypothetical,0.030102719273955508
2023-03-15,-0.0027276469236479006,Correlation Spikes,Hypothetical,-0.0027276469236479006
2023-03-16,0.02816142171177332,Correlation Spikes,Hypothetical,0.02816142171177332
2023-03-17,-0.01065951106250609,Correlation Spikes,Hypothetical,-0.01065951106250609
2023-03-20,0.006122231366081551,Correlation Spikes,Hypothetical,0.006122231366081551
2023-03-21,0.027381233349743163,Correlation Spikes,Hypothetical,0.027381233349743163
2023-03-22,-0.014044600947875132,Correlation Spikes,Hypothetical,-0.014044600947875132
2023-03-23,0.007789739683123241,Correlation Spikes,Hypothetical,0.007789739683123241
2023-03-24,-0.0005821574277857401,Correlation Spikes,Hypothetical,-0.0005821574277857401
2023-03-27,-0.00106997335239205,Correlation Spikes,Hypothetical,-0.00106997335239205
2023-03-28,-0.00629549399623793,Correlation Spikes,Hypothetical,-0.00629549399623793
2023-03-29,0.01498063687719705,Correlation Spikes,Hypothetical,0.01498063687719705
2023-03-30,0.007844910655788252,Correlation Spikes,Hypothetical,0.007844910655788252
2023-03-31,0.018694158936398753,Correlation Spikes,Hypothetical,0.018694158936398753
2023-04-03,0.00560302594248389,Correlation Spikes,Hypothetical,0.00560302594248389
2023-04-04,-0.003157383418929259,Correlation Spikes,Hypothetical,-0.003157383418929259
2023-04-05,-0.0072553107220299125,Correlation Spikes,Hypothetical,-0.0072553107220299125
2023-04-06,0.00928548220317193,Correlation Spikes,Hypothetical,0.00928548220317193
2023-04-10,-0.00264247263068929,Correlation Spikes,Hypothetical,-0.00264247263068929
2023-04-11,-0.004598629070803601,Correlation Spikes,Hypothetical,-0.004598629070803601
2023-04-12,-0.008801508904158347,Correlation Spikes,Hypothetical,-0.008801508904158347
2023-04-13,0.02062027480772293,Correlation Spikes,Hypothetical,0.02062027480772293
2023-04-14,0.0061566679618938,Correlation Spikes,Hypothetical,0.0061566679618938
2023-04-17,-0.0022992234277688897,Correlation Spikes,Hypothetical,-0.0022992234277688897
2023-04-18,0.0022497027419341306,Correlation Spikes,Hypothetical,0.0022497027419341306
2023-04-19,-0.0037630735382877993,Correlation Spikes,Hypothetical,-0.0037630735382877993
2023-04-20,-0.01555522506341936,Correlation Spikes,Hypothetical,-0.01555522506341936
2023-04-21,0.0026826910672622002,Correlation Spikes,Hypothetical,0.0026826910672622002
2023-04-24,-0.0001607242777165799,Correlation Spikes,Hypothetical,-0.0001607242777165799
2023-04-25,-0.01819230887755979,Correlation Spikes,Hypothetical,-0.01819230887755979
2023-04-26,0.004247220207445573,Correlation Spikes,Hypothetical,0.004247220207445573
2023-04-27,0.0376079042674841,Correlation Spikes,Hypothetical,0.0376079042674841
2023-04-28,0.005061400195302149,Correlation Spikes,Hypothetical,0.005061400195302149
2023-05-01,-0.0003227685519818292,Correlation Spikes,Hypothetical,-0.0003227685519818292
2023-05-02,-0.01192056322132777,Correlation Spikes,Hypothetical,-0.01192056322132777
2023-05-03,-0.00794341927518147,Correlation Spikes,Hypothetical,-0.00794341927518147
2023-05-04,-0.006541965777514918,Correlation Spikes,Hypothetical,-0.006541965777514918
2023-05-05,0.02396051907288276,Correlation Spikes,Hypothetical,0.02396051907288276
2023-05-08,0.0047318248189834895,Correlation Spikes,Hypothetical,0.0047318248189834895
2023-05-09,-0.005567136265450361,Correlation Spikes,Hypothetical,-0.005567136265450361
2023-05-10,0.009538278789534158,Correlation Spikes,Hypothetical,0.009538278789534158
2023-05-11,0.0053321474194521,Correlation Spikes,Hypothetical,0.0053321474194521
2023-05-12,-0.0068070558148182,Correlation Spikes,Hypothetical,-0.0068070558148182
2023-05-15,0.0033666976782078797,Correlation Spikes,Hypothetical,0.0033666976782078797
2023-05-16,0.0017071287103524206,Correlation Spikes,Hypothetical,0.0017071287103524206
2023-05-17,0.01989732071440336,Correlation Spikes,Hypothetical,0.01989732071440336
2023-05-18,0.015772339517082477,Correlation Spikes,Hypothetical,0.015772339517082477
2023-05-19,-0.0014702660815780802,Correlation Spikes,Hypothetical,-0.0014702660815780802
2023-05-22,0.005134334438615929,Correlation Spikes,Hypothetical,0.005134334438615929
2023-05-23,-0.009136720197049432,Correlation Spikes,Hypothetical,-0.009136720197049432
2023-05-24,-0.0006474094258109801,Correlation Spikes,Hypothetical,-0.0006474094258109801
2023-05-25,0.029573604183721222,Correlation Spikes,Hypothetical,0.029573604183721222
2023-05-26,0.02095019370015351,Correlation Spikes,Hypothetical,0.02095019370015351
2023-05-30,0.007555122130518209,Correlation Spikes,Hypothetical,0.007555122130518209
2023-05-31,-0.007396747659462698,Correlation Spikes,Hypothetical,-0.007396747659462698
2023-06-01,0.01908842833468411,Correlation Spikes,Hypothetical,0.01908842833468411
2023-06-02,0.010920930537587269,Correlation Spikes,Hypothetical,0.010920930537587269
2023-06-05,0.0004757909702289996,Correlation Spikes,Hypothetical,0.0004757909702289996
2023-06-06,0.0003441393762963704,Correlation Spikes,Hypothetical,0.0003441393762963704
2023-06-07,-0.014135389476890796,Correlation Spikes,Hypothetical,-0.014135389476890796
2023-06-08,0.013436030933986499,Correlation Spikes,Hypothetical,0.013436030933986499
2023-06-09,0.005128101663347121,Correlation Spikes,Hypothetical,0.005128101663347121
2023-06-12,0.012051312026052797,Correlation Spikes,Hypothetical,0.012051312026052797
2023-06-13,0.008735815379755789,Correlation Spikes,Hypothetical,0.008735815379755789
2023-06-14,-0.0022136657474206593,Correlation Spikes,Hypothetical,-0.0022136657474206593
2023-06-15,0.01151133487003254,Correlation Spikes,Hypothetical,0.01151133487003254
2023-06-16,-0.00534232450700431,Correlation Spikes,Hypothetical,-0.00534232450700431
2023-06-20,0.007394913824593629,Correlation Spikes,Hypothetical,0.007394913824593629
2023-06-21,-0.010331942214169398,Correlation Spikes,Hypothetical,-0.010331942214169398
2023-06-22,0.01101213312207968,Correlation Spikes,Hypothetical,0.01101213312207968
2023-06-23,-0.008233893221401731,Correlation Spikes,Hypothetical,-0.008233893221401731
2023-06-26,-0.018314869184031805,Correlation Spikes,Hypothetical,-0.018314869184031805
2023-06-27,0.01569706343089954,Correlation Spikes,Hypothetical,0.01569706343089954
2023-06-28,0.0011489224737883702,Correlation Spikes,Hypothetical,0.0011489224737883702
2023-06-29,0.00176081075244615,Correlation Spikes,Hypothetical,0.00176081075244615
2023-06-30,0.016393955531978883,Correlation Spikes,Hypothetical,0.016393955531978883
2023-07-03,0.0057816709787538905,Correlation Spikes,Hypothetical,0.0057816709787538905
2023-07-05,0.0021980643283602,Correlation Spikes,Hypothetical,0.0021980643283602
2023-07-06,-0.010255336453411461,Correlation Spikes,Hypothetical,-0.010255336453411461
2023-07-07,-0.00214244416734691,Correlation Spikes,Hypothetical,-0.00214244416734691
2023-07-10,-0.00618663770978481,Correlation Spikes,Hypothetical,-0.00618663770978481
2023-07-11,0.006579228371290552,Correlation Spikes,Hypothetical,0.006579228371290552
2023-07-12,0.01203650336866276,Correlation Spikes,Hypothetical,0.01203650336866276
2023-07-13,0.015413250384894751,Correlation Spikes,Hypothetical,0.015413250384894751
2023-07-14,0.00492153625907323,Correlation Spikes,Hypothetical,0.00492153625907323
2023-07-17,0.010034284355761302,Correlation Spikes,Hypothetical,0.010034284355761302
2023-07-18,0.009305983323520128,Correlation Spikes,Hypothetical,0.009305983323520128
2023-07-19,0.0014868057878953003,Correlation Spikes,Hypothetical,0.0014868057878953003
2023-07-20,-0.023843132936737513,Correlation Spikes,Hypothetical,-0.023843132936737513
2023-07-21,-0.007127573221689472,Correlation Spikes,Hypothetical,-0.007127573221689472
2023-07-24,0.008368518007579992,Correlation Spikes,Hypothetical,0.008368518007579992
2023-07-25,0.004782822498403441,Correlation Spikes,Hypothetical,0.004782822498403441
2023-07-26,0.0017211860856177496,Correlation Spikes,Hypothetical,0.0017211860856177496
2023-07-27,-0.00178265760487185,Correlation Spikes,Hypothetical,-0.00178265760487185
2023-07-28,0.018590725403928213,Correlation Spikes,Hypothetical,0.018590725403928213
2023-07-31,0.0033369925635596404,Correlation Spikes,Hypothetical,0.0033369925635596404
2023-08-01,-0.005629782221798021,Correlation Spikes,Hypothetical,-0.005629782221798021
2023-08-02,-0.021678681621445282,Correlation Spikes,Hypothetical,-0.021678681621445282
2023-08-03,0.004222789266691509,Correlation Spikes,Hypothetical,0.004222789266691509
2023-08-04,0.0006722710103563603,Correlation Spikes,Hypothetical,0.0006722710103563603
2023-08-07,0.007992920308204579,Correlation Spikes,Hypothetical,0.007992920308204579
2023-08-08,-0.0070153895730645606,Correlation Spikes,Hypothetical,-0.0070153895730645606
2023-08-09,-0.015376444233131871,Correlation Spikes,Hypothetical,-0.015376444233131871
2023-08-10,0.0023505534525910397,Correlation Spikes,Hypothetical,0.0023505534525910397
2023-08-11,-0.0037911021691120995,Correlation Spikes,Hypothetical,-0.0037911021691120995
2023-08-14,0.013083182311520518,Correlation Spikes,Hypothetical,0.013083182311520518
2023-08-15,-0.014772525577188,Correlation Spikes,Hypothetical,-0.014772525577188
2023-08-16,-0.012913713836493205,Correlation Spikes,Hypothetical,-0.012913713836493205
2023-08-17,-0.009701820553303894,Correlation Spikes,Hypothetical,-0.009701820553303894
2023-08-18,-0.00210734290001769,Correlation Spikes,Hypothetical,-0.00210734290001769
2023-08-21,0.02141757025205838,Correlation Spikes,Hypothetical,0.02141757025205838
2023-08-22,-0.00523678214410655,Correlation Spikes,Hypothetical,-0.00523678214410655
2023-08-23,0.013359420413878938,Correlation Spikes,Hypothetical,0.013359420413878938
2023-08-24,-0.015879558614741947,Correlation Spikes,Hypothetical,-0.015879558614741947
2023-08-25,0.0060854895590707996,Correlation Spikes,Hypothetical,0.0060854895590707996
2023-08-28,0.007055661179226432,Correlation Spikes,Hypothetical,0.007055661179226432
2023-08-29,0.023919345947040392,Correlation Spikes,Hypothetical,0.023919345947040392
2023-08-30,0.0033375588320186593,Correlation Spikes,Hypothetical,0.0033375588320186593
2023-08-31,-0.0008912982963748298,Correlation Spikes,Hypothetical,-0.0008912982963748298
2023-09-01,-0.003427698292820151,Correlation Spikes,Hypothetical,-0.003427698292820151
2023-09-05,0.006983157057537769,Correlation Spikes,Hypothetical,0.006983157057537769
2023-09-06,-0.011406692266860039,Correlation Spikes,Hypothetical,-0.011406692266860039
2023-09-07,-0.003157244585311741,Correlation Spikes,Hypothetical,-0.003157244585311741
2023-09-08,0.0009636758539636502,Correlation Spikes,Hypothetical,0.0009636758539636502
2023-09-11,0.01704809595441911,Correlation Spikes,Hypothetical,0.01704809595441911
2023-09-12,-0.006495522124461011,Correlation Spikes,Hypothetical,-0.006495522124461011
2023-09-13,0.006750529775090761,Correlation Spikes,Hypothetical,0.006750529775090761
2023-09-14,0.011241916860189688,Correlation Spikes,Hypothetical,0.011241916860189688
2023-09-15,-0.015553370930702932,Correlation Spikes,Hypothetical,-0.015553370930702932
2023-09-18,9.597857604483974e-05,Correlation Spikes,Hypothetical,9.597857604483974e-05
2023-09-19,-0.0025318285448790896,Correlation Spikes,Hypothetical,-0.0025318285448790896
2023-09-20,-0.014222228775797117,Correlation Spikes,Hypothetical,-0.014222228775797117
2023-09-21,-0.01534032826134999,Correlation Spikes,Hypothetical,-0.01534032826134999
2023-09-22,-0.0020669429861797607,Correlation Spikes,Hypothetical,-0.0020669429861797607
2023-09-25,0.008590504834358581,Correlation Spikes,Hypothetical,0.008590504834358581
2023-09-26,-0.01435735366791207,Correlation Spikes,Hypothetical,-0.01435735366791207
2023-09-27,0.0037907388373249404,Correlation Spikes,Hypothetical,0.0037907388373249404
2023-09-28,0.00967529877847644,Correlation Spikes,Hypothetical,0.00967529877847644
2023-09-29,-0.00241916400672786,Correlation Spikes,Hypothetical,-0.00241916400672786
2023-10-02,0.013011014690377128,Correlation Spikes,Hypothetical,0.013011014690377128
2023-10-03,-0.016660390609828497,Correlation Spikes,Hypothetical,-0.016660390609828497
2023-10-04,0.012074408784015321,Correlation Spikes,Hypothetical,0.012074408784015321
2023-10-05,-4.4723685829840305e-05,Correlation Spikes,Hypothetical,-4.4723685829840305e-05
2023-10-06,0.015005468498554702,Correlation Spikes,Hypothetical,0.015005468498554702
2023-10-09,0.0055982053417712885,Correlation Spikes,Hypothetical,0.0055982053417712885
2023-10-10,0.003449212638482659,Correlation Spikes,Hypothetical,0.003449212638482659
2023-10-11,0.0061931455426472385,Correlation Spikes,Hypothetical,0.0061931455426472385
2023-10-12,-0.00298629214152571,Correlation Spikes,Hypothetical,-0.00298629214152571
2023-10-13,-0.006886640924560821,Correlation Spikes,Hypothetical,-0.006886640924560821
2023-10-16,0.009098603113096881,Correlation Spikes,Hypothetical,0.009098603113096881
2023-10-17,-0.00401090953561295,Correlation Spikes,Hypothetical,-0.00401090953561295
2023-10-18,-0.015844243957328,Correlation Spikes,Hypothetical,-0.015844243957328
2023-10-19,-0.011818280258353889,Correlation Spikes,Hypothetical,-0.011818280258353889
2023-10-20,-0.01785750996163122,Correlation Spikes,Hypothetical,-0.01785750996163122
2023-10-23,0.004403340643232191,Correlation Spikes,Hypothetical,0.004403340643232191
2023-10-24,0.006933626246381202,Correlation Spikes,Hypothetical,0.006933626246381202
2023-10-25,-0.023110738464481598,Correlation Spikes,Hypothetical,-0.023110738464481598
2023-10-26,-0.02171214911771476,Correlation Spikes,Hypothetical,-0.02171214911771476
2023-10-27,0.006004170270742631,Correlation Spikes,Hypothetical,0.006004170270742631
2023-10-30,0.01070873878264902,Correlation Spikes,Hypothetical,0.01070873878264902
2023-10-31,0.00309449157310622,Correlation Spikes,Hypothetical,0.00309449157310622
2023-11-01,0.017752354332626338,Correlation Spikes,Hypothetical,0.017752354332626338
2023-11-02,0.018969008344759418,Correlation Spikes,Hypothetical,0.018969008344759418
2023-11-03,0.006646554388326978,Correlation Spikes,Hypothetical,0.006646554388326978
2023-11-06,0.005421655677742771,Correlation Spikes,Hypothetical,0.005421655677742771
2023-11-07,0.00717707599668165,Correlation Spikes,Hypothetical,0.00717707599668165
2023-11-08,0.0022286962959271795,Correlation Spikes,Hypothetical,0.0022286962959271795
2023-11-09,-0.007466940315886338,Correlation Spikes,Hypothetical,-0.007466940315886338
2023-11-10,0.019120000229359113,Correlation Spikes,Hypothetical,0.019120000229359113
2023-11-13,0.0030762160954371995,Correlation Spikes,Hypothetical,0.0030762160954371995
2023-11-14,0.018055666722462786,Correlation Spikes,Hypothetical,0.018055666722462786
2023-11-15,-0.00112766095629136,Correlation Spikes,Hypothetical,-0.00112766095629136
2023-11-16,0.00221299836948407,Correlation Spikes,Hypothetical,0.00221299836948407
2023-11-17,0.0016526063685089595,Correlation Spikes,Hypothetical,0.0016526063685089595
2023-11-20,0.00825648743868304,Correlation Spikes,Hypothetical,0.00825648743868304
2023-11-21,-0.0014114859400358405,Correlation Spikes,Hypothetical,-0.0014114859400358405
2023-11-22,0.00125413398222477,Correlation Spikes,Hypothetical,0.00125413398222477
2023-11-24,-0.0031560366826706696,Correlation Spikes,Hypothetical,-0.0031560366826706696
2023-11-27,-0.0005658134679834303,Correlation Spikes,Hypothetical,-0.0005658134679834303
2023-11-28,0.00603080890055265,Correlation Spikes,Hypothetical,0.00603080890055265
2023-11-29,-0.00804249638632899,Correlation Spikes,Hypothetical,-0.00804249638632899
2023-11-30,-0.002792407554145701,Correlation Spikes,Hypothetical,-0.002792407554145701
2023-12-01,-0.00157063225418017,Correlation Spikes,Hypothetical,-0.00157063225418017
2023-12-04,-0.010961978063066969,Correlation Spikes,Hypothetical,-0.010961978063066969
2023-12-05,0.00728828233492031,Correlation Spikes,Hypothetical,0.00728828233492031
2023-12-06,-0.008696678277297741,Correlation Spikes,Hypothetical,-0.008696678277297741
2023-12-07,0.014573423455246648,Correlation Spikes,Hypothetical,0.014573423455246648
2023-12-08,0.00743508490146954,Correlation Spikes,Hypothetical,0.00743508490146954
2023-12-11,-0.010821050737173309,Correlation Spikes,Hypothetical,-0.010821050737173309
2023-12-12,0.005644127204921382,Correlation Spikes,Hypothetical,0.005644127204921382
2023-12-13,0.006474901284002714,Correlation Spikes,Hypothetical,0.006474901284002714
2023-12-14,0.0032003197974375805,Correlation Spikes,Hypothetical,0.0032003197974375805
2023-12-15,0.005389931916213018,Correlation Spikes,Hypothetical,0.005389931916213018
2023-12-18,0.010066757251549386,Correlation Spikes,Hypothetical,0.010066757251549386
2023-12-19,0.00608097385607987,Correlation Spikes,Hypothetical,0.00608097385607987
2023-12-20,-0.013210302478249707,Correlation Spikes,Hypothetical,-0.013210302478249707
2023-12-21,0.011317546827603941,Correlation Spikes,Hypothetical,0.011317546827603941
2023-12-22,-0.00088182492008909,Correlation Spikes,Hypothetical,-0.00088182492008909
2023-12-26,0.0034538523649796085,Correlation Spikes,Hypothetical,0.0034538523649796085
2023-12-27,0.00270440222107113,Correlation Spikes,Hypothetical,0.00270440222107113
2023-12-28,-0.00284866315478161,Correlation Spikes,Hypothetical,-0.00284866315478161
2023-12-29,-0.004764916657598331,Correlation Spikes,Hypothetical,-0.004764916657598331
2024-01-02,-0.0063006472207571395,Correlation Spikes,Hypothetical,-0.0063006472207571395
2024-01-03,-0.0061319769815660185,Correlation Spikes,Hypothetical,-0.0061319769815660185
2024-01-04,-0.004565566238725428,Correlation Spikes,Hypothetical,-0.004565566238725428
2024-01-05,0.0023534230810768205,Correlation Spikes,Hypothetical,0.0023534230810768205
2024-01-08,0.016863254703808558,Correlation Spikes,Hypothetical,0.016863254703808558
2024-01-09,0.00049640724519219,Correlation Spikes,Hypothetical,0.00049640724519219
2024-01-10,0.009510489966327867,Correlation Spikes,Hypothetical,0.009510489966327867
2024-01-11,-0.0013155371007581899,Correlation Spikes,Hypothetical,-0.0013155371007581899
2024-01-12,-0.004153529035166511,Correlation Spikes,Hypothetical,-0.004153529035166511
2024-01-16,-0.0035205950235109498,Correlation Spikes,Hypothetical,-0.0035205950235109498
2024-01-17,-0.0048506303094103705,Correlation Spikes,Hypothetical,-0.0048506303094103705
2024-01-18,0.007645435165959339,Correlation Spikes,Hypothetical,0.007645435165959339
2024-01-19,0.011664899714041988,Correlation Spikes,Hypothetical,0.011664899714041988
2024-01-22,-9.038407396174987e-05,Correlation Spikes,Hypothetical,-9.038407396174987e-05
2024-01-23,0.00517482356063883,Correlation Spikes,Hypothetical,0.00517482356063883
2024-01-24,0.007706616267213142,Correlation Spikes,Hypothetical,0.007706616267213142
2024-01-25,-0.007870539643346549,Correlation Spikes,Hypothetical,-0.007870539643346549
2024-01-26,0.0020347844205028396,Correlation Spikes,Hypothetical,0.0020347844205028396
2024-01-29,0.012226939706192121,Correlation Spikes,Hypothetical,0.012226939706192121
2024-01-30,-0.0008033771556853901,Correlation Spikes,Hypothetical,-0.0008033771556853901
2024-01-31,-0.022646025093461766,Correlation Spikes,Hypothetical,-0.022646025093461766
2024-02-01,0.009075824645469351,Correlation Spikes,Hypothetical,0.009075824645469351
2024-02-02,0.035593213819726466,Correlation Spikes,Hypothetical,0.035593213819726466
2024-02-05,-0.0044291937742759096,Correlation Spikes,Hypothetical,-0.0044291937742759096
2024-02-06,0.0026118675499994105,Correlation Spikes,Hypothetical,0.0026118675499994105
2024-02-07,0.013210723378033605,Correlation Spikes,Hypothetical,0.013210723378033605
2024-02-08,0.0012657953823447098,Correlation Spikes,Hypothetical,0.0012657953823447098
2024-02-09,0.009732825267611402,Correlation Spikes,Hypothetical,0.009732825267611402
2024-02-12,-0.00512692915407208,Correlation Spikes,Hypothetical,-0.00512692915407208
2024-02-13,-0.01315427776684,Correlation Spikes,Hypothetical,-0.01315427776684
2024-02-14,0.01082956691617595,Correlation Spikes,Hypothetical,0.01082956691617595
2024-02-15,0.00888621493201116,Correlation Spikes,Hypothetical,0.00888621493201116
2024-02-16,-0.006067100163385101,Correlation Spikes,Hypothetical,-0.006067100163385101
2024-02-20,-0.010160638265662741,Correlation Spikes,Hypothetical,-0.010160638265662741
2024-02-21,0.0020406824682353895,Correlation Spikes,Hypothetical,0.0020406824682353895
2024-02-22,0.03171759821472083,Correlation Spikes,Hypothetical,0.03171759821472083
2024-02-23,-0.00424455885417804,Correlation Spikes,Hypothetical,-0.00424455885417804
2024-02-26,-0.0025803727021712006,Correlation Spikes,Hypothetical,-0.0025803727021712006
2024-02-27,-0.0005859376932935502,Correlation Spikes,Hypothetical,-0.0005859376932935502
2024-02-28,-0.00557030585510489,Correlation Spikes,Hypothetical,-0.00557030585510489
2024-02-29,0.007899344577675499,Correlation Spikes,Hypothetical,0.007899344577675499
2024-03-01,0.0066064528237388,Correlation Spikes,Hypothetical,0.0066064528237388
2024-03-04,-0.012392019743891279,Correlation Spikes,Hypothetical,-0.012392019743891279
2024-03-05,-0.012516422330100384,Correlation Spikes,Hypothetical,-0.012516422330100384
2024-03-06,0.0014950229742940692,Correlation Spikes,Hypothetical,0.0014950229742940692
2024-03-07,0.01576695619337813,Correlation Spikes,Hypothetical,0.01576695619337813
2024-03-08,-0.007315889698004339,Correlation Spikes,Hypothetical,-0.007315889698004339
2024-03-11,-0.00126970154265311,Correlation Spikes,Hypothetical,-0.00126970154265311
2024-03-12,0.01612680266719322,Correlation Spikes,Hypothetical,0.01612680266719322
2024-03-13,-0.004496097595906529,Correlation Spikes,Hypothetical,-0.004496097595906529
2024-03-14,-0.0007791099039079691,Correlation Spikes,Hypothetical,-0.0007791099039079691
2024-03-15,-0.005655798738060181,Correlation Spikes,Hypothetical,-0.005655798738060181
2024-03-18,0.016507885833316298,Correlation Spikes,Hypothetical,0.016507885833316298
2024-03-19,0.004779885149280039,Correlation Spikes,Hypothetical,0.004779885149280039
2024-03-20,0.011719149553760768,Correlation Spikes,Hypothetical,0.011719149553760768
2024-03-21,-0.00255693588937429,Correlation Spikes,Hypothetical,-0.00255693588937429
2024-03-22,0.003709217974349139,Correlation Spikes,Hypothetical,0.003709217974349139
2024-03-25,-0.0024219879700447394,Correlation Spikes,Hypothetical,-0.0024219879700447394
2024-03-26,-0.0013651332100280394,Correlation Spikes,Hypothetical,-0.0013651332100280394
2024-03-27,0.0045033765733196295,Correlation Spikes,Hypothetical,0.0045033765733196295
2024-03-28,-0.0028644037915988804,Correlation Spikes,Hypothetical,-0.0028644037915988804
2024-04-01,0.003245136581388944,Correlation Spikes,Hypothetical,0.003245136581388944
2024-04-02,-0.011402784928074677,Correlation Spikes,Hypothetical,-0.011402784928074677
2024-04-03,0.003902618711975871,Correlation Spikes,Hypothetical,0.003902618711975871
2024-04-04,-0.007604805632616989,Correlation Spikes,Hypothetical,-0.007604805632616989
2024-04-05,0.010813718227210539,Correlation Spikes,Hypothetical,0.010813718227210539
2024-04-08,0.00299561856913808,Correlation Spikes,Hypothetical,0.00299561856913808
2024-04-09,0.00294023215191458,Correlation Spikes,Hypothetical,0.00294023215191458
2024-04-10,-0.004432856978490599,Correlation Spikes,Hypothetical,-0.004432856978490599
2024-04-11,0.013388586153751414,Correlation Spikes,Hypothetical,0.013388586153751414
2024-04-12,-0.018216213974070476,Correlation Spikes,Hypothetical,-0.018216213974070476
2024-04-15,-0.016719118522245856,Correlation Spikes,Hypothetical,-0.016719118522245856
2024-04-16,-5.627640196608983e-05,Correlation Spikes,Hypothetical,-5.627640196608983e-05
2024-04-17,-0.00623198431811415,Correlation Spikes,Hypothetical,-0.00623198431811415
2024-04-18,-0.0009292126552660902,Correlation Spikes,Hypothetical,-0.0009292126552660902
2024-04-19,-0.017073711362649104,Correlation Spikes,Hypothetical,-0.017073711362649104
2024-04-22,0.005506122784281418,Correlation Spikes,Hypothetical,0.005506122784281418
2024-04-23,0.014148920793084647,Correlation Spikes,Hypothetical,0.014148920793084647
2024-04-24,0.00948397858423461,Correlation Spikes,Hypothetical,0.00948397858423461
2024-04-25,-0.0057149865099601705,Correlation Spikes,Hypothetical,-0.0057149865099601705
2024-04-26,0.018211441575069057,Correlation Spikes,Hypothetical,0.018211441575069057
2024-04-29,0.011816854972561233,Correlation Spikes,Hypothetical,0.011816854972561233
2024-04-30,-0.021053096180877123,Correlation Spikes,Hypothetical,-0.021053096180877123
2024-05-01,-0.0015493958464582703,Correlation Spikes,Hypothetical,-0.0015493958464582703
2024-05-02,0.013645261525009191,Correlation Spikes,Hypothetical,0.013645261525009191
2024-05-03,0.014911551604380008,Correlation Spikes,Hypothetical,0.014911551604380008
2024-05-06,0.01323328170200539,Correlation Spikes,Hypothetical,0.01323328170200539
2024-05-07,-0.0029594706512035304,Correlation Spikes,Hypothetical,-0.0029594706512035304
2024-05-08,0.00048732550307384055,Correlation Spikes,Hypothetical,0.00048732550307384055
2024-05-09,0.0034327390918273996,Correlation Spikes,Hypothetical,0.0034327390918273996
2024-05-10,-0.0011578573320450206,Correlation Spikes,Hypothetical,-0.0011578573320450206
2024-05-13,0.00194245632069156,Correlation Spikes,Hypothetical,0.00194245632069156
2024-05-14,0.00987729914302221,Correlation Spikes,Hypothetical,0.00987729914302221
2024-05-15,0.009084441004098902,Correlation Spikes,Hypothetical,0.009084441004098902
2024-05-16,-0.0019570616144610896,Correlation Spikes,Hypothetical,-0.0019570616144610896
2024-05-17,0.004011867663033451,Correlation Spikes,Hypothetical,0.004011867663033451
2024-05-20,-0.00459795495456139,Correlation Spikes,Hypothetical,-0.00459795495456139
2024-05-21,0.010814689334354099,Correlation Spikes,Hypothetical,0.010814689334354099
2024-05-22,-0.0075412095315649805,Correlation Spikes,Hypothetical,-0.0075412095315649805
2024-05-23,-0.0035821535060389107,Correlation Spikes,Hypothetical,-0.0035821535060389107
2024-05-24,0.01164135610072177,Correlation Spikes,Hypothetical,0.01164135610072177
2024-05-28,0.007352675964836724,Correlation Spikes,Hypothetical,0.007352675964836724
2024-05-29,-0.00666018373142839,Correlation Spikes,Hypothetical,-0.00666018373142839
2024-05-30,-0.010023747606919127,Correlation Spikes,Hypothetical,-0.010023747606919127
2024-05-31,0.0053772145691822395,Correlation Spikes,Hypothetical,0.0053772145691822395
2024-06-03,0.0057988063241516796,Correlation Spikes,Hypothetical,0.0057988063241516796
2024-06-04,0.0007279589147328703,Correlation Spikes,Hypothetical,0.0007279589147328703
2024-06-05,0.01275641722877189,Correlation Spikes,Hypothetical,0.01275641722877189
2024-06-06,0.0027903643786045605,Correlation Spikes,Hypothetical,0.0027903643786045605
2024-06-07,-0.00285687768492751,Correlation Spikes,Hypothetical,-0.00285687768492751
2024-06-10,0.0025851801313536197,Correlation Spikes,Hypothetical,0.0025851801313536197
2024-06-11,0.004665015086708569,Correlation Spikes,Hypothetical,0.004665015086708569
2024-06-12,0.00978212059877517,Correlation Spikes,Hypothetical,0.00978212059877517
2024-06-13,0.00423071798509083,Correlation Spikes,Hypothetical,0.00423071798509083
2024-06-14,-0.0011555620677086399,Correlation Spikes,Hypothetical,-0.0011555620677086399
2024-06-17,0.007617172278939762,Correlation Spikes,Hypothetical,0.007617172278939762
2024-06-18,-0.00241182589957371,Correlation Spikes,Hypothetical,-0.00241182589957371
2024-06-20,-0.00095486168590897,Correlation Spikes,Hypothetical,-0.00095486168590897
2024-06-21,-0.0029125726022661887,Correlation Spikes,Hypothetical,-0.0029125726022661887
2024-06-24,-0.002508771720075201,Correlation Spikes,Hypothetical,-0.002508771720075201
2024-06-25,0.014745221909477716,Correlation Spikes,Hypothetical,0.014745221909477716
2024-06-26,0.011258454356942511,Correlation Spikes,Hypothetical,0.011258454356942511
2024-06-27,0.005261811871526621,Correlation Spikes,Hypothetical,0.005261811871526621
2024-06-28,-0.003659811409442342,Correlation Spikes,Hypothetical,-0.003659811409442342
2024-07-01,0.01293367835916999,Correlation Spikes,Hypothetical,0.01293367835916999
2024-07-02,0.01636519136175955,Correlation Spikes,Hypothetical,0.01636519136175955
2024-07-03,0.009984628279166368,Correlation Spikes,Hypothetical,0.009984628279166368
2024-07-05,0.010552903410877489,Correlation Spikes,Hypothetical,0.010552903410877489
2024-07-08,-0.0009121181309854104,Correlation Spikes,Hypothetical,-0.0009121181309854104
2024-07-09,0.00592010459900951,Correlation Spikes,Hypothetical,0.00592010459900951
2024-07-10,0.011414214590293568,Correlation Spikes,Hypothetical,0.011414214590293568
2024-07-11,-0.02652500059479902,Correlation Spikes,Hypothetical,-0.02652500059479902
2024-07-12,0.00245888596976047,Correlation Spikes,Hypothetical,0.00245888596976047
2024-07-15,0.0072147374391026186,Correlation Spikes,Hypothetical,0.0072147374391026186
2024-07-16,0.005526074247413341,Correlation Spikes,Hypothetical,0.005526074247413341
2024-07-17,-0.016172005396214027,Correlation Spikes,Hypothetical,-0.016172005396214027
2024-07-18,-0.0046567477372448105,Correlation Spikes,Hypothetical,-0.0046567477372448105
2024-07-19,-0.009690864918477982,Correlation Spikes,Hypothetical,-0.009690864918477982
2024-07-22,0.01359307882885344,Correlation Spikes,Hypothetical,0.01359307882885344
2024-07-23,-0.0017389789492541206,Correlation Spikes,Hypothetical,-0.0017389789492541206
2024-07-24,-0.037747824397625154,Correlation Spikes,Hypothetical,-0.037747824397625154
2024-07-25,-0.00589559816619158,Correlation Spikes,Hypothetical,-0.00589559816619158
2024-07-26,0.00978462423704609,Correlation Spikes,Hypothetical,0.00978462423704609
2024-07-29,0.004443734237023754,Correlation Spikes,Hypothetical,0.004443734237023754
2024-07-30,-0.007138829324416359,Correlation Spikes,Hypothetical,-0.007138829324416359
2024-07-31,0.022838076387608167,Correlation Spikes,Hypothetical,0.022838076387608167
2024-08-01,-0.016631497864713355,Correlation Spikes,Hypothetical,-0.016631497864713355
2024-08-02,-0.02183085293740963,Correlation Spikes,Hypothetical,-0.02183085293740963
2024-08-05,-0.0370621679867351,Correlation Spikes,Hypothetical,-0.0370621679867351
2024-08-06,0.010620616168503193,Correlation Spikes,Hypothetical,0.010620616168503193
2024-08-07,-0.007748523748314621,Correlation Spikes,Hypothetical,-0.007748523748314621
2024-08-08,0.024357981101182948,Correlation Spikes,Hypothetical,0.024357981101182948
2024-08-09,0.00621732043122636,Correlation Spikes,Hypothetical,0.00621732043122636
2024-08-12,0.003934769783418811,Correlation Spikes,Hypothetical,0.003934769783418811
2024-08-13,0.022378516789980932,Correlation Spikes,Hypothetical,0.022378516789980932
2024-08-14,-0.0002866120336471908,Correlation Spikes,Hypothetical,-0.0002866120336471908
2024-08-15,0.021141015688955777,Correlation Spikes,Hypothetical,0.021141015688955777
2024-08-16,0.0015340764178726602,Correlation Spikes,Hypothetical,0.0015340764178726602
2024-08-19,0.012536132232516367,Correlation Spikes,Hypothetical,0.012536132232516367
2024-08-20,-0.005039071626664381,Correlation Spikes,Hypothetical,-0.005039071626664381
2024-08-21,0.0022081919788286696,Correlation Spikes,Hypothetical,0.0022081919788286696
2024-08-22,-0.014421430195545837,Correlation Spikes,Hypothetical,-0.014421430195545837
2024-08-23,0.014513509991345501,Correlation Spikes,Hypothetical,0.014513509991345501
2024-08-26,-0.004982413386449119,Correlation Spikes,Hypothetical,-0.004982413386449119
2024-08-27,-0.0030495332705985302,Correlation Spikes,Hypothetical,-0.0030495332705985302
2024-08-28,-0.008386030574123493,Correlation Spikes,Hypothetical,-0.008386030574123493
2024-08-29,-0.0013497694495096801,Correlation Spikes,Hypothetical,-0.0013497694495096801
2024-08-30,0.012004037905294068,Correlation Spikes,Hypothetical,0.012004037905294068
2024-09-03,-0.02516715976405496,Correlation Spikes,Hypothetical,-0.02516715976405496
2024-09-04,-0.0012541254994778404,Correlation Spikes,Hypothetical,-0.0012541254994778404
2024-09-05,0.0073592396177519824,Correlation Spikes,Hypothetical,0.0073592396177519824
2024-09-06,-0.028364553424408346,Correlation Spikes,Hypothetical,-0.028364553424408346
2024-09-09,0.012805618049627382,Correlation Spikes,Hypothetical,0.012805618049627382
2024-09-10,0.0021667304368332093,Correlation Spikes,Hypothetical,0.0021667304368332093
2024-09-11,0.016424232457232714,Correlation Spikes,Hypothetical,0.016424232457232714
2024-09-12,0.01085442406606408,Correlation Spikes,Hypothetical,0.01085442406606408
2024-09-13,0.00205346119618552,Correlation Spikes,Hypothetical,0.00205346119618552
2024-09-16,-0.0021886160202663303,Correlation Spikes,Hypothetical,-0.0021886160202663303
2024-09-17,0.00308100802638507,Correlation Spikes,Hypothetical,0.00308100802638507
2024-09-18,-0.0010485338389561202,Correlation Spikes,Hypothetical,-0.0010485338389561202
2024-09-19,0.026143147864456723,Correlation Spikes,Hypothetical,0.026143147864456723
2024-09-20,-0.0034737521585811197,Correlation Spikes,Hypothetical,-0.0034737521585811197
2024-09-23,0.00636735250243596,Correlation Spikes,Hypothetical,0.00636735250243596
2024-09-24,0.005308574378469349,Correlation Spikes,Hypothetical,0.005308574378469349
2024-09-25,0.0007498668336598101,Correlation Spikes,Hypothetical,0.0007498668336598101
2024-09-26,-0.0025356196556370393,Correlation Spikes,Hypothetical,-0.0025356196556370393
2024-09-27,0.0029237576422958505,Correlation Spikes,Hypothetical,0.0029237576422958505
2024-09-30,0.0063499716047646084,Correlation Spikes,Hypothetical,0.0063499716047646084
2024-10-01,-0.009171809456632641,Correlation Spikes,Hypothetical,-0.009171809456632641
2024-10-02,-0.00102144502452305,Correlation Spikes,Hypothetical,-0.00102144502452305
2024-10-03,-0.00044632524515639,Correlation Spikes,Hypothetical,-0.00044632524515639
2024-10-04,0.01659204880749323,Correlation Spikes,Hypothetical,0.01659204880749323
2024-10-07,-0.013650935614669298,Correlation Spikes,Hypothetical,-0.013650935614669298
2024-10-08,0.008901663031651842,Correlation Spikes,Hypothetical,0.008901663031651842
2024-10-09,0.0031130824350470107,Correlation Spikes,Hypothetical,0.0031130824350470107
2024-10-10,0.0015649174847377706,Correlation Spikes,Hypothetical,0.0015649174847377706
2024-10-11,-0.0015182962539034184,Correlation Spikes,Hypothetical,-0.0015182962539034184
2024-10-14,0.007075828521276769,Correlation Spikes,Hypothetical,0.007075828521276769
2024-10-15,-0.014518980714910399,Correlation Spikes,Hypothetical,-0.014518980714910399
2024-10-16,0.0037219615481387993,Correlation Spikes,Hypothetical,0.0037219615481387993
2024-10-17,-0.0008244988799817701,Correlation Spikes,Hypothetical,-0.0008244988799817701
2024-10-18,0.00404147753533093,Correlation Spikes,Hypothetical,0.00404147753533093
2024-10-21,0.0036235812208600593,Correlation Spikes,Hypothetical,0.0036235812208600593
2024-10-22,0.004250005181268389,Correlation Spikes,Hypothetical,0.004250005181268389
2024-10-23,-0.016427833551391192,Correlation Spikes,Hypothetical,-0.016427833551391192
2024-10-24,0.023528260357693506,Correlation Spikes,Hypothetical,0.023528260357693506
2024-10-25,0.00802488122090198,Correlation Spikes,Hypothetical,0.00802488122090198
2024-10-28,0.00038704243171927967,Correlation Spikes,Hypothetical,0.00038704243171927967
2024-10-29,0.0033727989476984295,Correlation Spikes,Hypothetical,0.0033727989476984295
2024-10-30,0.0003804355242531999,Correlation Spikes,Hypothetical,0.0003804355242531999
2024-10-31,-0.025641772666052436,Correlation Spikes,Hypothetical,-0.025641772666052436
2024-11-01,0.00695310174951265,Correlation Spikes,Hypothetical,0.00695310174951265
2024-11-04,-0.006239052266797959,Correlation Spikes,Hypothetical,-0.006239052266797959
2024-11-05,0.014786213187989762,Correlation Spikes,Hypothetical,0.014786213187989762
2024-11-06,0.046834384070313054,Correlation Spikes,Hypothetical,0.046834384070313054
2024-11-07,0.01307254896926942,Correlation Spikes,Hypothetical,0.01307254896926942
2024-11-08,0.00586489185115952,Correlation Spikes,Hypothetical,0.00586489185115952
2024-11-11,0.006489345512722271,Correlation Spikes,Hypothetical,0.006489345512722271
2024-11-12,-0.0025498894606320907,Correlation Spikes,Hypothetical,-0.0025498894606320907
2024-11-13,0.00039877373591269976,Correlation Spikes,Hypothetical,0.00039877373591269976
2024-11-14,-0.008958913509653771,Correlation Spikes,Hypothetical,-0.008958913509653771
2024-11-15,-0.014110115363268054,Correlation Spikes,Hypothetical,-0.014110115363268054
2024-11-18,0.007381119864026271,Correlation Spikes,Hypothetical,0.007381119864026271
2024-11-19,0.007564873634686309,Correlation Spikes,Hypothetical,0.007564873634686309
2024-11-20,0.0011453395806308303,Correlation Spikes,Hypothetical,0.0011453395806308303
2024-11-21,-0.0057081514699178285,Correlation Spikes,Hypothetical,-0.0057081514699178285
2024-11-22,-0.0005461097445754299,Correlation Spikes,Hypothetical,-0.0005461097445754299
2024-11-25,0.0003503235073463101,Correlation Spikes,Hypothetical,0.0003503235073463101
2024-11-26,0.007606631947199409,Correlation Spikes,Hypothetical,0.007606631947199409
2024-11-27,-0.0057406672463985895,Correlation Spikes,Hypothetical,-0.0057406672463985895
2024-11-29,0.009273922482157498,Correlation Spikes,Hypothetical,0.009273922482157498
2024-12-02,0.01078403962925947,Correlation Spikes,Hypothetical,0.01078403962925947
2024-12-03,0.00436216244643114,Correlation Spikes,Hypothetical,0.00436216244643114
2024-12-04,0.00838128011263712,Correlation Spikes,Hypothetical,0.00838128011263712
2024-12-05,-0.0002217573636172608,Correlation Spikes,Hypothetical,-0.0002217573636172608
2024-12-06,0.0048824982304113305,Correlation Spikes,Hypothetical,0.0048824982304113305
2024-12-09,-0.0014285444648288294,Correlation Spikes,Hypothetical,-0.0014285444648288294
2024-12-10,0.006272045320454362,Correlation Spikes,Hypothetical,0.006272045320454362
2024-12-11,0.013839512699215472,Correlation Spikes,Hypothetical,0.013839512699215472
2024-12-12,-0.009121752864479462,Correlation Spikes,Hypothetical,-0.009121752864479462
2024-12-13,-0.0024033183078176197,Correlation Spikes,Hypothetical,-0.0024033183078176197
2024-12-16,0.0068090309223235316,Correlation Spikes,Hypothetical,0.0068090309223235316
2024-12-17,-0.0016759555077811002,Correlation Spikes,Hypothetical,-0.0016759555077811002
2024-12-18,-0.028995255916474113,Correlation Spikes,Hypothetical,-0.028995255916474113
2024-12-19,0.0003097110364480599,Correlation Spikes,Hypothetical,0.0003097110364480599
2024-12-20,0.00648755198065762,Correlation Spikes,Hypothetical,0.00648755198065762
2024-12-23,0.01217213377164008,Correlation Spikes,Hypothetical,0.01217213377164008
2024-12-24,0.015377490120243472,Correlation Spikes,Hypothetical,0.015377490120243472
2024-12-26,-0.00236222450838296,Correlation Spikes,Hypothetical,-0.00236222450838296
2024-12-27,-0.014627688975666377,Correlation Spikes,Hypothetical,-0.014627688975666377
2024-12-30,-0.01078619153952837,Correlation Spikes,Hypothetical,-0.01078619153952837
2024-12-31,-0.00842238395815427,Correlation Spikes,Hypothetical,-0.00842238395815427
2025-01-02,-0.00400004814497126,Correlation Spikes,Hypothetical,-0.00400004814497126
2025-01-03,0.021118002197230014,Correlation Spikes,Hypothetical,0.021118002197230014
2025-01-06,0.013253773917437177,Correlation Spikes,Hypothetical,0.013253773917437177
2025-01-07,-0.015754006252441388,Correlation Spikes,Hypothetical,-0.015754006252441388
2025-01-08,-0.0007856452178142002,Correlation Spikes,Hypothetical,-0.0007856452178142002
2025-01-10,-0.010795029430823399,Correlation Spikes,Hypothetical,-0.010795029430823399
2025-01-13,0.00508436991636512,Correlation Spikes,Hypothetical,0.00508436991636512
2025-01-14,-0.00480163804451786,Correlation Spikes,Hypothetical,-0.00480163804451786
2025-01-15,0.029031262848590936,Correlation Spikes,Hypothetical,0.029031262848590936
2025-01-16,-0.018716816783897472,Correlation Spikes,Hypothetical,-0.018716816783897472
2025-01-17,0.014859275656401431,Correlation Spikes,Hypothetical,0.014859275656401431
2025-01-21,0.00586425370770122,Correlation Spikes,Hypothetical,0.00586425370770122
2025-01-22,0.007334100252705259,Correlation Spikes,Hypothetical,0.007334100252705259
2025-01-23,0.0052206080531109105,Correlation Spikes,Hypothetical,0.0052206080531109105
2025-01-24,-0.0041517598579472095,Correlation Spikes,Hypothetical,-0.0041517598579472095
2025-01-27,-0.01644959857585788,Correlation Spikes,Hypothetical,-0.01644959857585788
2025-01-28,0.01925506616601444,Correlation Spikes,Hypothetical,0.01925506616601444
2025-01-29,-0.00749744924875933,Correlation Spikes,Hypothetical,-0.00749744924875933
2025-01-30,0.0028789580980991196,Correlation Spikes,Hypothetical,0.0028789580980991196
2025-01-31,-0.0034782388483811594,Correlation Spikes,Hypothetical,-0.0034782388483811594
2025-02-03,-0.011560095342889511,Correlation Spikes,Hypothetical,-0.011560095342889511
2025-02-04,0.014466673352526889,Correlation Spikes,Hypothetical,0.014466673352526889
2025-02-05,-0.00809629192260254,Correlation Spikes,Hypothetical,-0.00809629192260254
2025-02-06,0.004541372448312791,Correlation Spikes,Hypothetical,0.004541372448312791
2025-02-07,-0.013853824713184828,Correlation Spikes,Hypothetical,-0.013853824713184828
2025-02-10,0.0047241098947956115,Correlation Spikes,Hypothetical,0.0047241098947956115
2025-02-11,-0.0031746522072971708,Correlation Spikes,Hypothetical,-0.0031746522072971708
2025-02-12,-0.003423445496124039,Correlation Spikes,Hypothetical,-0.003423445496124039
2025-02-13,0.01547702018278843,Correlation Spikes,Hypothetical,0.01547702018278843
2025-02-14,0.0020065363915270093,Correlation Spikes,Hypothetical,0.0020065363915270093
2025-02-18,-0.005659722976973059,Correlation Spikes,Hypothetical,-0.005659722976973059
2025-02-19,0.00411823323875102,Correlation Spikes,Hypothetical,0.00411823323875102
2025-02-20,-0.00806599494172244,Correlation Spikes,Hypothetical,-0.00806599494172244
2025-02-21,-0.027155968357638602,Correlation Spikes,Hypothetical,-0.027155968357638602
2025-02-24,-0.011534395989221811,Correlation Spikes,Hypothetical,-0.011534395989221811
2025-02-25,-0.017382672994028667,Correlation Spikes,Hypothetical,-0.017382672994028667
2025-02-26,-0.002025714810425959,Correlation Spikes,Hypothetical,-0.002025714810425959
2025-02-27,-0.020153710453449332,Correlation Spikes,Hypothetical,-0.020153710453449332
2025-02-28,0.0197957678156101,Correlation Spikes,Hypothetical,0.0197957678156101
2025-03-03,-0.02895653193424963,Correlation Spikes,Hypothetical,-0.02895653193424963
2025-03-04,-0.00670511794329026,Correlation Spikes,Hypothetical,-0.00670511794329026
2025-03-05,0.01172449577633057,Correlation Spikes,Hypothetical,0.01172449577633057
2025-03-06,-0.01840941163557375,Correlation Spikes,Hypothetical,-0.01840941163557375
2025-03-07,0.0028545828370718602,Correlation Spikes,Hypothetical,0.0028545828370718602
2025-03-10,-0.04383014276185422,Correlation Spikes,Hypothetical,-0.04383014276185422
2025-03-11,0.0013817348370165304,Correlation Spikes,Hypothetical,0.0013817348370165304
2025-03-12,0.016759869600803157,Correlation Spikes,Hypothetical,0.016759869600803157
2025-03-13,-0.01897383275209032,Correlation Spikes,Hypothetical,-0.01897383275209032
2025-03-14,0.02794170186810467,Correlation Spikes,Hypothetical,0.02794170186810467
2025-03-17,-0.004132812910742781,Correlation Spikes,Hypothetical,-0.004132812910742781
2025-03-18,-0.01683533494570179,Correlation Spikes,Hypothetical,-0.01683533494570179
2025-03-19,0.0157202632821743,Correlation Spikes,Hypothetical,0.0157202632821743
2025-03-20,0.0016044705792229604,Correlation Spikes,Hypothetical,0.0016044705792229604
2025-03-21,0.012622643385049903,Correlation Spikes,Hypothetical,0.012622643385049903
2025-03-24,0.02916454021177677,Correlation Spikes,Hypothetical,0.02916454021177677
2025-03-25,0.010260373859745573,Correlation Spikes,Hypothetical,0.010260373859745573
2025-03-26,-0.019196764574497257,Correlation Spikes,Hypothetical,-0.019196764574497257
2025-03-27,-0.005379260366608579,Correlation Spikes,Hypothetical,-0.005379260366608579
2025-03-28,-0.026413199838365733,Correlation Spikes,Hypothetical,-0.026413199838365733
2025-03-31,0.0005797932987622902,Correlation Spikes,Hypothetical,0.0005797932987622902
2025-04-01,0.011061792374935967,Correlation Spikes,Hypothetical,0.011061792374935967
2025-04-02,0.00808920481855827,Correlation Spikes,Hypothetical,0.00808920481855827
2025-04-03,-0.05578331988362953,Correlation Spikes,Hypothetical,-0.05578331988362953
2025-04-04,-0.05875829034608745,Correlation Spikes,Hypothetical,-0.05875829034608745
2025-04-07,0.002876162141126869,Correlation Spikes,Hypothetical,0.002876162141126869
2025-04-08,-0.012886947282728621,Correlation Spikes,Hypothetical,-0.012886947282728621
2025-04-09,0.12093319210553179,Correlation Spikes,Hypothetical,0.12093319210553179
2025-04-10,-0.04127290803736014,Correlation Spikes,Hypothetical,-0.04127290803736014
2025-04-11,0.02141991047628687,Correlation Spikes,Hypothetical,0.02141991047628687
2025-04-14,-0.00307969931518533,Correlation Spikes,Hypothetical,-0.00307969931518533
2025-04-15,-0.0052279406198832605,Correlation Spikes,Hypothetical,-0.0052279406198832605
2025-04-16,-0.02809135730114799,Correlation Spikes,Hypothetical,-0.02809135730114799
2025-04-17,-0.023884406341227488,Correlation Spikes,Hypothetical,-0.023884406341227488
2025-04-21,-0.03236711750611236,Correlation Spikes,Hypothetical,-0.03236711750611236
2025-04-22,0.027611776433625675,Correlation Spikes,Hypothetical,0.027611776433625675
2025-04-23,0.026137159033755717,Correlation Spikes,Hypothetical,0.026137159033755717
2025-04-24,0.02257235874596298,Correlation Spikes,Hypothetical,0.02257235874596298
2025-04-25,0.019539197428331802,Correlation Spikes,Hypothetical,0.019539197428331802
2025-04-28,-0.0023128588714427696,Correlation Spikes,Hypothetical,-0.0023128588714427696
2025-04-29,0.00183585189205619,Correlation Spikes,Hypothetical,0.00183585189205619
2025-04-30,-0.007945777681063368,Correlation Spikes,Hypothetical,-0.007945777681063368
2025-05-01,0.01729066704261468,Correlation Spikes,Hypothetical,0.01729066704261468
2025-05-02,0.01196639489444769,Correlation Spikes,Hypothetical,0.01196639489444769
2025-05-05,-0.008904782066359421,Correlation Spikes,Hypothetical,-0.008904782066359421
2025-05-06,-0.00861692766917491,Correlation Spikes,Hypothetical,-0.00861692766917491
2025-05-07,-0.0022691732682970428,Correlation Spikes,Hypothetical,-0.0022691732682970428
2025-05-08,0.010647671063050188,Correlation Spikes,Hypothetical,0.010647671063050188
2025-05-09,0.00309680163110547,Correlation Spikes,Hypothetical,0.00309680163110547
2025-05-12,0.044616339949478154,Correlation Spikes,Hypothetical,0.044616339949478154
2025-05-13,-0.00024383925583369714,Correlation Spikes,Hypothetical,-0.00024383925583369714
2025-05-14,0.011462939030184627,Correlation Spikes,Hypothetical,0.011462939030184627
2025-05-15,-0.01679783606459142,Correlation Spikes,Hypothetical,-0.01679783606459142
2025-05-16,0.009755640814855578,Correlation Spikes,Hypothetical,0.009755640814855578
2025-05-19,0.003835197204581099,Correlation Spikes,Hypothetical,0.003835197204581099
2025-05-20,-0.0038395420505475605,Correlation Spikes,Hypothetical,-0.0038395420505475605
2025-05-21,-0.01578714849037995,Correlation Spikes,Hypothetical,-0.01578714849037995
2025-05-22,0.0024781606756795497,Correlation Spikes,Hypothetical,0.0024781606756795497
2025-05-23,-0.00994579908750296,Correlation Spikes,Hypothetical,-0.00994579908750296
2025-05-27,0.024616239903947172,Correlation Spikes,Hypothetical,0.024616239903947172
2025-05-28,-0.004511268002954752,Correlation Spikes,Hypothetical,-0.004511268002954752
2025-05-29,0.005070971772927842,Correlation Spikes,Hypothetical,0.005070971772927842
2025-05-30,-0.00473247636465072,Correlation Spikes,Hypothetical,-0.00473247636465072
2025-06-02,0.006101182735938409,Correlation Spikes,Hypothetical,0.006101182735938409
2025-06-03,0.0016940047000835604,Correlation Spikes,Hypothetical,0.0016940047000835604
2025-06-04,-0.0005463827299386904,Correlation Spikes,Hypothetical,-0.0005463827299386904
2025-06-05,-0.018768927315386652,Correlation Spikes,Hypothetical,-0.018768927315386652
2025-06-06,0.021339974735038653,Correlation Spikes,Hypothetical,0.021339974735038653
2025-06-09,0.008113850194871495,Correlation Spikes,Hypothetical,0.008113850194871495
2025-06-10,0.012781467348147856,Correlation Spikes,Hypothetical,0.012781467348147856
2025-06-11,-0.002124351351288929,Correlation Spikes,Hypothetical,-0.002124351351288929
2025-06-12,0.0027610135239611597,Correlation Spikes,Hypothetical,0.0027610135239611597
2025-06-13,-0.0055864060611909615,Correlation Spikes,Hypothetical,-0.0055864060611909615
2025-06-16,0.012146643245644611,Correlation Spikes,Hypothetical,0.012146643245644611
2025-06-17,-0.0062262781663560696,Correlation Spikes,Hypothetical,-0.0062262781663560696
2025-06-18,0.0013075100088400396,Correlation Spikes,Hypothetical,0.0013075100088400396
2025-06-20,-0.00651958634988379,Correlation Spikes,Hypothetical,-0.00651958634988379
2025-06-23,0.00959195484600016,Correlation Spikes,Hypothetical,0.00959195484600016
2025-06-24,0.005133468112810471,Correlation Spikes,Hypothetical,0.005133468112810471
2025-06-25,0.00293800553920204,Correlation Spikes,Hypothetical,0.00293800553920204
2025-06-26,0.010591065673486211,Correlation Spikes,Hypothetical,0.010591065673486211
2025-06-27,0.00861961505360466,Correlation Spikes,Hypothetical,0.00861961505360466
2025-06-30,-0.0013375268638490395,Correlation Spikes,Hypothetical,-0.0013375268638490395
2025-07-01,-0.00433023580707258,Correlation Spikes,Hypothetical,-0.00433023580707258
2025-07-02,0.006642203908519212,Correlation Spikes,Hypothetical,0.006642203908519212
2025-07-03,0.009397852262602488,Correlation Spikes,Hypothetical,0.009397852262602488
2025-07-07,-0.014882693760442713,Correlation Spikes,Hypothetical,-0.014882693760442713
2025-07-08,0.0002838546904913301,Correlation Spikes,Hypothetical,0.0002838546904913301
2025-07-09,0.005739789455831401,Correlation Spikes,Hypothetical,0.005739789455831401
2025-07-10,0.007006807366799918,Correlation Spikes,Hypothetical,0.007006807366799918
2025-07-11,0.00430964849967227,Correlation Spikes,Hypothetical,0.00430964849967227
2025-07-14,-0.0009875023671035905,Correlation Spikes,Hypothetical,-0.0009875023671035905
2025-07-15,-0.002606846640477959,Correlation Spikes,Hypothetical,-0.002606846640477959
2025-07-16,0.0018535229693163004,Correlation Spikes,Hypothetical,0.0018535229693163004
2025-07-17,0.00122199040596685,Correlation Spikes,Hypothetical,0.00122199040596685
2025-07-18,0.0004224063867202509,Correlation Spikes,Hypothetical,0.0004224063867202509
2025-07-21,0.005003807008082791,Correlation Spikes,Hypothetical,0.005003807008082791
2025-07-22,-0.0010906360069323992,Correlation Spikes,Hypothetical,-0.0010906360069323992
2025-07-23,0.009105261460224492,Correlation Spikes,Hypothetical,0.009105261460224492
2025-07-24,-0.00678956872618635,Correlation Spikes,Hypothetical,-0.00678956872618635
2025-07-25,0.0051214034351999,Correlation Spikes,Hypothetical,0.0051214034351999
2025-07-28,0.006904982466805102,Correlation Spikes,Hypothetical,0.006904982466805102
2025-07-29,-0.011495157112782272,Correlation Spikes,Hypothetical,-0.011495157112782272
2025-07-30,0.0018164839204026302,Correlation Spikes,Hypothetical,0.0018164839204026302
2025-07-31,0.0021242542853067902,Correlation Spikes,Hypothetical,0.0021242542853067902
2025-08-01,-0.03000039792466172,Correlation Spikes,Hypothetical,-0.03000039792466172
2025-08-04,0.014650424121665563,Correlation Spikes,Hypothetical,0.014650424121665563
2025-08-05,-0.0006312806397573694,Correlation Spikes,Hypothetical,-0.0006312806397573694
2025-08-06,0.011917739565850707,Correlation Spikes,Hypothetical,0.011917739565850707
2025-08-07,0.00066948583523312,Correlation Spikes,Hypothetical,0.00066948583523312
2025-08-08,0.015079329768457394,Correlation Spikes,Hypothetical,0.015079329768457394
2025-08-11,0.0002898260592684894,Correlation Spikes,Hypothetical,0.0002898260592684894
2025-08-12,0.013113732447123754,Correlation Spikes,Hypothetical,0.013113732447123754
2025-08-13,0.002649207538011031,Correlation Spikes,Hypothetical,0.002649207538011031
2025-08-14,0.0037805419169786797,Correlation Spikes,Hypothetical,0.0037805419169786797
2025-08-15,0.008403970121893591,Correlation Spikes,Hypothetical,0.008403970121893591
2025-08-18,0.0011397021616891697,Correlation Spikes,Hypothetical,0.0011397021616891697
2025-08-19,-0.012348261295469511,Correlation Spikes,Hypothetical,-0.012348261295469511
2025-08-20,-0.007875356238990218,Correlation Spikes,Hypothetical,-0.007875356238990218
2025-08-21,-0.0022454708412087197,Correlation Spikes,Hypothetical,-0.0022454708412087197
2025-08-22,0.023057590161704326,Correlation Spikes,Hypothetical,0.023057590161704326
2025-08-25,0.0018138963056722399,Correlation Spikes,Hypothetical,0.0018138963056722399
2025-08-26,0.0024231324279197696,Correlation Spikes,Hypothetical,0.0024231324279197696
2025-08-27,0.00273723549348558,Correlation Spikes,Hypothetical,0.00273723549348558
2025-08-28,0.0038409657586772894,Correlation Spikes,Hypothetical,0.0038409657586772894
2025-08-29,-0.006305993715458761,Correlation Spikes,Hypothetical,-0.006305993715458761
2025-09-02,-0.0080380495726612,Correlation Spikes,Hypothetical,-0.0080380495726612
2025-09-03,0.012100576797013537,Correlation Spikes,Hypothetical,0.012100576797013537
2025-09-04,0.01226782748438169,Correlation Spikes,Hypothetical,0.01226782748438169
2025-09-05,-0.005722336014766982,Correlation Spikes,Hypothetical,-0.005722336014766982
2025-09-08,0.00217875813916968,Correlation Spikes,Hypothetical,0.00217875813916968
2025-09-09,0.01642067351074085,Correlation Spikes,Hypothetical,0.01642067351074085
2025-09-10,-0.0018054251890313204,Correlation Spikes,Hypothetical,-0.0018054251890313204
2025-09-11,0.01102883453306669,Correlation Spikes,Hypothetical,0.01102883453306669
2025-09-12,0.01142295647343944,Correlation Spikes,Hypothetical,0.01142295647343944
2025-09-15,0.012978499174183328,Correlation Spikes,Hypothetical,0.012978499174183328
2025-09-16,0.0032555678968791803,Correlation Spikes,Hypothetical,0.0032555678968791803
2025-09-17,-0.00128358790927741,Correlation Spikes,Hypothetical,-0.00128358790927741
2025-09-18,-0.0006690043683623497,Correlation Spikes,Hypothetical,-0.0006690043683623497
2025-09-19,0.00853844794088554,Correlation Spikes,Hypothetical,0.00853844794088554
2025-09-22,0.005238087288594058,Correlation Spikes,Hypothetical,0.005238087288594058
2025-09-23,-0.007374453391788969,Correlation Spikes,Hypothetical,-0.007374453391788969
2025-09-24,0.0031185190555949706,Correlation Spikes,Hypothetical,0.0031185190555949706
2025-09-25,-0.006673028731774532,Correlation Spikes,Hypothetical,-0.006673028731774532
2025-09-26,0.006801598174467049,Correlation Spikes,Hypothetical,0.006801598174467049
2025-09-29,0.0005765674801792597,Correlation Spikes,Hypothetical,0.0005765674801792597
2025-09-30,-0.00043613822083704996,Correlation Spikes,Hypothetical,-0.00043613822083704996
2025-10-01,0.0019312761274724198,Correlation Spikes,Hypothetical,0.0019312761274724198
2025-10-02,-0.0019339839216372106,Correlation Spikes,Hypothetical,-0.0019339839216372106
2025-10-03,-0.0007310673070409303,Correlation Spikes,Hypothetical,-0.0007310673070409303
2025-10-06,0.010058452153152002,Correlation Spikes,Hypothetical,0.010058452153152002
2025-10-07,-0.006560876880412082,Correlation Spikes,Hypothetical,-0.006560876880412082
2025-10-08,0.0063511937178472,Correlation Spikes,Hypothetical,0.0063511937178472
2025-10-09,4.270951668258975e-05,Correlation Spikes,Hypothetical,4.270951668258975e-05
2025-10-10,-0.033519995492074135,Correlation Spikes,Hypothetical,-0.033519995492074135
2025-10-13,0.021094984970543098,Correlation Spikes,Hypothetical,0.021094984970543098
2025-10-14,-0.009617587936260153,Correlation Spikes,Hypothetical,-0.009617587936260153
2025-10-15,0.005950932839697101,Correlation Spikes,Hypothetical,0.005950932839697101
2025-10-16,-0.007033456192446543,Correlation Spikes,Hypothetical,-0.007033456192446543
2025-10-17,0.00742385418090359,Correlation Spikes,Hypothetical,0.00742385418090359
2025-10-20,0.01535831960040773,Correlation Spikes,Hypothetical,0.01535831960040773
2025-10-21,-0.002669100276108478,Correlation Spikes,Hypothetical,-0.002669100276108478
2025-10-22,-0.004011522108035249,Correlation Spikes,Hypothetical,-0.004011522108035249
2025-10-23,0.006803321446974073,Correlation Spikes,Hypothetical,0.006803321446974073
2025-10-24,0.007457052608617111,Correlation Spikes,Hypothetical,0.007457052608617111
2025-10-27,0.020096538313208685,Correlation Spikes,Hypothetical,0.020096538313208685
2025-10-28,0.00937431097741774,Correlation Spikes,Hypothetical,0.00937431097741774
2025-10-29,0.00436908583559088,Correlation Spikes,Hypothetical,0.00436908583559088
2025-10-30,-0.024160974642575786,Correlation Spikes,Hypothetical,-0.024160974642575786
2025-10-31,0.007743796495622559,Correlation Spikes,Hypothetical,0.007743796495622559
2025-11-03,0.0040107422112419305,Correlation Spikes,Hypothetical,0.0040107422112419305
2025-11-04,-0.015495773320691058,Correlation Spikes,Hypothetical,-0.015495773320691058
2025-11-05,0.00451710161966218,Correlation Spikes,Hypothetical,0.00451710161966218
2025-11-06,-0.01525807736779505,Correlation Spikes,Hypothetical,-0.01525807736779505
2025-11-07,-0.0017927405800112902,Correlation Spikes,Hypothetical,-0.0017927405800112902
2025-11-10,0.019939177879660742,Correlation Spikes,Hypothetical,0.019939177879660742
2025-11-11,0.00117297828148675,Correlation Spikes,Hypothetical,0.00117297828148675
2025-11-12,-0.004633928881909181,Correlation Spikes,Hypothetical,-0.004633928881909181
2025-11-13,-0.022129559477603724,Correlation Spikes,Hypothetical,-0.022129559477603724
2025-11-14,-0.0023360367379879,Correlation Spikes,Hypothetical,-0.0023360367379879
2025-11-17,-0.0048075315917683195,Correlation Spikes,Hypothetical,-0.0048075315917683195
2025-11-18,-0.014137374165297135,Correlation Spikes,Hypothetical,-0.014137374165297135
2025-11-19,0.0028723760806853007,Correlation Spikes,Hypothetical,0.0028723760806853007
2025-11-20,-0.012720036594431511,Correlation Spikes,Hypothetical,-0.012720036594431511
2025-11-21,0.007291800423348539,Correlation Spikes,Hypothetical,0.007291800423348539
2025-11-24,0.02167425617774544,Correlation Spikes,Hypothetical,0.02167425617774544
2025-11-25,0.00829614332936133,Correlation Spikes,Hypothetical,0.00829614332936133
2025-11-26,0.006176020061618559,Correlation Spikes,Hypothetical,0.006176020061618559
2025-11-28,0.007737630928099079,Correlation Spikes,Hypothetical,0.007737630928099079
2025-12-01,-0.0030716111533127272,Correlation Spikes,Hypothetical,-0.0030716111533127272
2025-12-02,0.0029061671796326402,Correlation Spikes,Hypothetical,0.0029061671796326402
2025-12-03,0.007162019853833402,Correlation Spikes,Hypothetical,0.007162019853833402
2025-12-04,0.0035699864178664396,Correlation Spikes,Hypothetical,0.0035699864178664396
2025-12-05,0.00088158308804095,Correlation Spikes,Hypothetical,0.00088158308804095
2025-12-08,-0.006751502289790559,Correlation Spikes,Hypothetical,-0.006751502289790559
2025-12-09,-0.0017559798557175493,Correlation Spikes,Hypothetical,-0.0017559798557175493
2025-12-10,0.006009499088245581,Correlation Spikes,Hypothetical,0.006009499088245581
2025-12-11,0.00040639290185933016,Correlation Spikes,Hypothetical,0.00040639290185933016
2025-12-12,-0.00430334214324196,Correlation Spikes,Hypothetical,-0.00430334214324196
2025-12-15,8.04852044946022e-06,Correlation Spikes,Hypothetical,8.04852044946022e-06
2025-12-16,-0.0006830691904081466,Correlation Spikes,Hypothetical,-0.0006830691904081466
2025-12-17,-0.013023645189051867,Correlation Spikes,Hypothetical,-0.013023645189051867
2025-12-18,0.011394751935897986,Correlation Spikes,Hypothetical,0.011394751935897986
2025-12-19,0.00664289600790321,Correlation Spikes,Hypothetical,0.00664289600790321
2025-12-22,0.006021265303459978,Correlation Spikes,Hypothetical,0.006021265303459978
2025-12-23,0.008729998577017888,Correlation Spikes,Hypothetical,0.008729998577017888
2025-12-24,0.0025183507745716103,Correlation Spikes,Hypothetical,0.0025183507745716103
2025-12-26,-0.00123890914432812,Correlation Spikes,Hypothetical,-0.00123890914432812
2025-12-29,-0.006296665980465699,Correlation Spikes,Hypothetical,-0.006296665980465699
2025-12-30,0.00098633089823924,Correlation Spikes,Hypothetical,0.00098633089823924
2025-12-31,-0.0062412062194323005,Correlation Spikes,Hypothetical,-0.0062412062194323005
2026-01-02,-0.00166586374146532,Correlation Spikes,Hypothetical,-0.00166586374146532
2026-01-05,0.012451117217153657,Correlation Spikes,Hypothetical,0.012451117217153657
2026-01-06,-0.0030706491251333203,Correlation Spikes,Hypothetical,-0.0030706491251333203
2026-01-07,-0.0046857616958463615,Correlation Spikes,Hypothetical,-0.0046857616958463615
2026-01-08,0.00598223572985392,Correlation Spikes,Hypothetical,0.00598223572985392
2026-01-09,0.0052497757577495,Correlation Spikes,Hypothetical,0.0052497757577495
2026-01-12,-0.0031346927953649897,Correlation Spikes,Hypothetical,-0.0031346927953649897
2026-01-13,-0.007101717645254871,Correlation Spikes,Hypothetical,-0.007101717645254871
2026-01-14,-0.00877436570650685,Correlation Spikes,Hypothetical,-0.00877436570650685
2026-01-15,0.00214330741950386,Correlation Spikes,Hypothetical,0.00214330741950386
2026-01-16,-0.0022648133986558202,Correlation Spikes,Hypothetical,-0.0022648133986558202
2026-01-20,-0.022026978849726393,Correlation Spikes,Hypothetical,-0.022026978849726393
2026-01-21,0.012466675926572201,Correlation Spikes,Hypothetical,0.012466675926572201
2026-01-22,0.01695340997789025,Correlation Spikes,Hypothetical,0.01695340997789025
2026-01-23,0.007161797620827247,Correlation Spikes,Hypothetical,0.007161797620827247
2026-01-26,0.003277140507517179,Correlation Spikes,Hypothetical,0.003277140507517179
2026-01-27,-0.011847251332576528,Correlation Spikes,Hypothetical,-0.011847251332576528
2026-01-28,0.0050606019300776395,Correlation Spikes,Hypothetical,0.0050606019300776395
2026-01-29,0.0017524328746342398,Correlation Spikes,Hypothetical,0.0017524328746342398
2026-01-30,-0.0030744142382148404,Correlation Spikes,Hypothetical,-0.0030744142382148404
2026-02-02,-0.0024847273401035898,Correlation Spikes,Hypothetical,-0.0024847273401035898
2026-02-03,-0.005363884314986189,Correlation Spikes,Hypothetical,-0.005363884314986189
2026-02-04,-0.01092266676461239,Correlation Spikes,Hypothetical,-0.01092266676461239
2026-02-05,-0.019368630893084045,Correlation Spikes,Hypothetical,-0.019368630893084045
2026-02-06,0.01367216621301334,Correlation Spikes,Hypothetical,0.01367216621301334
2026-02-09,0.009034617657503071,Correlation Spikes,Hypothetical,0.009034617657503071
2026-02-10,-0.004727873646284091,Correlation Spikes,Hypothetical,-0.004727873646284091
2026-02-11,-0.0016964334996339605,Correlation Spikes,Hypothetical,-0.0016964334996339605
2026-02-12,-0.019175295262650337,Correlation Spikes,Hypothetical,-0.019175295262650337
2026-02-13,-0.005450966205252778,Correlation Spikes,Hypothetical,-0.005450966205252778
2026-02-17,0.0001005383654568705,Correlation Spikes,Hypothetical,0.0001005383654568705
2026-02-18,0.00882267260845665,Correlation Spikes,Hypothetical,0.00882267260845665
2026-02-19,-0.0007568000526116099,Correlation Spikes,Hypothetical,-0.0007568000526116099
2026-02-20,0.008999735689944293,Correlation Spikes,Hypothetical,0.008999735689944293
2026-02-23,-0.015327059677757462,Correlation Spikes,Hypothetical,-0.015327059677757462
2026-02-24,0.004128749120818871,Correlation Spikes,Hypothetical,0.004128749120818871
2026-02-25,0.016631480645199943,Correlation Spikes,Hypothetical,0.016631480645199943
2026-02-26,-0.00885412422439943,Correlation Spikes,Hypothetical,-0.00885412422439943
2026-02-27,-0.006949951111752893,Correlation Spikes,Hypothetical,-0.006949951111752893
2026-03-02,0.004034532665304411,Correlation Spikes,Hypothetical,0.004034532665304411
2026-03-03,-0.006193486905954939,Correlation Spikes,Hypothetical,-0.006193486905954939
2026-03-04,0.00994730409761821,Correlation Spikes,Hypothetical,0.00994730409761821
2026-03-05,-0.0026818630924501097,Correlation Spikes,Hypothetical,-0.0026818630924501097
2026-03-06,-0.01435242707256629,Correlation Spikes,Hypothetical,-0.01435242707256629
2026-03-09,0.007439287540763119,Correlation Spikes,Hypothetical,0.007439287540763119
2026-03-10,-0.0005158975566895002,Correlation Spikes,Hypothetical,-0.0005158975566895002
2026-03-11,0.005430119166456681,Correlation Spikes,Hypothetical,0.005430119166456681
2026-03-12,-0.016257904802044896,Correlation Spikes,Hypothetical,-0.016257904802044896
2026-03-13,-0.007757846658881471,Correlation Spikes,Hypothetical,-0.007757846658881471
2026-03-16,0.013201329863958947,Correlation Spikes,Hypothetical,0.013201329863958947
2026-03-17,0.00526992015866836,Correlation Spikes,Hypothetical,0.00526992015866836
2026-03-18,-0.012296949614877472,Correlation Spikes,Hypothetical,-0.012296949614877472
2026-03-19,-0.00839234263221368,Correlation Spikes,Hypothetical,-0.00839234263221368
2026-03-20,-0.015787633802262297,Correlation Spikes,Hypothetical,-0.015787633802262297
2026-03-23,0.011227539031731052,Correlation Spikes,Hypothetical,0.011227539031731052
2026-03-24,-0.004855428967299279,Correlation Spikes,Hypothetical,-0.004855428967299279
2026-03-25,0.0044554659926352505,Correlation Spikes,Hypothetical,0.0044554659926352505
2026-03-26,-0.023246842652131946,Correlation Spikes,Hypothetical,-0.023246842652131946
2026-03-27,-0.022376557570774686,Correlation Spikes,Hypothetical,-0.022376557570774686
2026-03-30,0.0007367318784688403,Correlation Spikes,Hypothetical,0.0007367318784688403
2026-03-31,0.03766582952916209,Correlation Spikes,Hypothetical,0.03766582952916209
2026-04-01,0.00603846327028266,Correlation Spikes,Hypothetical,0.00603846327028266
2026-04-02,-0.00413867483816899,Correlation Spikes,Hypothetical,-0.00413867483816899
2026-04-06,0.0055437202845958905,Correlation Spikes,Hypothetical,0.0055437202845958905
2026-04-07,0.00928246065523681,Correlation Spikes,Hypothetical,0.00928246065523681
2026-04-08,0.01610617895496455,Correlation Spikes,Hypothetical,0.01610617895496455
2026-04-09,0.010868863284825319,Correlation Spikes,Hypothetical,0.010868863284825319
2026-04-10,0.0021815664645231563,Correlation Spikes,Hypothetical,0.0021815664645231563
2026-04-13,0.011325106755013189,Correlation Spikes,Hypothetical,0.011325106755013189
2026-04-14,0.01843611118121124,Correlation Spikes,Hypothetical,0.01843611118121124
2026-04-15,0.016924601113935057,Correlation Spikes,Hypothetical,0.016924601113935057
2026-04-16,0.0050211850742874296,Correlation Spikes,Hypothetical,0.0050211850742874296
2026-04-17,0.01070756973799738,Correlation Spikes,Hypothetical,0.01070756973799738
2026-04-20,-0.0039781525923901495,Correlation Spikes,Hypothetical,-0.0039781525923901495
2026-04-21,0.0013033519264803392,Correlation Spikes,Hypothetical,0.0013033519264803392
2026-04-22,0.014408802151774144,Correlation Spikes,Hypothetical,0.014408802151774144
2026-04-23,-0.010827631026755099,Correlation Spikes,Hypothetical,-0.010827631026755099
2026-04-24,0.01173923703075096,Correlation Spikes,Hypothetical,0.01173923703075096
2026-04-27,0.005116324480393068,Correlation Spikes,Hypothetical,0.005116324480393068
2026-04-28,0.0030841786890479506,Correlation Spikes,Hypothetical,0.0030841786890479506
2026-04-29,9.638599575105024e-05,Correlation Spikes,Hypothetical,9.638599575105024e-05
2026-04-30,-0.0025737630286076394,Correlation Spikes,Hypothetical,-0.0025737630286076394
2026-05-01,0.005916358526041891,Correlation Spikes,Hypothetical,0.005916358526041891
2026-05-04,-0.00027200822708912985,Correlation Spikes,Hypothetical,-0.00027200822708912985
2026-05-05,0.0008134902177629005,Correlation Spikes,Hypothetical,0.0008134902177629005
2026-05-06,0.012996535011270953,Correlation Spikes,Hypothetical,0.012996535011270953
2026-05-07,0.0024117046144233197,Correlation Spikes,Hypothetical,0.0024117046144233197
2026-05-08,0.006609310470578768,Correlation Spikes,Hypothetical,0.006609310470578768
2026-05-11,0.0029978200035977497,Correlation Spikes,Hypothetical,0.0029978200035977497
2026-05-12,0.002105170145306441,Correlation Spikes,Hypothetical,0.002105170145306441
2026-05-13,0.013899808513498483,Correlation Spikes,Hypothetical,0.013899808513498483
2026-05-14,0.003765163504004159,Correlation Spikes,Hypothetical,0.003765163504004159
2026-05-15,-0.006291571086841399,Correlation Spikes,Hypothetical,-0.006291571086841399
2026-05-18,-0.00290622371269354,Correlation Spikes,Hypothetical,-0.00290622371269354
2026-05-19,-0.009970216810425049,Correlation Spikes,Hypothetical,-0.009970216810425049
2026-05-20,0.006175396217332691,Correlation Spikes,Hypothetical,0.006175396217332691
2026-05-21,-0.00012222180703616996,Correlation Spikes,Hypothetical,-0.00012222180703616996
2026-05-22,0.0020909026955923597,Correlation Spikes,Hypothetical,0.0020909026955923597
2026-05-26,-0.0038768363218689298,Correlation Spikes,Hypothetical,-0.0038768363218689298
2026-05-27,0.00491243859127361,Correlation Spikes,Hypothetical,0.00491243859127361
2026-05-28,0.00443225563946678,Correlation Spikes,Hypothetical,0.00443225563946678
2026-05-29,-0.0026186959276109792,Correlation Spikes,Hypothetical,-0.0026186959276109792
2026-06-01,-0.00563616859026487,Correlation Spikes,Hypothetical,-0.00563616859026487
2026-06-02,-0.00512404827879547,Correlation Spikes,Hypothetical,-0.00512404827879547
2026-06-03,-0.005740717506333882,Correlation Spikes,Hypothetical,-0.005740717506333882
2026-06-04,0.015281149618139426,Correlation Spikes,Hypothetical,0.015281149618139426
2026-06-05,-0.026380980533231225,Correlation Spikes,Hypothetical,-0.026380980533231225
2026-06-08,0.0028709720737669308,Correlation Spikes,Hypothetical,0.0028709720737669308
2026-06-09,-0.008957893183735379,Correlation Spikes,Hypothetical,-0.008957893183735379
2026-06-10,-0.01703933827734035,Correlation Spikes,Hypothetical,-0.01703933827734035
2026-06-11,0.006132077744458231,Correlation Spikes,Hypothetical,0.006132077744458231
2026-06-12,0.0029318463576852114,Correlation Spikes,Hypothetical,0.0029318463576852114
2026-06-15,0.016053228564459864,Correlation Spikes,Hypothetical,0.016053228564459864
2026-06-16,0.0012168504345468326,Correlation Spikes,Hypothetical,0.0012168504345468326
2026-06-17,-0.021771773972681693,Correlation Spikes,Hypothetical,-0.021771773972681693
2026-06-18,0.00638364383325501,Correlation Spikes,Hypothetical,0.00638364383325501
2026-06-22,-0.011562337386797412,Correlation Spikes,Hypothetical,-0.011562337386797412
2026-06-23,-0.007425666631036629,Correlation Spikes,Hypothetical,-0.007425666631036629
2026-06-24,-0.00885036249155276,Correlation Spikes,Hypothetical,-0.00885036249155276
2026-06-25,-0.014158203295905279,Correlation Spikes,Hypothetical,-0.014158203295905279
2026-06-26,0.010880005069035388,Correlation Spikes,Hypothetical,0.010880005069035388
2026-06-29,0.01596173124864995,Correlation Spikes,Hypothetical,0.01596173124864995
2026-06-30,0.007951661610844771,Correlation Spikes,Hypothetical,0.007951661610844771
2026-07-01,0.020271923784517094,Correlation Spikes,Hypothetical,0.020271923784517094
2026-07-02,-0.006841431027481981,Correlation Spikes,Hypothetical,-0.006841431027481981
2026-07-06,0.012041556365817257,Correlation Spikes,Hypothetical,0.012041556365817257
2026-07-07,0.006770479109791531,Correlation Spikes,Hypothetical,0.006770479109791531
2026-07-08,-0.006989849592688087,Correlation Spikes,Hypothetical,-0.006989849592688087
2026-07-09,0.00924609722153225,Correlation Spikes,Hypothetical,0.00924609722153225
2026-07-10,0.008745380740906122,Correlation Spikes,Hypothetical,0.008745380740906122
2026-07-13,-0.0023889834130121604,Correlation Spikes,Hypothetical,-0.0023889834130121604
2026-07-14,0.006807283715733579,Correlation Spikes,Hypothetical,0.006807283715733579
2026-07-15,0.01515294195584762,Correlation Spikes,Hypothetical,0.01515294195584762
2026-07-16,-0.00793430991629363,Correlation Spikes,Hypothetical,-0.00793430991629363
2026-07-17,-0.011511106172235082,Correlation Spikes,Hypothetical,-0.011511106172235082
2026-07-20,-0.0011628878705086197,Correlation Spikes,Hypothetical,-0.0011628878705086197
2026-07-21,0.00870766548356709,Correlation Spikes,Hypothetical,0.00870766548356709
2026-07-22,-0.0050433665578550595,Correlation Spikes,Hypothetical,-0.0050433665578550595
2026-07-23,-0.03441604679435869,Correlation Spikes,Hypothetical,-0.03441604679435869
2026-07-24,-0.0009458929553045204,Correlation Spikes,Hypothetical,-0.0009458929553045204
2026-07-27,-0.00277649049581402,Correlation Spikes,Hypothetical,-0.00277649049581402
2026-07-28,0.00545852295624498,Correlation Spikes,Hypothetical,0.00545852295624498
2026-07-29,-0.013047911512539291,Correlation Spikes,Hypothetical,-0.013047911512539291
2026-07-30,0.01745658859719449,Correlation Spikes,Hypothetical,0.01745658859719449
2026-07-31,0.02230785475303913,Correlation Spikes,Hypothetical,0.02230785475303913
2020-01-03,0.0,Sector-Specific Shock - Technology - 20%,Hypothetical,-0.1
2020-01-06,0.0,Sector-Specific Shock - Technology - 20%,Hypothetical,-0.1
2020-01-07,0.0,Sector-Specific Shock - Technology - 20%,Hypothetical,-0.1
2020-01-08,0.0,Sector-Specific Shock - Technology - 20%,Hypothetical,-0.1
2020-01-09,0.0,Sector-Specific Shock - Technology - 20%,Hypothetical,-0.1
2020-01-10,0.0,Sector-Specific Shock - Technology - 20%,Hypothetical,-0.1
2020-01-13,0.0,Sector-Specific Shock - Technology - 20%,Hypothetical,-0.1
2020-01-14,0.0,Sector-Specific Shock - Technology - 20%,Hypothetical,-0.1
2020-01-15,0.0,Sector-Specific Shock - Technology - 20%,Hypothetical,-0.1
2020-01-16,0.0,Sector-Specific Shock - Technology - 20%,Hypothetical,-0.1
2020-01-17,0.0,Sector-Specific Shock - Technology - 20%,Hypothetical,-0.1
2020-01-21,0.0,Sector-Specific Shock - Technology - 20%,Hypothetical,-0.1
2020-01-22,0.0,Sector-Specific Shock - Technology - 20%,Hypothetical,-0.1
2020-01-23,0.0,Sector-Specific Shock - Technology - 20%,Hypothetical,-0.1
2020-01-24,0.0,Sector-Specific Shock - Technology - 20%,Hypothetical,-0.1
2020-01-27,0.0,Sector-Specific Shock - Technology - 20%,Hypothetical,-0.1
2020-01-28,0.0,Sector-Specific Shock - Technology - 20%,Hypothetical,-0.1
2020-01-29,0.0,Sector-Specific Shock - Technology - 20%,Hypothetical,-0.1
2020-01-30,0.0,Sector-Specific Shock - Technology - 20%,Hypothetical,-0.1
2020-01-31,0.0,Sector-Specific Shock - Technology - 20%,Hypothetical,-0.1
2020-02-03,0.0,Sector-Specific Shock - Technology - 20%,Hypothetical,-0.1
2020-02-04,0.0,Sector-Specific Shock - Technology - 20%,Hypothetical,-0.1
2020-02-05,0.0,Sector-Specific Shock - Technology - 20%,Hypothetical,-0.1
2020-02-06,0.0,Sector-Specific Shock - Technology - 20%,Hypothetical,-0.1
2020-02-07,0.0,Sector-Specific Shock - Technology - 20%,Hypothetical,-0.1
2020-02-10,0.0,Sector-Specific Shock - Technology - 20%,Hypothetical,-0.1
2020-02-11,0.0,Sector-Specific Shock - Technology - 20%,Hypothetical,-0.1
2020-02-12,0.0,Sector-Specific Shock - Technology - 20%,Hypothetical,-0.1
2020-02-13,0.0,Sector-Specific Shock - Technology - 20%,Hypothetical,-0.1
2020-02-14,0.0,Sector-Specific Shock - Technology - 20%,Hypothetical,-0.1
2020-02-18,0.0,Sector-Specific Shock - Technology - 20%,Hypothetical,-0.1
2020-02-19,0.0,Sector-Specific Shock - Technology - 20%,Hypothetical,-0.1
2020-02-20,0.0,Sector-Specific Shock - Technology - 20%,Hypothetical,-0.1
2020-02-21,0.0,Sector-Specific Shock - Technology - 20%,Hypothetical,-0.1
2020-02-24,0.0,Sector-Specific Shock - Technology - 20%,Hypothetical,-0.1
2020-02-25,0.0,Sector-Specific Shock - Technology - 20%,Hypothetical,-0.1
2020-02-26,0.0,Sector-Specific Shock - Technology - 20%,Hypothetical,-0.1
2020-02-27,0.0,Sector-Specific Shock - Technology - 20%,Hypothetical,-0.1
2020-02-28,0.0,Sector-Specific Shock - Technology - 20%,Hypothetical,-0.1
2020-03-02,0.0,Sector-Specific Shock - Technology - 20%,Hypothetical,-0.1
2020-03-03,0.0,Sector-Specific Shock - Technology - 20%,Hypothetical,-0.1
2020-03-04,0.0,Sector-Specific Shock - Technology - 20%,Hypothetical,-0.1
2020-03-05,0.0,Sector-Specific Shock - Technology - 20%,Hypothetical,-0.1
2020-03-06,0.0,Sector-Specific Shock - Technology - 20%,Hypothetical,-0.1
2020-03-09,0.0,Sector-Specific Shock - Technology - 20%,Hypothetical,-0.1
2020-03-10,0.0,Sector-Specific Shock - Technology - 20%,Hypothetical,-0.1
2020-03-11,0.0,Sector-Specific Shock - Technology - 20%,Hypothetical,-0.1
2020-03-12,0.0,Sector-Specific Shock - Technology - 20%,Hypothetical,-0.1
2020-03-13,0.0,Sector-Specific Shock - Technology - 20%,Hypothetical,-0.1
2020-03-16,0.0,Sector-Specific Shock - Technology - 20%,Hypothetical,-0.1
2020-03-17,0.0,Sector-Specific Shock - Technology - 20%,Hypothetical,-0.1
2020-03-18,0.0,Sector-Specific Shock - Technology - 20%,Hypothetical,-0.1
2020-03-19,0.0,Sector-Specific Shock - Technology - 20%,Hypothetical,-0.1
2020-03-20,0.0,Sector-Specific Shock - Technology - 20%,Hypothetical,-0.1
2020-03-23,0.0,Sector-Specific Shock - Technology - 20%,Hypothetical,-0.1
2020-03-24,0.0,Sector-Specific Shock - Technology - 20%,Hypothetical,-0.1
2020-03-25,0.0,Sector-Specific Shock - Technology - 20%,Hypothetical,-0.1
2020-03-26,0.0,Sector-Specific Shock - Technology - 20%,Hypothetical,-0.1
2020-03-27,0.0,Sector-Specific Shock - Technology - 20%,Hypothetical,-0.1
2020-03-30,0.0,Sector-Specific Shock - Technology - 20%,Hypothetical,-0.1
2020-03-31,0.0,Sector-Specific Shock - Technology - 20%,Hypothetical,-0.1
2020-04-01,0.0,Sector-Specific Shock - Technology - 20%,Hypothetical,-0.1
2020-04-02,0.0,Sector-Specific Shock - Technology - 20%,Hypothetical,-0.1
2020-04-03,0.0,Sector-Specific Shock - Technology - 20%,Hypothetical,-0.1
2020-04-06,0.0,Sector-Specific Shock - Technology - 20%,Hypothetical,-0.1
2020-04-07,0.0,Sector-Specific Shock - Technology - 20%,Hypothetical,-0.1
2020-04-08,0.0,Sector-Specific Shock - Technology - 20%,Hypothetical,-0.1
2020-04-09,0.0,Sector-Specific Shock - Technology - 20%,Hypothetical,-0.1
2020-04-13,0.0,Sector-Specific Shock - Technology - 20%,Hypothetical,-0.1
2020-04-14,0.0,Sector-Specific Shock - Technology - 20%,Hypothetical,-0.1
2020-04-15,0.0,Sector-Specific Shock - Technology - 20%,Hypothetical,-0.1
2020-04-16,0.0,Sector-Specific Shock - Technology - 20%,Hypothetical,-0.1
2020-04-17,0.0,Sector-Specific Shock - Technology - 20%,Hypothetical,-0.1
2020-04-20,0.0,Sector-Specific Shock - Technology - 20%,Hypothetical,-0.1
2020-04-21,0.0,Sector-Specific Shock - Technology - 20%,Hypothetical,-0.1
2020-04-22,0.0,Sector-Specific Shock - Technology - 20%,Hypothetical,-0.1
2020-04-23,0.0,Sector-Specific Shock - Technology - 20%,Hypothetical,-0.1
2020-04-24,0.0,Sector-Specific Shock - Technology - 20%,Hypothetical,-0.1
2020-04-27,0.0,Sector-Specific Shock - Technology - 20%,Hypothetical,-0.1
2020-04-28,0.0,Sector-Specific Shock - Technology - 20%,Hypothetical,-0.1
2020-04-29,0.0,Sector-Specific Shock - Technology - 20%,Hypothetical,-0.1
2020-04-30,0.0,Sector-Specific Shock - Technology - 20%,Hypothetical,-0.1
2020-05-01,0.0,Sector-Specific Shock - Technology - 20%,Hypothetical,-0.1
2020-05-04,0.0,Sector-Specific Shock - Technology - 20%,Hypothetical,-0.1
2020-05-05,0.0,Sector-Specific Shock - Technology - 20%,Hypothetical,-0.1
2020-05-06,0.0,Sector-Specific Shock - Technology - 20%,Hypothetical,-0.1
2020-05-07,0.0,Sector-Specific Shock - Technology - 20%,Hypothetical,-0.1
2020-05-08,0.0,Sector-Specific Shock - Technology - 20%,Hypothetical,-0.1
2020-05-11,0.0,Sector-Specific Shock - Technology - 20%,Hypothetical,-0.1
2020-05-12,0.0,Sector-Specific Shock - Technology - 20%,Hypothetical,-0.1
2020-05-13,0.0,Sector-Specific Shock - Technology - 20%,Hypothetical,-0.1
2020-05-14,0.0,Sector-Specific Shock - Technology - 20%,Hypothetical,-0.1
2020-05-15,0.0,Sector-Specific Shock - Technology - 20%,Hypothetical,-0.1
2020-05-18,0.0,Sector-Specific Shock - Technology - 20%,Hypothetical,-0.1
2020-05-19,0.0,Sector-Specific Shock - Technology - 20%,Hypothetical,-0.1
2020-05-20,0.0,Sector-Specific Shock - Technology - 20%,Hypothetical,-0.1
2020-05-21,0.0,Sector-Specific Shock - Technology - 20%,Hypothetical,-0.1
2020-05-22,0.0,Sector-Specific Shock - Technology - 20%,Hypothetical,-0.1
2020-05-26,0.0,Sector-Specific Shock - Technology - 20%,Hypothetical,-0.1
2020-05-27,0.0,Sector-Specific Shock - Technology - 20%,Hypothetical,-0.1
2020-05-28,0.0,Sector-Specific Shock - Technology - 20%,Hypothetical,-0.1
2020-05-29,0.0,Sector-Specific Shock - Technology - 20%,Hypothetical,-0.1
2020-06-01,0.0,Sector-Specific Shock - Technology - 20%,Hypothetical,-0.1
2020-06-02,0.0,Sector-Specific Shock - Technology - 20%,Hypothetical,-0.1
2020-06-03,0.0,Sector-Specific Shock - Technology - 20%,Hypothetical,-0.1
2020-06-04,0.0,Sector-Specific Shock - Technology - 20%,Hypothetical,-0.1
2020-06-05,0.0,Sector-Specific Shock - Technology - 20%,Hypothetical,-0.1
2020-06-08,0.0,Sector-Specific Shock - Technology - 20%,Hypothetical,-0.1
2020-06-09,0.0,Sector-Specific Shock - Technology - 20%,Hypothetical,-0.1
2020-06-10,0.0,Sector-Specific Shock - Technology - 20%,Hypothetical,-0.1
2020-06-11,0.0,Sector-Specific Shock - Technology - 20%,Hypothetical,-0.1
2020-06-12,0.0,Sector-Specific Shock - Technology - 20%,Hypothetical,-0.1
2020-06-15,0.0,Sector-Specific Shock - Technology - 20%,Hypothetical,-0.1
2020-06-16,0.0,Sector-Specific Shock - Technology - 20%,Hypothetical,-0.1
2020-06-17,0.0,Sector-Specific Shock - Technology - 20%,Hypothetical,-0.1
2020-06-18,0.0,Sector-Specific Shock - Technology - 20%,Hypothetical,-0.1
2020-06-19,0.0,Sector-Specific Shock - Technology - 20%,Hypothetical,-0.1
2020-06-22,0.0,Sector-Specific Shock - Technology - 20%,Hypothetical,-0.1
2020-06-23,0.0,Sector-Specific Shock - Technology - 20%,Hypothetical,-0.1
2020-06-24,0.0,Sector-Specific Shock - Technology - 20%,Hypothetical,-0.1
2020-06-25,0.0,Sector-Specific Shock - Technology - 20%,Hypothetical,-0.1
2020-06-26,0.0,Sector-Specific Shock - Technology - 20%,Hypothetical,-0.1
2020-06-29,0.0,Sector-Specific Shock - Technology - 20%,Hypothetical,-0.1
2020-06-30,0.0,Sector-Specific Shock - Technology - 20%,Hypothetical,-0.1
2020-07-01,0.0,Sector-Specific Shock - Technology - 20%,Hypothetical,-0.1
2020-07-02,0.0,Sector-Specific Shock - Technology - 20%,Hypothetical,-0.1
2020-07-06,0.0,Sector-Specific Shock - Technology - 20%,Hypothetical,-0.1
2020-07-07,0.0,Sector-Specific Shock - Technology - 20%,Hypothetical,-0.1
2020-07-08,0.0,Sector-Specific Shock - Technology - 20%,Hypothetical,-0.1
2020-07-09,0.0,Sector-Specific Shock - Technology - 20%,Hypothetical,-0.1
2020-07-10,0.0,Sector-Specific Shock - Technology - 20%,Hypothetical,-0.1
2020-07-13,0.0,Sector-Specific Shock - Technology - 20%,Hypothetical,-0.1
2020-07-14,0.0,Sector-Specific Shock - Technology - 20%,Hypothetical,-0.1
2020-07-15,0.0,Sector-Specific Shock - Technology - 20%,Hypothetical,-0.1
2020-07-16,0.0,Sector-Specific Shock - Technology - 20%,Hypothetical,-0.1
2020-07-17,0.0,Sector-Specific Shock - Technology - 20%,Hypothetical,-0.1
2020-07-20,0.0,Sector-Specific Shock - Technology - 20%,Hypothetical,-0.1
2020-07-21,0.0,Sector-Specific Shock - Technology - 20%,Hypothetical,-0.1
2020-07-22,0.0,Sector-Specific Shock - Technology - 20%,Hypothetical,-0.1
2020-07-23,0.0,Sector-Specific Shock - Technology - 20%,Hypothetical,-0.1
2020-07-24,0.0,Sector-Specific Shock - Technology - 20%,Hypothetical,-0.1
2020-07-27,0.0,Sector-Specific Shock - Technology - 20%,Hypothetical,-0.1
2020-07-28,0.0,Sector-Specific Shock - Technology - 20%,Hypothetical,-0.1
2020-07-29,0.0,Sector-Specific Shock - Technology - 20%,Hypothetical,-0.1
2020-07-30,0.0,Sector-Specific Shock - Technology - 20%,Hypothetical,-0.1
2020-07-31,0.0,Sector-Specific Shock - Technology - 20%,Hypothetical,-0.1
2020-08-03,0.0,Sector-Specific Shock - Technology - 20%,Hypothetical,-0.1
2020-08-04,0.0,Sector-Specific Shock - Technology - 20%,Hypothetical,-0.1
2020-08-05,0.0,Sector-Specific Shock - Technology - 20%,Hypothetical,-0.1
2020-08-06,0.0,Sector-Specific Shock - Technology - 20%,Hypothetical,-0.1
2020-08-07,0.0,Sector-Specific Shock - Technology - 20%,Hypothetical,-0.1
2020-08-10,0.0,Sector-Specific Shock - Technology - 20%,Hypothetical,-0.1
2020-08-11,0.0,Sector-Specific Shock - Technology - 20%,Hypothetical,-0.1
2020-08-12,0.0,Sector-Specific Shock - Technology - 20%,Hypothetical,-0.1
2020-08-13,0.0,Sector-Specific Shock - Technology - 20%,Hypothetical,-0.1
2020-08-14,0.0,Sector-Specific Shock - Technology - 20%,Hypothetical,-0.1
2020-08-17,0.0,Sector-Specific Shock - Technology - 20%,Hypothetical,-0.1
2020-08-18,0.0,Sector-Specific Shock - Technology - 20%,Hypothetical,-0.1
2020-08-19,0.0,Sector-Specific Shock - Technology - 20%,Hypothetical,-0.1
2020-08-20,0.0,Sector-Specific Shock - Technology - 20%,Hypothetical,-0.1
2020-08-21,0.0,Sector-Specific Shock - Technology - 20%,Hypothetical,-0.1
2020-08-24,0.0,Sector-Specific Shock - Technology - 20%,Hypothetical,-0.1
2020-08-25,0.0,Sector-Specific Shock - Technology - 20%,Hypothetical,-0.1
2020-08-26,0.0,Sector-Specific Shock - Technology - 20%,Hypothetical,-0.1
2020-08-27,0.0,Sector-Specific Shock - Technology - 20%,Hypothetical,-0.1
2020-08-28,0.0,Sector-Specific Shock - Technology - 20%,Hypothetical,-0.1
2020-08-31,0.0,Sector-Specific Shock - Technology - 20%,Hypothetical,-0.1
2020-09-01,0.0,Sector-Specific Shock - Technology - 20%,Hypothetical,-0.1
2020-09-02,0.0,Sector-Specific Shock - Technology - 20%,Hypothetical,-0.1
2020-09-03,0.0,Sector-Specific Shock - Technology - 20%,Hypothetical,-0.1
2020-09-04,0.0,Sector-Specific Shock - Technology - 20%,Hypothetical,-0.1
2020-09-08,0.0,Sector-Specific Shock - Technology - 20%,Hypothetical,-0.1
2020-09-09,0.0,Sector-Specific Shock - Technology - 20%,Hypothetical,-0.1
2020-09-10,0.0,Sector-Specific Shock - Technology - 20%,Hypothetical,-0.1
2020-09-11,0.0,Sector-Specific Shock - Technology - 20%,Hypothetical,-0.1
2020-09-14,0.0,Sector-Specific Shock - Technology - 20%,Hypothetical,-0.1
2020-09-15,0.0,Sector-Specific Shock - Technology - 20%,Hypothetical,-0.1
2020-09-16,0.0,Sector-Specific Shock - Technology - 20%,Hypothetical,-0.1
2020-09-17,0.0,Sector-Specific Shock - Technology - 20%,Hypothetical,-0.1
2020-09-18,0.0,Sector-Specific Shock - Technology - 20%,Hypothetical,-0.1
2020-09-21,0.0,Sector-Specific Shock - Technology - 20%,Hypothetical,-0.1
2020-09-22,0.0,Sector-Specific Shock - Technology - 20%,Hypothetical,-0.1
2020-09-23,0.0,Sector-Specific Shock - Technology - 20%,Hypothetical,-0.1
2020-09-24,0.0,Sector-Specific Shock - Technology - 20%,Hypothetical,-0.1
2020-09-25,0.0,Sector-Specific Shock - Technology - 20%,Hypothetical,-0.1
2020-09-28,0.0,Sector-Specific Shock - Technology - 20%,Hypothetical,-0.1
2020-09-29,0.0,Sector-Specific Shock - Technology - 20%,Hypothetical,-0.1
2020-09-30,0.0,Sector-Specific Shock - Technology - 20%,Hypothetical,-0.1
2020-10-01,0.0,Sector-Specific Shock - Technology - 20%,Hypothetical,-0.1
2020-10-02,0.0,Sector-Specific Shock - Technology - 20%,Hypothetical,-0.1
2020-10-05,0.0,Sector-Specific Shock - Technology - 20%,Hypothetical,-0.1
2020-10-06,0.0,Sector-Specific Shock - Technology - 20%,Hypothetical,-0.1
2020-10-07,0.0,Sector-Specific Shock - Technology - 20%,Hypothetical,-0.1
2020-10-08,0.0,Sector-Specific Shock - Technology - 20%,Hypothetical,-0.1
2020-10-09,0.0,Sector-Specific Shock - Technology - 20%,Hypothetical,-0.1
2020-10-12,0.0,Sector-Specific Shock - Technology - 20%,Hypothetical,-0.1
2020-10-13,0.0,Sector-Specific Shock - Technology - 20%,Hypothetical,-0.1
2020-10-14,0.0,Sector-Specific Shock - Technology - 20%,Hypothetical,-0.1
2020-10-15,0.0,Sector-Specific Shock - Technology - 20%,Hypothetical,-0.1
2020-10-16,0.0,Sector-Specific Shock - Technology - 20%,Hypothetical,-0.1
2020-10-19,0.0,Sector-Specific Shock - Technology - 20%,Hypothetical,-0.1
2020-10-20,0.0,Sector-Specific Shock - Technology - 20%,Hypothetical,-0.1
2020-10-21,0.0,Sector-Specific Shock - Technology - 20%,Hypothetical,-0.1
2020-10-22,0.0,Sector-Specific Shock - Technology - 20%,Hypothetical,-0.1
2020-10-23,0.0,Sector-Specific Shock - Technology - 20%,Hypothetical,-0.1
2020-10-26,0.0,Sector-Specific Shock - Technology - 20%,Hypothetical,-0.1
2020-10-27,0.0,Sector-Specific Shock - Technology - 20%,Hypothetical,-0.1
2020-10-28,0.0,Sector-Specific Shock - Technology - 20%,Hypothetical,-0.1
2020-10-29,0.0,Sector-Specific Shock - Technology - 20%,Hypothetical,-0.1
2020-10-30,0.0,Sector-Specific Shock - Technology - 20%,Hypothetical,-0.1
2020-11-02,0.0,Sector-Specific Shock - Technology - 20%,Hypothetical,-0.1
2020-11-03,0.0,Sector-Specific Shock - Technology - 20%,Hypothetical,-0.1
2020-11-04,0.0,Sector-Specific Shock - Technology - 20%,Hypothetical,-0.1
2020-11-05,0.0,Sector-Specific Shock - Technology - 20%,Hypothetical,-0.1
2020-11-06,0.0,Sector-Specific Shock - Technology - 20%,Hypothetical,-0.1
2020-11-09,0.0,Sector-Specific Shock - Technology - 20%,Hypothetical,-0.1
2020-11-10,0.0,Sector-Specific Shock - Technology - 20%,Hypothetical,-0.1
2020-11-11,0.0,Sector-Specific Shock - Technology - 20%,Hypothetical,-0.1
2020-11-12,0.0,Sector-Specific Shock - Technology - 20%,Hypothetical,-0.1
2020-11-13,0.0,Sector-Specific Shock - Technology - 20%,Hypothetical,-0.1
2020-11-16,0.0,Sector-Specific Shock - Technology - 20%,Hypothetical,-0.1
2020-11-17,0.0,Sector-Specific Shock - Technology - 20%,Hypothetical,-0.1
2020-11-18,0.0,Sector-Specific Shock - Technology - 20%,Hypothetical,-0.1
2020-11-19,0.0,Sector-Specific Shock - Technology - 20%,Hypothetical,-0.1
2020-11-20,0.0,Sector-Specific Shock - Technology - 20%,Hypothetical,-0.1
2020-11-23,0.0,Sector-Specific Shock - Technology - 20%,Hypothetical,-0.1
2020-11-24,0.0,Sector-Specific Shock - Technology - 20%,Hypothetical,-0.1
2020-11-25,0.0,Sector-Specific Shock - Technology - 20%,Hypothetical,-0.1
2020-11-27,0.0,Sector-Specific Shock - Technology - 20%,Hypothetical,-0.1
2020-11-30,0.0,Sector-Specific Shock - Technology - 20%,Hypothetical,-0.1
2020-12-01,0.0,Sector-Specific Shock - Technology - 20%,Hypothetical,-0.1
2020-12-02,0.0,Sector-Specific Shock - Technology - 20%,Hypothetical,-0.1
2020-12-03,0.0,Sector-Specific Shock - Technology - 20%,Hypothetical,-0.1
2020-12-04,0.0,Sector-Specific Shock - Technology - 20%,Hypothetical,-0.1
2020-12-07,0.0,Sector-Specific Shock - Technology - 20%,Hypothetical,-0.1
2020-12-08,0.0,Sector-Specific Shock - Technology - 20%,Hypothetical,-0.1
2020-12-09,0.0,Sector-Specific Shock - Technology - 20%,Hypothetical,-0.1
2020-12-10,0.0,Sector-Specific Shock - Technology - 20%,Hypothetical,-0.1
2020-12-11,0.0,Sector-Specific Shock - Technology - 20%,Hypothetical,-0.1
2020-12-14,0.0,Sector-Specific Shock - Technology - 20%,Hypothetical,-0.1
2020-12-15,0.0,Sector-Specific Shock - Technology - 20%,Hypothetical,-0.1
2020-12-16,0.0,Sector-Specific Shock - Technology - 20%,Hypothetical,-0.1
2020-12-17,0.0,Sector-Specific Shock - Technology - 20%,Hypothetical,-0.1
2020-12-18,0.0,Sector-Specific Shock - Technology - 20%,Hypothetical,-0.1
2020-12-21,0.0,Sector-Specific Shock - Technology - 20%,Hypothetical,-0.1
2020-12-22,0.0,Sector-Specific Shock - Technology - 20%,Hypothetical,-0.1
2020-12-23,0.0,Sector-Specific Shock - Technology - 20%,Hypothetical,-0.1
2020-12-24,0.0,Sector-Specific Shock - Technology - 20%,Hypothetical,-0.1
2020-12-28,0.0,Sector-Specific Shock - Technology - 20%,Hypothetical,-0.1
2020-12-29,0.0,Sector-Specific Shock - Technology - 20%,Hypothetical,-0.1
2020-12-30,0.0,Sector-Specific Shock - Technology - 20%,Hypothetical,-0.1
2020-12-31,0.0,Sector-Specific Shock - Technology - 20%,Hypothetical,-0.1
2021-01-04,0.0,Sector-Specific Shock - Technology - 20%,Hypothetical,-0.1
2021-01-05,0.0,Sector-Specific Shock - Technology - 20%,Hypothetical,-0.1
2021-01-06,0.0,Sector-Specific Shock - Technology - 20%,Hypothetical,-0.1
2021-01-07,0.0,Sector-Specific Shock - Technology - 20%,Hypothetical,-0.1
2021-01-08,0.0,Sector-Specific Shock - Technology - 20%,Hypothetical,-0.1
2021-01-11,0.0,Sector-Specific Shock - Technology - 20%,Hypothetical,-0.1
2021-01-12,0.0,Sector-Specific Shock - Technology - 20%,Hypothetical,-0.1
2021-01-13,0.0,Sector-Specific Shock - Technology - 20%,Hypothetical,-0.1
2021-01-14,0.0,Sector-Specific Shock - Technology - 20%,Hypothetical,-0.1
2021-01-15,0.0,Sector-Specific Shock - Technology - 20%,Hypothetical,-0.1
2021-01-19,0.0,Sector-Specific Shock - Technology - 20%,Hypothetical,-0.1
2021-01-20,0.0,Sector-Specific Shock - Technology - 20%,Hypothetical,-0.1
2021-01-21,0.0,Sector-Specific Shock - Technology - 20%,Hypothetical,-0.1
2021-01-22,0.0,Sector-Specific Shock - Technology - 20%,Hypothetical,-0.1
2021-01-25,0.0,Sector-Specific Shock - Technology - 20%,Hypothetical,-0.1
2021-01-26,0.0,Sector-Specific Shock - Technology - 20%,Hypothetical,-0.1
2021-01-27,0.0,Sector-Specific Shock - Technology - 20%,Hypothetical,-0.1
2021-01-28,0.0,Sector-Specific Shock - Technology - 20%,Hypothetical,-0.1
2021-01-29,0.0,Sector-Specific Shock - Technology - 20%,Hypothetical,-0.1
2021-02-01,0.0,Sector-Specific Shock - Technology - 20%,Hypothetical,-0.1
2021-02-02,0.0,Sector-Specific Shock - Technology - 20%,Hypothetical,-0.1
2021-02-03,0.0,Sector-Specific Shock - Technology - 20%,Hypothetical,-0.1
2021-02-04,0.0,Sector-Specific Shock - Technology - 20%,Hypothetical,-0.1
2021-02-05,0.0,Sector-Specific Shock - Technology - 20%,Hypothetical,-0.1
2021-02-08,0.0,Sector-Specific Shock - Technology - 20%,Hypothetical,-0.1
2021-02-09,0.0,Sector-Specific Shock - Technology - 20%,Hypothetical,-0.1
2021-02-10,0.0,Sector-Specific Shock - Technology - 20%,Hypothetical,-0.1
2021-02-11,0.0,Sector-Specific Shock - Technology - 20%,Hypothetical,-0.1
2021-02-12,0.0,Sector-Specific Shock - Technology - 20%,Hypothetical,-0.1
2021-02-16,0.0,Sector-Specific Shock - Technology - 20%,Hypothetical,-0.1
2021-02-17,0.0,Sector-Specific Shock - Technology - 20%,Hypothetical,-0.1
2021-02-18,0.0,Sector-Specific Shock - Technology - 20%,Hypothetical,-0.1
2021-02-19,0.0,Sector-Specific Shock - Technology - 20%,Hypothetical,-0.1
2021-02-22,0.0,Sector-Specific Shock - Technology - 20%,Hypothetical,-0.1
2021-02-23,0.0,Sector-Specific Shock - Technology - 20%,Hypothetical,-0.1
2021-02-24,0.0,Sector-Specific Shock - Technology - 20%,Hypothetical,-0.1
2021-02-25,0.0,Sector-Specific Shock - Technology - 20%,Hypothetical,-0.1
2021-02-26,0.0,Sector-Specific Shock - Technology - 20%,Hypothetical,-0.1
2021-03-01,0.0,Sector-Specific Shock - Technology - 20%,Hypothetical,-0.1
2021-03-02,0.0,Sector-Specific Shock - Technology - 20%,Hypothetical,-0.1
2021-03-03,0.0,Sector-Specific Shock - Technology - 20%,Hypothetical,-0.1
2021-03-04,0.0,Sector-Specific Shock - Technology - 20%,Hypothetical,-0.1
2021-03-05,0.0,Sector-Specific Shock - Technology - 20%,Hypothetical,-0.1
2021-03-08,0.0,Sector-Specific Shock - Technology - 20%,Hypothetical,-0.1
2021-03-09,0.0,Sector-Specific Shock - Technology - 20%,Hypothetical,-0.1
2021-03-10,0.0,Sector-Specific Shock - Technology - 20%,Hypothetical,-0.1
2021-03-11,0.0,Sector-Specific Shock - Technology - 20%,Hypothetical,-0.1
2021-03-12,0.0,Sector-Specific Shock - Technology - 20%,Hypothetical,-0.1
2021-03-15,0.0,Sector-Specific Shock - Technology - 20%,Hypothetical,-0.1
2021-03-16,0.0,Sector-Specific Shock - Technology - 20%,Hypothetical,-0.1
2021-03-17,0.0,Sector-Specific Shock - Technology - 20%,Hypothetical,-0.1
2021-03-18,0.0,Sector-Specific Shock - Technology - 20%,Hypothetical,-0.1
2021-03-19,0.0,Sector-Specific Shock - Technology - 20%,Hypothetical,-0.1
2021-03-22,0.0,Sector-Specific Shock - Technology - 20%,Hypothetical,-0.1
2021-03-23,0.0,Sector-Specific Shock - Technology - 20%,Hypothetical,-0.1
2021-03-24,0.0,Sector-Specific Shock - Technology - 20%,Hypothetical,-0.1
2021-03-25,0.0,Sector-Specific Shock - Technology - 20%,Hypothetical,-0.1
2021-03-26,0.0,Sector-Specific Shock - Technology - 20%,Hypothetical,-0.1
2021-03-29,0.0,Sector-Specific Shock - Technology - 20%,Hypothetical,-0.1
2021-03-30,0.0,Sector-Specific Shock - Technology - 20%,Hypothetical,-0.1
2021-03-31,0.0,Sector-Specific Shock - Technology - 20%,Hypothetical,-0.1
2021-04-01,0.0,Sector-Specific Shock - Technology - 20%,Hypothetical,-0.1
2021-04-05,0.0,Sector-Specific Shock - Technology - 20%,Hypothetical,-0.1
2021-04-06,0.0,Sector-Specific Shock - Technology - 20%,Hypothetical,-0.1
2021-04-07,0.0,Sector-Specific Shock - Technology - 20%,Hypothetical,-0.1
2021-04-08,0.0,Sector-Specific Shock - Technology - 20%,Hypothetical,-0.1
2021-04-09,0.0,Sector-Specific Shock - Technology - 20%,Hypothetical,-0.1
2021-04-12,0.0,Sector-Specific Shock - Technology - 20%,Hypothetical,-0.1
2021-04-13,0.0,Sector-Specific Shock - Technology - 20%,Hypothetical,-0.1
2021-04-14,0.0,Sector-Specific Shock - Technology - 20%,Hypothetical,-0.1
2021-04-15,0.0,Sector-Specific Shock - Technology - 20%,Hypothetical,-0.1
2021-04-16,0.0,Sector-Specific Shock - Technology - 20%,Hypothetical,-0.1
2021-04-19,0.0,Sector-Specific Shock - Technology - 20%,Hypothetical,-0.1
2021-04-20,0.0,Sector-Specific Shock - Technology - 20%,Hypothetical,-0.1
2021-04-21,0.0,Sector-Specific Shock - Technology - 20%,Hypothetical,-0.1
2021-04-22,0.0,Sector-Specific Shock - Technology - 20%,Hypothetical,-0.1
2021-04-23,0.0,Sector-Specific Shock - Technology - 20%,Hypothetical,-0.1
2021-04-26,0.0,Sector-Specific Shock - Technology - 20%,Hypothetical,-0.1
2021-04-27,0.0,Sector-Specific Shock - Technology - 20%,Hypothetical,-0.1
2021-04-28,0.0,Sector-Specific Shock - Technology - 20%,Hypothetical,-0.1
2021-04-29,0.0,Sector-Specific Shock - Technology - 20%,Hypothetical,-0.1
2021-04-30,0.0,Sector-Specific Shock - Technology - 20%,Hypothetical,-0.1
2021-05-03,0.0,Sector-Specific Shock - Technology - 20%,Hypothetical,-0.1
2021-05-04,0.0,Sector-Specific Shock - Technology - 20%,Hypothetical,-0.1
2021-05-05,0.0,Sector-Specific Shock - Technology - 20%,Hypothetical,-0.1
2021-05-06,0.0,Sector-Specific Shock - Technology - 20%,Hypothetical,-0.1
2021-05-07,0.0,Sector-Specific Shock - Technology - 20%,Hypothetical,-0.1
2021-05-10,0.0,Sector-Specific Shock - Technology - 20%,Hypothetical,-0.1
2021-05-11,0.0,Sector-Specific Shock - Technology - 20%,Hypothetical,-0.1
2021-05-12,0.0,Sector-Specific Shock - Technology - 20%,Hypothetical,-0.1
2021-05-13,0.0,Sector-Specific Shock - Technology - 20%,Hypothetical,-0.1
2021-05-14,0.0,Sector-Specific Shock - Technology - 20%,Hypothetical,-0.1
2021-05-17,0.0,Sector-Specific Shock - Technology - 20%,Hypothetical,-0.1
2021-05-18,0.0,Sector-Specific Shock - Technology - 20%,Hypothetical,-0.1
2021-05-19,0.0,Sector-Specific Shock - Technology - 20%,Hypothetical,-0.1
2021-05-20,0.0,Sector-Specific Shock - Technology - 20%,Hypothetical,-0.1
2021-05-21,0.0,Sector-Specific Shock - Technology - 20%,Hypothetical,-0.1
2021-05-24,0.0,Sector-Specific Shock - Technology - 20%,Hypothetical,-0.1
2021-05-25,0.0,Sector-Specific Shock - Technology - 20%,Hypothetical,-0.1
2021-05-26,0.0,Sector-Specific Shock - Technology - 20%,Hypothetical,-0.1
2021-05-27,0.0,Sector-Specific Shock - Technology - 20%,Hypothetical,-0.1
2021-05-28,0.0,Sector-Specific Shock - Technology - 20%,Hypothetical,-0.1
2021-06-01,0.0,Sector-Specific Shock - Technology - 20%,Hypothetical,-0.1
2021-06-02,0.0,Sector-Specific Shock - Technology - 20%,Hypothetical,-0.1
2021-06-03,0.0,Sector-Specific Shock - Technology - 20%,Hypothetical,-0.1
2021-06-04,0.0,Sector-Specific Shock - Technology - 20%,Hypothetical,-0.1
2021-06-07,0.0,Sector-Specific Shock - Technology - 20%,Hypothetical,-0.1
2021-06-08,0.0,Sector-Specific Shock - Technology - 20%,Hypothetical,-0.1
2021-06-09,0.0,Sector-Specific Shock - Technology - 20%,Hypothetical,-0.1
2021-06-10,0.0,Sector-Specific Shock - Technology - 20%,Hypothetical,-0.1
2021-06-11,0.0,Sector-Specific Shock - Technology - 20%,Hypothetical,-0.1
2021-06-14,0.0,Sector-Specific Shock - Technology - 20%,Hypothetical,-0.1
2021-06-15,0.0,Sector-Specific Shock - Technology - 20%,Hypothetical,-0.1
2021-06-16,0.0,Sector-Specific Shock - Technology - 20%,Hypothetical,-0.1
2021-06-17,0.0,Sector-Specific Shock - Technology - 20%,Hypothetical,-0.1
2021-06-18,0.0,Sector-Specific Shock - Technology - 20%,Hypothetical,-0.1
2021-06-21,0.0,Sector-Specific Shock - Technology - 20%,Hypothetical,-0.1
2021-06-22,0.0,Sector-Specific Shock - Technology - 20%,Hypothetical,-0.1
2021-06-23,0.0,Sector-Specific Shock - Technology - 20%,Hypothetical,-0.1
2021-06-24,0.0,Sector-Specific Shock - Technology - 20%,Hypothetical,-0.1
2021-06-25,0.0,Sector-Specific Shock - Technology - 20%,Hypothetical,-0.1
2021-06-28,0.0,Sector-Specific Shock - Technology - 20%,Hypothetical,-0.1
2021-06-29,0.0,Sector-Specific Shock - Technology - 20%,Hypothetical,-0.1
2021-06-30,0.0,Sector-Specific Shock - Technology - 20%,Hypothetical,-0.1
2021-07-01,0.0,Sector-Specific Shock - Technology - 20%,Hypothetical,-0.1
2021-07-02,0.0,Sector-Specific Shock - Technology - 20%,Hypothetical,-0.1
2021-07-06,0.0,Sector-Specific Shock - Technology - 20%,Hypothetical,-0.1
2021-07-07,0.0,Sector-Specific Shock - Technology - 20%,Hypothetical,-0.1
2021-07-08,0.0,Sector-Specific Shock - Technology - 20%,Hypothetical,-0.1
2021-07-09,0.0,Sector-Specific Shock - Technology - 20%,Hypothetical,-0.1
2021-07-12,0.0,Sector-Specific Shock - Technology - 20%,Hypothetical,-0.1
2021-07-13,0.0,Sector-Specific Shock - Technology - 20%,Hypothetical,-0.1
2021-07-14,0.0,Sector-Specific Shock - Technology - 20%,Hypothetical,-0.1
2021-07-15,0.0,Sector-Specific Shock - Technology - 20%,Hypothetical,-0.1
2021-07-16,0.0,Sector-Specific Shock - Technology - 20%,Hypothetical,-0.1
2021-07-19,0.0,Sector-Specific Shock - Technology - 20%,Hypothetical,-0.1
2021-07-20,0.0,Sector-Specific Shock - Technology - 20%,Hypothetical,-0.1
2021-07-21,0.0,Sector-Specific Shock - Technology - 20%,Hypothetical,-0.1
2021-07-22,0.0,Sector-Specific Shock - Technology - 20%,Hypothetical,-0.1
2021-07-23,0.0,Sector-Specific Shock - Technology - 20%,Hypothetical,-0.1
2021-07-26,0.0,Sector-Specific Shock - Technology - 20%,Hypothetical,-0.1
2021-07-27,0.0,Sector-Specific Shock - Technology - 20%,Hypothetical,-0.1
2021-07-28,0.0,Sector-Specific Shock - Technology - 20%,Hypothetical,-0.1
2021-07-29,0.0,Sector-Specific Shock - Technology - 20%,Hypothetical,-0.1
2021-07-30,0.0,Sector-Specific Shock - Technology - 20%,Hypothetical,-0.1
2021-08-02,0.0,Sector-Specific Shock - Technology - 20%,Hypothetical,-0.1
2021-08-03,0.0,Sector-Specific Shock - Technology - 20%,Hypothetical,-0.1
2021-08-04,0.0,Sector-Specific Shock - Technology - 20%,Hypothetical,-0.1
2021-08-05,0.0,Sector-Specific Shock - Technology - 20%,Hypothetical,-0.1
2021-08-06,0.0,Sector-Specific Shock - Technology - 20%,Hypothetical,-0.1
2021-08-09,0.0,Sector-Specific Shock - Technology - 20%,Hypothetical,-0.1
2021-08-10,0.0,Sector-Specific Shock - Technology - 20%,Hypothetical,-0.1
2021-08-11,0.0,Sector-Specific Shock - Technology - 20%,Hypothetical,-0.1
2021-08-12,0.0,Sector-Specific Shock - Technology - 20%,Hypothetical,-0.1
2021-08-13,0.0,Sector-Specific Shock - Technology - 20%,Hypothetical,-0.1
2021-08-16,0.0,Sector-Specific Shock - Technology - 20%,Hypothetical,-0.1
2021-08-17,0.0,Sector-Specific Shock - Technology - 20%,Hypothetical,-0.1
2021-08-18,0.0,Sector-Specific Shock - Technology - 20%,Hypothetical,-0.1
2021-08-19,0.0,Sector-Specific Shock - Technology - 20%,Hypothetical,-0.1
2021-08-20,0.0,Sector-Specific Shock - Technology - 20%,Hypothetical,-0.1
2021-08-23,0.0,Sector-Specific Shock - Technology - 20%,Hypothetical,-0.1
2021-08-24,0.0,Sector-Specific Shock - Technology - 20%,Hypothetical,-0.1
2021-08-25,0.0,Sector-Specific Shock - Technology - 20%,Hypothetical,-0.1
2021-08-26,0.0,Sector-Specific Shock - Technology - 20%,Hypothetical,-0.1
2021-08-27,0.0,Sector-Specific Shock - Technology - 20%,Hypothetical,-0.1
2021-08-30,0.0,Sector-Specific Shock - Technology - 20%,Hypothetical,-0.1
2021-08-31,0.0,Sector-Specific Shock - Technology - 20%,Hypothetical,-0.1
2021-09-01,0.0,Sector-Specific Shock - Technology - 20%,Hypothetical,-0.1
2021-09-02,0.0,Sector-Specific Shock - Technology - 20%,Hypothetical,-0.1
2021-09-03,0.0,Sector-Specific Shock - Technology - 20%,Hypothetical,-0.1
2021-09-07,0.0,Sector-Specific Shock - Technology - 20%,Hypothetical,-0.1
2021-09-08,0.0,Sector-Specific Shock - Technology - 20%,Hypothetical,-0.1
2021-09-09,0.0,Sector-Specific Shock - Technology - 20%,Hypothetical,-0.1
2021-09-10,0.0,Sector-Specific Shock - Technology - 20%,Hypothetical,-0.1
2021-09-13,0.0,Sector-Specific Shock - Technology - 20%,Hypothetical,-0.1
2021-09-14,0.0,Sector-Specific Shock - Technology - 20%,Hypothetical,-0.1
2021-09-15,0.0,Sector-Specific Shock - Technology - 20%,Hypothetical,-0.1
2021-09-16,0.0,Sector-Specific Shock - Technology - 20%,Hypothetical,-0.1
2021-09-17,0.0,Sector-Specific Shock - Technology - 20%,Hypothetical,-0.1
2021-09-20,0.0,Sector-Specific Shock - Technology - 20%,Hypothetical,-0.1
2021-09-21,0.0,Sector-Specific Shock - Technology - 20%,Hypothetical,-0.1
2021-09-22,0.0,Sector-Specific Shock - Technology - 20%,Hypothetical,-0.1
2021-09-23,0.0,Sector-Specific Shock - Technology - 20%,Hypothetical,-0.1
2021-09-24,0.0,Sector-Specific Shock - Technology - 20%,Hypothetical,-0.1
2021-09-27,0.0,Sector-Specific Shock - Technology - 20%,Hypothetical,-0.1
2021-09-28,0.0,Sector-Specific Shock - Technology - 20%,Hypothetical,-0.1
2021-09-29,0.0,Sector-Specific Shock - Technology - 20%,Hypothetical,-0.1
2021-09-30,0.0,Sector-Specific Shock - Technology - 20%,Hypothetical,-0.1
2021-10-01,0.0,Sector-Specific Shock - Technology - 20%,Hypothetical,-0.1
2021-10-04,0.0,Sector-Specific Shock - Technology - 20%,Hypothetical,-0.1
2021-10-05,0.0,Sector-Specific Shock - Technology - 20%,Hypothetical,-0.1
2021-10-06,0.0,Sector-Specific Shock - Technology - 20%,Hypothetical,-0.1
2021-10-07,0.0,Sector-Specific Shock - Technology - 20%,Hypothetical,-0.1
2021-10-08,0.0,Sector-Specific Shock - Technology - 20%,Hypothetical,-0.1
2021-10-11,0.0,Sector-Specific Shock - Technology - 20%,Hypothetical,-0.1
2021-10-12,0.0,Sector-Specific Shock - Technology - 20%,Hypothetical,-0.1
2021-10-13,0.0,Sector-Specific Shock - Technology - 20%,Hypothetical,-0.1
2021-10-14,0.0,Sector-Specific Shock - Technology - 20%,Hypothetical,-0.1
2021-10-15,0.0,Sector-Specific Shock - Technology - 20%,Hypothetical,-0.1
2021-10-18,0.0,Sector-Specific Shock - Technology - 20%,Hypothetical,-0.1
2021-10-19,0.0,Sector-Specific Shock - Technology - 20%,Hypothetical,-0.1
2021-10-20,0.0,Sector-Specific Shock - Technology - 20%,Hypothetical,-0.1
2021-10-21,0.0,Sector-Specific Shock - Technology - 20%,Hypothetical,-0.1
2021-10-22,0.0,Sector-Specific Shock - Technology - 20%,Hypothetical,-0.1
2021-10-25,0.0,Sector-Specific Shock - Technology - 20%,Hypothetical,-0.1
2021-10-26,0.0,Sector-Specific Shock - Technology - 20%,Hypothetical,-0.1
2021-10-27,0.0,Sector-Specific Shock - Technology - 20%,Hypothetical,-0.1
2021-10-28,0.0,Sector-Specific Shock - Technology - 20%,Hypothetical,-0.1
2021-10-29,0.0,Sector-Specific Shock - Technology - 20%,Hypothetical,-0.1
2021-11-01,0.0,Sector-Specific Shock - Technology - 20%,Hypothetical,-0.1
2021-11-02,0.0,Sector-Specific Shock - Technology - 20%,Hypothetical,-0.1
2021-11-03,0.0,Sector-Specific Shock - Technology - 20%,Hypothetical,-0.1
2021-11-04,0.0,Sector-Specific Shock - Technology - 20%,Hypothetical,-0.1
2021-11-05,0.0,Sector-Specific Shock - Technology - 20%,Hypothetical,-0.1
2021-11-08,0.0,Sector-Specific Shock - Technology - 20%,Hypothetical,-0.1
2021-11-09,0.0,Sector-Specific Shock - Technology - 20%,Hypothetical,-0.1
2021-11-10,0.0,Sector-Specific Shock - Technology - 20%,Hypothetical,-0.1
2021-11-11,0.0,Sector-Specific Shock - Technology - 20%,Hypothetical,-0.1
2021-11-12,0.0,Sector-Specific Shock - Technology - 20%,Hypothetical,-0.1
2021-11-15,0.0,Sector-Specific Shock - Technology - 20%,Hypothetical,-0.1
2021-11-16,0.0,Sector-Specific Shock - Technology - 20%,Hypothetical,-0.1
2021-11-17,0.0,Sector-Specific Shock - Technology - 20%,Hypothetical,-0.1
2021-11-18,0.0,Sector-Specific Shock - Technology - 20%,Hypothetical,-0.1
2021-11-19,0.0,Sector-Specific Shock - Technology - 20%,Hypothetical,-0.1
2021-11-22,0.0,Sector-Specific Shock - Technology - 20%,Hypothetical,-0.1
2021-11-23,0.0,Sector-Specific Shock - Technology - 20%,Hypothetical,-0.1
2021-11-24,0.0,Sector-Specific Shock - Technology - 20%,Hypothetical,-0.1
2021-11-26,0.0,Sector-Specific Shock - Technology - 20%,Hypothetical,-0.1
2021-11-29,0.0,Sector-Specific Shock - Technology - 20%,Hypothetical,-0.1
2021-11-30,0.0,Sector-Specific Shock - Technology - 20%,Hypothetical,-0.1
2021-12-01,0.0,Sector-Specific Shock - Technology - 20%,Hypothetical,-0.1
2021-12-02,0.0,Sector-Specific Shock - Technology - 20%,Hypothetical,-0.1
2021-12-03,0.0,Sector-Specific Shock - Technology - 20%,Hypothetical,-0.1
2021-12-06,0.0,Sector-Specific Shock - Technology - 20%,Hypothetical,-0.1
2021-12-07,0.0,Sector-Specific Shock - Technology - 20%,Hypothetical,-0.1
2021-12-08,0.0,Sector-Specific Shock - Technology - 20%,Hypothetical,-0.1
2021-12-09,0.0,Sector-Specific Shock - Technology - 20%,Hypothetical,-0.1
2021-12-10,0.0,Sector-Specific Shock - Technology - 20%,Hypothetical,-0.1
2021-12-13,0.0,Sector-Specific Shock - Technology - 20%,Hypothetical,-0.1
2021-12-14,0.0,Sector-Specific Shock - Technology - 20%,Hypothetical,-0.1
2021-12-15,0.0,Sector-Specific Shock - Technology - 20%,Hypothetical,-0.1
2021-12-16,0.0,Sector-Specific Shock - Technology - 20%,Hypothetical,-0.1
2021-12-17,0.0,Sector-Specific Shock - Technology - 20%,Hypothetical,-0.1
2021-12-20,0.0,Sector-Specific Shock - Technology - 20%,Hypothetical,-0.1
2021-12-21,0.0,Sector-Specific Shock - Technology - 20%,Hypothetical,-0.1
2021-12-22,0.0,Sector-Specific Shock - Technology - 20%,Hypothetical,-0.1
2021-12-23,0.0,Sector-Specific Shock - Technology - 20%,Hypothetical,-0.1
2021-12-27,0.0,Sector-Specific Shock - Technology - 20%,Hypothetical,-0.1
2021-12-28,0.0,Sector-Specific Shock - Technology - 20%,Hypothetical,-0.1
2021-12-29,0.0,Sector-Specific Shock - Technology - 20%,Hypothetical,-0.1
2021-12-30,0.0,Sector-Specific Shock - Technology - 20%,Hypothetical,-0.1
2021-12-31,0.0,Sector-Specific Shock - Technology - 20%,Hypothetical,-0.1
2022-01-03,0.0,Sector-Specific Shock - Technology - 20%,Hypothetical,-0.1
2022-01-04,0.0,Sector-Specific Shock - Technology - 20%,Hypothetical,-0.1
2022-01-05,0.0,Sector-Specific Shock - Technology - 20%,Hypothetical,-0.1
2022-01-06,0.0,Sector-Specific Shock - Technology - 20%,Hypothetical,-0.1
2022-01-07,0.0,Sector-Specific Shock - Technology - 20%,Hypothetical,-0.1
2022-01-10,0.0,Sector-Specific Shock - Technology - 20%,Hypothetical,-0.1
2022-01-11,0.0,Sector-Specific Shock - Technology - 20%,Hypothetical,-0.1
2022-01-12,0.0,Sector-Specific Shock - Technology - 20%,Hypothetical,-0.1
2022-01-13,0.0,Sector-Specific Shock - Technology - 20%,Hypothetical,-0.1
2022-01-14,0.0,Sector-Specific Shock - Technology - 20%,Hypothetical,-0.1
2022-01-18,0.0,Sector-Specific Shock - Technology - 20%,Hypothetical,-0.1
2022-01-19,0.0,Sector-Specific Shock - Technology - 20%,Hypothetical,-0.1
2022-01-20,0.0,Sector-Specific Shock - Technology - 20%,Hypothetical,-0.1
2022-01-21,0.0,Sector-Specific Shock - Technology - 20%,Hypothetical,-0.1
2022-01-24,0.0,Sector-Specific Shock - Technology - 20%,Hypothetical,-0.1
2022-01-25,0.0,Sector-Specific Shock - Technology - 20%,Hypothetical,-0.1
2022-01-26,0.0,Sector-Specific Shock - Technology - 20%,Hypothetical,-0.1
2022-01-27,0.0,Sector-Specific Shock - Technology - 20%,Hypothetical,-0.1
2022-01-28,0.0,Sector-Specific Shock - Technology - 20%,Hypothetical,-0.1
2022-01-31,0.0,Sector-Specific Shock - Technology - 20%,Hypothetical,-0.1
2022-02-01,0.0,Sector-Specific Shock - Technology - 20%,Hypothetical,-0.1
2022-02-02,0.0,Sector-Specific Shock - Technology - 20%,Hypothetical,-0.1
2022-02-03,0.0,Sector-Specific Shock - Technology - 20%,Hypothetical,-0.1
2022-02-04,0.0,Sector-Specific Shock - Technology - 20%,Hypothetical,-0.1
2022-02-07,0.0,Sector-Specific Shock - Technology - 20%,Hypothetical,-0.1
2022-02-08,0.0,Sector-Specific Shock - Technology - 20%,Hypothetical,-0.1
2022-02-09,0.0,Sector-Specific Shock - Technology - 20%,Hypothetical,-0.1
2022-02-10,0.0,Sector-Specific Shock - Technology - 20%,Hypothetical,-0.1
2022-02-11,0.0,Sector-Specific Shock - Technology - 20%,Hypothetical,-0.1
2022-02-14,0.0,Sector-Specific Shock - Technology - 20%,Hypothetical,-0.1
2022-02-15,0.0,Sector-Specific Shock - Technology - 20%,Hypothetical,-0.1
2022-02-16,0.0,Sector-Specific Shock - Technology - 20%,Hypothetical,-0.1
2022-02-17,0.0,Sector-Specific Shock - Technology - 20%,Hypothetical,-0.1
2022-02-18,0.0,Sector-Specific Shock - Technology - 20%,Hypothetical,-0.1
2022-02-22,0.0,Sector-Specific Shock - Technology - 20%,Hypothetical,-0.1
2022-02-23,0.0,Sector-Specific Shock - Technology - 20%,Hypothetical,-0.1
2022-02-24,0.0,Sector-Specific Shock - Technology - 20%,Hypothetical,-0.1
2022-02-25,0.0,Sector-Specific Shock - Technology - 20%,Hypothetical,-0.1
2022-02-28,0.0,Sector-Specific Shock - Technology - 20%,Hypothetical,-0.1
2022-03-01,0.0,Sector-Specific Shock - Technology - 20%,Hypothetical,-0.1
2022-03-02,0.0,Sector-Specific Shock - Technology - 20%,Hypothetical,-0.1
2022-03-03,0.0,Sector-Specific Shock - Technology - 20%,Hypothetical,-0.1
2022-03-04,0.0,Sector-Specific Shock - Technology - 20%,Hypothetical,-0.1
2022-03-07,0.0,Sector-Specific Shock - Technology - 20%,Hypothetical,-0.1
2022-03-08,0.0,Sector-Specific Shock - Technology - 20%,Hypothetical,-0.1
2022-03-09,0.0,Sector-Specific Shock - Technology - 20%,Hypothetical,-0.1
2022-03-10,0.0,Sector-Specific Shock - Technology - 20%,Hypothetical,-0.1
2022-03-11,0.0,Sector-Specific Shock - Technology - 20%,Hypothetical,-0.1
2022-03-14,0.0,Sector-Specific Shock - Technology - 20%,Hypothetical,-0.1
2022-03-15,0.0,Sector-Specific Shock - Technology - 20%,Hypothetical,-0.1
2022-03-16,0.0,Sector-Specific Shock - Technology - 20%,Hypothetical,-0.1
2022-03-17,0.0,Sector-Specific Shock - Technology - 20%,Hypothetical,-0.1
2022-03-18,0.0,Sector-Specific Shock - Technology - 20%,Hypothetical,-0.1
2022-03-21,0.0,Sector-Specific Shock - Technology - 20%,Hypothetical,-0.1
2022-03-22,0.0,Sector-Specific Shock - Technology - 20%,Hypothetical,-0.1
2022-03-23,0.0,Sector-Specific Shock - Technology - 20%,Hypothetical,-0.1
2022-03-24,0.0,Sector-Specific Shock - Technology - 20%,Hypothetical,-0.1
2022-03-25,0.0,Sector-Specific Shock - Technology - 20%,Hypothetical,-0.1
2022-03-28,0.0,Sector-Specific Shock - Technology - 20%,Hypothetical,-0.1
2022-03-29,0.0,Sector-Specific Shock - Technology - 20%,Hypothetical,-0.1
2022-03-30,0.0,Sector-Specific Shock - Technology - 20%,Hypothetical,-0.1
2022-03-31,0.0,Sector-Specific Shock - Technology - 20%,Hypothetical,-0.1
2022-04-01,0.0,Sector-Specific Shock - Technology - 20%,Hypothetical,-0.1
2022-04-04,0.0,Sector-Specific Shock - Technology - 20%,Hypothetical,-0.1
2022-04-05,0.0,Sector-Specific Shock - Technology - 20%,Hypothetical,-0.1
2022-04-06,0.0,Sector-Specific Shock - Technology - 20%,Hypothetical,-0.1
2022-04-07,0.0,Sector-Specific Shock - Technology - 20%,Hypothetical,-0.1
2022-04-08,0.0,Sector-Specific Shock - Technology - 20%,Hypothetical,-0.1
2022-04-11,0.0,Sector-Specific Shock - Technology - 20%,Hypothetical,-0.1
2022-04-12,0.0,Sector-Specific Shock - Technology - 20%,Hypothetical,-0.1
2022-04-13,0.0,Sector-Specific Shock - Technology - 20%,Hypothetical,-0.1
2022-04-14,0.0,Sector-Specific Shock - Technology - 20%,Hypothetical,-0.1
2022-04-18,0.0,Sector-Specific Shock - Technology - 20%,Hypothetical,-0.1
2022-04-19,0.0,Sector-Specific Shock - Technology - 20%,Hypothetical,-0.1
2022-04-20,0.0,Sector-Specific Shock - Technology - 20%,Hypothetical,-0.1
2022-04-21,0.0,Sector-Specific Shock - Technology - 20%,Hypothetical,-0.1
2022-04-22,0.0,Sector-Specific Shock - Technology - 20%,Hypothetical,-0.1
2022-04-25,0.0,Sector-Specific Shock - Technology - 20%,Hypothetical,-0.1
2022-04-26,0.0,Sector-Specific Shock - Technology - 20%,Hypothetical,-0.1
2022-04-27,0.0,Sector-Specific Shock - Technology - 20%,Hypothetical,-0.1
2022-04-28,0.0,Sector-Specific Shock - Technology - 20%,Hypothetical,-0.1
2022-04-29,0.0,Sector-Specific Shock - Technology - 20%,Hypothetical,-0.1
2022-05-02,0.0,Sector-Specific Shock - Technology - 20%,Hypothetical,-0.1
2022-05-03,0.0,Sector-Specific Shock - Technology - 20%,Hypothetical,-0.1
2022-05-04,0.0,Sector-Specific Shock - Technology - 20%,Hypothetical,-0.1
2022-05-05,0.0,Sector-Specific Shock - Technology - 20%,Hypothetical,-0.1
2022-05-06,0.0,Sector-Specific Shock - Technology - 20%,Hypothetical,-0.1
2022-05-09,0.0,Sector-Specific Shock - Technology - 20%,Hypothetical,-0.1
2022-05-10,0.0,Sector-Specific Shock - Technology - 20%,Hypothetical,-0.1
2022-05-11,0.0,Sector-Specific Shock - Technology - 20%,Hypothetical,-0.1
2022-05-12,0.0,Sector-Specific Shock - Technology - 20%,Hypothetical,-0.1
2022-05-13,0.0,Sector-Specific Shock - Technology - 20%,Hypothetical,-0.1
2022-05-16,0.0,Sector-Specific Shock - Technology - 20%,Hypothetical,-0.1
2022-05-17,0.0,Sector-Specific Shock - Technology - 20%,Hypothetical,-0.1
2022-05-18,0.0,Sector-Specific Shock - Technology - 20%,Hypothetical,-0.1
2022-05-19,0.0,Sector-Specific Shock - Technology - 20%,Hypothetical,-0.1
2022-05-20,0.0,Sector-Specific Shock - Technology - 20%,Hypothetical,-0.1
2022-05-23,0.0,Sector-Specific Shock - Technology - 20%,Hypothetical,-0.1
2022-05-24,0.0,Sector-Specific Shock - Technology - 20%,Hypothetical,-0.1
2022-05-25,0.0,Sector-Specific Shock - Technology - 20%,Hypothetical,-0.1
2022-05-26,0.0,Sector-Specific Shock - Technology - 20%,Hypothetical,-0.1
2022-05-27,0.0,Sector-Specific Shock - Technology - 20%,Hypothetical,-0.1
2022-05-31,0.0,Sector-Specific Shock - Technology - 20%,Hypothetical,-0.1
2022-06-01,0.0,Sector-Specific Shock - Technology - 20%,Hypothetical,-0.1
2022-06-02,0.0,Sector-Specific Shock - Technology - 20%,Hypothetical,-0.1
2022-06-03,0.0,Sector-Specific Shock - Technology - 20%,Hypothetical,-0.1
2022-06-06,0.0,Sector-Specific Shock - Technology - 20%,Hypothetical,-0.1
2022-06-07,0.0,Sector-Specific Shock - Technology - 20%,Hypothetical,-0.1
2022-06-08,0.0,Sector-Specific Shock - Technology - 20%,Hypothetical,-0.1
2022-06-09,0.0,Sector-Specific Shock - Technology - 20%,Hypothetical,-0.1
2022-06-10,0.0,Sector-Specific Shock - Technology - 20%,Hypothetical,-0.1
2022-06-13,0.0,Sector-Specific Shock - Technology - 20%,Hypothetical,-0.1
2022-06-14,0.0,Sector-Specific Shock - Technology - 20%,Hypothetical,-0.1
2022-06-15,0.0,Sector-Specific Shock - Technology - 20%,Hypothetical,-0.1
2022-06-16,0.0,Sector-Specific Shock - Technology - 20%,Hypothetical,-0.1
2022-06-17,0.0,Sector-Specific Shock - Technology - 20%,Hypothetical,-0.1
2022-06-21,0.0,Sector-Specific Shock - Technology - 20%,Hypothetical,-0.1
2022-06-22,0.0,Sector-Specific Shock - Technology - 20%,Hypothetical,-0.1
2022-06-23,0.0,Sector-Specific Shock - Technology - 20%,Hypothetical,-0.1
2022-06-24,0.0,Sector-Specific Shock - Technology - 20%,Hypothetical,-0.1
2022-06-27,0.0,Sector-Specific Shock - Technology - 20%,Hypothetical,-0.1
2022-06-28,0.0,Sector-Specific Shock - Technology - 20%,Hypothetical,-0.1
2022-06-29,0.0,Sector-Specific Shock - Technology - 20%,Hypothetical,-0.1
2022-06-30,0.0,Sector-Specific Shock - Technology - 20%,Hypothetical,-0.1
2022-07-01,0.0,Sector-Specific Shock - Technology - 20%,Hypothetical,-0.1
2022-07-05,0.0,Sector-Specific Shock - Technology - 20%,Hypothetical,-0.1
2022-07-06,0.0,Sector-Specific Shock - Technology - 20%,Hypothetical,-0.1
2022-07-07,0.0,Sector-Specific Shock - Technology - 20%,Hypothetical,-0.1
2022-07-08,0.0,Sector-Specific Shock - Technology - 20%,Hypothetical,-0.1
2022-07-11,0.0,Sector-Specific Shock - Technology - 20%,Hypothetical,-0.1
2022-07-12,0.0,Sector-Specific Shock - Technology - 20%,Hypothetical,-0.1
2022-07-13,0.0,Sector-Specific Shock - Technology - 20%,Hypothetical,-0.1
2022-07-14,0.0,Sector-Specific Shock - Technology - 20%,Hypothetical,-0.1
2022-07-15,0.0,Sector-Specific Shock - Technology - 20%,Hypothetical,-0.1
2022-07-18,0.0,Sector-Specific Shock - Technology - 20%,Hypothetical,-0.1
2022-07-19,0.0,Sector-Specific Shock - Technology - 20%,Hypothetical,-0.1
2022-07-20,0.0,Sector-Specific Shock - Technology - 20%,Hypothetical,-0.1
2022-07-21,0.0,Sector-Specific Shock - Technology - 20%,Hypothetical,-0.1
2022-07-22,0.0,Sector-Specific Shock - Technology - 20%,Hypothetical,-0.1
2022-07-25,0.0,Sector-Specific Shock - Technology - 20%,Hypothetical,-0.1
2022-07-26,0.0,Sector-Specific Shock - Technology - 20%,Hypothetical,-0.1
2022-07-27,0.0,Sector-Specific Shock - Technology - 20%,Hypothetical,-0.1
2022-07-28,0.0,Sector-Specific Shock - Technology - 20%,Hypothetical,-0.1
2022-07-29,0.0,Sector-Specific Shock - Technology - 20%,Hypothetical,-0.1
2022-08-01,0.0,Sector-Specific Shock - Technology - 20%,Hypothetical,-0.1
2022-08-02,0.0,Sector-Specific Shock - Technology - 20%,Hypothetical,-0.1
2022-08-03,0.0,Sector-Specific Shock - Technology - 20%,Hypothetical,-0.1
2022-08-04,0.0,Sector-Specific Shock - Technology - 20%,Hypothetical,-0.1
2022-08-05,0.0,Sector-Specific Shock - Technology - 20%,Hypothetical,-0.1
2022-08-08,0.0,Sector-Specific Shock - Technology - 20%,Hypothetical,-0.1
2022-08-09,0.0,Sector-Specific Shock - Technology - 20%,Hypothetical,-0.1
2022-08-10,0.0,Sector-Specific Shock - Technology - 20%,Hypothetical,-0.1
2022-08-11,0.0,Sector-Specific Shock - Technology - 20%,Hypothetical,-0.1
2022-08-12,0.0,Sector-Specific Shock - Technology - 20%,Hypothetical,-0.1
2022-08-15,0.0,Sector-Specific Shock - Technology - 20%,Hypothetical,-0.1
2022-08-16,0.0,Sector-Specific Shock - Technology - 20%,Hypothetical,-0.1
2022-08-17,0.0,Sector-Specific Shock - Technology - 20%,Hypothetical,-0.1
2022-08-18,0.0,Sector-Specific Shock - Technology - 20%,Hypothetical,-0.1
2022-08-19,0.0,Sector-Specific Shock - Technology - 20%,Hypothetical,-0.1
2022-08-22,0.0,Sector-Specific Shock - Technology - 20%,Hypothetical,-0.1
2022-08-23,0.0,Sector-Specific Shock - Technology - 20%,Hypothetical,-0.1
2022-08-24,0.0,Sector-Specific Shock - Technology - 20%,Hypothetical,-0.1
2022-08-25,0.0,Sector-Specific Shock - Technology - 20%,Hypothetical,-0.1
2022-08-26,0.0,Sector-Specific Shock - Technology - 20%,Hypothetical,-0.1
2022-08-29,0.0,Sector-Specific Shock - Technology - 20%,Hypothetical,-0.1
2022-08-30,0.0,Sector-Specific Shock - Technology - 20%,Hypothetical,-0.1
2022-08-31,0.0,Sector-Specific Shock - Technology - 20%,Hypothetical,-0.1
2022-09-01,0.0,Sector-Specific Shock - Technology - 20%,Hypothetical,-0.1
2022-09-02,0.0,Sector-Specific Shock - Technology - 20%,Hypothetical,-0.1
2022-09-06,0.0,Sector-Specific Shock - Technology - 20%,Hypothetical,-0.1
2022-09-07,0.0,Sector-Specific Shock - Technology - 20%,Hypothetical,-0.1
2022-09-08,0.0,Sector-Specific Shock - Technology - 20%,Hypothetical,-0.1
2022-09-09,0.0,Sector-Specific Shock - Technology - 20%,Hypothetical,-0.1
2022-09-12,0.0,Sector-Specific Shock - Technology - 20%,Hypothetical,-0.1
2022-09-13,0.0,Sector-Specific Shock - Technology - 20%,Hypothetical,-0.1
2022-09-14,0.0,Sector-Specific Shock - Technology - 20%,Hypothetical,-0.1
2022-09-15,0.0,Sector-Specific Shock - Technology - 20%,Hypothetical,-0.1
2022-09-16,0.0,Sector-Specific Shock - Technology - 20%,Hypothetical,-0.1
2022-09-19,0.0,Sector-Specific Shock - Technology - 20%,Hypothetical,-0.1
2022-09-20,0.0,Sector-Specific Shock - Technology - 20%,Hypothetical,-0.1
2022-09-21,0.0,Sector-Specific Shock - Technology - 20%,Hypothetical,-0.1
2022-09-22,0.0,Sector-Specific Shock - Technology - 20%,Hypothetical,-0.1
2022-09-23,0.0,Sector-Specific Shock - Technology - 20%,Hypothetical,-0.1
2022-09-26,0.0,Sector-Specific Shock - Technology - 20%,Hypothetical,-0.1
2022-09-27,0.0,Sector-Specific Shock - Technology - 20%,Hypothetical,-0.1
2022-09-28,0.0,Sector-Specific Shock - Technology - 20%,Hypothetical,-0.1
2022-09-29,0.0,Sector-Specific Shock - Technology - 20%,Hypothetical,-0.1
2022-09-30,0.0,Sector-Specific Shock - Technology - 20%,Hypothetical,-0.1
2022-10-03,0.0,Sector-Specific Shock - Technology - 20%,Hypothetical,-0.1
2022-10-04,0.0,Sector-Specific Shock - Technology - 20%,Hypothetical,-0.1
2022-10-05,0.0,Sector-Specific Shock - Technology - 20%,Hypothetical,-0.1
2022-10-06,0.0,Sector-Specific Shock - Technology - 20%,Hypothetical,-0.1
2022-10-07,0.0,Sector-Specific Shock - Technology - 20%,Hypothetical,-0.1
2022-10-10,0.0,Sector-Specific Shock - Technology - 20%,Hypothetical,-0.1
2022-10-11,0.0,Sector-Specific Shock - Technology - 20%,Hypothetical,-0.1
2022-10-12,0.0,Sector-Specific Shock - Technology - 20%,Hypothetical,-0.1
2022-10-13,0.0,Sector-Specific Shock - Technology - 20%,Hypothetical,-0.1
2022-10-14,0.0,Sector-Specific Shock - Technology - 20%,Hypothetical,-0.1
2022-10-17,0.0,Sector-Specific Shock - Technology - 20%,Hypothetical,-0.1
2022-10-18,0.0,Sector-Specific Shock - Technology - 20%,Hypothetical,-0.1
2022-10-19,0.0,Sector-Specific Shock - Technology - 20%,Hypothetical,-0.1
2022-10-20,0.0,Sector-Specific Shock - Technology - 20%,Hypothetical,-0.1
2022-10-21,0.0,Sector-Specific Shock - Technology - 20%,Hypothetical,-0.1
2022-10-24,0.0,Sector-Specific Shock - Technology - 20%,Hypothetical,-0.1
2022-10-25,0.0,Sector-Specific Shock - Technology - 20%,Hypothetical,-0.1
2022-10-26,0.0,Sector-Specific Shock - Technology - 20%,Hypothetical,-0.1
2022-10-27,0.0,Sector-Specific Shock - Technology - 20%,Hypothetical,-0.1
2022-10-28,0.0,Sector-Specific Shock - Technology - 20%,Hypothetical,-0.1
2022-10-31,0.0,Sector-Specific Shock - Technology - 20%,Hypothetical,-0.1
2022-11-01,0.0,Sector-Specific Shock - Technology - 20%,Hypothetical,-0.1
2022-11-02,0.0,Sector-Specific Shock - Technology - 20%,Hypothetical,-0.1
2022-11-03,0.0,Sector-Specific Shock - Technology - 20%,Hypothetical,-0.1
2022-11-04,0.0,Sector-Specific Shock - Technology - 20%,Hypothetical,-0.1
2022-11-07,0.0,Sector-Specific Shock - Technology - 20%,Hypothetical,-0.1
2022-11-08,0.0,Sector-Specific Shock - Technology - 20%,Hypothetical,-0.1
2022-11-09,0.0,Sector-Specific Shock - Technology - 20%,Hypothetical,-0.1
2022-11-10,0.0,Sector-Specific Shock - Technology - 20%,Hypothetical,-0.1
2022-11-11,0.0,Sector-Specific Shock - Technology - 20%,Hypothetical,-0.1
2022-11-14,0.0,Sector-Specific Shock - Technology - 20%,Hypothetical,-0.1
2022-11-15,0.0,Sector-Specific Shock - Technology - 20%,Hypothetical,-0.1
2022-11-16,0.0,Sector-Specific Shock - Technology - 20%,Hypothetical,-0.1
2022-11-17,0.0,Sector-Specific Shock - Technology - 20%,Hypothetical,-0.1
2022-11-18,0.0,Sector-Specific Shock - Technology - 20%,Hypothetical,-0.1
2022-11-21,0.0,Sector-Specific Shock - Technology - 20%,Hypothetical,-0.1
2022-11-22,0.0,Sector-Specific Shock - Technology - 20%,Hypothetical,-0.1
2022-11-23,0.0,Sector-Specific Shock - Technology - 20%,Hypothetical,-0.1
2022-11-25,0.0,Sector-Specific Shock - Technology - 20%,Hypothetical,-0.1
2022-11-28,0.0,Sector-Specific Shock - Technology - 20%,Hypothetical,-0.1
2022-11-29,0.0,Sector-Specific Shock - Technology - 20%,Hypothetical,-0.1
2022-11-30,0.0,Sector-Specific Shock - Technology - 20%,Hypothetical,-0.1
2022-12-01,0.0,Sector-Specific Shock - Technology - 20%,Hypothetical,-0.1
2022-12-02,0.0,Sector-Specific Shock - Technology - 20%,Hypothetical,-0.1
2022-12-05,0.0,Sector-Specific Shock - Technology - 20%,Hypothetical,-0.1
2022-12-06,0.0,Sector-Specific Shock - Technology - 20%,Hypothetical,-0.1
2022-12-07,0.0,Sector-Specific Shock - Technology - 20%,Hypothetical,-0.1
2022-12-08,0.0,Sector-Specific Shock - Technology - 20%,Hypothetical,-0.1
2022-12-09,0.0,Sector-Specific Shock - Technology - 20%,Hypothetical,-0.1
2022-12-12,0.0,Sector-Specific Shock - Technology - 20%,Hypothetical,-0.1
2022-12-13,0.0,Sector-Specific Shock - Technology - 20%,Hypothetical,-0.1
2022-12-14,0.0,Sector-Specific Shock - Technology - 20%,Hypothetical,-0.1
2022-12-15,0.0,Sector-Specific Shock - Technology - 20%,Hypothetical,-0.1
2022-12-16,0.0,Sector-Specific Shock - Technology - 20%,Hypothetical,-0.1
2022-12-19,0.0,Sector-Specific Shock - Technology - 20%,Hypothetical,-0.1
2022-12-20,0.0,Sector-Specific Shock - Technology - 20%,Hypothetical,-0.1
2022-12-21,0.0,Sector-Specific Shock - Technology - 20%,Hypothetical,-0.1
2022-12-22,0.0,Sector-Specific Shock - Technology - 20%,Hypothetical,-0.1
2022-12-23,0.0,Sector-Specific Shock - Technology - 20%,Hypothetical,-0.1
2022-12-27,0.0,Sector-Specific Shock - Technology - 20%,Hypothetical,-0.1
2022-12-28,0.0,Sector-Specific Shock - Technology - 20%,Hypothetical,-0.1
2022-12-29,0.0,Sector-Specific Shock - Technology - 20%,Hypothetical,-0.1
2022-12-30,0.0,Sector-Specific Shock - Technology - 20%,Hypothetical,-0.1
2023-01-03,0.0,Sector-Specific Shock - Technology - 20%,Hypothetical,-0.1
2023-01-04,0.0,Sector-Specific Shock - Technology - 20%,Hypothetical,-0.1
2023-01-05,0.0,Sector-Specific Shock - Technology - 20%,Hypothetical,-0.1
2023-01-06,0.0,Sector-Specific Shock - Technology - 20%,Hypothetical,-0.1
2023-01-09,0.0,Sector-Specific Shock - Technology - 20%,Hypothetical,-0.1
2023-01-10,0.0,Sector-Specific Shock - Technology - 20%,Hypothetical,-0.1
2023-01-11,0.0,Sector-Specific Shock - Technology - 20%,Hypothetical,-0.1
2023-01-12,0.0,Sector-Specific Shock - Technology - 20%,Hypothetical,-0.1
2023-01-13,0.0,Sector-Specific Shock - Technology - 20%,Hypothetical,-0.1
2023-01-17,0.0,Sector-Specific Shock - Technology - 20%,Hypothetical,-0.1
2023-01-18,0.0,Sector-Specific Shock - Technology - 20%,Hypothetical,-0.1
2023-01-19,0.0,Sector-Specific Shock - Technology - 20%,Hypothetical,-0.1
2023-01-20,0.0,Sector-Specific Shock - Technology - 20%,Hypothetical,-0.1
2023-01-23,0.0,Sector-Specific Shock - Technology - 20%,Hypothetical,-0.1
2023-01-24,0.0,Sector-Specific Shock - Technology - 20%,Hypothetical,-0.1
2023-01-25,0.0,Sector-Specific Shock - Technology - 20%,Hypothetical,-0.1
2023-01-26,0.0,Sector-Specific Shock - Technology - 20%,Hypothetical,-0.1
2023-01-27,0.0,Sector-Specific Shock - Technology - 20%,Hypothetical,-0.1
2023-01-30,0.0,Sector-Specific Shock - Technology - 20%,Hypothetical,-0.1
2023-01-31,0.0,Sector-Specific Shock - Technology - 20%,Hypothetical,-0.1
2023-02-01,0.0,Sector-Specific Shock - Technology - 20%,Hypothetical,-0.1
2023-02-02,0.0,Sector-Specific Shock - Technology - 20%,Hypothetical,-0.1
2023-02-03,0.0,Sector-Specific Shock - Technology - 20%,Hypothetical,-0.1
2023-02-06,0.0,Sector-Specific Shock - Technology - 20%,Hypothetical,-0.1
2023-02-07,0.0,Sector-Specific Shock - Technology - 20%,Hypothetical,-0.1
2023-02-08,0.0,Sector-Specific Shock - Technology - 20%,Hypothetical,-0.1
2023-02-09,0.0,Sector-Specific Shock - Technology - 20%,Hypothetical,-0.1
2023-02-10,0.0,Sector-Specific Shock - Technology - 20%,Hypothetical,-0.1
2023-02-13,0.0,Sector-Specific Shock - Technology - 20%,Hypothetical,-0.1
2023-02-14,0.0,Sector-Specific Shock - Technology - 20%,Hypothetical,-0.1
2023-02-15,0.0,Sector-Specific Shock - Technology - 20%,Hypothetical,-0.1
2023-02-16,0.0,Sector-Specific Shock - Technology - 20%,Hypothetical,-0.1
2023-02-17,0.0,Sector-Specific Shock - Technology - 20%,Hypothetical,-0.1
2023-02-21,0.0,Sector-Specific Shock - Technology - 20%,Hypothetical,-0.1
2023-02-22,0.0,Sector-Specific Shock - Technology - 20%,Hypothetical,-0.1
2023-02-23,0.0,Sector-Specific Shock - Technology - 20%,Hypothetical,-0.1
2023-02-24,0.0,Sector-Specific Shock - Technology - 20%,Hypothetical,-0.1
2023-02-27,0.0,Sector-Specific Shock - Technology - 20%,Hypothetical,-0.1
2023-02-28,0.0,Sector-Specific Shock - Technology - 20%,Hypothetical,-0.1
2023-03-01,0.0,Sector-Specific Shock - Technology - 20%,Hypothetical,-0.1
2023-03-02,0.0,Sector-Specific Shock - Technology - 20%,Hypothetical,-0.1
2023-03-03,0.0,Sector-Specific Shock - Technology - 20%,Hypothetical,-0.1
2023-03-06,0.0,Sector-Specific Shock - Technology - 20%,Hypothetical,-0.1
2023-03-07,0.0,Sector-Specific Shock - Technology - 20%,Hypothetical,-0.1
2023-03-08,0.0,Sector-Specific Shock - Technology - 20%,Hypothetical,-0.1
2023-03-09,0.0,Sector-Specific Shock - Technology - 20%,Hypothetical,-0.1
2023-03-10,0.0,Sector-Specific Shock - Technology - 20%,Hypothetical,-0.1
2023-03-13,0.0,Sector-Specific Shock - Technology - 20%,Hypothetical,-0.1
2023-03-14,0.0,Sector-Specific Shock - Technology - 20%,Hypothetical,-0.1
2023-03-15,0.0,Sector-Specific Shock - Technology - 20%,Hypothetical,-0.1
2023-03-16,0.0,Sector-Specific Shock - Technology - 20%,Hypothetical,-0.1
2023-03-17,0.0,Sector-Specific Shock - Technology - 20%,Hypothetical,-0.1
2023-03-20,0.0,Sector-Specific Shock - Technology - 20%,Hypothetical,-0.1
2023-03-21,0.0,Sector-Specific Shock - Technology - 20%,Hypothetical,-0.1
2023-03-22,0.0,Sector-Specific Shock - Technology - 20%,Hypothetical,-0.1
2023-03-23,0.0,Sector-Specific Shock - Technology - 20%,Hypothetical,-0.1
2023-03-24,0.0,Sector-Specific Shock - Technology - 20%,Hypothetical,-0.1
2023-03-27,0.0,Sector-Specific Shock - Technology - 20%,Hypothetical,-0.1
2023-03-28,0.0,Sector-Specific Shock - Technology - 20%,Hypothetical,-0.1
2023-03-29,0.0,Sector-Specific Shock - Technology - 20%,Hypothetical,-0.1
2023-03-30,0.0,Sector-Specific Shock - Technology - 20%,Hypothetical,-0.1
2023-03-31,0.0,Sector-Specific Shock - Technology - 20%,Hypothetical,-0.1
2023-04-03,0.0,Sector-Specific Shock - Technology - 20%,Hypothetical,-0.1
2023-04-04,0.0,Sector-Specific Shock - Technology - 20%,Hypothetical,-0.1
2023-04-05,0.0,Sector-Specific Shock - Technology - 20%,Hypothetical,-0.1
2023-04-06,0.0,Sector-Specific Shock - Technology - 20%,Hypothetical,-0.1
2023-04-10,0.0,Sector-Specific Shock - Technology - 20%,Hypothetical,-0.1
2023-04-11,0.0,Sector-Specific Shock - Technology - 20%,Hypothetical,-0.1
2023-04-12,0.0,Sector-Specific Shock - Technology - 20%,Hypothetical,-0.1
2023-04-13,0.0,Sector-Specific Shock - Technology - 20%,Hypothetical,-0.1
2023-04-14,0.0,Sector-Specific Shock - Technology - 20%,Hypothetical,-0.1
2023-04-17,0.0,Sector-Specific Shock - Technology - 20%,Hypothetical,-0.1
2023-04-18,0.0,Sector-Specific Shock - Technology - 20%,Hypothetical,-0.1
2023-04-19,0.0,Sector-Specific Shock - Technology - 20%,Hypothetical,-0.1
2023-04-20,0.0,Sector-Specific Shock - Technology - 20%,Hypothetical,-0.1
2023-04-21,0.0,Sector-Specific Shock - Technology - 20%,Hypothetical,-0.1
2023-04-24,0.0,Sector-Specific Shock - Technology - 20%,Hypothetical,-0.1
2023-04-25,0.0,Sector-Specific Shock - Technology - 20%,Hypothetical,-0.1
2023-04-26,0.0,Sector-Specific Shock - Technology - 20%,Hypothetical,-0.1
2023-04-27,0.0,Sector-Specific Shock - Technology - 20%,Hypothetical,-0.1
2023-04-28,0.0,Sector-Specific Shock - Technology - 20%,Hypothetical,-0.1
2023-05-01,0.0,Sector-Specific Shock - Technology - 20%,Hypothetical,-0.1
2023-05-02,0.0,Sector-Specific Shock - Technology - 20%,Hypothetical,-0.1
2023-05-03,0.0,Sector-Specific Shock - Technology - 20%,Hypothetical,-0.1
2023-05-04,0.0,Sector-Specific Shock - Technology - 20%,Hypothetical,-0.1
2023-05-05,0.0,Sector-Specific Shock - Technology - 20%,Hypothetical,-0.1
2023-05-08,0.0,Sector-Specific Shock - Technology - 20%,Hypothetical,-0.1
2023-05-09,0.0,Sector-Specific Shock - Technology - 20%,Hypothetical,-0.1
2023-05-10,0.0,Sector-Specific Shock - Technology - 20%,Hypothetical,-0.1
2023-05-11,0.0,Sector-Specific Shock - Technology - 20%,Hypothetical,-0.1
2023-05-12,0.0,Sector-Specific Shock - Technology - 20%,Hypothetical,-0.1
2023-05-15,0.0,Sector-Specific Shock - Technology - 20%,Hypothetical,-0.1
2023-05-16,0.0,Sector-Specific Shock - Technology - 20%,Hypothetical,-0.1
2023-05-17,0.0,Sector-Specific Shock - Technology - 20%,Hypothetical,-0.1
2023-05-18,0.0,Sector-Specific Shock - Technology - 20%,Hypothetical,-0.1
2023-05-19,0.0,Sector-Specific Shock - Technology - 20%,Hypothetical,-0.1
2023-05-22,0.0,Sector-Specific Shock - Technology - 20%,Hypothetical,-0.1
2023-05-23,0.0,Sector-Specific Shock - Technology - 20%,Hypothetical,-0.1
2023-05-24,0.0,Sector-Specific Shock - Technology - 20%,Hypothetical,-0.1
2023-05-25,0.0,Sector-Specific Shock - Technology - 20%,Hypothetical,-0.1
2023-05-26,0.0,Sector-Specific Shock - Technology - 20%,Hypothetical,-0.1
2023-05-30,0.0,Sector-Specific Shock - Technology - 20%,Hypothetical,-0.1
2023-05-31,0.0,Sector-Specific Shock - Technology - 20%,Hypothetical,-0.1
2023-06-01,0.0,Sector-Specific Shock - Technology - 20%,Hypothetical,-0.1
2023-06-02,0.0,Sector-Specific Shock - Technology - 20%,Hypothetical,-0.1
2023-06-05,0.0,Sector-Specific Shock - Technology - 20%,Hypothetical,-0.1
2023-06-06,0.0,Sector-Specific Shock - Technology - 20%,Hypothetical,-0.1
2023-06-07,0.0,Sector-Specific Shock - Technology - 20%,Hypothetical,-0.1
2023-06-08,0.0,Sector-Specific Shock - Technology - 20%,Hypothetical,-0.1
2023-06-09,0.0,Sector-Specific Shock - Technology - 20%,Hypothetical,-0.1
2023-06-12,0.0,Sector-Specific Shock - Technology - 20%,Hypothetical,-0.1
2023-06-13,0.0,Sector-Specific Shock - Technology - 20%,Hypothetical,-0.1
2023-06-14,0.0,Sector-Specific Shock - Technology - 20%,Hypothetical,-0.1
2023-06-15,0.0,Sector-Specific Shock - Technology - 20%,Hypothetical,-0.1
2023-06-16,0.0,Sector-Specific Shock - Technology - 20%,Hypothetical,-0.1
2023-06-20,0.0,Sector-Specific Shock - Technology - 20%,Hypothetical,-0.1
2023-06-21,0.0,Sector-Specific Shock - Technology - 20%,Hypothetical,-0.1
2023-06-22,0.0,Sector-Specific Shock - Technology - 20%,Hypothetical,-0.1
2023-06-23,0.0,Sector-Specific Shock - Technology - 20%,Hypothetical,-0.1
2023-06-26,0.0,Sector-Specific Shock - Technology - 20%,Hypothetical,-0.1
2023-06-27,0.0,Sector-Specific Shock - Technology - 20%,Hypothetical,-0.1
2023-06-28,0.0,Sector-Specific Shock - Technology - 20%,Hypothetical,-0.1
2023-06-29,0.0,Sector-Specific Shock - Technology - 20%,Hypothetical,-0.1
2023-06-30,0.0,Sector-Specific Shock - Technology - 20%,Hypothetical,-0.1
2023-07-03,0.0,Sector-Specific Shock - Technology - 20%,Hypothetical,-0.1
2023-07-05,0.0,Sector-Specific Shock - Technology - 20%,Hypothetical,-0.1
2023-07-06,0.0,Sector-Specific Shock - Technology - 20%,Hypothetical,-0.1
2023-07-07,0.0,Sector-Specific Shock - Technology - 20%,Hypothetical,-0.1
2023-07-10,0.0,Sector-Specific Shock - Technology - 20%,Hypothetical,-0.1
2023-07-11,0.0,Sector-Specific Shock - Technology - 20%,Hypothetical,-0.1
2023-07-12,0.0,Sector-Specific Shock - Technology - 20%,Hypothetical,-0.1
2023-07-13,0.0,Sector-Specific Shock - Technology - 20%,Hypothetical,-0.1
2023-07-14,0.0,Sector-Specific Shock - Technology - 20%,Hypothetical,-0.1
2023-07-17,0.0,Sector-Specific Shock - Technology - 20%,Hypothetical,-0.1
2023-07-18,0.0,Sector-Specific Shock - Technology - 20%,Hypothetical,-0.1
2023-07-19,0.0,Sector-Specific Shock - Technology - 20%,Hypothetical,-0.1
2023-07-20,0.0,Sector-Specific Shock - Technology - 20%,Hypothetical,-0.1
2023-07-21,0.0,Sector-Specific Shock - Technology - 20%,Hypothetical,-0.1
2023-07-24,0.0,Sector-Specific Shock - Technology - 20%,Hypothetical,-0.1
2023-07-25,0.0,Sector-Specific Shock - Technology - 20%,Hypothetical,-0.1
2023-07-26,0.0,Sector-Specific Shock - Technology - 20%,Hypothetical,-0.1
2023-07-27,0.0,Sector-Specific Shock - Technology - 20%,Hypothetical,-0.1
2023-07-28,0.0,Sector-Specific Shock - Technology - 20%,Hypothetical,-0.1
2023-07-31,0.0,Sector-Specific Shock - Technology - 20%,Hypothetical,-0.1
2023-08-01,0.0,Sector-Specific Shock - Technology - 20%,Hypothetical,-0.1
2023-08-02,0.0,Sector-Specific Shock - Technology - 20%,Hypothetical,-0.1
2023-08-03,0.0,Sector-Specific Shock - Technology - 20%,Hypothetical,-0.1
2023-08-04,0.0,Sector-Specific Shock - Technology - 20%,Hypothetical,-0.1
2023-08-07,0.0,Sector-Specific Shock - Technology - 20%,Hypothetical,-0.1
2023-08-08,0.0,Sector-Specific Shock - Technology - 20%,Hypothetical,-0.1
2023-08-09,0.0,Sector-Specific Shock - Technology - 20%,Hypothetical,-0.1
2023-08-10,0.0,Sector-Specific Shock - Technology - 20%,Hypothetical,-0.1
2023-08-11,0.0,Sector-Specific Shock - Technology - 20%,Hypothetical,-0.1
2023-08-14,0.0,Sector-Specific Shock - Technology - 20%,Hypothetical,-0.1
2023-08-15,0.0,Sector-Specific Shock - Technology - 20%,Hypothetical,-0.1
2023-08-16,0.0,Sector-Specific Shock - Technology - 20%,Hypothetical,-0.1
2023-08-17,0.0,Sector-Specific Shock - Technology - 20%,Hypothetical,-0.1
2023-08-18,0.0,Sector-Specific Shock - Technology - 20%,Hypothetical,-0.1
2023-08-21,0.0,Sector-Specific Shock - Technology - 20%,Hypothetical,-0.1
2023-08-22,0.0,Sector-Specific Shock - Technology - 20%,Hypothetical,-0.1
2023-08-23,0.0,Sector-Specific Shock - Technology - 20%,Hypothetical,-0.1
2023-08-24,0.0,Sector-Specific Shock - Technology - 20%,Hypothetical,-0.1
2023-08-25,0.0,Sector-Specific Shock - Technology - 20%,Hypothetical,-0.1
2023-08-28,0.0,Sector-Specific Shock - Technology - 20%,Hypothetical,-0.1
2023-08-29,0.0,Sector-Specific Shock - Technology - 20%,Hypothetical,-0.1
2023-08-30,0.0,Sector-Specific Shock - Technology - 20%,Hypothetical,-0.1
2023-08-31,0.0,Sector-Specific Shock - Technology - 20%,Hypothetical,-0.1
2023-09-01,0.0,Sector-Specific Shock - Technology - 20%,Hypothetical,-0.1
2023-09-05,0.0,Sector-Specific Shock - Technology - 20%,Hypothetical,-0.1
2023-09-06,0.0,Sector-Specific Shock - Technology - 20%,Hypothetical,-0.1
2023-09-07,0.0,Sector-Specific Shock - Technology - 20%,Hypothetical,-0.1
2023-09-08,0.0,Sector-Specific Shock - Technology - 20%,Hypothetical,-0.1
2023-09-11,0.0,Sector-Specific Shock - Technology - 20%,Hypothetical,-0.1
2023-09-12,0.0,Sector-Specific Shock - Technology - 20%,Hypothetical,-0.1
2023-09-13,0.0,Sector-Specific Shock - Technology - 20%,Hypothetical,-0.1
2023-09-14,0.0,Sector-Specific Shock - Technology - 20%,Hypothetical,-0.1
2023-09-15,0.0,Sector-Specific Shock - Technology - 20%,Hypothetical,-0.1
2023-09-18,0.0,Sector-Specific Shock - Technology - 20%,Hypothetical,-0.1
2023-09-19,0.0,Sector-Specific Shock - Technology - 20%,Hypothetical,-0.1
2023-09-20,0.0,Sector-Specific Shock - Technology - 20%,Hypothetical,-0.1
2023-09-21,0.0,Sector-Specific Shock - Technology - 20%,Hypothetical,-0.1
2023-09-22,0.0,Sector-Specific Shock - Technology - 20%,Hypothetical,-0.1
2023-09-25,0.0,Sector-Specific Shock - Technology - 20%,Hypothetical,-0.1
2023-09-26,0.0,Sector-Specific Shock - Technology - 20%,Hypothetical,-0.1
2023-09-27,0.0,Sector-Specific Shock - Technology - 20%,Hypothetical,-0.1
2023-09-28,0.0,Sector-Specific Shock - Technology - 20%,Hypothetical,-0.1
2023-09-29,0.0,Sector-Specific Shock - Technology - 20%,Hypothetical,-0.1
2023-10-02,0.0,Sector-Specific Shock - Technology - 20%,Hypothetical,-0.1
2023-10-03,0.0,Sector-Specific Shock - Technology - 20%,Hypothetical,-0.1
2023-10-04,0.0,Sector-Specific Shock - Technology - 20%,Hypothetical,-0.1
2023-10-05,0.0,Sector-Specific Shock - Technology - 20%,Hypothetical,-0.1
2023-10-06,0.0,Sector-Specific Shock - Technology - 20%,Hypothetical,-0.1
2023-10-09,0.0,Sector-Specific Shock - Technology - 20%,Hypothetical,-0.1
2023-10-10,0.0,Sector-Specific Shock - Technology - 20%,Hypothetical,-0.1
2023-10-11,0.0,Sector-Specific Shock - Technology - 20%,Hypothetical,-0.1
2023-10-12,0.0,Sector-Specific Shock - Technology - 20%,Hypothetical,-0.1
2023-10-13,0.0,Sector-Specific Shock - Technology - 20%,Hypothetical,-0.1
2023-10-16,0.0,Sector-Specific Shock - Technology - 20%,Hypothetical,-0.1
2023-10-17,0.0,Sector-Specific Shock - Technology - 20%,Hypothetical,-0.1
2023-10-18,0.0,Sector-Specific Shock - Technology - 20%,Hypothetical,-0.1
2023-10-19,0.0,Sector-Specific Shock - Technology - 20%,Hypothetical,-0.1
2023-10-20,0.0,Sector-Specific Shock - Technology - 20%,Hypothetical,-0.1
2023-10-23,0.0,Sector-Specific Shock - Technology - 20%,Hypothetical,-0.1
2023-10-24,0.0,Sector-Specific Shock - Technology - 20%,Hypothetical,-0.1
2023-10-25,0.0,Sector-Specific Shock - Technology - 20%,Hypothetical,-0.1
2023-10-26,0.0,Sector-Specific Shock - Technology - 20%,Hypothetical,-0.1
2023-10-27,0.0,Sector-Specific Shock - Technology - 20%,Hypothetical,-0.1
2023-10-30,0.0,Sector-Specific Shock - Technology - 20%,Hypothetical,-0.1
2023-10-31,0.0,Sector-Specific Shock - Technology - 20%,Hypothetical,-0.1
2023-11-01,0.0,Sector-Specific Shock - Technology - 20%,Hypothetical,-0.1
2023-11-02,0.0,Sector-Specific Shock - Technology - 20%,Hypothetical,-0.1
2023-11-03,0.0,Sector-Specific Shock - Technology - 20%,Hypothetical,-0.1
2023-11-06,0.0,Sector-Specific Shock - Technology - 20%,Hypothetical,-0.1
2023-11-07,0.0,Sector-Specific Shock - Technology - 20%,Hypothetical,-0.1
2023-11-08,0.0,Sector-Specific Shock - Technology - 20%,Hypothetical,-0.1
2023-11-09,0.0,Sector-Specific Shock - Technology - 20%,Hypothetical,-0.1
2023-11-10,0.0,Sector-Specific Shock - Technology - 20%,Hypothetical,-0.1
2023-11-13,0.0,Sector-Specific Shock - Technology - 20%,Hypothetical,-0.1
2023-11-14,0.0,Sector-Specific Shock - Technology - 20%,Hypothetical,-0.1
2023-11-15,0.0,Sector-Specific Shock - Technology - 20%,Hypothetical,-0.1
2023-11-16,0.0,Sector-Specific Shock - Technology - 20%,Hypothetical,-0.1
2023-11-17,0.0,Sector-Specific Shock - Technology - 20%,Hypothetical,-0.1
2023-11-20,0.0,Sector-Specific Shock - Technology - 20%,Hypothetical,-0.1
2023-11-21,0.0,Sector-Specific Shock - Technology - 20%,Hypothetical,-0.1
2023-11-22,0.0,Sector-Specific Shock - Technology - 20%,Hypothetical,-0.1
2023-11-24,0.0,Sector-Specific Shock - Technology - 20%,Hypothetical,-0.1
2023-11-27,0.0,Sector-Specific Shock - Technology - 20%,Hypothetical,-0.1
2023-11-28,0.0,Sector-Specific Shock - Technology - 20%,Hypothetical,-0.1
2023-11-29,0.0,Sector-Specific Shock - Technology - 20%,Hypothetical,-0.1
2023-11-30,0.0,Sector-Specific Shock - Technology - 20%,Hypothetical,-0.1
2023-12-01,0.0,Sector-Specific Shock - Technology - 20%,Hypothetical,-0.1
2023-12-04,0.0,Sector-Specific Shock - Technology - 20%,Hypothetical,-0.1
2023-12-05,0.0,Sector-Specific Shock - Technology - 20%,Hypothetical,-0.1
2023-12-06,0.0,Sector-Specific Shock - Technology - 20%,Hypothetical,-0.1
2023-12-07,0.0,Sector-Specific Shock - Technology - 20%,Hypothetical,-0.1
2023-12-08,0.0,Sector-Specific Shock - Technology - 20%,Hypothetical,-0.1
2023-12-11,0.0,Sector-Specific Shock - Technology - 20%,Hypothetical,-0.1
2023-12-12,0.0,Sector-Specific Shock - Technology - 20%,Hypothetical,-0.1
2023-12-13,0.0,Sector-Specific Shock - Technology - 20%,Hypothetical,-0.1
2023-12-14,0.0,Sector-Specific Shock - Technology - 20%,Hypothetical,-0.1
2023-12-15,0.0,Sector-Specific Shock - Technology - 20%,Hypothetical,-0.1
2023-12-18,0.0,Sector-Specific Shock - Technology - 20%,Hypothetical,-0.1
2023-12-19,0.0,Sector-Specific Shock - Technology - 20%,Hypothetical,-0.1
2023-12-20,0.0,Sector-Specific Shock - Technology - 20%,Hypothetical,-0.1
2023-12-21,0.0,Sector-Specific Shock - Technology - 20%,Hypothetical,-0.1
2023-12-22,0.0,Sector-Specific Shock - Technology - 20%,Hypothetical,-0.1
2023-12-26,0.0,Sector-Specific Shock - Technology - 20%,Hypothetical,-0.1
2023-12-27,0.0,Sector-Specific Shock - Technology - 20%,Hypothetical,-0.1
2023-12-28,0.0,Sector-Specific Shock - Technology - 20%,Hypothetical,-0.1
2023-12-29,0.0,Sector-Specific Shock - Technology - 20%,Hypothetical,-0.1
2024-01-02,0.0,Sector-Specific Shock - Technology - 20%,Hypothetical,-0.1
2024-01-03,0.0,Sector-Specific Shock - Technology - 20%,Hypothetical,-0.1
2024-01-04,0.0,Sector-Specific Shock - Technology - 20%,Hypothetical,-0.1
2024-01-05,0.0,Sector-Specific Shock - Technology - 20%,Hypothetical,-0.1
2024-01-08,0.0,Sector-Specific Shock - Technology - 20%,Hypothetical,-0.1
2024-01-09,0.0,Sector-Specific Shock - Technology - 20%,Hypothetical,-0.1
2024-01-10,0.0,Sector-Specific Shock - Technology - 20%,Hypothetical,-0.1
2024-01-11,0.0,Sector-Specific Shock - Technology - 20%,Hypothetical,-0.1
2024-01-12,0.0,Sector-Specific Shock - Technology - 20%,Hypothetical,-0.1
2024-01-16,0.0,Sector-Specific Shock - Technology - 20%,Hypothetical,-0.1
2024-01-17,0.0,Sector-Specific Shock - Technology - 20%,Hypothetical,-0.1
2024-01-18,0.0,Sector-Specific Shock - Technology - 20%,Hypothetical,-0.1
2024-01-19,0.0,Sector-Specific Shock - Technology - 20%,Hypothetical,-0.1
2024-01-22,0.0,Sector-Specific Shock - Technology - 20%,Hypothetical,-0.1
2024-01-23,0.0,Sector-Specific Shock - Technology - 20%,Hypothetical,-0.1
2024-01-24,0.0,Sector-Specific Shock - Technology - 20%,Hypothetical,-0.1
2024-01-25,0.0,Sector-Specific Shock - Technology - 20%,Hypothetical,-0.1
2024-01-26,0.0,Sector-Specific Shock - Technology - 20%,Hypothetical,-0.1
2024-01-29,0.0,Sector-Specific Shock - Technology - 20%,Hypothetical,-0.1
2024-01-30,0.0,Sector-Specific Shock - Technology - 20%,Hypothetical,-0.1
2024-01-31,0.0,Sector-Specific Shock - Technology - 20%,Hypothetical,-0.1
2024-02-01,0.0,Sector-Specific Shock - Technology - 20%,Hypothetical,-0.1
2024-02-02,0.0,Sector-Specific Shock - Technology - 20%,Hypothetical,-0.1
2024-02-05,0.0,Sector-Specific Shock - Technology - 20%,Hypothetical,-0.1
2024-02-06,0.0,Sector-Specific Shock - Technology - 20%,Hypothetical,-0.1
2024-02-07,0.0,Sector-Specific Shock - Technology - 20%,Hypothetical,-0.1
2024-02-08,0.0,Sector-Specific Shock - Technology - 20%,Hypothetical,-0.1
2024-02-09,0.0,Sector-Specific Shock - Technology - 20%,Hypothetical,-0.1
2024-02-12,0.0,Sector-Specific Shock - Technology - 20%,Hypothetical,-0.1
2024-02-13,0.0,Sector-Specific Shock - Technology - 20%,Hypothetical,-0.1
2024-02-14,0.0,Sector-Specific Shock - Technology - 20%,Hypothetical,-0.1
2024-02-15,0.0,Sector-Specific Shock - Technology - 20%,Hypothetical,-0.1
2024-02-16,0.0,Sector-Specific Shock - Technology - 20%,Hypothetical,-0.1
2024-02-20,0.0,Sector-Specific Shock - Technology - 20%,Hypothetical,-0.1
2024-02-21,0.0,Sector-Specific Shock - Technology - 20%,Hypothetical,-0.1
2024-02-22,0.0,Sector-Specific Shock - Technology - 20%,Hypothetical,-0.1
2024-02-23,0.0,Sector-Specific Shock - Technology - 20%,Hypothetical,-0.1
2024-02-26,0.0,Sector-Specific Shock - Technology - 20%,Hypothetical,-0.1
2024-02-27,0.0,Sector-Specific Shock - Technology - 20%,Hypothetical,-0.1
2024-02-28,0.0,Sector-Specific Shock - Technology - 20%,Hypothetical,-0.1
2024-02-29,0.0,Sector-Specific Shock - Technology - 20%,Hypothetical,-0.1
2024-03-01,0.0,Sector-Specific Shock - Technology - 20%,Hypothetical,-0.1
2024-03-04,0.0,Sector-Specific Shock - Technology - 20%,Hypothetical,-0.1
2024-03-05,0.0,Sector-Specific Shock - Technology - 20%,Hypothetical,-0.1
2024-03-06,0.0,Sector-Specific Shock - Technology - 20%,Hypothetical,-0.1
2024-03-07,0.0,Sector-Specific Shock - Technology - 20%,Hypothetical,-0.1
2024-03-08,0.0,Sector-Specific Shock - Technology - 20%,Hypothetical,-0.1
2024-03-11,0.0,Sector-Specific Shock - Technology - 20%,Hypothetical,-0.1
2024-03-12,0.0,Sector-Specific Shock - Technology - 20%,Hypothetical,-0.1
2024-03-13,0.0,Sector-Specific Shock - Technology - 20%,Hypothetical,-0.1
2024-03-14,0.0,Sector-Specific Shock - Technology - 20%,Hypothetical,-0.1
2024-03-15,0.0,Sector-Specific Shock - Technology - 20%,Hypothetical,-0.1
2024-03-18,0.0,Sector-Specific Shock - Technology - 20%,Hypothetical,-0.1
2024-03-19,0.0,Sector-Specific Shock - Technology - 20%,Hypothetical,-0.1
2024-03-20,0.0,Sector-Specific Shock - Technology - 20%,Hypothetical,-0.1
2024-03-21,0.0,Sector-Specific Shock - Technology - 20%,Hypothetical,-0.1
2024-03-22,0.0,Sector-Specific Shock - Technology - 20%,Hypothetical,-0.1
2024-03-25,0.0,Sector-Specific Shock - Technology - 20%,Hypothetical,-0.1
2024-03-26,0.0,Sector-Specific Shock - Technology - 20%,Hypothetical,-0.1
2024-03-27,0.0,Sector-Specific Shock - Technology - 20%,Hypothetical,-0.1
2024-03-28,0.0,Sector-Specific Shock - Technology - 20%,Hypothetical,-0.1
2024-04-01,0.0,Sector-Specific Shock - Technology - 20%,Hypothetical,-0.1
2024-04-02,0.0,Sector-Specific Shock - Technology - 20%,Hypothetical,-0.1
2024-04-03,0.0,Sector-Specific Shock - Technology - 20%,Hypothetical,-0.1
2024-04-04,0.0,Sector-Specific Shock - Technology - 20%,Hypothetical,-0.1
2024-04-05,0.0,Sector-Specific Shock - Technology - 20%,Hypothetical,-0.1
2024-04-08,0.0,Sector-Specific Shock - Technology - 20%,Hypothetical,-0.1
2024-04-09,0.0,Sector-Specific Shock - Technology - 20%,Hypothetical,-0.1
2024-04-10,0.0,Sector-Specific Shock - Technology - 20%,Hypothetical,-0.1
2024-04-11,0.0,Sector-Specific Shock - Technology - 20%,Hypothetical,-0.1
2024-04-12,0.0,Sector-Specific Shock - Technology - 20%,Hypothetical,-0.1
2024-04-15,0.0,Sector-Specific Shock - Technology - 20%,Hypothetical,-0.1
2024-04-16,0.0,Sector-Specific Shock - Technology - 20%,Hypothetical,-0.1
2024-04-17,0.0,Sector-Specific Shock - Technology - 20%,Hypothetical,-0.1
2024-04-18,0.0,Sector-Specific Shock - Technology - 20%,Hypothetical,-0.1
2024-04-19,0.0,Sector-Specific Shock - Technology - 20%,Hypothetical,-0.1
2024-04-22,0.0,Sector-Specific Shock - Technology - 20%,Hypothetical,-0.1
2024-04-23,0.0,Sector-Specific Shock - Technology - 20%,Hypothetical,-0.1
2024-04-24,0.0,Sector-Specific Shock - Technology - 20%,Hypothetical,-0.1
2024-04-25,0.0,Sector-Specific Shock - Technology - 20%,Hypothetical,-0.1
2024-04-26,0.0,Sector-Specific Shock - Technology - 20%,Hypothetical,-0.1
2024-04-29,0.0,Sector-Specific Shock - Technology - 20%,Hypothetical,-0.1
2024-04-30,0.0,Sector-Specific Shock - Technology - 20%,Hypothetical,-0.1
2024-05-01,0.0,Sector-Specific Shock - Technology - 20%,Hypothetical,-0.1
2024-05-02,0.0,Sector-Specific Shock - Technology - 20%,Hypothetical,-0.1
2024-05-03,0.0,Sector-Specific Shock - Technology - 20%,Hypothetical,-0.1
2024-05-06,0.0,Sector-Specific Shock - Technology - 20%,Hypothetical,-0.1
2024-05-07,0.0,Sector-Specific Shock - Technology - 20%,Hypothetical,-0.1
2024-05-08,0.0,Sector-Specific Shock - Technology - 20%,Hypothetical,-0.1
2024-05-09,0.0,Sector-Specific Shock - Technology - 20%,Hypothetical,-0.1
2024-05-10,0.0,Sector-Specific Shock - Technology - 20%,Hypothetical,-0.1
2024-05-13,0.0,Sector-Specific Shock - Technology - 20%,Hypothetical,-0.1
2024-05-14,0.0,Sector-Specific Shock - Technology - 20%,Hypothetical,-0.1
2024-05-15,0.0,Sector-Specific Shock - Technology - 20%,Hypothetical,-0.1
2024-05-16,0.0,Sector-Specific Shock - Technology - 20%,Hypothetical,-0.1
2024-05-17,0.0,Sector-Specific Shock - Technology - 20%,Hypothetical,-0.1
2024-05-20,0.0,Sector-Specific Shock - Technology - 20%,Hypothetical,-0.1
2024-05-21,0.0,Sector-Specific Shock - Technology - 20%,Hypothetical,-0.1
2024-05-22,0.0,Sector-Specific Shock - Technology - 20%,Hypothetical,-0.1
2024-05-23,0.0,Sector-Specific Shock - Technology - 20%,Hypothetical,-0.1
2024-05-24,0.0,Sector-Specific Shock - Technology - 20%,Hypothetical,-0.1
2024-05-28,0.0,Sector-Specific Shock - Technology - 20%,Hypothetical,-0.1
2024-05-29,0.0,Sector-Specific Shock - Technology - 20%,Hypothetical,-0.1
2024-05-30,0.0,Sector-Specific Shock - Technology - 20%,Hypothetical,-0.1
2024-05-31,0.0,Sector-Specific Shock - Technology - 20%,Hypothetical,-0.1
2024-06-03,0.0,Sector-Specific Shock - Technology - 20%,Hypothetical,-0.1
2024-06-04,0.0,Sector-Specific Shock - Technology - 20%,Hypothetical,-0.1
2024-06-05,0.0,Sector-Specific Shock - Technology - 20%,Hypothetical,-0.1
2024-06-06,0.0,Sector-Specific Shock - Technology - 20%,Hypothetical,-0.1
2024-06-07,0.0,Sector-Specific Shock - Technology - 20%,Hypothetical,-0.1
2024-06-10,0.0,Sector-Specific Shock - Technology - 20%,Hypothetical,-0.1
2024-06-11,0.0,Sector-Specific Shock - Technology - 20%,Hypothetical,-0.1
2024-06-12,0.0,Sector-Specific Shock - Technology - 20%,Hypothetical,-0.1
2024-06-13,0.0,Sector-Specific Shock - Technology - 20%,Hypothetical,-0.1
2024-06-14,0.0,Sector-Specific Shock - Technology - 20%,Hypothetical,-0.1
2024-06-17,0.0,Sector-Specific Shock - Technology - 20%,Hypothetical,-0.1
2024-06-18,0.0,Sector-Specific Shock - Technology - 20%,Hypothetical,-0.1
2024-06-20,0.0,Sector-Specific Shock - Technology - 20%,Hypothetical,-0.1
2024-06-21,0.0,Sector-Specific Shock - Technology - 20%,Hypothetical,-0.1
2024-06-24,0.0,Sector-Specific Shock - Technology - 20%,Hypothetical,-0.1
2024-06-25,0.0,Sector-Specific Shock - Technology - 20%,Hypothetical,-0.1
2024-06-26,0.0,Sector-Specific Shock - Technology - 20%,Hypothetical,-0.1
2024-06-27,0.0,Sector-Specific Shock - Technology - 20%,Hypothetical,-0.1
2024-06-28,0.0,Sector-Specific Shock - Technology - 20%,Hypothetical,-0.1
2024-07-01,0.0,Sector-Specific Shock - Technology - 20%,Hypothetical,-0.1
2024-07-02,0.0,Sector-Specific Shock - Technology - 20%,Hypothetical,-0.1
2024-07-03,0.0,Sector-Specific Shock - Technology - 20%,Hypothetical,-0.1
2024-07-05,0.0,Sector-Specific Shock - Technology - 20%,Hypothetical,-0.1
2024-07-08,0.0,Sector-Specific Shock - Technology - 20%,Hypothetical,-0.1
2024-07-09,0.0,Sector-Specific Shock - Technology - 20%,Hypothetical,-0.1
2024-07-10,0.0,Sector-Specific Shock - Technology - 20%,Hypothetical,-0.1
2024-07-11,0.0,Sector-Specific Shock - Technology - 20%,Hypothetical,-0.1
2024-07-12,0.0,Sector-Specific Shock - Technology - 20%,Hypothetical,-0.1
2024-07-15,0.0,Sector-Specific Shock - Technology - 20%,Hypothetical,-0.1
2024-07-16,0.0,Sector-Specific Shock - Technology - 20%,Hypothetical,-0.1
2024-07-17,0.0,Sector-Specific Shock - Technology - 20%,Hypothetical,-0.1
2024-07-18,0.0,Sector-Specific Shock - Technology - 20%,Hypothetical,-0.1
2024-07-19,0.0,Sector-Specific Shock - Technology - 20%,Hypothetical,-0.1
2024-07-22,0.0,Sector-Specific Shock - Technology - 20%,Hypothetical,-0.1
2024-07-23,0.0,Sector-Specific Shock - Technology - 20%,Hypothetical,-0.1
2024-07-24,0.0,Sector-Specific Shock - Technology - 20%,Hypothetical,-0.1
2024-07-25,0.0,Sector-Specific Shock - Technology - 20%,Hypothetical,-0.1
2024-07-26,0.0,Sector-Specific Shock - Technology - 20%,Hypothetical,-0.1
2024-07-29,0.0,Sector-Specific Shock - Technology - 20%,Hypothetical,-0.1
2024-07-30,0.0,Sector-Specific Shock - Technology - 20%,Hypothetical,-0.1
2024-07-31,0.0,Sector-Specific Shock - Technology - 20%,Hypothetical,-0.1
2024-08-01,0.0,Sector-Specific Shock - Technology - 20%,Hypothetical,-0.1
2024-08-02,0.0,Sector-Specific Shock - Technology - 20%,Hypothetical,-0.1
2024-08-05,0.0,Sector-Specific Shock - Technology - 20%,Hypothetical,-0.1
2024-08-06,0.0,Sector-Specific Shock - Technology - 20%,Hypothetical,-0.1
2024-08-07,0.0,Sector-Specific Shock - Technology - 20%,Hypothetical,-0.1
2024-08-08,0.0,Sector-Specific Shock - Technology - 20%,Hypothetical,-0.1
2024-08-09,0.0,Sector-Specific Shock - Technology - 20%,Hypothetical,-0.1
2024-08-12,0.0,Sector-Specific Shock - Technology - 20%,Hypothetical,-0.1
2024-08-13,0.0,Sector-Specific Shock - Technology - 20%,Hypothetical,-0.1
2024-08-14,0.0,Sector-Specific Shock - Technology - 20%,Hypothetical,-0.1
2024-08-15,0.0,Sector-Specific Shock - Technology - 20%,Hypothetical,-0.1
2024-08-16,0.0,Sector-Specific Shock - Technology - 20%,Hypothetical,-0.1
2024-08-19,0.0,Sector-Specific Shock - Technology - 20%,Hypothetical,-0.1
2024-08-20,0.0,Sector-Specific Shock - Technology - 20%,Hypothetical,-0.1
2024-08-21,0.0,Sector-Specific Shock - Technology - 20%,Hypothetical,-0.1
2024-08-22,0.0,Sector-Specific Shock - Technology - 20%,Hypothetical,-0.1
2024-08-23,0.0,Sector-Specific Shock - Technology - 20%,Hypothetical,-0.1
2024-08-26,0.0,Sector-Specific Shock - Technology - 20%,Hypothetical,-0.1
2024-08-27,0.0,Sector-Specific Shock - Technology - 20%,Hypothetical,-0.1
2024-08-28,0.0,Sector-Specific Shock - Technology - 20%,Hypothetical,-0.1
2024-08-29,0.0,Sector-Specific Shock - Technology - 20%,Hypothetical,-0.1
2024-08-30,0.0,Sector-Specific Shock - Technology - 20%,Hypothetical,-0.1
2024-09-03,0.0,Sector-Specific Shock - Technology - 20%,Hypothetical,-0.1
2024-09-04,0.0,Sector-Specific Shock - Technology - 20%,Hypothetical,-0.1
2024-09-05,0.0,Sector-Specific Shock - Technology - 20%,Hypothetical,-0.1
2024-09-06,0.0,Sector-Specific Shock - Technology - 20%,Hypothetical,-0.1
2024-09-09,0.0,Sector-Specific Shock - Technology - 20%,Hypothetical,-0.1
2024-09-10,0.0,Sector-Specific Shock - Technology - 20%,Hypothetical,-0.1
2024-09-11,0.0,Sector-Specific Shock - Technology - 20%,Hypothetical,-0.1
2024-09-12,0.0,Sector-Specific Shock - Technology - 20%,Hypothetical,-0.1
2024-09-13,0.0,Sector-Specific Shock - Technology - 20%,Hypothetical,-0.1
2024-09-16,0.0,Sector-Specific Shock - Technology - 20%,Hypothetical,-0.1
2024-09-17,0.0,Sector-Specific Shock - Technology - 20%,Hypothetical,-0.1
2024-09-18,0.0,Sector-Specific Shock - Technology - 20%,Hypothetical,-0.1
2024-09-19,0.0,Sector-Specific Shock - Technology - 20%,Hypothetical,-0.1
2024-09-20,0.0,Sector-Specific Shock - Technology - 20%,Hypothetical,-0.1
2024-09-23,0.0,Sector-Specific Shock - Technology - 20%,Hypothetical,-0.1
2024-09-24,0.0,Sector-Specific Shock - Technology - 20%,Hypothetical,-0.1
2024-09-25,0.0,Sector-Specific Shock - Technology - 20%,Hypothetical,-0.1
2024-09-26,0.0,Sector-Specific Shock - Technology - 20%,Hypothetical,-0.1
2024-09-27,0.0,Sector-Specific Shock - Technology - 20%,Hypothetical,-0.1
2024-09-30,0.0,Sector-Specific Shock - Technology - 20%,Hypothetical,-0.1
2024-10-01,0.0,Sector-Specific Shock - Technology - 20%,Hypothetical,-0.1
2024-10-02,0.0,Sector-Specific Shock - Technology - 20%,Hypothetical,-0.1
2024-10-03,0.0,Sector-Specific Shock - Technology - 20%,Hypothetical,-0.1
2024-10-04,0.0,Sector-Specific Shock - Technology - 20%,Hypothetical,-0.1
2024-10-07,0.0,Sector-Specific Shock - Technology - 20%,Hypothetical,-0.1
2024-10-08,0.0,Sector-Specific Shock - Technology - 20%,Hypothetical,-0.1
2024-10-09,0.0,Sector-Specific Shock - Technology - 20%,Hypothetical,-0.1
2024-10-10,0.0,Sector-Specific Shock - Technology - 20%,Hypothetical,-0.1
2024-10-11,0.0,Sector-Specific Shock - Technology - 20%,Hypothetical,-0.1
2024-10-14,0.0,Sector-Specific Shock - Technology - 20%,Hypothetical,-0.1
2024-10-15,0.0,Sector-Specific Shock - Technology - 20%,Hypothetical,-0.1
2024-10-16,0.0,Sector-Specific Shock - Technology - 20%,Hypothetical,-0.1
2024-10-17,0.0,Sector-Specific Shock - Technology - 20%,Hypothetical,-0.1
2024-10-18,0.0,Sector-Specific Shock - Technology - 20%,Hypothetical,-0.1
2024-10-21,0.0,Sector-Specific Shock - Technology - 20%,Hypothetical,-0.1
2024-10-22,0.0,Sector-Specific Shock - Technology - 20%,Hypothetical,-0.1
2024-10-23,0.0,Sector-Specific Shock - Technology - 20%,Hypothetical,-0.1
2024-10-24,0.0,Sector-Specific Shock - Technology - 20%,Hypothetical,-0.1
2024-10-25,0.0,Sector-Specific Shock - Technology - 20%,Hypothetical,-0.1
2024-10-28,0.0,Sector-Specific Shock - Technology - 20%,Hypothetical,-0.1
2024-10-29,0.0,Sector-Specific Shock - Technology - 20%,Hypothetical,-0.1
2024-10-30,0.0,Sector-Specific Shock - Technology - 20%,Hypothetical,-0.1
2024-10-31,0.0,Sector-Specific Shock - Technology - 20%,Hypothetical,-0.1
2024-11-01,0.0,Sector-Specific Shock - Technology - 20%,Hypothetical,-0.1
2024-11-04,0.0,Sector-Specific Shock - Technology - 20%,Hypothetical,-0.1
2024-11-05,0.0,Sector-Specific Shock - Technology - 20%,Hypothetical,-0.1
2024-11-06,0.0,Sector-Specific Shock - Technology - 20%,Hypothetical,-0.1
2024-11-07,0.0,Sector-Specific Shock - Technology - 20%,Hypothetical,-0.1
2024-11-08,0.0,Sector-Specific Shock - Technology - 20%,Hypothetical,-0.1
2024-11-11,0.0,Sector-Specific Shock - Technology - 20%,Hypothetical,-0.1
2024-11-12,0.0,Sector-Specific Shock - Technology - 20%,Hypothetical,-0.1
2024-11-13,0.0,Sector-Specific Shock - Technology - 20%,Hypothetical,-0.1
2024-11-14,0.0,Sector-Specific Shock - Technology - 20%,Hypothetical,-0.1
2024-11-15,0.0,Sector-Specific Shock - Technology - 20%,Hypothetical,-0.1
2024-11-18,0.0,Sector-Specific Shock - Technology - 20%,Hypothetical,-0.1
2024-11-19,0.0,Sector-Specific Shock - Technology - 20%,Hypothetical,-0.1
2024-11-20,0.0,Sector-Specific Shock - Technology - 20%,Hypothetical,-0.1
2024-11-21,0.0,Sector-Specific Shock - Technology - 20%,Hypothetical,-0.1
2024-11-22,0.0,Sector-Specific Shock - Technology - 20%,Hypothetical,-0.1
2024-11-25,0.0,Sector-Specific Shock - Technology - 20%,Hypothetical,-0.1
2024-11-26,0.0,Sector-Specific Shock - Technology - 20%,Hypothetical,-0.1
2024-11-27,0.0,Sector-Specific Shock - Technology - 20%,Hypothetical,-0.1
2024-11-29,0.0,Sector-Specific Shock - Technology - 20%,Hypothetical,-0.1
2024-12-02,0.0,Sector-Specific Shock - Technology - 20%,Hypothetical,-0.1
2024-12-03,0.0,Sector-Specific Shock - Technology - 20%,Hypothetical,-0.1
2024-12-04,0.0,Sector-Specific Shock - Technology - 20%,Hypothetical,-0.1
2024-12-05,0.0,Sector-Specific Shock - Technology - 20%,Hypothetical,-0.1
2024-12-06,0.0,Sector-Specific Shock - Technology - 20%,Hypothetical,-0.1
2024-12-09,0.0,Sector-Specific Shock - Technology - 20%,Hypothetical,-0.1
2024-12-10,0.0,Sector-Specific Shock - Technology - 20%,Hypothetical,-0.1
2024-12-11,0.0,Sector-Specific Shock - Technology - 20%,Hypothetical,-0.1
2024-12-12,0.0,Sector-Specific Shock - Technology - 20%,Hypothetical,-0.1
2024-12-13,0.0,Sector-Specific Shock - Technology - 20%,Hypothetical,-0.1
2024-12-16,0.0,Sector-Specific Shock - Technology - 20%,Hypothetical,-0.1
2024-12-17,0.0,Sector-Specific Shock - Technology - 20%,Hypothetical,-0.1
2024-12-18,0.0,Sector-Specific Shock - Technology - 20%,Hypothetical,-0.1
2024-12-19,0.0,Sector-Specific Shock - Technology - 20%,Hypothetical,-0.1
2024-12-20,0.0,Sector-Specific Shock - Technology - 20%,Hypothetical,-0.1
2024-12-23,0.0,Sector-Specific Shock - Technology - 20%,Hypothetical,-0.1
2024-12-24,0.0,Sector-Specific Shock - Technology - 20%,Hypothetical,-0.1
2024-12-26,0.0,Sector-Specific Shock - Technology - 20%,Hypothetical,-0.1
2024-12-27,0.0,Sector-Specific Shock - Technology - 20%,Hypothetical,-0.1
2024-12-30,0.0,Sector-Specific Shock - Technology - 20%,Hypothetical,-0.1
2024-12-31,0.0,Sector-Specific Shock - Technology - 20%,Hypothetical,-0.1
2025-01-02,0.0,Sector-Specific Shock - Technology - 20%,Hypothetical,-0.1
2025-01-03,0.0,Sector-Specific Shock - Technology - 20%,Hypothetical,-0.1
2025-01-06,0.0,Sector-Specific Shock - Technology - 20%,Hypothetical,-0.1
2025-01-07,0.0,Sector-Specific Shock - Technology - 20%,Hypothetical,-0.1
2025-01-08,0.0,Sector-Specific Shock - Technology - 20%,Hypothetical,-0.1
2025-01-10,0.0,Sector-Specific Shock - Technology - 20%,Hypothetical,-0.1
2025-01-13,0.0,Sector-Specific Shock - Technology - 20%,Hypothetical,-0.1
2025-01-14,0.0,Sector-Specific Shock - Technology - 20%,Hypothetical,-0.1
2025-01-15,0.0,Sector-Specific Shock - Technology - 20%,Hypothetical,-0.1
2025-01-16,0.0,Sector-Specific Shock - Technology - 20%,Hypothetical,-0.1
2025-01-17,0.0,Sector-Specific Shock - Technology - 20%,Hypothetical,-0.1
2025-01-21,0.0,Sector-Specific Shock - Technology - 20%,Hypothetical,-0.1
2025-01-22,0.0,Sector-Specific Shock - Technology - 20%,Hypothetical,-0.1
2025-01-23,0.0,Sector-Specific Shock - Technology - 20%,Hypothetical,-0.1
2025-01-24,0.0,Sector-Specific Shock - Technology - 20%,Hypothetical,-0.1
2025-01-27,0.0,Sector-Specific Shock - Technology - 20%,Hypothetical,-0.1
2025-01-28,0.0,Sector-Specific Shock - Technology - 20%,Hypothetical,-0.1
2025-01-29,0.0,Sector-Specific Shock - Technology - 20%,Hypothetical,-0.1
2025-01-30,0.0,Sector-Specific Shock - Technology - 20%,Hypothetical,-0.1
2025-01-31,0.0,Sector-Specific Shock - Technology - 20%,Hypothetical,-0.1
2025-02-03,0.0,Sector-Specific Shock - Technology - 20%,Hypothetical,-0.1
2025-02-04,0.0,Sector-Specific Shock - Technology - 20%,Hypothetical,-0.1
2025-02-05,0.0,Sector-Specific Shock - Technology - 20%,Hypothetical,-0.1
2025-02-06,0.0,Sector-Specific Shock - Technology - 20%,Hypothetical,-0.1
2025-02-07,0.0,Sector-Specific Shock - Technology - 20%,Hypothetical,-0.1
2025-02-10,0.0,Sector-Specific Shock - Technology - 20%,Hypothetical,-0.1
2025-02-11,0.0,Sector-Specific Shock - Technology - 20%,Hypothetical,-0.1
2025-02-12,0.0,Sector-Specific Shock - Technology - 20%,Hypothetical,-0.1
2025-02-13,0.0,Sector-Specific Shock - Technology - 20%,Hypothetical,-0.1
2025-02-14,0.0,Sector-Specific Shock - Technology - 20%,Hypothetical,-0.1
2025-02-18,0.0,Sector-Specific Shock - Technology - 20%,Hypothetical,-0.1
2025-02-19,0.0,Sector-Specific Shock - Technology - 20%,Hypothetical,-0.1
2025-02-20,0.0,Sector-Specific Shock - Technology - 20%,Hypothetical,-0.1
2025-02-21,0.0,Sector-Specific Shock - Technology - 20%,Hypothetical,-0.1
2025-02-24,0.0,Sector-Specific Shock - Technology - 20%,Hypothetical,-0.1
2025-02-25,0.0,Sector-Specific Shock - Technology - 20%,Hypothetical,-0.1
2025-02-26,0.0,Sector-Specific Shock - Technology - 20%,Hypothetical,-0.1
2025-02-27,0.0,Sector-Specific Shock - Technology - 20%,Hypothetical,-0.1
2025-02-28,0.0,Sector-Specific Shock - Technology - 20%,Hypothetical,-0.1
2025-03-03,0.0,Sector-Specific Shock - Technology - 20%,Hypothetical,-0.1
2025-03-04,0.0,Sector-Specific Shock - Technology - 20%,Hypothetical,-0.1
2025-03-05,0.0,Sector-Specific Shock - Technology - 20%,Hypothetical,-0.1
2025-03-06,0.0,Sector-Specific Shock - Technology - 20%,Hypothetical,-0.1
2025-03-07,0.0,Sector-Specific Shock - Technology - 20%,Hypothetical,-0.1
2025-03-10,0.0,Sector-Specific Shock - Technology - 20%,Hypothetical,-0.1
2025-03-11,0.0,Sector-Specific Shock - Technology - 20%,Hypothetical,-0.1
2025-03-12,0.0,Sector-Specific Shock - Technology - 20%,Hypothetical,-0.1
2025-03-13,0.0,Sector-Specific Shock - Technology - 20%,Hypothetical,-0.1
2025-03-14,0.0,Sector-Specific Shock - Technology - 20%,Hypothetical,-0.1
2025-03-17,0.0,Sector-Specific Shock - Technology - 20%,Hypothetical,-0.1
2025-03-18,0.0,Sector-Specific Shock - Technology - 20%,Hypothetical,-0.1
2025-03-19,0.0,Sector-Specific Shock - Technology - 20%,Hypothetical,-0.1
2025-03-20,0.0,Sector-Specific Shock - Technology - 20%,Hypothetical,-0.1
2025-03-21,0.0,Sector-Specific Shock - Technology - 20%,Hypothetical,-0.1
2025-03-24,0.0,Sector-Specific Shock - Technology - 20%,Hypothetical,-0.1
2025-03-25,0.0,Sector-Specific Shock - Technology - 20%,Hypothetical,-0.1
2025-03-26,0.0,Sector-Specific Shock - Technology - 20%,Hypothetical,-0.1
2025-03-27,0.0,Sector-Specific Shock - Technology - 20%,Hypothetical,-0.1
2025-03-28,0.0,Sector-Specific Shock - Technology - 20%,Hypothetical,-0.1
2025-03-31,0.0,Sector-Specific Shock - Technology - 20%,Hypothetical,-0.1
2025-04-01,0.0,Sector-Specific Shock - Technology - 20%,Hypothetical,-0.1
2025-04-02,0.0,Sector-Specific Shock - Technology - 20%,Hypothetical,-0.1
2025-04-03,0.0,Sector-Specific Shock - Technology - 20%,Hypothetical,-0.1
2025-04-04,0.0,Sector-Specific Shock - Technology - 20%,Hypothetical,-0.1
2025-04-07,0.0,Sector-Specific Shock - Technology - 20%,Hypothetical,-0.1
2025-04-08,0.0,Sector-Specific Shock - Technology - 20%,Hypothetical,-0.1
2025-04-09,0.0,Sector-Specific Shock - Technology - 20%,Hypothetical,-0.1
2025-04-10,0.0,Sector-Specific Shock - Technology - 20%,Hypothetical,-0.1
2025-04-11,0.0,Sector-Specific Shock - Technology - 20%,Hypothetical,-0.1
2025-04-14,0.0,Sector-Specific Shock - Technology - 20%,Hypothetical,-0.1
2025-04-15,0.0,Sector-Specific Shock - Technology - 20%,Hypothetical,-0.1
2025-04-16,0.0,Sector-Specific Shock - Technology - 20%,Hypothetical,-0.1
2025-04-17,0.0,Sector-Specific Shock - Technology - 20%,Hypothetical,-0.1
2025-04-21,0.0,Sector-Specific Shock - Technology - 20%,Hypothetical,-0.1
2025-04-22,0.0,Sector-Specific Shock - Technology - 20%,Hypothetical,-0.1
2025-04-23,0.0,Sector-Specific Shock - Technology - 20%,Hypothetical,-0.1
2025-04-24,0.0,Sector-Specific Shock - Technology - 20%,Hypothetical,-0.1
2025-04-25,0.0,Sector-Specific Shock - Technology - 20%,Hypothetical,-0.1
2025-04-28,0.0,Sector-Specific Shock - Technology - 20%,Hypothetical,-0.1
2025-04-29,0.0,Sector-Specific Shock - Technology - 20%,Hypothetical,-0.1
2025-04-30,0.0,Sector-Specific Shock - Technology - 20%,Hypothetical,-0.1
2025-05-01,0.0,Sector-Specific Shock - Technology - 20%,Hypothetical,-0.1
2025-05-02,0.0,Sector-Specific Shock - Technology - 20%,Hypothetical,-0.1
2025-05-05,0.0,Sector-Specific Shock - Technology - 20%,Hypothetical,-0.1
2025-05-06,0.0,Sector-Specific Shock - Technology - 20%,Hypothetical,-0.1
2025-05-07,0.0,Sector-Specific Shock - Technology - 20%,Hypothetical,-0.1
2025-05-08,0.0,Sector-Specific Shock - Technology - 20%,Hypothetical,-0.1
2025-05-09,0.0,Sector-Specific Shock - Technology - 20%,Hypothetical,-0.1
2025-05-12,0.0,Sector-Specific Shock - Technology - 20%,Hypothetical,-0.1
2025-05-13,0.0,Sector-Specific Shock - Technology - 20%,Hypothetical,-0.1
2025-05-14,0.0,Sector-Specific Shock - Technology - 20%,Hypothetical,-0.1
2025-05-15,0.0,Sector-Specific Shock - Technology - 20%,Hypothetical,-0.1
2025-05-16,0.0,Sector-Specific Shock - Technology - 20%,Hypothetical,-0.1
2025-05-19,0.0,Sector-Specific Shock - Technology - 20%,Hypothetical,-0.1
2025-05-20,0.0,Sector-Specific Shock - Technology - 20%,Hypothetical,-0.1
2025-05-21,0.0,Sector-Specific Shock - Technology - 20%,Hypothetical,-0.1
2025-05-22,0.0,Sector-Specific Shock - Technology - 20%,Hypothetical,-0.1
2025-05-23,0.0,Sector-Specific Shock - Technology - 20%,Hypothetical,-0.1
2025-05-27,0.0,Sector-Specific Shock - Technology - 20%,Hypothetical,-0.1
2025-05-28,0.0,Sector-Specific Shock - Technology - 20%,Hypothetical,-0.1
2025-05-29,0.0,Sector-Specific Shock - Technology - 20%,Hypothetical,-0.1
2025-05-30,0.0,Sector-Specific Shock - Technology - 20%,Hypothetical,-0.1
2025-06-02,0.0,Sector-Specific Shock - Technology - 20%,Hypothetical,-0.1
2025-06-03,0.0,Sector-Specific Shock - Technology - 20%,Hypothetical,-0.1
2025-06-04,0.0,Sector-Specific Shock - Technology - 20%,Hypothetical,-0.1
2025-06-05,0.0,Sector-Specific Shock - Technology - 20%,Hypothetical,-0.1
2025-06-06,0.0,Sector-Specific Shock - Technology - 20%,Hypothetical,-0.1
2025-06-09,0.0,Sector-Specific Shock - Technology - 20%,Hypothetical,-0.1
2025-06-10,0.0,Sector-Specific Shock - Technology - 20%,Hypothetical,-0.1
2025-06-11,0.0,Sector-Specific Shock - Technology - 20%,Hypothetical,-0.1
2025-06-12,0.0,Sector-Specific Shock - Technology - 20%,Hypothetical,-0.1
2025-06-13,0.0,Sector-Specific Shock - Technology - 20%,Hypothetical,-0.1
2025-06-16,0.0,Sector-Specific Shock - Technology - 20%,Hypothetical,-0.1
2025-06-17,0.0,Sector-Specific Shock - Technology - 20%,Hypothetical,-0.1
2025-06-18,0.0,Sector-Specific Shock - Technology - 20%,Hypothetical,-0.1
2025-06-20,0.0,Sector-Specific Shock - Technology - 20%,Hypothetical,-0.1
2025-06-23,0.0,Sector-Specific Shock - Technology - 20%,Hypothetical,-0.1
2025-06-24,0.0,Sector-Specific Shock - Technology - 20%,Hypothetical,-0.1
2025-06-25,0.0,Sector-Specific Shock - Technology - 20%,Hypothetical,-0.1
2025-06-26,0.0,Sector-Specific Shock - Technology - 20%,Hypothetical,-0.1
2025-06-27,0.0,Sector-Specific Shock - Technology - 20%,Hypothetical,-0.1
2025-06-30,0.0,Sector-Specific Shock - Technology - 20%,Hypothetical,-0.1
2025-07-01,0.0,Sector-Specific Shock - Technology - 20%,Hypothetical,-0.1
2025-07-02,0.0,Sector-Specific Shock - Technology - 20%,Hypothetical,-0.1
2025-07-03,0.0,Sector-Specific Shock - Technology - 20%,Hypothetical,-0.1
2025-07-07,0.0,Sector-Specific Shock - Technology - 20%,Hypothetical,-0.1
2025-07-08,0.0,Sector-Specific Shock - Technology - 20%,Hypothetical,-0.1
2025-07-09,0.0,Sector-Specific Shock - Technology - 20%,Hypothetical,-0.1
2025-07-10,0.0,Sector-Specific Shock - Technology - 20%,Hypothetical,-0.1
2025-07-11,0.0,Sector-Specific Shock - Technology - 20%,Hypothetical,-0.1
2025-07-14,0.0,Sector-Specific Shock - Technology - 20%,Hypothetical,-0.1
2025-07-15,0.0,Sector-Specific Shock - Technology - 20%,Hypothetical,-0.1
2025-07-16,0.0,Sector-Specific Shock - Technology - 20%,Hypothetical,-0.1
2025-07-17,0.0,Sector-Specific Shock - Technology - 20%,Hypothetical,-0.1
2025-07-18,0.0,Sector-Specific Shock - Technology - 20%,Hypothetical,-0.1
2025-07-21,0.0,Sector-Specific Shock - Technology - 20%,Hypothetical,-0.1
2025-07-22,0.0,Sector-Specific Shock - Technology - 20%,Hypothetical,-0.1
2025-07-23,0.0,Sector-Specific Shock - Technology - 20%,Hypothetical,-0.1
2025-07-24,0.0,Sector-Specific Shock - Technology - 20%,Hypothetical,-0.1
2025-07-25,0.0,Sector-Specific Shock - Technology - 20%,Hypothetical,-0.1
2025-07-28,0.0,Sector-Specific Shock - Technology - 20%,Hypothetical,-0.1
2025-07-29,0.0,Sector-Specific Shock - Technology - 20%,Hypothetical,-0.1
2025-07-30,0.0,Sector-Specific Shock - Technology - 20%,Hypothetical,-0.1
2025-07-31,0.0,Sector-Specific Shock - Technology - 20%,Hypothetical,-0.1
2025-08-01,0.0,Sector-Specific Shock - Technology - 20%,Hypothetical,-0.1
2025-08-04,0.0,Sector-Specific Shock - Technology - 20%,Hypothetical,-0.1
2025-08-05,0.0,Sector-Specific Shock - Technology - 20%,Hypothetical,-0.1
2025-08-06,0.0,Sector-Specific Shock - Technology - 20%,Hypothetical,-0.1
2025-08-07,0.0,Sector-Specific Shock - Technology - 20%,Hypothetical,-0.1
2025-08-08,0.0,Sector-Specific Shock - Technology - 20%,Hypothetical,-0.1
2025-08-11,0.0,Sector-Specific Shock - Technology - 20%,Hypothetical,-0.1
2025-08-12,0.0,Sector-Specific Shock - Technology - 20%,Hypothetical,-0.1
2025-08-13,0.0,Sector-Specific Shock - Technology - 20%,Hypothetical,-0.1
2025-08-14,0.0,Sector-Specific Shock - Technology - 20%,Hypothetical,-0.1
2025-08-15,0.0,Sector-Specific Shock - Technology - 20%,Hypothetical,-0.1
2025-08-18,0.0,Sector-Specific Shock - Technology - 20%,Hypothetical,-0.1
2025-08-19,0.0,Sector-Specific Shock - Technology - 20%,Hypothetical,-0.1
2025-08-20,0.0,Sector-Specific Shock - Technology - 20%,Hypothetical,-0.1
2025-08-21,0.0,Sector-Specific Shock - Technology - 20%,Hypothetical,-0.1
2025-08-22,0.0,Sector-Specific Shock - Technology - 20%,Hypothetical,-0.1
2025-08-25,0.0,Sector-Specific Shock - Technology - 20%,Hypothetical,-0.1
2025-08-26,0.0,Sector-Specific Shock - Technology - 20%,Hypothetical,-0.1
2025-08-27,0.0,Sector-Specific Shock - Technology - 20%,Hypothetical,-0.1
2025-08-28,0.0,Sector-Specific Shock - Technology - 20%,Hypothetical,-0.1
2025-08-29,0.0,Sector-Specific Shock - Technology - 20%,Hypothetical,-0.1
2025-09-02,0.0,Sector-Specific Shock - Technology - 20%,Hypothetical,-0.1
2025-09-03,0.0,Sector-Specific Shock - Technology - 20%,Hypothetical,-0.1
2025-09-04,0.0,Sector-Specific Shock - Technology - 20%,Hypothetical,-0.1
2025-09-05,0.0,Sector-Specific Shock - Technology - 20%,Hypothetical,-0.1
2025-09-08,0.0,Sector-Specific Shock - Technology - 20%,Hypothetical,-0.1
2025-09-09,0.0,Sector-Specific Shock - Technology - 20%,Hypothetical,-0.1
2025-09-10,0.0,Sector-Specific Shock - Technology - 20%,Hypothetical,-0.1
2025-09-11,0.0,Sector-Specific Shock - Technology - 20%,Hypothetical,-0.1
2025-09-12,0.0,Sector-Specific Shock - Technology - 20%,Hypothetical,-0.1
2025-09-15,0.0,Sector-Specific Shock - Technology - 20%,Hypothetical,-0.1
2025-09-16,0.0,Sector-Specific Shock - Technology - 20%,Hypothetical,-0.1
2025-09-17,0.0,Sector-Specific Shock - Technology - 20%,Hypothetical,-0.1
2025-09-18,0.0,Sector-Specific Shock - Technology - 20%,Hypothetical,-0.1
2025-09-19,0.0,Sector-Specific Shock - Technology - 20%,Hypothetical,-0.1
2025-09-22,0.0,Sector-Specific Shock - Technology - 20%,Hypothetical,-0.1
2025-09-23,0.0,Sector-Specific Shock - Technology - 20%,Hypothetical,-0.1
2025-09-24,0.0,Sector-Specific Shock - Technology - 20%,Hypothetical,-0.1
2025-09-25,0.0,Sector-Specific Shock - Technology - 20%,Hypothetical,-0.1
2025-09-26,0.0,Sector-Specific Shock - Technology - 20%,Hypothetical,-0.1
2025-09-29,0.0,Sector-Specific Shock - Technology - 20%,Hypothetical,-0.1
2025-09-30,0.0,Sector-Specific Shock - Technology - 20%,Hypothetical,-0.1
2025-10-01,0.0,Sector-Specific Shock - Technology - 20%,Hypothetical,-0.1
2025-10-02,0.0,Sector-Specific Shock - Technology - 20%,Hypothetical,-0.1
2025-10-03,0.0,Sector-Specific Shock - Technology - 20%,Hypothetical,-0.1
2025-10-06,0.0,Sector-Specific Shock - Technology - 20%,Hypothetical,-0.1
2025-10-07,0.0,Sector-Specific Shock - Technology - 20%,Hypothetical,-0.1
2025-10-08,0.0,Sector-Specific Shock - Technology - 20%,Hypothetical,-0.1
2025-10-09,0.0,Sector-Specific Shock - Technology - 20%,Hypothetical,-0.1
2025-10-10,0.0,Sector-Specific Shock - Technology - 20%,Hypothetical,-0.1
2025-10-13,0.0,Sector-Specific Shock - Technology - 20%,Hypothetical,-0.1
2025-10-14,0.0,Sector-Specific Shock - Technology - 20%,Hypothetical,-0.1
2025-10-15,0.0,Sector-Specific Shock - Technology - 20%,Hypothetical,-0.1
2025-10-16,0.0,Sector-Specific Shock - Technology - 20%,Hypothetical,-0.1
2025-10-17,0.0,Sector-Specific Shock - Technology - 20%,Hypothetical,-0.1
2025-10-20,0.0,Sector-Specific Shock - Technology - 20%,Hypothetical,-0.1
2025-10-21,0.0,Sector-Specific Shock - Technology - 20%,Hypothetical,-0.1
2025-10-22,0.0,Sector-Specific Shock - Technology - 20%,Hypothetical,-0.1
2025-10-23,0.0,Sector-Specific Shock - Technology - 20%,Hypothetical,-0.1
2025-10-24,0.0,Sector-Specific Shock - Technology - 20%,Hypothetical,-0.1
2025-10-27,0.0,Sector-Specific Shock - Technology - 20%,Hypothetical,-0.1
2025-10-28,0.0,Sector-Specific Shock - Technology - 20%,Hypothetical,-0.1
2025-10-29,0.0,Sector-Specific Shock - Technology - 20%,Hypothetical,-0.1
2025-10-30,0.0,Sector-Specific Shock - Technology - 20%,Hypothetical,-0.1
2025-10-31,0.0,Sector-Specific Shock - Technology - 20%,Hypothetical,-0.1
2025-11-03,0.0,Sector-Specific Shock - Technology - 20%,Hypothetical,-0.1
2025-11-04,0.0,Sector-Specific Shock - Technology - 20%,Hypothetical,-0.1
2025-11-05,0.0,Sector-Specific Shock - Technology - 20%,Hypothetical,-0.1
2025-11-06,0.0,Sector-Specific Shock - Technology - 20%,Hypothetical,-0.1
2025-11-07,0.0,Sector-Specific Shock - Technology - 20%,Hypothetical,-0.1
2025-11-10,0.0,Sector-Specific Shock - Technology - 20%,Hypothetical,-0.1
2025-11-11,0.0,Sector-Specific Shock - Technology - 20%,Hypothetical,-0.1
2025-11-12,0.0,Sector-Specific Shock - Technology - 20%,Hypothetical,-0.1
2025-11-13,0.0,Sector-Specific Shock - Technology - 20%,Hypothetical,-0.1
2025-11-14,0.0,Sector-Specific Shock - Technology - 20%,Hypothetical,-0.1
2025-11-17,0.0,Sector-Specific Shock - Technology - 20%,Hypothetical,-0.1
2025-11-18,0.0,Sector-Specific Shock - Technology - 20%,Hypothetical,-0.1
2025-11-19,0.0,Sector-Specific Shock - Technology - 20%,Hypothetical,-0.1
2025-11-20,0.0,Sector-Specific Shock - Technology - 20%,Hypothetical,-0.1
2025-11-21,0.0,Sector-Specific Shock - Technology - 20%,Hypothetical,-0.1
2025-11-24,0.0,Sector-Specific Shock - Technology - 20%,Hypothetical,-0.1
2025-11-25,0.0,Sector-Specific Shock - Technology - 20%,Hypothetical,-0.1
2025-11-26,0.0,Sector-Specific Shock - Technology - 20%,Hypothetical,-0.1
2025-11-28,0.0,Sector-Specific Shock - Technology - 20%,Hypothetical,-0.1
2025-12-01,0.0,Sector-Specific Shock - Technology - 20%,Hypothetical,-0.1
2025-12-02,0.0,Sector-Specific Shock - Technology - 20%,Hypothetical,-0.1
2025-12-03,0.0,Sector-Specific Shock - Technology - 20%,Hypothetical,-0.1
2025-12-04,0.0,Sector-Specific Shock - Technology - 20%,Hypothetical,-0.1
2025-12-05,0.0,Sector-Specific Shock - Technology - 20%,Hypothetical,-0.1
2025-12-08,0.0,Sector-Specific Shock - Technology - 20%,Hypothetical,-0.1
2025-12-09,0.0,Sector-Specific Shock - Technology - 20%,Hypothetical,-0.1
2025-12-10,0.0,Sector-Specific Shock - Technology - 20%,Hypothetical,-0.1
2025-12-11,0.0,Sector-Specific Shock - Technology - 20%,Hypothetical,-0.1
2025-12-12,0.0,Sector-Specific Shock - Technology - 20%,Hypothetical,-0.1
2025-12-15,0.0,Sector-Specific Shock - Technology - 20%,Hypothetical,-0.1
2025-12-16,0.0,Sector-Specific Shock - Technology - 20%,Hypothetical,-0.1
2025-12-17,0.0,Sector-Specific Shock - Technology - 20%,Hypothetical,-0.1
2025-12-18,0.0,Sector-Specific Shock - Technology - 20%,Hypothetical,-0.1
2025-12-19,0.0,Sector-Specific Shock - Technology - 20%,Hypothetical,-0.1
2025-12-22,0.0,Sector-Specific Shock - Technology - 20%,Hypothetical,-0.1
2025-12-23,0.0,Sector-Specific Shock - Technology - 20%,Hypothetical,-0.1
2025-12-24,0.0,Sector-Specific Shock - Technology - 20%,Hypothetical,-0.1
2025-12-26,0.0,Sector-Specific Shock - Technology - 20%,Hypothetical,-0.1
2025-12-29,0.0,Sector-Specific Shock - Technology - 20%,Hypothetical,-0.1
2025-12-30,0.0,Sector-Specific Shock - Technology - 20%,Hypothetical,-0.1
2025-12-31,0.0,Sector-Specific Shock - Technology - 20%,Hypothetical,-0.1
2026-01-02,0.0,Sector-Specific Shock - Technology - 20%,Hypothetical,-0.1
2026-01-05,0.0,Sector-Specific Shock - Technology - 20%,Hypothetical,-0.1
2026-01-06,0.0,Sector-Specific Shock - Technology - 20%,Hypothetical,-0.1
2026-01-07,0.0,Sector-Specific Shock - Technology - 20%,Hypothetical,-0.1
2026-01-08,0.0,Sector-Specific Shock - Technology - 20%,Hypothetical,-0.1
2026-01-09,0.0,Sector-Specific Shock - Technology - 20%,Hypothetical,-0.1
2026-01-12,0.0,Sector-Specific Shock - Technology - 20%,Hypothetical,-0.1
2026-01-13,0.0,Sector-Specific Shock - Technology - 20%,Hypothetical,-0.1
2026-01-14,0.0,Sector-Specific Shock - Technology - 20%,Hypothetical,-0.1
2026-01-15,0.0,Sector-Specific Shock - Technology - 20%,Hypothetical,-0.1
2026-01-16,0.0,Sector-Specific Shock - Technology - 20%,Hypothetical,-0.1
2026-01-20,0.0,Sector-Specific Shock - Technology - 20%,Hypothetical,-0.1
2026-01-21,0.0,Sector-Specific Shock - Technology - 20%,Hypothetical,-0.1
2026-01-22,0.0,Sector-Specific Shock - Technology - 20%,Hypothetical,-0.1
2026-01-23,0.0,Sector-Specific Shock - Technology - 20%,Hypothetical,-0.1
2026-01-26,0.0,Sector-Specific Shock - Technology - 20%,Hypothetical,-0.1
2026-01-27,0.0,Sector-Specific Shock - Technology - 20%,Hypothetical,-0.1
2026-01-28,0.0,Sector-Specific Shock - Technology - 20%,Hypothetical,-0.1
2026-01-29,0.0,Sector-Specific Shock - Technology - 20%,Hypothetical,-0.1
2026-01-30,0.0,Sector-Specific Shock - Technology - 20%,Hypothetical,-0.1
2026-02-02,0.0,Sector-Specific Shock - Technology - 20%,Hypothetical,-0.1
2026-02-03,0.0,Sector-Specific Shock - Technology - 20%,Hypothetical,-0.1
2026-02-04,0.0,Sector-Specific Shock - Technology - 20%,Hypothetical,-0.1
2026-02-05,0.0,Sector-Specific Shock - Technology - 20%,Hypothetical,-0.1
2026-02-06,0.0,Sector-Specific Shock - Technology - 20%,Hypothetical,-0.1
2026-02-09,0.0,Sector-Specific Shock - Technology - 20%,Hypothetical,-0.1
2026-02-10,0.0,Sector-Specific Shock - Technology - 20%,Hypothetical,-0.1
2026-02-11,0.0,Sector-Specific Shock - Technology - 20%,Hypothetical,-0.1
2026-02-12,0.0,Sector-Specific Shock - Technology - 20%,Hypothetical,-0.1
2026-02-13,0.0,Sector-Specific Shock - Technology - 20%,Hypothetical,-0.1
2026-02-17,0.0,Sector-Specific Shock - Technology - 20%,Hypothetical,-0.1
2026-02-18,0.0,Sector-Specific Shock - Technology - 20%,Hypothetical,-0.1
2026-02-19,0.0,Sector-Specific Shock - Technology - 20%,Hypothetical,-0.1
2026-02-20,0.0,Sector-Specific Shock - Technology - 20%,Hypothetical,-0.1
2026-02-23,0.0,Sector-Specific Shock - Technology - 20%,Hypothetical,-0.1
2026-02-24,0.0,Sector-Specific Shock - Technology - 20%,Hypothetical,-0.1
2026-02-25,0.0,Sector-Specific Shock - Technology - 20%,Hypothetical,-0.1
2026-02-26,0.0,Sector-Specific Shock - Technology - 20%,Hypothetical,-0.1
2026-02-27,0.0,Sector-Specific Shock - Technology - 20%,Hypothetical,-0.1
2026-03-02,0.0,Sector-Specific Shock - Technology - 20%,Hypothetical,-0.1
2026-03-03,0.0,Sector-Specific Shock - Technology - 20%,Hypothetical,-0.1
2026-03-04,0.0,Sector-Specific Shock - Technology - 20%,Hypothetical,-0.1
2026-03-05,0.0,Sector-Specific Shock - Technology - 20%,Hypothetical,-0.1
2026-03-06,0.0,Sector-Specific Shock - Technology - 20%,Hypothetical,-0.1
2026-03-09,0.0,Sector-Specific Shock - Technology - 20%,Hypothetical,-0.1
2026-03-10,0.0,Sector-Specific Shock - Technology - 20%,Hypothetical,-0.1
2026-03-11,0.0,Sector-Specific Shock - Technology - 20%,Hypothetical,-0.1
2026-03-12,0.0,Sector-Specific Shock - Technology - 20%,Hypothetical,-0.1
2026-03-13,0.0,Sector-Specific Shock - Technology - 20%,Hypothetical,-0.1
2026-03-16,0.0,Sector-Specific Shock - Technology - 20%,Hypothetical,-0.1
2026-03-17,0.0,Sector-Specific Shock - Technology - 20%,Hypothetical,-0.1
2026-03-18,0.0,Sector-Specific Shock - Technology - 20%,Hypothetical,-0.1
2026-03-19,0.0,Sector-Specific Shock - Technology - 20%,Hypothetical,-0.1
2026-03-20,0.0,Sector-Specific Shock - Technology - 20%,Hypothetical,-0.1
2026-03-23,0.0,Sector-Specific Shock - Technology - 20%,Hypothetical,-0.1
2026-03-24,0.0,Sector-Specific Shock - Technology - 20%,Hypothetical,-0.1
2026-03-25,0.0,Sector-Specific Shock - Technology - 20%,Hypothetical,-0.1
2026-03-26,0.0,Sector-Specific Shock - Technology - 20%,Hypothetical,-0.1
2026-03-27,0.0,Sector-Specific Shock - Technology - 20%,Hypothetical,-0.1
2026-03-30,0.0,Sector-Specific Shock - Technology - 20%,Hypothetical,-0.1
2026-03-31,0.0,Sector-Specific Shock - Technology - 20%,Hypothetical,-0.1
2026-04-01,0.0,Sector-Specific Shock - Technology - 20%,Hypothetical,-0.1
2026-04-02,0.0,Sector-Specific Shock - Technology - 20%,Hypothetical,-0.1
2026-04-06,0.0,Sector-Specific Shock - Technology - 20%,Hypothetical,-0.1
2026-04-07,0.0,Sector-Specific Shock - Technology - 20%,Hypothetical,-0.1
2026-04-08,0.0,Sector-Specific Shock - Technology - 20%,Hypothetical,-0.1
2026-04-09,0.0,Sector-Specific Shock - Technology - 20%,Hypothetical,-0.1
2026-04-10,0.0,Sector-Specific Shock - Technology - 20%,Hypothetical,-0.1
2026-04-13,0.0,Sector-Specific Shock - Technology - 20%,Hypothetical,-0.1
2026-04-14,0.0,Sector-Specific Shock - Technology - 20%,Hypothetical,-0.1
2026-04-15,0.0,Sector-Specific Shock - Technology - 20%,Hypothetical,-0.1
2026-04-16,0.0,Sector-Specific Shock - Technology - 20%,Hypothetical,-0.1
2026-04-17,0.0,Sector-Specific Shock - Technology - 20%,Hypothetical,-0.1
2026-04-20,0.0,Sector-Specific Shock - Technology - 20%,Hypothetical,-0.1
2026-04-21,0.0,Sector-Specific Shock - Technology - 20%,Hypothetical,-0.1
2026-04-22,0.0,Sector-Specific Shock - Technology - 20%,Hypothetical,-0.1
2026-04-23,0.0,Sector-Specific Shock - Technology - 20%,Hypothetical,-0.1
2026-04-24,0.0,Sector-Specific Shock - Technology - 20%,Hypothetical,-0.1
2026-04-27,0.0,Sector-Specific Shock - Technology - 20%,Hypothetical,-0.1
2026-04-28,0.0,Sector-Specific Shock - Technology - 20%,Hypothetical,-0.1
2026-04-29,0.0,Sector-Specific Shock - Technology - 20%,Hypothetical,-0.1
2026-04-30,0.0,Sector-Specific Shock - Technology - 20%,Hypothetical,-0.1
2026-05-01,0.0,Sector-Specific Shock - Technology - 20%,Hypothetical,-0.1
2026-05-04,0.0,Sector-Specific Shock - Technology - 20%,Hypothetical,-0.1
2026-05-05,0.0,Sector-Specific Shock - Technology - 20%,Hypothetical,-0.1
2026-05-06,0.0,Sector-Specific Shock - Technology - 20%,Hypothetical,-0.1
2026-05-07,0.0,Sector-Specific Shock - Technology - 20%,Hypothetical,-0.1
2026-05-08,0.0,Sector-Specific Shock - Technology - 20%,Hypothetical,-0.1
2026-05-11,0.0,Sector-Specific Shock - Technology - 20%,Hypothetical,-0.1
2026-05-12,0.0,Sector-Specific Shock - Technology - 20%,Hypothetical,-0.1
2026-05-13,0.0,Sector-Specific Shock - Technology - 20%,Hypothetical,-0.1
2026-05-14,0.0,Sector-Specific Shock - Technology - 20%,Hypothetical,-0.1
2026-05-15,0.0,Sector-Specific Shock - Technology - 20%,Hypothetical,-0.1
2026-05-18,0.0,Sector-Specific Shock - Technology - 20%,Hypothetical,-0.1
2026-05-19,0.0,Sector-Specific Shock - Technology - 20%,Hypothetical,-0.1
2026-05-20,0.0,Sector-Specific Shock - Technology - 20%,Hypothetical,-0.1
2026-05-21,0.0,Sector-Specific Shock - Technology - 20%,Hypothetical,-0.1
2026-05-22,0.0,Sector-Specific Shock - Technology - 20%,Hypothetical,-0.1
2026-05-26,0.0,Sector-Specific Shock - Technology - 20%,Hypothetical,-0.1
2026-05-27,0.0,Sector-Specific Shock - Technology - 20%,Hypothetical,-0.1
2026-05-28,0.0,Sector-Specific Shock - Technology - 20%,Hypothetical,-0.1
2026-05-29,0.0,Sector-Specific Shock - Technology - 20%,Hypothetical,-0.1
2026-06-01,0.0,Sector-Specific Shock - Technology - 20%,Hypothetical,-0.1
2026-06-02,0.0,Sector-Specific Shock - Technology - 20%,Hypothetical,-0.1
2026-06-03,0.0,Sector-Specific Shock - Technology - 20%,Hypothetical,-0.1
2026-06-04,0.0,Sector-Specific Shock - Technology - 20%,Hypothetical,-0.1
2026-06-05,0.0,Sector-Specific Shock - Technology - 20%,Hypothetical,-0.1
2026-06-08,0.0,Sector-Specific Shock - Technology - 20%,Hypothetical,-0.1
2026-06-09,0.0,Sector-Specific Shock - Technology - 20%,Hypothetical,-0.1
2026-06-10,0.0,Sector-Specific Shock - Technology - 20%,Hypothetical,-0.1
2026-06-11,0.0,Sector-Specific Shock - Technology - 20%,Hypothetical,-0.1
2026-06-12,0.0,Sector-Specific Shock - Technology - 20%,Hypothetical,-0.1
2026-06-15,0.0,Sector-Specific Shock - Technology - 20%,Hypothetical,-0.1
2026-06-16,0.0,Sector-Specific Shock - Technology - 20%,Hypothetical,-0.1
2026-06-17,0.0,Sector-Specific Shock - Technology - 20%,Hypothetical,-0.1
2026-06-18,0.0,Sector-Specific Shock - Technology - 20%,Hypothetical,-0.1
2026-06-22,0.0,Sector-Specific Shock - Technology - 20%,Hypothetical,-0.1
2026-06-23,0.0,Sector-Specific Shock - Technology - 20%,Hypothetical,-0.1
2026-06-24,0.0,Sector-Specific Shock - Technology - 20%,Hypothetical,-0.1
2026-06-25,0.0,Sector-Specific Shock - Technology - 20%,Hypothetical,-0.1
2026-06-26,0.0,Sector-Specific Shock - Technology - 20%,Hypothetical,-0.1
2026-06-29,0.0,Sector-Specific Shock - Technology - 20%,Hypothetical,-0.1
2026-06-30,0.0,Sector-Specific Shock - Technology - 20%,Hypothetical,-0.1
2026-07-01,0.0,Sector-Specific Shock - Technology - 20%,Hypothetical,-0.1
2026-07-02,0.0,Sector-Specific Shock - Technology - 20%,Hypothetical,-0.1
2026-07-06,0.0,Sector-Specific Shock - Technology - 20%,Hypothetical,-0.1
2026-07-07,0.0,Sector-Specific Shock - Technology - 20%,Hypothetical,-0.1
2026-07-08,0.0,Sector-Specific Shock - Technology - 20%,Hypothetical,-0.1
2026-07-09,0.0,Sector-Specific Shock - Technology - 20%,Hypothetical,-0.1
2026-07-10,0.0,Sector-Specific Shock - Technology - 20%,Hypothetical,-0.1
2026-07-13,0.0,Sector-Specific Shock - Technology - 20%,Hypothetical,-0.1
2026-07-14,0.0,Sector-Specific Shock - Technology - 20%,Hypothetical,-0.1
2026-07-15,0.0,Sector-Specific Shock - Technology - 20%,Hypothetical,-0.1
2026-07-16,0.0,Sector-Specific Shock - Technology - 20%,Hypothetical,-0.1
2026-07-17,0.0,Sector-Specific Shock - Technology - 20%,Hypothetical,-0.1
2026-07-20,0.0,Sector-Specific Shock - Technology - 20%,Hypothetical,-0.1
2026-07-21,0.0,Sector-Specific Shock - Technology - 20%,Hypothetical,-0.1
2026-07-22,0.0,Sector-Specific Shock - Technology - 20%,Hypothetical,-0.1
2026-07-23,0.0,Sector-Specific Shock - Technology - 20%,Hypothetical,-0.1
2026-07-24,0.0,Sector-Specific Shock - Technology - 20%,Hypothetical,-0.1
2026-07-27,0.0,Sector-Specific Shock - Technology - 20%,Hypothetical,-0.1
2026-07-28,0.0,Sector-Specific Shock - Technology - 20%,Hypothetical,-0.1
2026-07-29,0.0,Sector-Specific Shock - Technology - 20%,Hypothetical,-0.1
2026-07-30,0.0,Sector-Specific Shock - Technology - 20%,Hypothetical,-0.1
2026-07-31,0.0,Sector-Specific Shock - Technology - 20%,Hypothetical,-0.1
