Date,Portfolio Return,Portfolio P&L,Historical VaR,EWMA VaR,GARCH VaR,GJR-GARCH VaR,Historical Simulation Exception,EWMA Exception,GARCH Exception,GJR-GARCH Exception
2020-12-29,-0.0029802474716436,-4355.612532253144,0.07319081699350555,0.04049864550444673,0.04997588794339567,0.04540663087377697,1,1,1,1
2020-12-30,-0.0018135689909089,-2642.6202245340683,0.07319081699350555,0.04049864550444673,0.04997588794339567,0.04540663087377697,1,1,1,1
2020-12-31,0.0006981545534938,1015.462546348339,0.07319081699350555,0.04049864550444673,0.04997588794339567,0.04540663087377697,0,0,0,0
2021-01-04,-0.0111441926635346,-16220.492834435076,0.07319081699350555,0.04049864550444673,0.04997588794339567,0.04540663087377697,1,1,1,1
2021-01-05,0.0106554394416097,15336.270759849576,0.07319081699350555,0.04049864550444673,0.04997588794339567,0.04540663087377697,0,0,0,0
2021-01-06,-0.0155460789987512,-22613.73977136612,0.07319081699350555,0.04049864550444673,0.04997588794339567,0.04540663087377697,1,1,1,1
2021-01-07,0.0323109404342893,46269.681675298605,0.07319081699350555,0.04049864550444673,0.04997588794339567,0.04540663087377697,0,0,0,0
2021-01-08,0.0078288876861253,11573.307855011197,0.07319081699350555,0.04049864550444673,0.04997588794339567,0.04540663087377697,0,0,0,0
2021-01-11,-0.0103408795836165,-15406.419762421168,0.07319081699350555,0.04049864550444673,0.04997588794339567,0.04540663087377697,1,1,1,1
2021-01-12,-0.0010775167495958,-1588.7439388222992,0.07319081699350555,0.04049864550444673,0.04997588794339567,0.04540663087377697,1,1,1,1
2021-01-13,0.0074465162325404,10967.680879625026,0.07319081699350555,0.04049864550444673,0.04997588794339567,0.04540663087377697,0,0,0,0
2021-01-14,-0.0111512000256056,-16546.466732642148,0.07319081699350555,0.04049864550444673,0.04997588794339567,0.04540663087377697,1,1,1,1
2021-01-15,-0.0120249857270766,-17644.043701869436,0.07319081699350555,0.04049864550444673,0.04997588794339567,0.04540663087377697,1,1,1,1
2021-01-19,0.0130981453180764,18987.56707901228,0.07319081699350555,0.04049864550444673,0.04997588794339567,0.04540663087377697,0,0,0,0
2021-01-20,0.025954981395504,38118.14510206529,0.07319081699350555,0.04049864550444673,0.04997588794339567,0.04540663087377697,0,0,0,0
2021-01-21,0.0136616996780362,20584.677893485878,0.07319081699350555,0.04049864550444673,0.04997588794339567,0.04540663087377697,0,0,0,0
2021-01-22,1.9308800999248265e-06,2.949087684508413,0.07319081699350555,0.04049864550444673,0.04997588794339567,0.04540663087377697,0,0,0,0
2021-01-25,0.0081471209620667,12443.351860863157,0.07319081699350555,0.04049864550444673,0.04997588794339567,0.04540663087377697,0,0,0,0
2021-01-26,8.081499374491471e-05,124.43686904478818,0.07319081699350555,0.04049864550444673,0.04997588794339567,0.04540663087377697,0,0,0,0
2021-01-27,-0.0225042665491913,-34654.296818713425,0.07319081699350555,0.04049864550444673,0.04997588794339567,0.04540663087377697,1,1,1,1
2021-01-28,0.0005430918759709,817.486151881516,0.07319081699350555,0.04049864550444673,0.04997588794339567,0.04540663087377697,0,0,0,0
2021-01-29,-0.0221364075620553,-33338.80571279349,0.07319081699350555,0.04049864550444673,0.04997588794339567,0.04540663087377697,1,1,1,1
2021-02-01,0.0231340075529865,34069.993123414926,0.07319081699350555,0.04049864550444673,0.04997588794339567,0.04540663087377697,0,0,0,0
2021-02-02,0.0146287174106725,22042.454026149357,0.07319081699350555,0.04049864550444673,0.04997588794339567,0.04540663087377697,0,0,0,0
2021-02-03,0.0071421971278177,10919.246645806825,0.07319081699350555,0.04049864550444673,0.04997588794339567,0.04540663087377697,0,0,0,0
2021-02-04,0.0078855941216992,12141.88332938659,0.07319081699350555,0.04049864550444673,0.04997588794339567,0.04540663087377697,0,0,0,0
2021-02-05,0.0021734329179066,3372.9438685893547,0.07319081699350555,0.04049864550444673,0.04997588794339567,0.04540663087377697,0,0,0,0
2021-02-08,0.0123829122622737,19258.770367938327,0.07319081699350555,0.04049864550444673,0.04997588794339567,0.04540663087377697,0,0,0,0
2021-02-09,-0.0037917691217362,-5970.249087054282,0.07319081699350555,0.04049864550444673,0.04997588794339567,0.04540663087377697,1,1,1,1
2021-02-10,0.002508384572792,3934.547674987,0.07319081699350555,0.04049864550444673,0.04997588794339567,0.04540663087377697,0,0,0,0
2021-02-11,0.0034217536070991,5380.683392523555,0.07319081699350555,0.04049864550444673,0.04997588794339567,0.04540663087377697,0,0,0,0
2021-02-12,0.0002164678260948,341.5588732939213,0.07319081699350555,0.04049864550444673,0.04997588794339567,0.04540663087377697,0,0,0,0
2021-02-16,0.0028025845952641,4423.08156023873,0.07319081699350555,0.04049864550444673,0.04997588794339567,0.04540663087377697,0,0,0,0
2021-02-17,-0.0040613593321998,-6427.662685776828,0.07319081699350555,0.04049864550444673,0.04997588794339567,0.04540663087377697,1,1,1,1
2021-02-18,-0.0044467469812324,-7009.009736228501,0.07319081699350555,0.04049864550444673,0.04997588794339567,0.04540663087377697,1,1,1,1
2021-02-19,-0.004166276598482,-6537.727872147923,0.07319081699350555,0.03925418923017885,0.045017294435639066,0.04023937692410364,1,1,1,1
2021-02-22,-0.0212847687244261,-33260.93894758611,0.07319081699350555,0.03925418923017885,0.045017294435639066,0.04023937692410364,1,1,1,1
2021-02-23,-0.0008378892926838,-1281.470335428603,0.07319081699350555,0.03925418923017885,0.045017294435639066,0.04023937692410364,1,1,1,1
2021-02-24,0.0101251841486949,15472.511134542525,0.07176482159523098,0.038442761403661374,0.04456611974773223,0.04023937692410364,0,0,0,0
2021-02-25,-0.0389086903680049,-60059.21968646138,0.07176482159523098,0.03925418923017885,0.04924428281755579,0.04275877804802973,1,1,1,1
2021-02-26,0.0052607938675587,7804.570496994071,0.07176482159523098,0.03925418923017885,0.04924428281755579,0.04275877804802973,0,0,0,0
2021-03-01,0.0277411123532061,41371.41155112977,0.07176482159523098,0.03925418923017885,0.04924428281755579,0.04275877804802973,0,0,0,0
2021-03-02,-0.0169058194014747,-25911.73077248945,0.07176482159523098,0.03925418923017885,0.04924428281755579,0.04275877804802973,1,1,1,1
2021-03-03,-0.0226110007354685,-34070.233248181874,0.07176482159523098,0.03925418923017885,0.04924428281755579,0.04275877804802973,1,1,1,1
2021-03-04,-0.0102821032310823,-15142.749188834568,0.07176482159523098,0.03925418923017885,0.04924428281755579,0.04275877804802973,1,1,1,1
2021-03-05,0.013635025230945,19874.22209618287,0.058558460720457776,0.03925418923017885,0.04924428281755579,0.04275877804802973,0,0,0,0
2021-03-08,-0.0311236053331435,-45983.88932708628,0.058558460720457776,0.03925418923017885,0.04924428281755579,0.04275877804802973,1,1,1,1
2021-03-09,0.038767281020769,55494.44586385973,0.058558460720457776,0.03925418923017885,0.04924428281755579,0.04275877804802973,0,0,0,0
2021-03-10,-0.0009628209655031,-1431.6866555809977,0.058139638891360514,0.03925418923017885,0.04924428281755579,0.04275877804802973,1,1,1,1
2021-03-11,0.0209715407015242,31154.04385396489,0.058139638891360514,0.03925418923017885,0.04924428281755579,0.04275877804802973,0,0,0,0
2021-03-12,-0.0063432474823132,-9620.760012957966,0.05629477275730836,0.038807675581757364,0.04924428281755579,0.04275877804802973,1,1,1,1
2021-03-15,0.0079649730140773,12003.79092627531,0.05629477275730836,0.038807675581757364,0.04924428281755579,0.04275877804802973,0,0,0,0
2021-03-16,0.0038423838890491,5836.873848491581,0.05484676173252287,0.038807675581757364,0.04924428281755579,0.04275877804802973,0,0,0,0
2021-03-17,0.0037235219168583,5678.047185275005,0.05484676173252287,0.038807675581757364,0.04924428281755579,0.04275877804802973,0,0,0,0
2021-03-18,-0.0282739726216031,-43275.89094599313,0.05484676173252287,0.038807675581757364,0.04924428281755579,0.04275877804802973,1,1,1,1
2021-03-19,0.0028733131145857,4273.522304815939,0.05484676173252287,0.038807675581757364,0.04924428281755579,0.04275877804802973,0,0,0,0
2021-03-22,0.0131497139056308,19613.965123960283,0.05484676173252287,0.038807675581757364,0.04924428281755579,0.04275877804802973,0,0,0,0
2021-03-23,-0.0028096995439008,-4246.025535965804,0.05484676173252287,0.038807675581757364,0.04924428281755579,0.04275877804802973,1,1,1,1
2021-03-24,-0.0143161443012536,-21573.809202441716,0.05484676173252287,0.038807675581757364,0.04924428281755579,0.04275877804802973,1,1,1,1
2021-03-25,-0.002400744751552,-3566.025116996607,0.05484676173252287,0.038807675581757364,0.04924428281755579,0.04275877804802973,1,1,1,1
2021-03-26,0.0098331952486573,14570.994308509164,0.05484676173252287,0.038807675581757364,0.04924428281755579,0.04275877804802973,0,0,0,0
2021-03-29,0.0018467017181016,2763.381984195905,0.05484676173252287,0.038807675581757364,0.04924428281755579,0.04275877804802973,0,0,0,0
2021-03-30,-0.004886744010543,-7325.968226142926,0.05263642591348721,0.038807675581757364,0.04924428281755579,0.04275877804802973,1,1,1,1
2021-03-31,0.0148975051289305,22224.47428157134,0.05263642591348721,0.038807675581757364,0.04924428281755579,0.04275877804802973,0,0,0,0
2021-04-01,0.0178852432962653,27079.14764327556,0.05263642591348721,0.038807675581757364,0.04924428281755579,0.04275877804802973,0,0,0,0
2021-04-05,0.0208425470081386,32121.05091424263,0.05263642591348721,0.038807675581757364,0.04924428281755579,0.04275877804802973,0,0,0,0
2021-04-06,-0.0041521528244085,-6532.3741017617285,0.05263642591348721,0.038807675581757364,0.04924428281755579,0.04275877804802973,1,1,1,1
2021-04-07,0.0114955998144262,18010.35793800652,0.05263642591348721,0.038807675581757364,0.04924428281755579,0.04275877804802973,0,0,0,0
2021-04-08,0.0091814868515578,14550.158418855164,0.05263642591348721,0.038807675581757364,0.04924428281755579,0.04275877804802973,0,0,0,0
2021-04-09,0.0110704923808626,17704.79561089608,0.05263642591348721,0.038807675581757364,0.04924428281755579,0.04275877804802973,0,0,0,0
2021-04-12,0.0057454213793449,9290.247885675868,0.05263642591348721,0.038807675581757364,0.04924428281755579,0.04275877804802973,0,0,0,0
2021-04-13,0.0145104300055418,23597.92208115524,0.05263642591348721,0.038807675581757364,0.04924428281755579,0.04275877804802973,0,0,0,0
2021-04-14,-0.0152013563618406,-25080.27745590149,0.05263642591348721,0.038807675581757364,0.04924428281755579,0.04275877804802973,1,1,1,1
2021-04-15,0.0209723308540194,34075.64920027042,0.05263642591348721,0.038807675581757364,0.04924428281755579,0.04275877804802973,0,0,0,0
2021-04-16,-0.0010220415828438,-1695.4304414724463,0.05263642591348721,0.038807675581757364,0.04924428281755579,0.04275877804802973,1,1,1,1
2021-04-19,-0.0090418239050614,-14983.848089892415,0.05263642591348721,0.038807675581757364,0.04924428281755579,0.04275877804802973,1,1,1,1
2021-04-20,-0.0083975227878752,-13790.30377686955,0.05263642591348721,0.038807675581757364,0.04924428281755579,0.04275877804802973,1,1,1,1
2021-04-21,0.0078676620649871,12811.675871530317,0.05263642591348721,0.038807675581757364,0.04924428281755579,0.04275877804802973,0,0,0,0
2021-04-22,-0.0176892593983796,-29031.76277448167,0.05263642591348721,0.038807675581757364,0.04924428281755579,0.04275877804802973,1,1,1,1
2021-04-23,0.0171347629216682,27624.26607475569,0.05263642591348721,0.038807675581757364,0.04924428281755579,0.04275877804802973,0,0,0,0
2021-04-26,0.0060543770452837,9927.973515961086,0.05263642591348721,0.038807675581757364,0.04924428281755579,0.04275877804802973,0,0,0,0
2021-04-27,-0.0030577037534094,-5044.382465705276,0.05263642591348721,0.038807675581757364,0.04924428281755579,0.04275877804802973,1,1,1,1
2021-04-28,-0.0004376542664534,-719.8032269948162,0.05263642591348721,0.038807675581757364,0.04924428281755579,0.04275877804802973,1,1,1,1
2021-04-29,0.0066588269998221,10946.87709691818,0.05263642591348721,0.038807675581757364,0.04924428281755579,0.04275877804802973,0,0,0,0
2021-04-30,-0.0091670730767055,-15170.696141663471,0.05263642591348721,0.038807675581757364,0.04924428281755579,0.04275877804802973,1,1,1,1
2021-05-03,-0.0032912532063521,-5396.802711690078,0.05263642591348721,0.038807675581757364,0.04924428281755579,0.04275877804802973,1,1,1,1
2021-05-04,-0.0175650661548265,-28707.36334660836,0.05263642591348721,0.038807675581757364,0.04924428281755579,0.04275877804802973,1,1,1,1
2021-05-05,0.0019947971656393,3202.9197374216747,0.05263642591348721,0.038807675581757364,0.04924428281755579,0.04275877804802973,0,0,0,0
2021-05-06,0.0102404327528975,16475.21495880373,0.05263642591348721,0.038807675581757364,0.04924428281755579,0.04275877804802973,0,0,0,0
2021-05-07,0.0077133673326773,12536.651121575384,0.05263642591348721,0.038807675581757364,0.04924428281755579,0.04275877804802973,0,0,0,0
2021-05-10,-0.0246847446364555,-40429.94814505265,0.05263642591348721,0.038807675581757364,0.04924428281755579,0.04275877804802973,1,1,1,1
2021-05-11,-0.0068034696305063,-10868.00959811802,0.05263642591348721,0.038807675581757364,0.04924428281755579,0.04275877804802973,1,1,1,1
2021-05-12,-0.024872188100387,-39461.06026552525,0.05263642591348721,0.038807675581757364,0.04924428281755579,0.04275877804802973,1,1,1,1
2021-05-13,0.0078326752604864,12117.8736805222,0.05263642591348721,0.038807675581757364,0.04924428281755579,0.04275877804802973,0,0,0,0
2021-05-14,0.023574368833975,36757.40203433507,0.05263642591348721,0.038807675581757364,0.04924428281755579,0.04275877804802973,0,0,0,0
2021-05-17,-0.0023297548676178,-3718.213851702632,0.05263642591348721,0.038807675581757364,0.04924428281755579,0.04275877804802973,1,1,1,1
2021-05-18,-0.0109108172684742,-17372.744753702777,0.05263642591348721,0.038807675581757364,0.04924428281755579,0.04275877804802973,1,1,1,1
2021-05-19,-0.0017370624445702,-2735.6594913834706,0.05263642591348721,0.038807675581757364,0.04924428281755579,0.04275877804802973,1,1,1,1
2021-05-20,0.0164005599185188,25783.99636581703,0.05263642591348721,0.038807675581757364,0.04924428281755579,0.04275877804802973,0,0,0,0
2021-05-21,-0.0011877850864472,-1897.9917475460095,0.05263642591348721,0.038807675581757364,0.04924428281755579,0.04275877804802973,1,1,1,1
2021-05-24,0.0207975756312967,33193.49702372099,0.05263642591348721,0.038807675581757364,0.04924428281755579,0.04275877804802973,0,0,0,0
2021-05-25,-0.0004902804424488,-798.775058849249,0.05263642591348721,0.038807675581757364,0.04924428281755579,0.04275877804802973,1,1,1,1
2021-05-26,0.0029541186036091,4810.551582567627,0.05263642591348721,0.038807675581757364,0.04924428281755579,0.04275877804802973,0,0,0,0
2021-05-27,-0.0047902586002051,-7823.606045835186,0.05263642591348721,0.038807675581757364,0.04924428281755579,0.04275877804802973,1,1,1,1
2021-05-28,0.0044581145115684,7246.258992796065,0.05263642591348721,0.038807675581757364,0.04924428281755579,0.04275877804802973,0,0,0,0
2021-06-01,0.0013428405668011,2192.3955756209325,0.05263642591348721,0.038807675581757364,0.04924428281755579,0.04275877804802973,0,0,0,0
2021-06-02,0.0046544078459739,7609.247272920329,0.05263642591348721,0.038807675581757364,0.04924428281755579,0.04275877804802973,0,0,0,0
2021-06-03,-0.0068434241050896,-11240.028451595224,0.05263642591348721,0.038807675581757364,0.04924428281755579,0.04275877804802973,1,1,1,1
2021-06-04,0.0176548699453074,28798.91994115198,0.05263642591348721,0.038807675581757364,0.04924428281755579,0.04275877804802973,0,0,0,0
2021-06-07,0.0022403879508768,3719.0791518122414,0.05263642591348721,0.038807675581757364,0.04924428281755579,0.04275877804802973,0,0,0,0
2021-06-08,0.0011980763393586,1993.2812627821693,0.05263642591348721,0.038807675581757364,0.04924428281755579,0.04275877804802973,0,0,0,0
2021-06-09,-0.0005174888480515,-861.9956903620623,0.04321248312692886,0.03811004553213963,0.04451743605018294,0.038546610058724756,1,1,1,1
2021-06-10,0.0041258657123055,6869.01377384318,0.04321248312692886,0.03811004553213963,0.04451743605018294,0.038546610058724756,0,0,0,0
2021-06-11,0.0042723024730148,7142.157870554365,0.04321248312692886,0.03811004553213963,0.04451743605018294,0.038546610058724756,0,0,0,0
2021-06-14,0.0093296466691764,15663.331329900306,0.04321248312692886,0.03811004553213963,0.04451743605018294,0.038546610058724756,0,0,0,0
2021-06-15,-0.0060791397156716,-10301.348808652489,0.04321248312692886,0.03811004553213963,0.04451743605018294,0.038546610058724756,1,1,1,1
2021-06-16,0.0005585861606467,940.7927137208172,0.04321248312692886,0.03811004553213963,0.04451743605018294,0.038546610058724756,0,0,0,0
2021-06-17,0.0116394229329936,19614.522765562404,0.04321248312692886,0.03811004553213963,0.04451743605018294,0.038546610058724756,0,0,0,0
2021-06-18,-0.0096228353051814,-16404.956944352016,0.04321248312692886,0.03811004553213963,0.04451743605018294,0.038546610058724756,1,1,1,1
2021-06-21,0.0081520487289025,13763.83403309388,0.04321248312692886,0.03811004553213963,0.04451743605018294,0.038546610058724756,0,0,0,0
2021-06-22,0.0118743214744103,20211.916696522618,0.04321248312692886,0.03811004553213963,0.04451743605018294,0.038546610058724756,0,0,0,0
2021-06-23,0.0039549140171309,6811.806742336834,0.04321248312692886,0.03811004553213963,0.04451743605018294,0.038546610058724756,0,0,0,0
2021-06-24,0.0039121060046508,6764.7242163294,0.04321248312692886,0.03811004553213963,0.04451743605018294,0.038546610058724756,0,0,0,0
2021-06-25,-0.0031280147917344,-5430.05178394774,0.04321248312692886,0.03811004553213963,0.04451743605018294,0.038546610058724756,1,1,1,1
2021-06-28,0.01491476575925,25810.178111899644,0.04321248312692886,0.03811004553213963,0.04451743605018294,0.038546610058724756,0,0,0,0
2021-06-29,0.002031453062336,3567.8856569717173,0.04321248312692886,0.03811004553213963,0.04451743605018294,0.038546610058724756,0,0,0,0
2021-06-30,0.0009700792418869,1707.2326229815371,0.04321248312692886,0.03811004553213963,0.04451743605018294,0.038546610058724756,0,0,0,0
2021-07-01,0.0049838243077148,8779.490419801325,0.04321248312692886,0.03811004553213963,0.04451743605018294,0.038546610058724756,0,0,0,0
2021-07-02,0.0142291824179887,25191.01137488056,0.04321248312692886,0.03811004553213963,0.04451743605018294,0.038546610058724756,0,0,0,0
2021-07-06,0.0050519187337904,9071.061577337794,0.04321248312692886,0.03811004553213963,0.04451743605018294,0.038546610058724756,0,0,0,0
2021-07-07,0.0012126119340382,2188.3263731212355,0.04321248312692886,0.03811004553213963,0.04451743605018294,0.038546610058724756,0,0,0,0
2021-07-08,-0.0091312743429873,-16498.632883147337,0.04321248312692886,0.03811004553213963,0.04451743605018294,0.038546610058724756,1,1,1,1
2021-07-09,0.0093493235609769,16738.359036958776,0.04321248312692886,0.03811004553213963,0.04451743605018294,0.038546610058724756,0,0,0,0
2021-07-12,0.0077524344031416,14009.166134207975,0.04321248312692886,0.03811004553213963,0.04451743605018294,0.038546610058724756,0,0,0,0
2021-07-13,-0.0020752047575033,-3779.105322686257,0.04321248312692886,0.03811004553213963,0.04451743605018294,0.038546610058724756,1,1,1,1
2021-07-14,-0.0003637718529822,-661.0814138695132,0.04321248312692886,0.03811004553213963,0.04451743605018294,0.038546610058724756,1,1,1,1
2021-07-15,-0.0111071616937662,-20177.666344863363,0.04321248312692886,0.03811004553213963,0.04451743605018294,0.038546610058724756,1,1,1,1
2021-07-16,-0.0158459049893334,-28466.503156408435,0.04321248312692886,0.03811004553213963,0.04451743605018294,0.038546610058724756,1,1,1,1
2021-07-19,-0.0118241582202528,-20905.011467639124,0.04321248312692886,0.03811004553213963,0.04451743605018294,0.038546610058724756,1,1,1,1
2021-07-20,0.0116497970601766,20353.203274022555,0.04321248312692886,0.03811004553213963,0.04451743605018294,0.038546610058724756,0,0,0,0
2021-07-21,0.0119078389761722,21046.387491398254,0.04321248312692886,0.03811004553213963,0.04451743605018294,0.038546610058724756,0,0,0,0
2021-07-22,0.0065305136183577,11679.732829416636,0.04321248312692886,0.03811004553213963,0.04451743605018294,0.038546610058724756,0,0,0,0
2021-07-23,0.0100749958023783,18136.66320490232,0.04321248312692886,0.03811004553213963,0.04451743605018294,0.038546610058724756,0,0,0,0
2021-07-26,0.00302460037158,5499.638403818011,0.04321248312692886,0.03811004553213963,0.04451743605018294,0.038546610058724756,0,0,0,0
2021-07-27,-0.0107078003823772,-19528.909187799785,0.04321248312692886,0.03811004553213963,0.04451743605018294,0.038546610058724756,1,1,1,1
2021-07-28,0.0035929455377537,6482.6554319688585,0.04321248312692886,0.03811004553213963,0.04451743605018294,0.038546610058724756,0,0,0,0
2021-07-29,0.0032614234448871,5905.641680787783,0.04321248312692886,0.03811004553213963,0.04451743605018294,0.038546610058724756,0,0,0,0
2021-07-30,-0.0119368286011627,-21685.177213516785,0.04321248312692886,0.03811004553213963,0.04451743605018294,0.038546610058724756,1,1,1,1
2021-08-02,0.0026213998813739,4705.350777089363,0.04321248312692886,0.03811004553213963,0.04451743605018294,0.038546610058724756,0,0,0,0
2021-08-03,0.0081504489674711,14668.21381675126,0.04321248312692886,0.03811004553213963,0.04451743605018294,0.038546610058724756,0,0,0,0
2021-08-04,0.0006978027552952,1266.0583657813258,0.04321248312692886,0.03811004553213963,0.04451743605018294,0.038546610058724756,0,0,0,0
2021-08-05,0.0069900596638734,12691.263940685196,0.04321248312692886,0.03811004553213963,0.04451743605018294,0.038546610058724756,0,0,0,0
2021-08-06,-0.0014450712781358,-2642.0342680066824,0.04321248312692886,0.03811004553213963,0.04451743605018294,0.038546610058724756,1,1,1,1
2021-08-09,-0.0008298638203634,-1515.0534953703173,0.04321248312692886,0.03811004553213963,0.04451743605018294,0.038546610058724756,1,1,1,1
2021-08-10,-0.0032008880060567,-5838.900316683343,0.04321248312692886,0.03811004553213963,0.04451743605018294,0.038546610058724756,1,1,1,1
2021-08-11,-0.0018974783423065,-3450.206204169197,0.04321248312692886,0.03811004553213963,0.04451743605018294,0.038546610058724756,1,1,1,1
2021-08-12,0.0096142954052659,17448.610132351052,0.04321248312692886,0.03811004553213963,0.04451743605018294,0.038546610058724756,0,0,0,0
2021-08-13,0.0026055990784754,4774.264328896767,0.04321248312692886,0.03811004553213963,0.04451743605018294,0.038546610058724756,0,0,0,0
2021-08-16,0.0001510081255074,277.4145979187452,0.04321248312692886,0.03811004553213963,0.04451743605018294,0.038546610058724756,0,0,0,0
2021-08-17,-0.0123424633598839,-22677.564849765506,0.04321248312692886,0.03811004553213963,0.04451743605018294,0.038546610058724756,1,1,1,1
2021-08-18,-0.0127125198167003,-23069.20327955135,0.04321248312692886,0.03811004553213963,0.04451743605018294,0.038546610058724756,1,1,1,1
2021-08-19,0.0068291127960265,12235.137905326206,0.04321248312692886,0.03811004553213963,0.04451743605018294,0.038546610058724756,0,0,0,0
2021-08-20,0.0165964500954588,29937.501462032786,0.04321248312692886,0.03811004553213963,0.04451743605018294,0.038546610058724756,0,0,0,0
2021-08-23,0.0193250364853512,35438.004500421,0.04321248312692886,0.03811004553213963,0.04451743605018294,0.038546610058724756,0,0,0,0
2021-08-24,0.001074023521585,2007.59183421894,0.04321248312692886,0.03811004553213963,0.04451743605018294,0.038546610058724756,0,0,0,0
2021-08-25,0.0035250795561885,6596.244466847274,0.04321248312692886,0.03811004553213963,0.04451743605018294,0.038546610058724756,0,0,0,0
2021-08-26,-0.0052598729712899,-9877.142203908414,0.04321248312692886,0.03811004553213963,0.04451743605018294,0.038546610058724756,1,1,1,1
2021-08-27,0.0122339985302048,22852.520752847195,0.04321248312692886,0.03811004553213963,0.04451743605018294,0.038546610058724756,0,0,0,0
2021-08-30,0.0109564575954493,20716.51841585012,0.04321248312692886,0.03811004553213963,0.04451743605018294,0.038546610058724756,0,0,0,0
2021-08-31,-0.0040004370650715,-7646.919200588949,0.04321248312692886,0.03811004553213963,0.04451743605018294,0.038546610058724756,1,1,1,1
2021-09-01,0.0013700530908705,2608.4084805063903,0.038353080541094535,0.03192281832990981,0.03571983935998863,0.03155018196639405,0,0,0,0
2021-09-02,0.0004677742098199,891.8033097351436,0.038353080541094535,0.03192281832990981,0.03571983935998863,0.03155018196639405,0,0,0,0
2021-09-03,0.0038622720561086,7366.798181261867,0.03451571092189361,0.026469612944004687,0.031284340128903874,0.02842312087086815,0,0,0,0
2021-09-07,0.0040939577071789,7838.868781297235,0.03451571092189361,0.026469612944004687,0.031284340128903874,0.02842312087086815,0,0,0,0
2021-09-08,-0.0062641762601312,-12043.379336093783,0.03451571092189361,0.026469612944004687,0.031284340128903874,0.02842312087086815,1,1,1,1
2021-09-09,-0.0047148092290617,-9007.815196232405,0.03451571092189361,0.026469612944004687,0.031284340128903874,0.02842312087086815,1,1,1,1
2021-09-10,-0.011333599984792,-21551.165650031064,0.03451571092189361,0.026469612944004687,0.031284340128903874,0.02842312087086815,1,1,1,1
2021-09-13,0.004226435676304,7945.604123553028,0.03451571092189361,0.026469612944004687,0.031284340128903874,0.02842312087086815,0,0,0,0
2021-09-14,-0.0025804428587007,-4871.67778150388,0.03451571092189361,0.026469612944004687,0.031284340128903874,0.02842312087086815,1,1,1,1
2021-09-15,0.0098030564019162,18459.659680878744,0.03451571092189361,0.026469612944004687,0.031284340128903874,0.02842312087086815,0,0,0,0
2021-09-16,-0.0017021734939762,-3236.701828295132,0.03451571092189361,0.026469612944004687,0.031284340128903874,0.02842312087086815,1,1,1,1
2021-09-17,-0.0128200772568799,-24336.02470573713,0.03451571092189361,0.026469612944004687,0.031284340128903874,0.02842312087086815,1,1,1,1
2021-09-20,-0.0257479321530816,-48250.03863413516,0.03451571092189361,0.03192281832990981,0.03419501333310564,0.030568840344237763,1,1,1,1
2021-09-21,0.002544573964431,4645.599056858104,0.02972728530448868,0.03192281832990981,0.03419501333310564,0.030568840344237763,0,0,0,0
2021-09-22,0.0137661121826511,25196.582551703323,0.02972728530448868,0.03192281832990981,0.03419501333310564,0.030568840344237763,0,0,0,0
2021-09-23,0.0126248735029512,23425.83831328805,0.02972728530448868,0.03192281832990981,0.03419501333310564,0.030568840344237763,0,0,0,0
2021-09-24,0.0021360566761943,4013.5573102396447,0.02972728530448868,0.03192281832990981,0.03419501333310564,0.030568840344237763,0,0,0,0
2021-09-27,-0.0042117339093529,-7930.568316456629,0.02972728530448868,0.03192281832990981,0.03419501333310564,0.030568840344237763,1,1,1,1
2021-09-28,-0.0272061606237109,-51012.62212715205,0.02972728530448868,0.03623543607648493,0.03536176194034652,0.03128198384385196,1,1,1,1
2021-09-29,-0.0011201426496372,-2043.1701482431963,0.02972728530448868,0.03623543607648493,0.03536176194034652,0.03128198384385196,1,1,1,1
2021-09-30,-0.0064131528975232,-11684.659225636628,0.02972728530448868,0.03623543607648493,0.03536176194034652,0.03128198384385196,1,1,1,1
2021-10-01,0.0122188013792445,22119.6828553488,0.02972728530448868,0.03623543607648493,0.03536176194034652,0.03128198384385196,0,0,0,0
2021-10-04,-0.0228955340117624,-41954.202285828535,0.02972728530448868,0.03623543607648493,0.03536176194034652,0.03128198384385196,1,1,1,1
2021-10-05,0.0171934978254405,30784.345657844096,0.02972728530448868,0.03623543607648493,0.03536176194034652,0.03128198384385196,0,0,0,0
2021-10-06,0.0073400111727452,13367.98609448108,0.02972728530448868,0.03623543607648493,0.03536176194034652,0.03128198384385196,0,0,0,0
2021-10-07,0.0099221577505744,18203.356560761345,0.02972728530448868,0.03623543607648493,0.03536176194034652,0.03128198384385196,0,0,0,0
2021-10-08,-0.0009212356997229,-1706.8840046194382,0.02972728530448868,0.03623543607648493,0.03536176194034652,0.03128198384385196,1,1,1,1
2021-10-11,-0.0066910713352413,-12385.930456794333,0.02972728530448868,0.03623543607648493,0.03536176194034652,0.03128198384385196,1,1,1,1
2021-10-12,-0.0050959626475217,-9370.08547389973,0.02972728530448868,0.03623543607648493,0.03536176194034652,0.03128198384385196,1,1,1,1
2021-10-13,0.0024649484407763,4509.271133332513,0.02972728530448868,0.03623543607648493,0.03536176194034652,0.03128198384385196,0,0,0,0
2021-10-14,0.0213107530444878,39081.07509876415,0.02972728530448868,0.03623543607648493,0.03536176194034652,0.03128198384385196,0,0,0,0
2021-10-15,0.0106199851466378,19890.67492999253,0.02972728530448868,0.03623543607648493,0.03536176194034652,0.03128198384385196,0,0,0,0
2021-10-18,0.0111203753335496,21049.071264567086,0.02972728530448868,0.03623543607648493,0.03536176194034652,0.03128198384385196,0,0,0,0
2021-10-19,0.0064306556573288,12307.55002862122,0.02972728530448868,0.03623543607648493,0.03536176194034652,0.03128198384385196,0,0,0,0
2021-10-20,0.0001924997788039,370.79207763588056,0.02972728530448868,0.03623543607648493,0.03536176194034652,0.03128198384385196,0,0,0,0
2021-10-21,0.0074092708333263,14274.446430881972,0.02972728530448868,0.03623543607648493,0.03536176194034652,0.03128198384385196,0,0,0,0
2021-10-22,-0.0069120649733593,-13415.212617932351,0.02972728530448868,0.03623543607648493,0.03536176194034652,0.03128198384385196,1,1,1,1
2021-10-25,0.0088624432563507,17081.693366849562,0.02972728530448868,0.03623543607648493,0.03536176194034652,0.03128198384385196,0,0,0,0
2021-10-26,0.0142727822411719,27753.51846458996,0.027750744742635912,0.03162169514344758,0.032845375713720516,0.029380670617149503,0,0,0,0
2021-10-27,0.0060848118550024,12000.831407333026,0.027750744742635912,0.03162169514344758,0.032845375713720516,0.029380670617149503,0,0,0,0
2021-10-28,0.0142409662026315,28257.792322387453,0.027750744742635912,0.03162169514344758,0.032845375713720516,0.029380670617149503,0,0,0,0
2021-10-29,0.0058219041703185,11716.690930180715,0.027750744742635912,0.03162169514344758,0.032845375713720516,0.029380670617149503,0,0,0,0
2021-11-01,-0.0001738796825433,-351.973404712975,0.027750744742635912,0.03162169514344758,0.032845375713720516,0.029380670617149503,1,1,1,1
2021-11-02,0.0053147469190865,10756.428082851227,0.027750744742635912,0.03162169514344758,0.032845375713720516,0.029380670617149503,0,0,0,0
2021-11-03,0.0085996257726069,17497.141132857418,0.027750744742635912,0.03162169514344758,0.032845375713720516,0.029380670617149503,0,0,0,0
2021-11-04,0.0215702249864113,44265.056202417705,0.027750744742635912,0.03162169514344758,0.032845375713720516,0.029380670617149503,0,0,0,0
2021-11-05,0.0025782350108223,5405.017107477412,0.027750744742635912,0.03162169514344758,0.032845375713720516,0.029380670617149503,0,0,0,0
2021-11-08,0.0028031576172629,5891.696430824697,0.027750744742635912,0.03162169514344758,0.032845375713720516,0.029380670617149503,0,0,0,0
2021-11-09,-0.0052526497684644,-11071.00331107108,0.027750744742635912,0.03162169514344758,0.032845375713720516,0.029380670617149503,1,1,1,1
2021-11-10,-0.0174993970949307,-36689.721365934005,0.027750744742635912,0.03162169514344758,0.032845375713720516,0.029380670617149503,1,1,1,1
2021-11-11,0.0045958280875087,9467.12100021285,0.027750744742635912,0.03162169514344758,0.032845375713720516,0.029380670617149503,0,0,0,0
2021-11-12,0.0081285609409913,16821.285781419603,0.027750744742635912,0.03162169514344758,0.032845375713720516,0.029380670617149503,0,0,0,0
2021-11-15,-0.0023213895420455,-4842.9442041006405,0.027750744742635912,0.03162169514344758,0.032845375713720516,0.029380670617149503,1,1,1,1
2021-11-16,0.0041950792402718,8731.568629102549,0.027750744742635912,0.03162169514344758,0.032845375713720516,0.029380670617149503,0,0,0,0
2021-11-17,-0.0009145316065743,-1911.4762735902327,0.027750744742635912,0.03162169514344758,0.032845375713720516,0.029380670617149503,1,1,1,1
2021-11-18,0.0224037354353862,46783.56037620804,0.027750744742635912,0.03162169514344758,0.032845375713720516,0.029380670617149503,0,0,0,0
2021-11-19,0.0071550855621381,15276.015610652044,0.027750744742635912,0.03162169514344758,0.032845375713720516,0.029380670617149503,0,0,0,0
2021-11-22,-0.0075028416478002,-16133.083905098028,0.027750744742635912,0.03162169514344758,0.032845375713720516,0.029380670617149503,1,1,1,1
2021-11-23,0.0004766827656896,1017.303021583706,0.027750744742635912,0.03162169514344758,0.032845375713720516,0.029380670617149503,0,0,0,0
2021-11-24,0.0060231782986091,12860.37328960374,0.027750744742635912,0.03162169514344758,0.032845375713720516,0.029380670617149503,0,0,0,0
2021-11-26,-0.0292111196769653,-62745.71118977852,0.028751917619837815,0.03684551434483049,0.03536176194034652,0.03128198384385196,1,1,1,1
2021-11-29,0.0244739159497292,51034.52765105525,0.028751917619837815,0.03684551434483049,0.03536176194034652,0.03128198384385196,0,0,0,0
2021-11-30,-0.009264770260685,-19792.2968136915,0.028751917619837815,0.03684551434483049,0.03536176194034652,0.03128198384385196,1,1,1,1
2021-12-01,-0.0141108624126236,-29865.70041791373,0.028751917619837815,0.03684551434483049,0.03536176194034652,0.03128198384385196,1,1,1,1
2021-12-02,0.0059161206470564,12344.805469195591,0.028751917619837815,0.03684551434483049,0.03536176194034652,0.03128198384385196,0,0,0,0
2021-12-03,-0.0197617829839541,-41479.65376012772,0.028751917619837815,0.03684551434483049,0.03536176194034652,0.03128198384385196,1,1,1,1
2021-12-06,0.0087910348383675,18087.58681183821,0.028751917619837815,0.03684551434483049,0.03536176194034652,0.03128198384385196,0,0,0,0
2021-12-07,0.0334019060864244,69328.70563510014,0.028751917619837815,0.03684551434483049,0.03536176194034652,0.03128198384385196,0,0,0,0
2021-12-08,0.0037724642193206,8091.633969899267,0.028751917619837815,0.03684551434483049,0.03536176194034652,0.03128198384385196,0,0,0,0
2021-12-09,-0.0121833017624969,-26230.790488412604,0.028751917619837815,0.03684551434483049,0.03536176194034652,0.03128198384385196,1,1,1,1
2021-12-10,0.0084672993901198,18008.09017617395,0.028751917619837815,0.03684551434483049,0.03536176194034652,0.03128198384385196,0,0,0,0
2021-12-13,-0.0232149290676723,-49791.12306210608,0.028751917619837815,0.03684551434483049,0.03536176194034652,0.03128198384385196,1,1,1,1
2021-12-14,-0.0069467119682968,-14553.346394975904,0.028751917619837815,0.03684551434483049,0.03536176194034652,0.03128198384385196,1,1,1,1
2021-12-15,0.026160001369946,54424.43014865322,0.028751917619837815,0.03684551434483049,0.03536176194034652,0.03128198384385196,0,0,0,0
2021-12-16,-0.029082738105056,-62087.83307091496,0.02914821270672974,0.03684551434483049,0.03536176194034652,0.03128198384385196,1,1,1,1
2021-12-17,-0.0100201282676504,-20769.532148840604,0.02914821270672974,0.03684551434483049,0.03536176194034652,0.03128198384385196,1,1,1,1
2021-12-20,-0.0116541763745708,-23914.504334390866,0.02914821270672974,0.03684551434483049,0.03536176194034652,0.03128198384385196,1,1,1,1
2021-12-21,0.0239446334484909,48562.03996201814,0.02914821270672974,0.03684551434483049,0.03536176194034652,0.03128198384385196,0,0,0,0
2021-12-22,0.0143335839373102,29765.967076920904,0.02914821270672974,0.03684551434483049,0.03536176194034652,0.03128198384385196,0,0,0,0
2021-12-23,0.0070047131517745,14754.903154526372,0.02914821270672974,0.03684551434483049,0.03536176194034652,0.03128198384385196,0,0,0,0
2021-12-27,0.0188395695647687,39962.11702747736,0.02914821270672974,0.03684551434483049,0.03536176194034652,0.03128198384385196,0,0,0,0
2021-12-28,-0.0047397699887866,-10243.316260498948,0.02914821270672974,0.03684551434483049,0.03536176194034652,0.03128198384385196,1,1,1,1
2021-12-29,-0.0028787478246672,-6191.895069298334,0.02914821270672974,0.03684551434483049,0.03536176194034652,0.03128198384385196,1,1,1,1
2021-12-30,-0.0061952717509293,-13287.04173137946,0.02914821270672974,0.03684551434483049,0.03536176194034652,0.03128198384385196,1,1,1,1
2021-12-31,-0.0068023276776083,-14498.615920954384,0.02914821270672974,0.03684551434483049,0.03536176194034652,0.03128198384385196,1,1,1,1
2022-01-03,0.0207613445664578,43950.13019232312,0.02914821270672974,0.03684551434483049,0.03536176194034652,0.03128198384385196,0,0,0,0
2022-01-04,-0.0094737683871155,-20471.594377539583,0.02914821270672974,0.03684551434483049,0.03536176194034652,0.03128198384385196,1,1,1,1
2022-01-05,-0.0327291527551604,-70053.46949926578,0.030186487361616166,0.03684551434483049,0.03536176194034652,0.03266496220557157,1,1,1,1
2022-01-06,-0.0018584507101465,-3847.63646552735,0.030186487361616166,0.03684551434483049,0.03536176194034652,0.03266496220557157,1,1,1,1
2022-01-07,-0.0074288524663657,-15351.713349740952,0.030186487361616166,0.03684551434483049,0.03536176194034652,0.03266496220557157,1,1,1,1
2022-01-10,0.0029335356322822,6017.11252973252,0.030186487361616166,0.03684551434483049,0.03536176194034652,0.03266496220557157,0,0,0,0
2022-01-11,0.0129079079761018,26553.68381624669,0.030186487361616166,0.03684551434483049,0.03536176194034652,0.03266496220557157,0,0,0,0
2022-01-12,0.0068413651584712,14255.47367477743,0.030186487361616166,0.03684551434483049,0.03536176194034652,0.03266496220557157,0,0,0,0
2022-01-13,-0.02831070404377,-59395.09761956823,0.030186487361616166,0.03684551434483049,0.03536176194034652,0.03266496220557157,1,1,1,1
2022-01-14,0.0032773127596636,6681.057941140374,0.030186487361616166,0.03684551434483049,0.03536176194034652,0.03266496220557157,0,0,0,0
2022-01-18,-0.0252554263437805,-51653.891419630265,0.030186487361616166,0.03684551434483049,0.03536176194034652,0.03266496220557157,1,1,1,1
2022-01-19,-0.0140134792213209,-27937.345646272413,0.030186487361616166,0.03684551434483049,0.03536176194034652,0.03266496220557157,1,1,1,1
2022-01-20,-0.0140246185692436,-27567.742492167046,0.030186487361616166,0.03684551434483049,0.03536176194034652,0.03266496220557157,1,1,1,1
2022-01-21,-0.026219441042826,-50815.90274169622,0.030186487361616166,0.03684551434483049,0.03536176194034652,0.03266496220557157,1,1,1,1
2022-01-24,0.0014752852378185,2784.282596506644,0.030186487361616166,0.03684551434483049,0.03536176194034652,0.03266496220557157,0,0,0,0
2022-01-25,-0.0195117837493789,-36878.60851807217,0.030186487361616166,0.03684551434483049,0.03536176194034652,0.03266496220557157,1,1,1,1
2022-01-26,0.0087819591618464,16274.638249750016,0.030186487361616166,0.03684551434483049,0.03536176194034652,0.03266496220557157,0,0,0,0
2022-01-27,-0.0111350045362158,-20816.496403814992,0.030186487361616166,0.03684551434483049,0.03536176194034652,0.03266496220557157,1,1,1,1
2022-01-28,0.033714819116112,62326.83521859022,0.030186487361616166,0.03684551434483049,0.03536176194034652,0.03266496220557157,0,0,0,0
2022-01-31,0.031622660202805,60430.11001739977,0.030186487361616166,0.03684551434483049,0.03536176194034652,0.03266496220557157,0,0,0,0
2022-02-01,0.007432746081481,14652.95288639702,0.030186487361616166,0.03684551434483049,0.03536176194034652,0.03266496220557157,0,0,0,0
2022-02-02,0.0136673399201208,27144.12932268809,0.030186487361616166,0.03684551434483049,0.03536176194034652,0.03266496220557157,0,0,0,0
2022-02-03,-0.0453505709986369,-91299.86455954006,0.0319424345183721,0.03684551434483049,0.03639270066508872,0.03528211389729776,1,1,1,1
2022-02-04,0.0218169385922502,41930.02294935123,0.0319424345183721,0.03684551434483049,0.03639270066508872,0.03528211389729776,0,0,0,0
2022-02-07,-0.0060464621407886,-11874.237373065902,0.0319424345183721,0.03684551434483049,0.03639270066508872,0.03528211389729776,1,1,1,1
2022-02-08,0.0113430220684998,22141.102856374346,0.0319424345183721,0.03684551434483049,0.03639270066508872,0.03528211389729776,0,0,0,0
2022-02-09,0.0193665210125436,38231.43207317824,0.0319424345183721,0.03684551434483049,0.03639270066508872,0.03528211389729776,0,0,0,0
2022-02-10,-0.0220164497709004,-44304.37450494943,0.0319424345183721,0.03684551434483049,0.03639270066508872,0.03528211389729776,1,1,1,1
2022-02-11,-0.0313000751624707,-61599.36725511728,0.03202890473474243,0.03684551434483049,0.03639270066508872,0.03528211389729776,1,1,1,1
2022-02-14,0.002766522538566,5274.172736694338,0.03202890473474243,0.03684551434483049,0.03639270066508872,0.03528211389729776,0,0,0,0
2022-02-15,0.0267383100778145,51115.65363993752,0.03202890473474243,0.03684551434483049,0.03639270066508872,0.03528211389729776,0,0,0,0
2022-02-16,0.0011051881019593,2169.281592332758,0.03202890473474243,0.03684551434483049,0.03639270066508872,0.03528211389729776,0,0,0,0
2022-02-17,-0.0347248799801527,-68233.90014787833,0.033746973639906454,0.03684551434483049,0.03639270066508872,0.03528211389729776,1,1,1,1
2022-02-18,-0.0135347021347652,-25671.973578376463,0.033746973639906454,0.03684551434483049,0.03639270066508872,0.03528211389729776,1,1,1,1
2022-02-22,-0.0117964810294798,-22072.16024101549,0.03202890473474243,0.03423083466112089,0.035085142177325696,0.03266496220557157,1,1,1,1
2022-02-23,-0.0278817203765351,-51553.52078266908,0.03202890473474243,0.03423083466112089,0.035085142177325696,0.03266496220557157,1,1,1,1
2022-02-24,0.0287028910369125,51592.1367178387,0.03202890473474243,0.03423083466112089,0.035085142177325696,0.03266496220557157,0,0,0,0
2022-02-25,0.0164856223223325,30482.682246659184,0.03202890473474243,0.03423083466112089,0.035085142177325696,0.03266496220557157,0,0,0,0
2022-02-28,0.0026386454083307,4959.4110451547895,0.03202890473474243,0.03423083466112089,0.035085142177325696,0.03266496220557157,0,0,0,0
2022-03-01,-0.0177989931054461,-33541.999469822505,0.03202890473474243,0.03423083466112089,0.035085142177325696,0.03266496220557157,1,1,1,1
2022-03-02,0.018262930362221,33803.7087374439,0.03202890473474243,0.03423083466112089,0.035085142177325696,0.03266496220557157,0,0,0,0
2022-03-03,-0.0128688587408873,-24254.585398634663,0.03202890473474243,0.03423083466112089,0.035085142177325696,0.03266496220557157,1,1,1,1
2022-03-04,-0.0154246276665214,-28697.45370415598,0.03202890473474243,0.03423083466112089,0.035085142177325696,0.03266496220557157,1,1,1,1
2022-03-07,-0.0400444665846424,-73353.38432948897,0.033746973639906454,0.03423083466112089,0.035085142177325696,0.03266496220557157,1,1,1,1
2022-03-08,-0.0031117909037398,-5471.912777939811,0.033746973639906454,0.03423083466112089,0.035085142177325696,0.03266496220557157,1,1,1,1
2022-03-09,0.0373667587782881,65502.91795854922,0.033746973639906454,0.03423083466112089,0.035085142177325696,0.03266496220557157,0,0,0,0
2022-03-10,-0.0059610515343206,-10840.028457105858,0.033746973639906454,0.03423083466112089,0.035085142177325696,0.03266496220557157,1,1,1,1
2022-03-11,-0.0222272102095393,-40178.70213846653,0.033746973639906454,0.03423083466112089,0.035085142177325696,0.03266496220557157,1,1,1,1
2022-03-14,-0.0207126043984024,-36608.64080494642,0.033746973639906454,0.03423083466112089,0.035085142177325696,0.03266496220557157,1,1,1,1
2022-03-15,0.0325741359266145,56380.89471048722,0.033746973639906454,0.03423083466112089,0.035085142177325696,0.03266496220557157,0,0,0,0
2022-03-16,0.0355011364801477,63448.67510228138,0.033746973639906454,0.03423083466112089,0.035085142177325696,0.03266496220557157,0,0,0,0
2022-03-17,0.0127351157912609,23568.59966901224,0.033746973639906454,0.03423083466112089,0.035085142177325696,0.03266496220557157,0,0,0,0
2022-03-18,0.0244819798286716,45885.26945917681,0.033746973639906454,0.03423083466112089,0.035085142177325696,0.03266496220557157,0,0,0,0
2022-03-21,0.0045014845275877,8643.444269776344,0.033746973639906454,0.03423083466112089,0.035085142177325696,0.03266496220557157,0,0,0,0
2022-03-22,0.0168466950683101,32493.49094469496,0.033746973639906454,0.03423083466112089,0.035085142177325696,0.03266496220557157,0,0,0,0
2022-03-23,-0.0097194352475914,-19062.42594574997,0.033746973639906454,0.03423083466112089,0.035085142177325696,0.03266496220557157,1,1,1,1
2022-03-24,0.0272762677041258,52976.14335559518,0.033746973639906454,0.03423083466112089,0.035085142177325696,0.03266496220557157,0,0,0,0
2022-03-25,0.0010892583516551,2173.2693144192453,0.033746973639906454,0.03423083466112089,0.035085142177325696,0.03266496220557157,0,0,0,0
2022-03-28,0.011746717664109,23462.375517874723,0.033746973639906454,0.03423083466112089,0.035085142177325696,0.03266496220557157,0,0,0,0
2022-03-29,0.0107318789019072,21687.17672859365,0.033746973639906454,0.03423083466112089,0.035085142177325696,0.03266496220557157,0,0,0,0
2022-03-30,-0.008732872973944,-17836.940429494716,0.033746973639906454,0.03423083466112089,0.035085142177325696,0.03266496220557157,1,1,1,1
2022-03-31,-0.0193087543872157,-39093.82649378828,0.033746973639906454,0.03423083466112089,0.035085142177325696,0.03266496220557157,1,1,1,1
2022-04-01,-0.0011612878363538,-2305.8236991788726,0.033746973639906454,0.03423083466112089,0.035085142177325696,0.03266496220557157,1,1,1,1
2022-04-04,0.020738577197762,41130.17383605079,0.033746973639906454,0.03423083466112089,0.035085142177325696,0.03266496220557157,0,0,0,0
2022-04-05,-0.0216331051545638,-43794.03663032479,0.033746973639906454,0.03423083466112089,0.035085142177325696,0.03266496220557157,1,1,1,1
2022-04-06,-0.0281222641272422,-55699.096156692365,0.033746973639906454,0.03423083466112089,0.035085142177325696,0.03266496220557157,1,1,1,1
2022-04-07,0.0004484365555417,863.1981607433408,0.033746973639906454,0.03423083466112089,0.035085142177325696,0.03266496220557157,0,0,0,0
2022-04-08,-0.0135454146928623,-26085.3407112204,0.033746973639906454,0.03423083466112089,0.035085142177325696,0.03266496220557157,1,1,1,1
2022-04-11,-0.0315249155856376,-59887.36933413218,0.033746973639906454,0.03423083466112089,0.035085142177325696,0.03266496220557157,1,1,1,1
2022-04-12,-0.0037371139883452,-6875.528727773111,0.033746973639906454,0.03423083466112089,0.035085142177325696,0.03266496220557157,1,1,1,1
2022-04-13,0.0154580362103208,28333.35664295894,0.033746973639906454,0.03423083466112089,0.035085142177325696,0.03266496220557157,0,0,0,0
2022-04-14,-0.0252382385731655,-46974.77734195232,0.033746973639906454,0.03423083466112089,0.035085142177325696,0.03266496220557157,1,1,1,1
2022-04-18,0.0085023595765237,15425.65595535445,0.033746973639906454,0.03423083466112089,0.035085142177325696,0.03266496220557157,0,0,0,0
2022-04-19,0.0180494314635118,33025.13626972702,0.033746973639906454,0.03423083466112089,0.035085142177325696,0.03266496220557157,0,0,0,0
2022-04-20,-0.0140855726143315,-26237.621589376125,0.033746973639906454,0.03423083466112089,0.035085142177325696,0.03266496220557157,1,1,1,1
2022-04-21,-0.0232778006765461,-42749.50834345655,0.033746973639906454,0.03423083466112089,0.035085142177325696,0.03266496220557157,1,1,1,1
2022-04-22,-0.0281190232979241,-50438.30337008787,0.033746973639906454,0.03423083466112089,0.035085142177325696,0.03266496220557157,1,1,1,1
2022-04-25,0.0109248681728967,19045.374836091883,0.033746973639906454,0.03423083466112089,0.035085142177325696,0.03266496220557157,0,0,0,0
2022-04-26,-0.0424440775811501,-74801.32642277051,0.037437869148442396,0.03423083466112089,0.035085142177325696,0.03266496220557157,1,1,1,1
2022-04-27,-0.0021700410470477,-3662.050212532748,0.037437869148442396,0.03423083466112089,0.035085142177325696,0.03266496220557157,1,1,1,1
2022-04-28,0.0430686189254035,72522.67768557533,0.037437869148442396,0.03423083466112089,0.035085142177325696,0.03266496220557157,0,0,0,0
2022-04-29,-0.0500974665022716,-87991.66355684493,0.0412682681928613,0.03423083466112089,0.035085142177325696,0.03266496220557157,1,1,1,1
2022-05-02,0.0194497721764188,32450.345830221893,0.0412682681928613,0.03423083466112089,0.035085142177325696,0.03266496220557157,0,0,0,0
2022-05-03,0.0050099565316843,8521.275405936409,0.0412682681928613,0.03423083466112089,0.035085142177325696,0.03266496220557157,0,0,0,0
2022-05-04,0.034236632361463,58523.73669361137,0.0412682681928613,0.03423083466112089,0.035085142177325696,0.03266496220557157,0,0,0,0
2022-05-05,-0.0546832573635133,-96675.24943864252,0.04392638922406834,0.03423083466112089,0.035085142177325696,0.03266496220557157,1,1,1,1
2022-05-06,-0.0043434004515882,-7258.85542507167,0.04392638922406834,0.03423083466112089,0.035085142177325696,0.03266496220557157,1,1,1,1
2022-05-09,-0.0487305699521406,-81086.64695568173,0.04707437046492376,0.03423083466112089,0.035085142177325696,0.03266496220557157,1,1,1,1
2022-05-10,0.0124938208053944,19776.37389960233,0.04707437046492376,0.03423083466112089,0.035085142177325696,0.03266496220557157,0,0,0,0
2022-05-11,-0.0345319193654201,-55343.228592782514,0.04707437046492376,0.03423083466112089,0.035085142177325696,0.03266496220557157,1,1,1,1
2022-05-12,-0.0122118382198827,-18895.689134822693,0.04707437046492376,0.03423083466112089,0.035085142177325696,0.03266496220557157,1,1,1,1
2022-05-13,0.0392750265401092,60029.12285080901,0.04707437046492376,0.03423083466112089,0.035085142177325696,0.03266496220557157,0,0,0,0
2022-05-16,-0.0109347978024192,-17369.47766533913,0.04707437046492376,0.03423083466112089,0.035085142177325696,0.03266496220557157,1,1,1,1
2022-05-17,0.0289386206131361,45465.162796936,0.04707437046492376,0.03423083466112089,0.035085142177325696,0.03266496220557157,0,0,0,0
2022-05-18,-0.051495081288698,-83244.61342519103,0.0494276871927074,0.03423083466112089,0.035085142177325696,0.03266496220557157,1,1,1,1
2022-05-19,-0.0058228718767487,-8928.267926019616,0.0494276871927074,0.03423083466112089,0.035085142177325696,0.03266496220557157,1,1,1,1
2022-05-20,-0.0073191149839819,-11157.125489114318,0.0494276871927074,0.03423083466112089,0.035085142177325696,0.03266496220557157,1,1,1,1
2022-05-23,0.0259856158974381,39322.07450305438,0.0494276871927074,0.03423083466112089,0.035085142177325696,0.03266496220557157,0,0,0,0
2022-05-24,-0.0248950794978887,-38650.7741130807,0.0494276871927074,0.03423083466112089,0.035085142177325696,0.03266496220557157,1,1,1,1
2022-05-25,0.0165347515694269,25031.89342996385,0.0494276871927074,0.03423083466112089,0.035085142177325696,0.03266496220557157,0,0,0,0
2022-05-26,0.0278291899650677,42827.11528851255,0.0494276871927074,0.03423083466112089,0.035085142177325696,0.03266496220557157,0,0,0,0
2022-05-27,0.0344603908807844,54507.89414412109,0.0494276871927074,0.03423083466112089,0.035085142177325696,0.03266496220557157,0,0,0,0
2022-05-31,0.0010480633719675,1714.9071626637597,0.0494276871927074,0.03423083466112089,0.035085142177325696,0.03266496220557157,0,0,0,0
2022-06-01,-0.0051432297655685,-8424.495969068725,0.0494276871927074,0.03423083466112089,0.035085142177325696,0.03266496220557157,1,1,1,1
2022-06-02,0.0273109774657989,44504.692465290194,0.0494276871927074,0.03423083466112089,0.035085142177325696,0.03266496220557157,0,0,0,0
2022-06-03,-0.030682872681295,-51364.9071313201,0.0494276871927074,0.03423083466112089,0.035085142177325696,0.03266496220557157,1,1,1,1
2022-06-06,0.0065171365812104,10575.312230188169,0.0494276871927074,0.03423083466112089,0.035085142177325696,0.03266496220557157,0,0,0,0
2022-06-07,0.0092048200484612,15033.941356639378,0.0494276871927074,0.03423083466112089,0.035085142177325696,0.03266496220557157,0,0,0,0
2022-06-08,-0.0063124939238072,-10404.898270136213,0.0494276871927074,0.03423083466112089,0.035085142177325696,0.03266496220557157,1,1,1,1
2022-06-09,-0.029055873356404,-47590.53955272399,0.0494276871927074,0.03423083466112089,0.035085142177325696,0.03266496220557157,1,1,1,1
2022-06-10,-0.0429802172395135,-68351.73452817369,0.0494276871927074,0.03423083466112089,0.035085142177325696,0.03266496220557157,1,1,1,1
2022-06-13,-0.0504608416541878,-76799.13683528034,0.050282787829748855,0.03423083466112089,0.035085142177325696,0.03266496220557157,1,1,1,1
2022-06-14,0.0021056446727648,3042.9850189709105,0.050282787829748855,0.03423083466112089,0.035085142177325696,0.03266496220557157,0,0,0,0
2022-06-15,0.0278852498992351,40383.39041907457,0.050282787829748855,0.03423083466112089,0.035085142177325696,0.03266496220557157,0,0,0,0
2022-06-16,-0.0394549544541189,-58731.94956660201,0.050282787829748855,0.03423083466112089,0.035085142177325696,0.03266496220557157,1,1,1,1
2022-06-17,0.0080343304091008,11487.890704607358,0.050282787829748855,0.03423083466112089,0.035085142177325696,0.03266496220557157,0,0,0,0
2022-06-21,0.0336327710169911,48476.20133990701,0.050282787829748855,0.03423083466112089,0.035085142177325696,0.03266496220557157,0,0,0,0
2022-06-22,-0.0050082766615917,-7461.403247491457,0.050282787829748855,0.03423083466112089,0.035085142177325696,0.03266496220557157,1,1,1,1
2022-06-23,0.0093096660619743,13800.212422729935,0.050282787829748855,0.03423083466112089,0.035085142177325696,0.03266496220557157,0,0,0,0
2022-06-24,0.0356693295113454,53366.78579070885,0.050282787829748855,0.03423083466112089,0.035085142177325696,0.03266496220557157,0,0,0,0
2022-06-27,-0.0074547464333894,-11551.279486316722,0.050282787829748855,0.03423083466112089,0.035085142177325696,0.03266496220557157,1,1,1,1
2022-06-28,-0.0317022163660229,-48757.020513596246,0.050282787829748855,0.03423083466112089,0.035085142177325696,0.03266496220557157,1,1,1,1
2022-06-29,0.0002039614435644,303.7417897975538,0.050282787829748855,0.03423083466112089,0.035085142177325696,0.03266496220557157,0,0,0,0
2022-06-30,-0.0200769930178671,-29904.99326011352,0.050282787829748855,0.03423083466112089,0.035085142177325696,0.03266496220557157,1,1,1,1
2022-07-01,0.0042507564924607,6204.449042641558,0.050282787829748855,0.03423083466112089,0.035085142177325696,0.03266496220557157,0,0,0,0
2022-07-05,0.0183136253949723,26844.386880260427,0.050282787829748855,0.03423083466112089,0.035085142177325696,0.03266496220557157,0,0,0,0
2022-07-06,0.0069549654557197,10381.394500224384,0.050282787829748855,0.03423083466112089,0.035085142177325696,0.03266496220557157,0,0,0,0
2022-07-07,0.0257443731154381,38694.84278469323,0.050282787829748855,0.03423083466112089,0.035085142177325696,0.03266496220557157,0,0,0,0
2022-07-08,0.001187548538922,1830.885892545572,0.050282787829748855,0.03423083466112089,0.035085142177325696,0.03266496220557157,0,0,0,0
2022-07-11,-0.0253779885597301,-39172.61333310255,0.050282787829748855,0.03423083466112089,0.035085142177325696,0.03266496220557157,1,1,1,1
2022-07-12,-0.010311971895108,-15513.267622698098,0.050282787829748855,0.03423083466112089,0.035085142177325696,0.03266496220557157,1,1,1,1
2022-07-13,-0.0026775699732027,-3986.582076683175,0.050282787829748855,0.03423083466112089,0.035085142177325696,0.03266496220557157,1,1,1,1
2022-07-14,0.0003483216300531,517.2207162838895,0.050282787829748855,0.03423083466112089,0.035085142177325696,0.03266496220557157,0,0,0,0
2022-07-15,0.021851397558724,32458.312235452235,0.050282787829748855,0.03423083466112089,0.035085142177325696,0.03266496220557157,0,0,0,0
2022-07-18,-0.0049795219954022,-7558.264979204861,0.050282787829748855,0.03423083466112089,0.035085142177325696,0.03266496220557157,1,1,1,1
2022-07-19,0.0331124803837735,50010.15392130823,0.050282787829748855,0.03423083466112089,0.035085142177325696,0.03266496220557157,0,0,0,0
2022-07-20,0.0167886518059614,26195.693912988063,0.050282787829748855,0.03423083466112089,0.035085142177325696,0.03266496220557157,0,0,0,0
2022-07-21,0.0131925170669825,20930.154799537733,0.050282787829748855,0.03423083466112089,0.035085142177325696,0.03266496220557157,0,0,0,0
2022-07-22,-0.0227932304662824,-36638.91726270784,0.050282787829748855,0.03423083466112089,0.035085142177325696,0.03266496220557157,1,1,1,1
2022-07-25,-0.0050391321604677,-7915.511148023652,0.050282787829748855,0.03423083466112089,0.035085142177325696,0.03266496220557157,1,1,1,1
2022-07-26,-0.0236318198097972,-36934.00323289796,0.050282787829748855,0.03423083466112089,0.035085142177325696,0.03266496220557157,1,1,1,1
2022-07-27,0.0491452876069175,74993.68852123502,0.050282787829748855,0.03423083466112089,0.035085142177325696,0.03266496220557157,0,0,0,0
2022-07-28,0.0079164556469887,12673.870080127614,0.050282787829748855,0.03423083466112089,0.035085142177325696,0.03266496220557157,0,0,0,0
2022-07-29,0.0270766177417299,43691.54652443901,0.050282787829748855,0.03423083466112089,0.035085142177325696,0.03266496220557157,0,0,0,0
2022-08-01,-0.0040057194660426,-6638.750954160001,0.050282787829748855,0.03423083466112089,0.035085142177325696,0.03266496220557157,1,1,1,1
2022-08-02,-0.0047312411056716,-7809.761491904734,0.050282787829748855,0.03423083466112089,0.035085142177325696,0.03266496220557157,1,1,1,1
2022-08-03,0.0246314866808943,40466.3177789948,0.050282787829748855,0.03423083466112089,0.035085142177325696,0.03266496220557157,0,0,0,0
2022-08-04,0.0018545528067664,3121.8351333145984,0.050282787829748855,0.03423083466112089,0.035085142177325696,0.03266496220557157,0,0,0,0
2022-08-05,-0.0049386131368714,-8328.761833495228,0.050282787829748855,0.03423083466112089,0.035085142177325696,0.03266496220557157,1,1,1,1
2022-08-08,-0.0123359092906726,-20701.245563703123,0.050282787829748855,0.03423083466112089,0.035085142177325696,0.03266496220557157,1,1,1,1
2022-08-09,-0.006549923363381,-10856.023944473824,0.050282787829748855,0.03423083466112089,0.035085142177325696,0.03266496220557157,1,1,1,1
2022-08-10,0.031287410310607,51516.96138533554,0.050282787829748855,0.03423083466112089,0.035085142177325696,0.03266496220557157,0,0,0,0
2022-08-11,-0.0045906006419289,-7795.24645907199,0.050282787829748855,0.03423083466112089,0.035085142177325696,0.03266496220557157,1,1,1,1
2022-08-12,0.0236704585863964,40010.01800843538,0.050282787829748855,0.03423083466112089,0.035085142177325696,0.03266496220557157,0,0,0,0
2022-08-15,0.0057869634831927,10013.202226647874,0.050282787829748855,0.03423083466112089,0.035085142177325696,0.03266496220557157,0,0,0,0
2022-08-16,-0.0012080767082031,-2102.435876061907,0.050282787829748855,0.03423083466112089,0.035085142177325696,0.03266496220557157,1,1,1,1
2022-08-17,-0.0089521513144983,-15560.75567109068,0.050282787829748855,0.03423083466112089,0.035085142177325696,0.03266496220557157,1,1,1,1
2022-08-18,0.0033175253108502,5714.9460830814205,0.050282787829748855,0.03423083466112089,0.035085142177325696,0.03266496220557157,0,0,0,0
2022-08-19,-0.0234745479018342,-40572.66430630465,0.050282787829748855,0.03423083466112089,0.035085142177325696,0.03266496220557157,1,1,1,1
2022-08-22,-0.0270787890207821,-45703.46176297055,0.050282787829748855,0.03423083466112089,0.035085142177325696,0.03266496220557157,1,1,1,1
2022-08-23,0.0009330154485539,1532.097360501066,0.050282787829748855,0.03423083466112089,0.035085142177325696,0.03266496220557157,0,0,0,0
2022-08-24,0.0017180269459775,2823.7907765980344,0.050282787829748855,0.03423083466112089,0.035085142177325696,0.03266496220557157,0,0,0,0
2022-08-25,0.0202249282084361,33299.2937301253,0.050282787829748855,0.03423083466112089,0.035085142177325696,0.03266496220557157,0,0,0,0
2022-08-26,-0.0471275037573748,-79162.29953259858,0.050282787829748855,0.03463959192424385,0.03639270066508872,0.03528211389729776,1,1,1,1
2022-08-29,-0.0106781486536123,-17091.285098023014,0.050282787829748855,0.03463959192424385,0.03639270066508872,0.03528211389729776,1,1,1,1
2022-08-30,-0.0133050122990247,-21068.40401916089,0.050282787829748855,0.03463959192424385,0.03639270066508872,0.03528211389729776,1,1,1,1
2022-08-31,-0.0087483141602704,-13668.587910101982,0.050282787829748855,0.03463959192424385,0.03639270066508872,0.03528211389729776,1,1,1,1
2022-09-01,-0.008174966255793,-12661.034358534263,0.050282787829748855,0.03463959192424385,0.03639270066508872,0.03528211389729776,1,1,1,1
2022-09-02,-0.0137421833804,-21109.30933165457,0.050282787829748855,0.03463959192424385,0.03639270066508872,0.03528211389729776,1,1,1,1
2022-09-06,-0.0073580389371233,-11147.32913682051,0.050282787829748855,0.03463959192424385,0.03639270066508872,0.03528211389729776,1,1,1,1
2022-09-07,0.0166346608669274,25015.853431488387,0.050282787829748855,0.03463959192424385,0.03639270066508872,0.03528211389729776,0,0,0,0
2022-09-08,0.0053396209890313,8163.505999991903,0.050282787829748855,0.03463959192424385,0.03639270066508872,0.03528211389729776,0,0,0,0
2022-09-09,0.0211092958963163,32445.377464029934,0.050282787829748855,0.03463959192424385,0.03639270066508872,0.03528211389729776,0,0,0,0
2022-09-12,0.0156981713709912,24637.712276465027,0.050282787829748855,0.03463959192424385,0.03639270066508872,0.03528211389729776,0,0,0,0
2022-09-13,-0.0622555488769908,-99241.66692643984,0.05098830386778799,0.03684551434483049,0.03833071003738291,0.039022709719563835,1,1,1,1
2022-09-14,0.0057975180436013,8666.47714156448,0.05098830386778799,0.03684551434483049,0.03833071003738291,0.039022709719563835,0,0,0,0
2022-09-15,-0.0131866775560618,-19826.51730189426,0.05098830386778799,0.03684551434483049,0.03833071003738291,0.039022709719563835,1,1,1,1
2022-09-16,-0.0046986724238912,-6971.419534626417,0.05098830386778799,0.03463959192424385,0.038064938108206034,0.039022709719563835,1,1,1,1
2022-09-19,0.0107464073987435,15869.52524898015,0.05098830386778799,0.03463959192424385,0.038064938108206034,0.039022709719563835,0,0,0,0
2022-09-20,-0.0075689468383811,-11297.39452004782,0.05098830386778799,0.03463959192424385,0.038064938108206034,0.039022709719563835,1,1,1,1
2022-09-21,-0.0176535972652257,-26150.283401195196,0.05098830386778799,0.03463959192424385,0.038064938108206034,0.039022709719563835,1,1,1,1
2022-09-22,-0.0109827552326118,-15981.559243755182,0.05098830386778799,0.03463959192424385,0.038064938108206034,0.039022709719563835,1,1,1,1
2022-09-23,-0.0181557709892364,-26129.217530136,0.05098830386778799,0.03463959192424385,0.038064938108206034,0.039022709719563835,1,1,1,1
2022-09-26,-0.0077887444542878,-11005.80351774348,0.05098830386778799,0.03288326794163684,0.038064938108206034,0.039022709719563835,1,1,1,1
2022-09-27,0.0022395537614661,3139.929823830491,0.05098830386778799,0.03288326794163684,0.038064938108206034,0.039022709719563835,0,0,0,0
2022-09-28,0.0177143652417518,24891.758727171225,0.05098830386778799,0.03288326794163684,0.038064938108206034,0.039022709719563835,0,0,0,0
2022-09-29,-0.0316440251255709,-45253.024765678216,0.05098830386778799,0.03288326794163684,0.038064938108206034,0.039022709719563835,1,1,1,1
2022-09-30,-0.0169966214865458,-23537.131404818967,0.05098830386778799,0.03288326794163684,0.038064938108206034,0.039022709719563835,1,1,1,1
2022-10-03,0.0243654761202318,33168.1189205884,0.05098830386778799,0.03288326794163684,0.038064938108206034,0.039022709719563835,0,0,0,0
2022-10-04,0.0342255183436149,47725.54615207459,0.05098830386778799,0.03288326794163684,0.038064938108206034,0.039022709719563835,0,0,0,0
2022-10-05,-0.0003580211651843,-516.3269854290411,0.05098830386778799,0.03288326794163684,0.038064938108206034,0.039022709719563835,1,1,1,1
2022-10-06,-0.006119755223218,-8822.560786137125,0.05098830386778799,0.03288326794163684,0.038064938108206034,0.039022709719563835,1,1,1,1
2022-10-07,-0.0447390002208914,-64103.38166603586,0.05098830386778799,0.03288326794163684,0.038064938108206034,0.039022709719563835,1,1,1,1
2022-10-10,-0.0120320496671866,-16468.5866470912,0.05098830386778799,0.03288326794163684,0.038064938108206034,0.039022709719563835,1,1,1,1
2022-10-11,-0.014400698849257,-19473.46067422465,0.05098830386778799,0.03288326794163684,0.038064938108206034,0.039022709719563835,1,1,1,1
2022-10-12,0.0007923539844312,1056.0371648676228,0.05098830386778799,0.03288326794163684,0.038064938108206034,0.039022709719563835,0,0,0,0
2022-10-13,0.0294465531294287,39277.00832141959,0.05098830386778799,0.03288326794163684,0.038064938108206034,0.039022709719563835,0,0,0,0
2022-10-14,-0.0320759353674774,-44044.03190409253,0.05098830386778799,0.03288326794163684,0.038064938108206034,0.039022709719563835,1,1,1,1
2022-10-17,0.0416662497650248,55377.51191276708,0.05098830386778799,0.03288326794163684,0.038064938108206034,0.039022709719563835,0,0,0,0
2022-10-18,0.0088953036867794,12315.112938860895,0.05098830386778799,0.03288326794163684,0.038064938108206034,0.039022709719563835,0,0,0,0
2022-10-19,-0.002446089859331,-3416.615659664385,0.05098830386778799,0.03288326794163684,0.038064938108206034,0.039022709719563835,1,1,1,1
2022-10-20,-0.0028844303020489,-4019.019788346952,0.05098830386778799,0.03288326794163684,0.038064938108206034,0.039022709719563835,1,1,1,1
2022-10-21,0.0253929301096069,35279.17415306787,0.05098830386778799,0.03288326794163684,0.038064938108206034,0.039022709719563835,0,0,0,0
2022-10-24,0.0098007044471893,13962.17908973503,0.05098830386778799,0.03288326794163684,0.038064938108206034,0.039022709719563835,0,0,0,0
2022-10-25,0.0213962189323049,30779.999895334942,0.05098830386778799,0.03288326794163684,0.038064938108206034,0.039022709719563835,0,0,0,0
2022-10-26,-0.034337678812204,-50454.13452040288,0.05098830386778799,0.03288326794163684,0.038064938108206034,0.039022709719563835,1,1,1,1
2022-10-27,-0.0265346045089939,-37649.89175361791,0.05098830386778799,0.03288326794163684,0.038064938108206034,0.039022709719563835,1,1,1,1
2022-10-28,0.0299467050437509,41363.82346573379,0.05098830386778799,0.03288326794163684,0.038064938108206034,0.039022709719563835,0,0,0,0
2022-10-31,-0.0151226863050187,-21513.710833941583,0.05098830386778799,0.03288326794163684,0.038064938108206034,0.039022709719563835,1,1,1,1
2022-11-01,-0.0129378441640295,-18127.18775120377,0.05098830386778799,0.03288326794163684,0.038064938108206034,0.039022709719563835,1,1,1,1
2022-11-02,-0.0332569804244738,-45993.43366414681,0.05098830386778799,0.03288326794163684,0.038064938108206034,0.039022709719563835,1,1,1,1
2022-11-03,-0.0176556399455472,-23605.191441807663,0.05098830386778799,0.03288326794163684,0.038064938108206034,0.039022709719563835,1,1,1,1
2022-11-04,0.0200245213906595,26299.64971639798,0.05098830386778799,0.03288326794163684,0.038064938108206034,0.039022709719563835,0,0,0,0
2022-11-07,0.0106636004987493,14285.725406713553,0.05098830386778799,0.03288326794163684,0.038064938108206034,0.039022709719563835,0,0,0,0
2022-11-08,0.0037998774959025,5144.8729208,0.05098830386778799,0.03288326794163684,0.038064938108206034,0.039022709719563835,0,0,0,0
2022-11-09,-0.0304473531684817,-41381.07223321544,0.05098830386778799,0.03288326794163684,0.038064938108206034,0.039022709719563835,1,1,1,1
2022-11-10,0.0813236739778396,107161.94357468118,0.05098830386778799,0.03288326794163684,0.038064938108206034,0.039022709719563835,0,0,0,0
2022-11-11,0.0200496699889122,28568.44032998779,0.05098830386778799,0.03288326794163684,0.038064938108206034,0.039022709719563835,0,0,0,0
2022-11-14,-0.0111222186150193,-16165.608219938818,0.05098830386778799,0.03288326794163684,0.038064938108206034,0.039022709719563835,1,1,1,1
2022-11-15,0.0099638560870624,14320.9123712196,0.05098830386778799,0.03288326794163684,0.038064938108206034,0.039022709719563835,0,0,0,0
2022-11-16,-0.0130063216622707,-18880.06840221258,0.05098830386778799,0.03288326794163684,0.038064938108206034,0.039022709719563835,1,1,1,1
2022-11-17,-0.0043351549386171,-6211.093510857085,0.05098830386778799,0.03288326794163684,0.038064938108206034,0.039022709719563835,1,1,1,1
2022-11-18,-0.0024241432266287,-3458.078861834947,0.05098830386778799,0.03288326794163684,0.038064938108206034,0.039022709719563835,1,1,1,1
2022-11-21,-0.015304602283324,-21779.334011343773,0.05098830386778799,0.03288326794163684,0.038064938108206034,0.039022709719563835,1,1,1,1
2022-11-22,0.0187439909862526,26265.55137192272,0.05098830386778799,0.03288326794163684,0.038064938108206034,0.039022709719563835,0,0,0,0
2022-11-23,0.0151650574796846,21648.78743096744,0.05098830386778799,0.03075909457528205,0.03547339208488882,0.03528211389729776,0,0,0,0
2022-11-25,-0.0077880384330531,-11286.369441860124,0.05098830386778799,0.03075909457528205,0.03547339208488882,0.03528211389729776,1,1,1,1
2022-11-28,-0.0188245781160786,-27067.98245392926,0.05098830386778799,0.03075909457528205,0.03547339208488882,0.03528211389729776,1,1,1,1
2022-11-29,-0.0082013923036459,-11570.839820126072,0.05098830386778799,0.03075909457528205,0.03547339208488882,0.03528211389729776,1,1,1,1
2022-11-30,0.0514808618647645,72035.50389862456,0.05098830386778799,0.03075909457528205,0.03547339208488882,0.03528211389729776,0,0,0,0
2022-12-01,-0.0007788866180378,-1145.9783270144835,0.05098830386778799,0.03075909457528205,0.03547339208488882,0.03528211389729776,1,1,1,1
2022-12-02,-0.00460321936425,-6767.455916235689,0.05098830386778799,0.03075909457528205,0.03547339208488882,0.03528211389729776,1,1,1,1
2022-12-05,-0.0192385366015178,-28153.476421214407,0.05098830386778799,0.03075909457528205,0.03547339208488882,0.03528211389729776,1,1,1,1
2022-12-06,-0.0246597159284981,-35392.517711764434,0.05098830386778799,0.03075909457528205,0.03547339208488882,0.03528211389729776,1,1,1,1
2022-12-07,-0.0054458114929862,-7623.28497448354,0.05098830386778799,0.03075909457528205,0.03547339208488882,0.03528211389729776,1,1,1,1
2022-12-08,0.0168385499840302,23442.973247060552,0.05098830386778799,0.03075909457528205,0.03547339208488882,0.03528211389729776,0,0,0,0
2022-12-09,-0.0056468063604848,-7993.977092228131,0.05098830386778799,0.03075909457528205,0.03547339208488882,0.03528211389729776,1,1,1,1
2022-12-12,0.0139184157606477,19592.52828355995,0.05098830386778799,0.03075909457528205,0.03547339208488882,0.03528211389729776,0,0,0,0
2022-12-13,0.0130183676067573,18580.620753597235,0.05098830386778799,0.03075909457528205,0.03547339208488882,0.03528211389729776,0,0,0,0
2022-12-14,-0.0094409571300658,-13650.137739898404,0.05098830386778799,0.03075909457528205,0.03547339208488882,0.03528211389729776,1,1,1,1
2022-12-15,-0.0347341133289608,-49745.93432349502,0.05098830386778799,0.03075909457528205,0.03547339208488882,0.03528211389729776,1,1,1,1
2022-12-16,-0.0126837585061861,-17534.617554022698,0.05098830386778799,0.03075909457528205,0.03547339208488882,0.03528211389729776,1,1,1,1
2022-12-19,-0.0155954942784831,-21286.47545368923,0.05098830386778799,0.03075909457528205,0.03547339208488882,0.03528211389729776,1,1,1,1
2022-12-20,-0.0020578345444969,-2764.958777421154,0.05098830386778799,0.03075909457528205,0.03547339208488882,0.03528211389729776,1,1,1,1
2022-12-21,0.0161235871356938,21619.48027397972,0.05098830386778799,0.03075909457528205,0.03547339208488882,0.03528211389729776,0,0,0,0
2022-12-22,-0.0331604955355058,-45180.509586656,0.05098830386778799,0.03075909457528205,0.03547339208488882,0.03528211389729776,1,1,1,1
2022-12-23,0.0035446729013091,4669.395553176757,0.05098830386778799,0.03075909457528205,0.03547339208488882,0.03528211389729776,0,0,0,0
2022-12-27,-0.0251727070954663,-33277.53375622188,0.05098830386778799,0.03075909457528205,0.03547339208488882,0.03528211389729776,1,1,1,1
2022-12-28,-0.0112764030061495,-14531.802231941603,0.05098830386778799,0.03075909457528205,0.03547339208488882,0.03528211389729776,1,1,1,1
2022-12-29,0.0281817423643242,35908.03415389173,0.05098830386778799,0.03075909457528205,0.03547339208488882,0.03528211389729776,0,0,0,0
2022-12-30,0.0011767826509359,1541.6647204351611,0.05098830386778799,0.03075909457528205,0.03547339208488882,0.03528211389729776,0,0,0,0
2023-01-03,-0.0145531315887666,-19088.02095122985,0.05098830386778799,0.03075909457528205,0.03547339208488882,0.03528211389729776,1,1,1,1
2023-01-04,0.0010873289989031,1405.3957350645214,0.05098830386778799,0.03075909457528205,0.03547339208488882,0.03499274708590541,0,0,0,0
2023-01-05,-0.0182293358843499,-23587.421728803776,0.05098830386778799,0.03075909457528205,0.03547339208488882,0.03499274708590541,1,1,1,1
2023-01-06,0.0248333055262363,31546.71974765952,0.05098830386778799,0.03075909457528205,0.03547339208488882,0.03499274708590541,0,0,0,0
2023-01-09,0.0134120040577245,17460.898305146024,0.05098830386778799,0.03075909457528205,0.03547339208488882,0.03499274708590541,0,0,0,0
2023-01-10,0.0101591004996378,13403.376211607829,0.05098830386778799,0.03075909457528205,0.03547339208488882,0.03499274708590541,0,0,0,0
2023-01-11,0.0224456305483905,29914.41691199341,0.05098830386778799,0.03075909457528205,0.03547339208488882,0.03499274708590541,0,0,0,0
2023-01-12,0.0085894942172803,11704.599200137423,0.05098830386778799,0.03075909457528205,0.03547339208488882,0.03499274708590541,0,0,0,0
2023-01-13,0.0114470862696965,15732.522121109534,0.05098830386778799,0.03075909457528205,0.03547339208488882,0.03499274708590541,0,0,0,0
2023-01-17,0.0072419946592829,10067.108818711946,0.05098830386778799,0.03075909457528205,0.03547339208488882,0.03499274708590541,0,0,0,0
2023-01-18,-0.0144404486868404,-20219.065301178955,0.05098830386778799,0.03075909457528205,0.03547339208488882,0.03499274708590541,1,1,1,1
2023-01-19,-0.007206789718774,-9945.00735676405,0.05098830386778799,0.03075909457528205,0.03547339208488882,0.03499274708590541,1,1,1,1
2023-01-20,0.0322919251381106,44240.08918150794,0.05098830386778799,0.03075909457528205,0.03547339208488882,0.03499274708590541,0,0,0,0
2023-01-23,0.0255152442858641,36084.80125246849,0.05098830386778799,0.03075909457528205,0.03547339208488882,0.03499274708590541,0,0,0,0
2023-01-24,0.0007902074464253,1146.0612414041534,0.05098830386778799,0.03075909457528205,0.03547339208488882,0.03499274708590541,0,0,0,0
2023-01-25,-0.0031415014061537,-4559.812797841616,0.05098830386778799,0.03075909457528205,0.03547339208488882,0.03499274708590541,1,1,1,1
2023-01-26,0.0254101587767541,36766.36117906729,0.05098830386778799,0.03075909457528205,0.03547339208488882,0.03499274708590541,0,0,0,0
2023-01-27,0.0172650334926689,25615.82286054711,0.05098830386778799,0.03075909457528205,0.03547339208488882,0.03499274708590541,0,0,0,0
2023-01-30,-0.0272660036724507,-41152.52541056066,0.05098830386778799,0.03075909457528205,0.03547339208488882,0.03499274708590541,1,1,1,1
2023-01-31,0.0178951214903674,26272.642026928952,0.05098830386778799,0.03075909457528205,0.03547339208488882,0.03499274708590541,0,0,0,0
2023-02-01,0.021143261180751,31596.87301792949,0.05098830386778799,0.03075909457528205,0.03547339208488882,0.03499274708590541,0,0,0,0
2023-02-02,0.0412463713838496,62942.58190702507,0.05098830386778799,0.02853621806043296,0.03385074425953603,0.03154461810637002,0,0,0,0
2023-02-03,-0.012764189422867,-20281.755708810877,0.05098830386778799,0.02853621806043296,0.03385074425953603,0.03154461810637002,1,1,1,1
2023-02-06,-0.0056465390965157,-8857.58944805758,0.05098830386778799,0.02853621806043296,0.03385074425953603,0.03154461810637002,1,1,1,1
2023-02-07,0.0267274765080354,41690.005590388784,0.05098830386778799,0.02853621806043296,0.03385074425953603,0.03154461810637002,0,0,0,0
2023-02-08,-0.0153849357978685,-24639.10166709521,0.05098830386778799,0.02853621806043296,0.03385074425953603,0.03154461810637002,1,1,1,1
2023-02-09,-0.0097400076319084,-15358.71757795778,0.05098830386778799,0.02853621806043296,0.03385074425953603,0.03154461810637002,1,1,1,1
2023-02-10,-0.0085677865960785,-13378.688172278926,0.05098830386778799,0.02853621806043296,0.03385074425953603,0.03154461810637002,1,1,1,1
2023-02-13,0.0158998320922007,24615.034826803487,0.05098830386778799,0.02853621806043296,0.03385074425953603,0.03154461810637002,0,0,0,0
2023-02-14,0.011017540602151,17327.801520758076,0.05098830386778799,0.02853621806043296,0.03385074425953603,0.03154461810637002,0,0,0,0
2023-02-15,0.0046474308634371,7389.761691740714,0.05098830386778799,0.02853621806043296,0.03385074425953603,0.03154461810637002,0,0,0,0
2023-02-16,-0.0219715550780022,-35098.775832361775,0.05098830386778799,0.02853621806043296,0.03385074425953603,0.03154461810637002,1,1,1,1
2023-02-17,-0.009133929535525,-14270.537013786845,0.05098830386778799,0.02853621806043296,0.03385074425953603,0.03154461810637002,1,1,1,1
2023-02-21,-0.0249040763206229,-38553.87682219152,0.05098830386778799,0.02853621806043296,0.03385074425953603,0.03154461810637002,1,1,1,1
2023-02-22,0.000652614066101,985.1477910617832,0.05098830386778799,0.02853621806043296,0.03385074425953603,0.03154461810637002,0,0,0,0
2023-02-23,0.0235797858622608,35617.88675734075,0.05098830386778799,0.02853621806043296,0.03385074425953603,0.03154461810637002,0,0,0,0
2023-02-24,-0.0153937885380365,-23801.01670205663,0.05098830386778799,0.02853621806043296,0.03385074425953603,0.03154461810637002,1,1,1,1
2023-02-27,0.0077729137079789,11833.04211587715,0.05098830386778799,0.02853621806043296,0.03385074425953603,0.03154461810637002,0,0,0,0
2023-02-28,-0.0013769903281796,-2112.5458096219227,0.05098830386778799,0.02853621806043296,0.03385074425953603,0.03154461810637002,1,1,1,1
2023-03-01,-0.0113863143428014,-17444.55852929526,0.05098830386778799,0.02853621806043296,0.03385074425953603,0.03154461810637002,1,1,1,1
2023-03-02,0.0062643549777197,9488.1117645083,0.05098830386778799,0.02853621806043296,0.03385074425953603,0.03154461810637002,0,0,0,0
2023-03-03,0.0250662443320441,38203.644022708526,0.05098830386778799,0.02853621806043296,0.03385074425953603,0.03154461810637002,0,0,0,0
2023-03-06,0.0017988340432225,2810.337972459616,0.05098830386778799,0.02853621806043296,0.03385074425953603,0.03154461810637002,0,0,0,0
2023-03-07,-0.0141412347204301,-22132.74631603132,0.05098830386778799,0.02853621806043296,0.03385074425953603,0.03154461810637002,1,1,1,1
2023-03-08,0.004760050381192,7344.702797635924,0.05098830386778799,0.02853621806043296,0.03385074425953603,0.03154461810637002,0,0,0,0
2023-03-09,-0.0223960520926524,-34721.34222999425,0.05098830386778799,0.02853621806043296,0.03385074425953603,0.03154461810637002,1,1,1,1
2023-03-10,-0.0104686369833963,-15866.389936238062,0.05098830386778799,0.02853621806043296,0.03385074425953603,0.03154461810637002,1,1,1,1
2023-03-13,0.006865501100635,10296.503890881317,0.05098830386778799,0.02853621806043296,0.03385074425953603,0.03154461810637002,0,0,0,0
2023-03-14,0.0282837453207631,42709.64144288562,0.05098830386778799,0.02853621806043296,0.03385074425953603,0.03154461810637002,0,0,0,0
2023-03-15,0.0007129213515437,1106.9897507166024,0.05098830386778799,0.02853621806043296,0.03385074425953603,0.03154461810637002,0,0,0,0
2023-03-16,0.0309097525589518,48029.38371579582,0.05098830386778799,0.02853621806043296,0.03385074425953603,0.03154461810637002,0,0,0,0
2023-03-17,-0.0062180610526757,-9960.637056621255,0.05098830386778799,0.02853621806043296,0.03385074425953603,0.03154461810637002,1,1,1,1
2023-03-20,0.003066795165465,4882.114979203092,0.05098830386778799,0.02853621806043296,0.03385074425953603,0.03154461810637002,0,0,0,0
2023-03-21,0.021481423067533,34301.73882407113,0.05098830386778799,0.02853621806043296,0.03385074425953603,0.03154461810637002,0,0,0,0
2023-03-22,-0.0110115038884888,-17960.986926810816,0.05098830386778799,0.02853621806043296,0.03385074425953603,0.03154461810637002,1,1,1,1
2023-03-23,0.0104623984018914,16877.419836395653,0.05098830386778799,0.02853621806043296,0.03385074425953603,0.03154461810637002,0,0,0,0
2023-03-24,-0.0006969254048782,-1136.0076430572665,0.05098830386778799,0.02853621806043296,0.03385074425953603,0.03154461810637002,1,1,1,1
2023-03-27,-0.0049670462007004,-8090.779780661687,0.05098830386778799,0.02853621806043296,0.03385074425953603,0.03154461810637002,1,1,1,1
2023-03-28,-0.0056099982614992,-9092.689724403434,0.05098830386778799,0.02853621806043296,0.03385074425953603,0.03154461810637002,1,1,1,1
2023-03-29,0.0161890657721768,26092.04875911493,0.05098830386778799,0.02853621806043296,0.03385074425953603,0.03154461810637002,0,0,0,0
2023-03-30,0.0085603788619894,14020.189944218146,0.05098830386778799,0.02853621806043296,0.03385074425953603,0.03154461810637002,0,0,0,0
2023-03-31,0.017060315952336,28180.577214803547,0.05098830386778799,0.02853621806043296,0.03385074425953603,0.03154461810637002,0,0,0,0
2023-04-03,0.0038339766546922,6441.084367906908,0.05098830386778799,0.02853621806043296,0.03385074425953603,0.03154461810637002,0,0,0,0
2023-04-04,-0.0037128451420967,-6261.498062190833,0.05098830386778799,0.02853621806043296,0.03385074425953603,0.03154461810637002,1,1,1,1
2023-04-05,-0.0099743723279168,-16758.746106086764,0.05098830386778799,0.02853621806043296,0.03385074425953603,0.03154461810637002,1,1,1,1
2023-04-06,0.0107631907724378,17903.725910640787,0.05098830386778799,0.02853621806043296,0.03385074425953603,0.03154461810637002,0,0,0,0
2023-04-10,-0.0032443661032978,-5454.835467167432,0.05098830386778799,0.02853621806043296,0.03385074425953603,0.03154461810637002,1,1,1,1
2023-04-11,-0.0086597076894243,-14512.55009710393,0.05098830386778799,0.02853621806043296,0.03385074425953603,0.03154461810637002,1,1,1,1
2023-04-12,-0.0087940669364073,-14610.094480922911,0.05098830386778799,0.02853621806043296,0.03385074425953603,0.03154461810637002,1,1,1,1
2023-04-13,0.0210658395415615,34690.1295950294,0.05098830386778799,0.02853621806043296,0.03385074425953603,0.03154461810637002,0,0,0,0
2023-04-14,0.006775780865726,11393.056453898547,0.05098830386778799,0.02853621806043296,0.03385074425953603,0.03154461810637002,0,0,0,0
2023-04-17,-0.0001793434221133,-303.59814189653844,0.05098830386778799,0.02853621806043296,0.03385074425953603,0.03154461810637002,1,1,1,1
2023-04-18,0.0041353828781353,6999.249698426342,0.05098830386778799,0.02853621806043296,0.03385074425953603,0.03154461810637002,0,0,0,0
2023-04-19,0.0008286075559954,1408.2407974151429,0.05098830386778799,0.02853621806043296,0.03385074425953603,0.03154461810637002,0,0,0,0
2023-04-20,-0.01261630878475,-21459.52244842076,0.05098830386778799,0.02853621806043296,0.03385074425953603,0.03154461810637002,1,1,1,1
2023-04-21,0.0012247631945401,2056.9598739026114,0.05098830386778799,0.02853621806043296,0.03385074425953603,0.03154461810637002,0,0,0,0
2023-04-24,-0.0015334242627365,-2578.5027919556014,0.05098830386778799,0.02853621806043296,0.03385074425953603,0.03154461810637002,1,1,1,1
2023-04-25,-0.0197722141746142,-33196.638768377015,0.05098830386778799,0.02853621806043296,0.032755920969229496,0.03154461810637002,1,1,1,1
2023-04-26,0.0117703169372738,19371.086154927965,0.05098830386778799,0.02853621806043296,0.032755920969229496,0.03154461810637002,0,0,0,0
2023-04-27,0.0312778108989604,52081.57379301591,0.05098830386778799,0.02853621806043296,0.032755920969229496,0.03154461810637002,0,0,0,0
2023-04-28,0.0045632180614645,7836.003943461925,0.05098830386778799,0.02849528092275716,0.032755920969229496,0.03154461810637002,0,0,0,0
2023-05-01,0.0025419176045793,4384.924948811531,0.05098830386778799,0.02849528092275716,0.032755920969229496,0.03154461810637002,0,0,0,0
2023-05-02,-0.0104088594945027,-18001.404128538445,0.05098830386778799,0.02849528092275716,0.032755920969229496,0.03154461810637002,1,1,1,1
2023-05-03,-0.0077818857924303,-13318.14954030374,0.05098830386778799,0.02849528092275716,0.032755920969229496,0.03154461810637002,1,1,1,1
2023-05-04,-0.0061888692534782,-10509.389626484595,0.04961300852018465,0.026871102982027256,0.032627319930382814,0.03154461810637002,1,1,1,1
2023-05-05,0.0265025057273194,44725.68277631072,0.04961300852018465,0.026871102982027256,0.032627319930382814,0.03154461810637002,0,0,0,0
2023-05-08,0.0044985546027195,7792.970858483575,0.0488275060847494,0.026871102982027256,0.032627319930382814,0.03154461810637002,0,0,0,0
2023-05-09,-0.0069192320652753,-12040.298912797822,0.0488275060847494,0.026871102982027256,0.032627319930382814,0.03154461810637002,1,1,1,1
2023-05-10,0.0127270217359067,21993.316767003154,0.0488275060847494,0.026871102982027256,0.032627319930382814,0.03154461810637002,0,0,0,0
2023-05-11,0.00382291439545,6690.381991352653,0.0488275060847494,0.026871102982027256,0.032627319930382814,0.03154461810637002,0,0,0,0
2023-05-12,-0.0066402488012537,-11665.35067728744,0.0488275060847494,0.026871102982027256,0.032627319930382814,0.03154461810637002,1,1,1,1
2023-05-15,0.0039300868340719,6858.389600033406,0.0488275060847494,0.026871102982027256,0.032627319930382814,0.03154461810637002,0,0,0,0
2023-05-16,0.0043438706343254,7610.275147545617,0.0488275060847494,0.026871102982027256,0.032627319930382814,0.03154461810637002,0,0,0,0
2023-05-17,0.0175316841820648,30848.180116512347,0.04595713702449791,0.026871102982027256,0.032627319930382814,0.03154461810637002,0,0,0,0
2023-05-18,0.0184195165447375,32978.58957080473,0.04595713702449791,0.026871102982027256,0.032627319930382814,0.03154461810637002,0,0,0,0
2023-05-19,-0.002987385119223,-5447.180636718171,0.04595713702449791,0.026871102982027256,0.032627319930382814,0.03154461810637002,1,1,1,1
2023-05-22,0.0022422052456146,4076.210295901401,0.04595713702449791,0.026871102982027256,0.032627319930382814,0.03154461810637002,0,0,0,0
2023-05-23,-0.0118817683457555,-21648.857685464434,0.04595713702449791,0.026871102982027256,0.032627319930382814,0.03154461810637002,1,1,1,1
2023-05-24,-0.0014249021604223,-2565.3573022217024,0.04595713702449791,0.026871102982027256,0.032627319930382814,0.03154461810637002,1,1,1,1
2023-05-25,0.0404416704554932,72706.39886257448,0.04595713702449791,0.026871102982027256,0.032627319930382814,0.03154461810637002,0,0,0,0
2023-05-26,0.0201245056972117,37643.19767307234,0.04595713702449791,0.026871102982027256,0.032627319930382814,0.03154461810637002,0,0,0,0
2023-05-30,0.0081862453855272,15620.654453651749,0.04595713702449791,0.026871102982027256,0.032627319930382814,0.03154461810637002,0,0,0,0
2023-05-31,-0.0119640126104762,-23016.119142477168,0.04595713702449791,0.026871102982027256,0.032627319930382814,0.03154461810637002,1,1,1,1
2023-06-01,0.0199910264742844,37998.20596288331,0.04595713702449791,0.026871102982027256,0.032627319930382814,0.03154461810637002,0,0,0,0
2023-06-02,0.0078583034583712,15235.374875860987,0.04595713702449791,0.026871102982027256,0.032627319930382814,0.03154461810637002,0,0,0,0
2023-06-05,-0.0006943170341573,-1356.6931978866924,0.04595713702449791,0.026871102982027256,0.032627319930382814,0.03154461810637002,1,1,1,1
2023-06-06,-0.001049339796477,-2048.982873964822,0.04595713702449791,0.026871102982027256,0.032627319930382814,0.03154461810637002,1,1,1,1
2023-06-07,-0.0182484095546727,-35595.183993679006,0.04595713702449791,0.026871102982027256,0.032627319930382814,0.03154461810637002,1,1,1,1
2023-06-08,0.0133219898186434,25511.555166575825,0.04595713702449791,0.026871102982027256,0.032627319930382814,0.03154461810637002,0,0,0,0
2023-06-09,0.0037891738311435,7352.919864613097,0.04595713702449791,0.026871102982027256,0.032627319930382814,0.03154461810637002,0,0,0,0
2023-06-12,0.0134687469279154,26235.237718354445,0.04214981779517283,0.025684162793004905,0.032627319930382814,0.03154461810637002,0,0,0,0
2023-06-13,0.0089363165416843,17641.14279881236,0.04214981779517283,0.025684162793004905,0.032627319930382814,0.03154461810637002,0,0,0,0
2023-06-14,0.0045074688365381,8977.691113975598,0.04214981779517283,0.025684162793004905,0.032627319930382814,0.03154461810637002,0,0,0,0
2023-06-15,0.0110987226718616,22205.37419261015,0.039836605643845314,0.025684162793004905,0.032627319930382814,0.03154461810637002,0,0,0,0
2023-06-16,-0.0063741603215663,-12894.414913235,0.039836605643845314,0.025684162793004905,0.032627319930382814,0.03154461810637002,1,1,1,1
2023-06-20,0.0046570778903026,9360.84462667047,0.039836605643845314,0.025684162793004905,0.032627319930382814,0.03154461810637002,0,0,0,0
2023-06-21,-0.0107274390919297,-21662.842429524288,0.039836605643845314,0.025684162793004905,0.032627319930382814,0.03154461810637002,1,1,1,1
2023-06-22,0.0118322480857563,23637.55833591707,0.039836605643845314,0.025684162793004905,0.032627319930382814,0.03154461810637002,0,0,0,0
2023-06-23,-0.0086340265110034,-17452.48370882892,0.039836605643845314,0.025684162793004905,0.032627319930382814,0.03154461810637002,1,1,1,1
2023-06-26,-0.0185733850385312,-37219.36283419491,0.039836605643845314,0.025684162793004905,0.032627319930382814,0.03154461810637002,1,1,1,1
2023-06-27,0.0155254280573023,30533.68960819114,0.039836605643845314,0.025684162793004905,0.032627319930382814,0.03154461810637002,0,0,0,0
2023-06-28,0.0005349670849539,1068.4484356720932,0.039836605643845314,0.025684162793004905,0.032627319930382814,0.03154461810637002,0,0,0,0
2023-06-29,0.0009679282148258,1934.2024380147925,0.039836605643845314,0.025684162793004905,0.032627319930382814,0.03154461810637002,0,0,0,0
2023-06-30,0.018624034115708,37252.266212933,0.039836605643845314,0.025684162793004905,0.032627319930382814,0.03154461810637002,0,0,0,0
2023-07-03,0.001539638640775,3136.9793548875023,0.039836605643845314,0.025684162793004905,0.032627319930382814,0.03154461810637002,0,0,0,0
2023-07-05,0.0004925471826917,1005.0989979193546,0.039836605643845314,0.025684162793004905,0.032627319930382814,0.03154461810637002,0,0,0,0
2023-07-06,-0.0063609844779415,-12986.71154747135,0.039836605643845314,0.025684162793004905,0.032627319930382814,0.03154461810637002,1,1,1,1
2023-07-07,-0.001546789074693,-3137.8674223516136,0.039836605643845314,0.025684162793004905,0.032627319930382814,0.03154461810637002,1,1,1,1
2023-07-10,-0.0091966349729902,-18627.73973888601,0.039836605643845314,0.025684162793004905,0.032627319930382814,0.03154461810637002,1,1,1,1
2023-07-11,0.0052874380313074,10611.18718653731,0.039836605643845314,0.025684162793004905,0.032627319930382814,0.03154461810637002,0,0,0,0
2023-07-12,0.0139250096973435,28093.40934369876,0.039836605643845314,0.025684162793004905,0.032627319930382814,0.03154461810637002,0,0,0,0
2023-07-13,0.0182462531703425,37324.02512035496,0.039836605643845314,0.025684162793004905,0.032627319930382814,0.03154461810637002,0,0,0,0
2023-07-14,0.0028411452332691,5917.810195723083,0.039836605643845314,0.025684162793004905,0.032627319930382814,0.03154461810637002,0,0,0,0
2023-07-17,0.0102921438164712,21498.37269797246,0.039836605643845314,0.025684162793004905,0.032627319930382814,0.03154461810637002,0,0,0,0
2023-07-18,0.0099294828111634,20954.30908418959,0.039836605643845314,0.025684162793004905,0.032627319930382814,0.03154461810637002,0,0,0,0
2023-07-19,8.633355069157488e-05,183.99980839993805,0.039836605643845314,0.025684162793004905,0.032627319930382814,0.03154461810637002,0,0,0,0
2023-07-20,-0.0221537250598653,-47219.56937399064,0.039836605643845314,0.02763777855156522,0.032627319930382814,0.03167935208074686,1,1,1,1
2023-07-21,-0.0081592607603606,-17005.784022820648,0.039836605643845314,0.02763777855156522,0.032627319930382814,0.03167935208074686,1,1,1,1
2023-07-24,0.0069668011532873,14401.946855683113,0.039836605643845314,0.02763777855156522,0.032627319930382814,0.03167935208074686,0,0,0,0
2023-07-25,0.0071172868345955,14815.53743395256,0.039836605643845314,0.02763777855156522,0.032627319930382814,0.03167935208074686,0,0,0,0
2023-07-26,-0.0001947004575502,-408.1783484118059,0.039836605643845314,0.02763777855156522,0.032627319930382814,0.03167935208074686,1,1,1,1
2023-07-27,-0.0035684618194323,-7479.619080140954,0.039836605643845314,0.02763777855156522,0.032627319930382814,0.03167935208074686,1,1,1,1
2023-07-28,0.0182889288115832,38197.43150895205,0.039836605643845314,0.02763777855156522,0.032627319930382814,0.03167935208074686,0,0,0,0
2023-07-31,0.0022700817627023,4827.90163484402,0.039836605643845314,0.02763777855156522,0.032627319930382814,0.03167935208074686,0,0,0,0
2023-08-01,-0.0052778538426947,-11250.168815936428,0.039836605643845314,0.02763777855156522,0.032627319930382814,0.03167935208074686,1,1,1,1
2023-08-02,-0.0240629229435267,-51021.33845775318,0.039836605643845314,0.029025259135977838,0.03320515480996154,0.03167935208074686,1,1,1,1
2023-08-03,0.0018885863544377,3908.0681839461904,0.039836605643845314,0.029025259135977838,0.03320515480996154,0.03167935208074686,0,0,0,0
2023-08-04,-0.0028348733090635,-5877.306895048358,0.039836605643845314,0.029025259135977838,0.03320515480996154,0.03167935208074686,1,1,1,1
2023-08-07,0.0061646725232565,12744.470805915073,0.039836605643845314,0.029025259135977838,0.03320515480996154,0.03167935208074686,0,0,0,0
2023-08-08,-0.0067881715558038,-14119.966617498549,0.039836605643845314,0.029025259135977838,0.03320515480996154,0.03167935208074686,1,1,1,1
2023-08-09,-0.0172727817696062,-35684.94481108105,0.039836605643845314,0.029025259135977838,0.03320515480996154,0.03167935208074686,1,1,1,1
2023-08-10,0.0010032983178643,2036.9755315457005,0.039836605643845314,0.029025259135977838,0.03320515480996154,0.03167935208074686,0,0,0,0
2023-08-11,-0.005990994977864,-12175.594958397329,0.039836605643845314,0.029025259135977838,0.03320515480996154,0.03167935208074686,1,1,1,1
2023-08-14,0.0171474049974529,34640.16570262541,0.039836605643845314,0.029025259135977838,0.03320515480996154,0.03167935208074686,0,0,0,0
2023-08-15,-0.0123290025608743,-25333.394937189063,0.039836605643845314,0.029025259135977838,0.03320515480996154,0.03167935208074686,1,1,1,1
2023-08-16,-0.0101327623265115,-20563.90590182459,0.039836605643845314,0.029025259135977838,0.03320515480996154,0.03167935208074686,1,1,1,1
2023-08-17,-0.0090164866979535,-18113.069294333454,0.039836605643845314,0.029025259135977838,0.03320515480996154,0.03167935208074686,1,1,1,1
2023-08-18,-0.00201432327127,-4010.054745855509,0.039836605643845314,0.029025259135977838,0.03320515480996154,0.03167935208074686,1,1,1,1
2023-08-21,0.0224314159521864,44565.84326269035,0.039836605643845314,0.029025259135977838,0.03320515480996154,0.03167935208074686,0,0,0,0
2023-08-22,-0.0050340107096526,-10225.716791597428,0.039836605643845314,0.029025259135977838,0.03320515480996154,0.03167935208074686,1,1,1,1
2023-08-23,0.016439498772672,33225.87547111628,0.039836605643845314,0.029025259135977838,0.03320515480996154,0.03167935208074686,0,0,0,0
2023-08-24,-0.0165001521346533,-33896.69399770582,0.039836605643845314,0.029025259135977838,0.03320515480996154,0.03167935208074686,1,1,1,1
2023-08-25,0.0038526848227139,7784.077897821553,0.03453986041574997,0.02763777855156522,0.03096272545451427,0.03089202384168986,0,0,0,0
2023-08-28,0.0073713859453466,14950.74473281973,0.03453986041574997,0.02763777855156522,0.03096272545451427,0.03089202384168986,0,0,0,0
2023-08-29,0.0228812424456502,46750.13719975762,0.03453986041574997,0.02763777855156522,0.03096272545451427,0.03089202384168986,0,0,0,0
2023-08-30,0.0059345223360031,12402.64377696137,0.03453986041574997,0.02763777855156522,0.03096272545451427,0.03089202384168986,0,0,0,0
2023-08-31,0.0001222088775197,256.92180796014145,0.03453986041574997,0.02763777855156522,0.03096272545451427,0.03089202384168986,0,0,0,0
2023-09-01,-0.0019724118174885,-4147.141766718123,0.03453986041574997,0.02763777855156522,0.03096272545451427,0.03089202384168986,1,1,1,1
2023-09-05,0.0043467487041241,9121.334142924752,0.03453986041574997,0.02763777855156522,0.03096272545451427,0.03089202384168986,0,0,0,0
2023-09-06,-0.0158183698526993,-33337.97648443561,0.03453986041574997,0.02763777855156522,0.03096272545451427,0.03089202384168986,1,1,1,1
2023-09-07,-0.0079570645655655,-16504.62445700378,0.03453986041574997,0.02763777855156522,0.03096272545451427,0.03089202384168986,1,1,1,1
2023-09-08,0.0014271712721017,2936.6982790243346,0.03453986041574997,0.02763777855156522,0.03096272545451427,0.03089202384168986,0,0,0,0
2023-09-11,0.0115793074497766,23860.810393373016,0.03453986041574997,0.02763777855156522,0.03096272545451427,0.03089202384168986,0,0,0,0
2023-09-12,-0.0090188597998217,-18799.841038287617,0.033808136602216196,0.024275680300487986,0.030111007944738227,0.03042047263375998,1,1,1,1
2023-09-13,0.0059841960792229,12361.57322838949,0.033808136602216196,0.024275680300487986,0.030111007944738227,0.03042047263375998,0,0,0,0
2023-09-14,0.0093033112842455,19332.88382434845,0.033808136602216196,0.024275680300487986,0.030111007944738227,0.03042047263375998,0,0,0,0
2023-09-15,-0.0167319678317588,-35093.59079397889,0.033808136602216196,0.024275680300487986,0.030111007944738227,0.03042047263375998,1,1,1,1
2023-09-18,0.0025739164888473,5308.198543576989,0.033808136602216196,0.024275680300487986,0.030111007944738227,0.03042047263375998,0,0,0,0
2023-09-19,-0.0024740328118693,-5115.340683786664,0.033808136602216196,0.024275680300487986,0.030111007944738227,0.03042047263375998,1,1,1,1
2023-09-20,-0.0183148567375694,-37774.33641565801,0.033808136602216196,0.024309581001400703,0.030111007944738227,0.03042047263375998,1,1,1,1
2023-09-21,-0.0163529867657297,-33110.26233166596,0.033808136602216196,0.024309581001400703,0.030111007944738227,0.03042047263375998,1,1,1,1
2023-09-22,-0.000347123392066,-691.3352398753632,0.033808136602216196,0.024309581001400703,0.030111007944738227,0.03042047263375998,1,1,1,1
2023-09-25,0.0084037251980914,16731.153226560913,0.033808136602216196,0.024309581001400703,0.030111007944738227,0.03042047263375998,0,0,0,0
2023-09-26,-0.016824392820113,-33777.528975439025,0.033808136602216196,0.024309581001400703,0.030111007944738227,0.03042047263375998,1,1,1,1
2023-09-27,0.003090447982318,6100.156942335889,0.033808136602216196,0.024309581001400703,0.030111007944738227,0.03042047263375998,0,0,0,0
2023-09-28,0.0080354683375428,15910.02490384574,0.033808136602216196,0.024309581001400703,0.030111007944738227,0.03042047263375998,0,0,0,0
2023-09-29,-0.0001505736987503,-300.5277620390989,0.033808136602216196,0.024309581001400703,0.030111007944738227,0.03042047263375998,1,1,1,1
2023-10-02,0.0151555249261015,30244.12772592134,0.033808136602216196,0.024309581001400703,0.030111007944738227,0.03042047263375998,0,0,0,0
2023-10-03,-0.0180028927595438,-36470.77208222938,0.033808136602216196,0.024309581001400703,0.030111007944738227,0.03042047263375998,1,1,1,1
2023-10-04,0.0121084023287746,24087.942970336648,0.033808136602216196,0.024309581001400703,0.030111007944738227,0.03042047263375998,0,0,0,0
2023-10-05,0.0023481853044019,4727.943385266699,0.033808136602216196,0.024309581001400703,0.030111007944738227,0.03042047263375998,0,0,0,0
2023-10-06,0.0168908487302331,34088.66414873139,0.03320970282887948,0.022277609526201784,0.02892984024485165,0.02980879671998048,0,0,0,0
2023-10-09,0.0040339695839013,8278.763351098634,0.03320970282887948,0.022277609526201784,0.02892984024485165,0.02980879671998048,0,0,0,0
2023-10-10,0.0025684780342485,5292.454240034567,0.03320970282887948,0.022277609526201784,0.02892984024485165,0.02980879671998048,0,0,0,0
2023-10-11,0.0095635500608415,19756.701444252627,0.03320970282887948,0.022277609526201784,0.02892984024485165,0.02980879671998048,0,0,0,0
2023-10-12,-0.0013259875157715,-2765.466479957802,0.03320970282887948,0.022277609526201784,0.02892984024485165,0.02980879671998048,1,1,1,1
2023-10-13,-0.0101907257569197,-21225.4949807385,0.03320970282887948,0.022277609526201784,0.02892984024485165,0.02980879671998048,1,1,1,1
2023-10-16,0.0089038547387375,18356.179556806102,0.03320970282887948,0.022277609526201784,0.02892984024485165,0.02980879671998048,0,0,0,0
2023-10-17,-0.0086585435467637,-18009.383986600442,0.03320970282887948,0.022277609526201784,0.02892984024485165,0.02980879671998048,1,1,1,1
2023-10-18,-0.0162842322338407,-33577.20698920963,0.03320970282887948,0.022277609526201784,0.02892984024485165,0.02980879671998048,1,1,1,1
2023-10-19,-0.0065149078118451,-13214.635483477265,0.03320970282887948,0.022277609526201784,0.02892984024485165,0.02980879671998048,1,1,1,1
2023-10-20,-0.0172421231916958,-34745.53567483043,0.03320970282887948,0.022277609526201784,0.02892984024485165,0.02980879671998048,1,1,1,1
2023-10-23,0.0070130830413749,13888.769893329358,0.03320970282887948,0.022277609526201784,0.02892984024485165,0.02980879671998048,0,0,0,0
2023-10-24,0.0074512199006661,14859.94817142794,0.03320970282887948,0.022277609526201784,0.02892984024485165,0.02980879671998048,0,0,0,0
2023-10-25,-0.0235758918320672,-47367.67535444582,0.03183105577566397,0.024309581001400703,0.029285815033967304,0.02980879671998048,1,1,1,1
2023-10-26,-0.0240964567744701,-47272.17907080031,0.03183105577566397,0.02604375615345777,0.029285815033967304,0.02980879671998048,1,1,1,1
2023-10-27,0.0064524023292117,12353.236873321934,0.03183105577566397,0.02604375615345777,0.029285815033967304,0.02980879671998048,0,0,0,0
2023-10-30,0.0143821130584239,27712.472111319657,0.03183105577566397,0.02604375615345777,0.029285815033967304,0.02980879671998048,0,0,0,0
2023-10-31,0.0018422534552676,3600.8375838508364,0.03183105577566397,0.02604375615345777,0.029285815033967304,0.02980879671998048,0,0,0,0
2023-11-01,0.0199239140424483,39014.68968752935,0.02888849191542648,0.02604375615345777,0.029285815033967304,0.02980879671998048,0,0,0,0
2023-11-02,0.0174761425064899,34903.32890794007,0.02888849191542648,0.02604375615345777,0.029285815033967304,0.02980879671998048,0,0,0,0
2023-11-03,0.0085320976067084,17338.0927661194,0.02888849191542648,0.02604375615345777,0.029285815033967304,0.02980879671998048,0,0,0,0
2023-11-06,0.0087815832191193,17997.328887098935,0.02888849191542648,0.02604375615345777,0.029285815033967304,0.02980879671998048,0,0,0,0
2023-11-07,0.0085688843899625,17715.63240563008,0.02888849191542648,0.02604375615345777,0.029285815033967304,0.02980879671998048,0,0,0,0
2023-11-08,0.0044130176591377,9201.817329908255,0.026240288349728327,0.02604375615345777,0.029285815033967304,0.02980879671998048,0,0,0,0
2023-11-09,-0.0053875471228786,-11283.435659720562,0.026240288349728327,0.02604375615345777,0.029285815033967304,0.02980879671998048,1,1,1,1
2023-11-10,0.0209370838903674,43613.44178065867,0.026240288349728327,0.02604375615345777,0.029285815033967304,0.02980879671998048,0,0,0,0
2023-11-13,-0.0007822080600028,-1663.5100665153004,0.026240288349728327,0.02604375615345777,0.029285815033967304,0.02980879671998048,1,1,1,1
2023-11-14,0.0166862739052295,35458.688895405736,0.026240288349728327,0.02604375615345777,0.029285815033967304,0.02980879671998048,0,0,0,0
2023-11-15,-0.0017520261307908,-3785.217545654159,0.026240288349728327,0.02604375615345777,0.029285815033967304,0.02980879671998048,1,1,1,1
2023-11-16,0.0066272268837922,14292.906136436388,0.026240288349728327,0.02604375615345777,0.029285815033967304,0.02980879671998048,0,0,0,0
2023-11-17,-0.000617094932109,-1339.7055463008585,0.026240288349728327,0.02604375615345777,0.029285815033967304,0.02980879671998048,1,1,1,1
2023-11-20,0.0105651709079793,22922.702538589016,0.026240288349728327,0.02604375615345777,0.029285815033967304,0.02980879671998048,0,0,0,0
2023-11-21,-0.0040731576972196,-8930.68646831112,0.026240288349728327,0.02604375615345777,0.029285815033967304,0.02980879671998048,1,1,1,1
2023-11-22,0.0015130920374324,3304.048408071976,0.026240288349728327,0.02604375615345777,0.029285815033967304,0.02980879671998048,0,0,0,0
2023-11-24,-0.005287103269368,-11562.599417705556,0.026240288349728327,0.02604375615345777,0.029285815033967304,0.02980879671998048,1,1,1,1
2023-11-27,0.0009684891979448,2106.833506094757,0.026240288349728327,0.02604375615345777,0.029285815033967304,0.02980879671998048,0,0,0,0
2023-11-28,0.0037992578612952,8272.83975500241,0.026240288349728327,0.02604375615345777,0.029285815033967304,0.02980879671998048,0,0,0,0
2023-11-29,-0.006015171118052,-13147.727616599295,0.026240288349728327,0.02604375615345777,0.029285815033967304,0.02980879671998048,1,1,1,1
2023-11-30,-0.0043134756231504,-9371.515234013088,0.026240288349728327,0.02604375615345777,0.029285815033967304,0.02980879671998048,1,1,1,1
2023-12-01,-0.000648814308179,-1403.5423311982304,0.026240288349728327,0.02604375615345777,0.029285815033967304,0.02980879671998048,1,1,1,1
2023-12-04,-0.0125024699462984,-27028.319758887403,0.026240288349728327,0.02604375615345777,0.029285815033967304,0.02980879671998048,1,1,1,1
2023-12-05,0.0112880935073646,24097.935927331448,0.026240288349728327,0.02604375615345777,0.029285815033967304,0.02980879671998048,0,0,0,0
2023-12-06,-0.0102584927169126,-22147.142270406708,0.026240288349728327,0.02604375615345777,0.029285815033967304,0.02980879671998048,1,1,1,1
2023-12-07,0.0151882671054686,32453.695056226104,0.026240288349728327,0.02604375615345777,0.029285815033967304,0.02980879671998048,0,0,0,0
2023-12-08,0.007624439519001,16539.04536652658,0.026240288349728327,0.02604375615345777,0.029285815033967304,0.02980879671998048,0,0,0,0
2023-12-11,-0.0110331196721451,-24115.68131899461,0.026240288349728327,0.02604375615345777,0.029285815033967304,0.02980879671998048,1,1,1,1
2023-12-12,0.0076635491848096,16565.81870152848,0.026240288349728327,0.02604375615345777,0.029285815033967304,0.02980879671998048,0,0,0,0
2023-12-13,0.0072473666758497,15786.241361059248,0.026240288349728327,0.02604375615345777,0.029285815033967304,0.02980879671998048,0,0,0,0
2023-12-14,4.08865250424498e-05,89.70462723309174,0.02504107801579303,0.02604375615345777,0.028342112964344746,0.027488315223329573,0,0,0,0
2023-12-15,0.0061610693276965,13517.877194069326,0.02504107801579303,0.02604375615345777,0.028342112964344746,0.027488315223329573,0,0,0,0
2023-12-18,0.0094352807674188,20829.30304174637,0.02504107801579303,0.02604375615345777,0.028342112964344746,0.027488315223329573,0,0,0,0
2023-12-19,0.003910716927557,8714.746755289845,0.02504107801579303,0.02604375615345777,0.028342112964344746,0.027488315223329573,0,0,0,0
2023-12-20,-0.0125752326998167,-28132.576647745445,0.02504107801579303,0.02604375615345777,0.028342112964344746,0.027488315223329573,1,1,1,1
2023-12-21,0.0096834853637684,21390.906888968777,0.024508342743008022,0.02604375615345777,0.028049000558893332,0.027488315223329573,0,0,0,0
2023-12-22,-0.0011160318219763,-2489.197337403428,0.024508342743008022,0.02604375615345777,0.028049000558893332,0.027488315223329573,1,1,1,1
2023-12-26,0.0025288720580158,5634.101289744955,0.024080025197307835,0.02604375615345777,0.028049000558893332,0.027488315223329573,0,0,0,0
2023-12-27,0.0014055147287882,3139.280211639125,0.024080025197307835,0.02604375615345777,0.028049000558893332,0.027488315223329573,0,0,0,0
2023-12-28,-0.0003599138508204,-805.0136054293253,0.024080025197307835,0.02604375615345777,0.028049000558893332,0.027488315223329573,1,1,1,1
2023-12-29,-0.0037355205820504,-8352.17253229348,0.024080025197307835,0.02604375615345777,0.028049000558893332,0.027488315223329573,1,1,1,1
2024-01-02,-0.0135155231616794,-30106.19227086613,0.024080025197307835,0.02604375615345777,0.028049000558893332,0.027488315223329573,1,1,1,1
2024-01-03,-0.0060079218879955,-13201.932349677198,0.024080025197307835,0.02604375615345777,0.028049000558893332,0.027488315223329573,1,1,1,1
2024-01-04,-0.0059806644461466,-13063.07995335944,0.024080025197307835,0.02604375615345777,0.028049000558893332,0.027488315223329573,1,1,1,1
2024-01-05,0.0029989672752758,6511.225071081892,0.024080025197307835,0.02604375615345777,0.028049000558893332,0.027488315223329573,0,0,0,0
2024-01-08,0.0223133291827073,48591.000268231146,0.024080025197307835,0.02604375615345777,0.028049000558893332,0.027488315223329573,0,0,0,0
2024-01-09,0.002959313177436,6588.194589737803,0.024080025197307835,0.02604375615345777,0.028049000558893332,0.027488315223329573,0,0,0,0
2024-01-10,0.0109780214947135,24512.233347823378,0.024080025197307835,0.02604375615345777,0.028049000558893332,0.027488315223329573,0,0,0,0
2024-01-11,0.0003686944244987,832.2754607405514,0.024080025197307835,0.02604375615345777,0.028049000558893332,0.027488315223329573,0,0,0,0
2024-01-12,-0.0014468566145613,-3267.2781336456537,0.024080025197307835,0.02604375615345777,0.028049000558893332,0.027488315223329573,1,1,1,1
2024-01-16,-0.0010451754547748,-2356.790600224398,0.024080025197307835,0.02604375615345777,0.028049000558893332,0.027488315223329573,1,1,1,1
2024-01-17,-0.0051176082432978,-11527.753498527689,0.024080025197307835,0.02604375615345777,0.028049000558893332,0.027488315223329573,1,1,1,1
2024-01-18,0.0129357963693174,28989.62242125813,0.024080025197307835,0.02604375615345777,0.028049000558893332,0.027488315223329573,0,0,0,0
2024-01-19,0.0157995338858257,35865.392018440645,0.024080025197307835,0.02604375615345777,0.028049000558893332,0.027488315223329573,0,0,0,0
2024-01-22,0.0011051447060549,2548.3464142614976,0.024080025197307835,0.02604375615345777,0.028049000558893332,0.027488315223329573,0,0,0,0
2024-01-23,0.0049644182613378,11460.072744301986,0.024080025197307835,0.02604375615345777,0.028049000558893332,0.027488315223329573,0,0,0,0
2024-01-24,0.0079399825839223,18419.98385211546,0.024080025197307835,0.02604375615345777,0.028049000558893332,0.027488315223329573,0,0,0,0
2024-01-25,-0.0016320177685409,-3816.183514529839,0.024080025197307835,0.02604375615345777,0.028049000558893332,0.027488315223329573,1,1,1,1
2024-01-26,-0.0012010408517869,-2803.8371943007223,0.024080025197307835,0.02604375615345777,0.028049000558893332,0.027488315223329573,1,1,1,1
2024-01-29,0.0104744949401517,24423.40354894288,0.02382427769891154,0.02604375615345777,0.028049000558893332,0.024909968129041005,0,0,0,0
2024-01-30,-0.0035003520331377,-8247.26926496299,0.02382427769891154,0.02604375615345777,0.028049000558893332,0.024909968129041005,1,1,1,1
2024-01-31,-0.0248936768276989,-58447.32603658317,0.024080025197307835,0.02715699727141042,0.029285815033967304,0.027766041288606956,1,1,1,1
2024-02-01,0.0119237762724484,27298.663877014536,0.024080025197307835,0.02715699727141042,0.029285815033967304,0.027766041288606956,0,0,0,0
2024-02-02,0.0270330677166014,62628.31179315504,0.024080025197307835,0.02715699727141042,0.029285815033967304,0.027766041288606956,0,0,0,0
2024-02-05,0.002390765057519,5688.486076346599,0.024080025197307835,0.02715699727141042,0.029285815033967304,0.027766041288606956,0,0,0,0
2024-02-06,0.000887163692892,2115.9266893551685,0.024080025197307835,0.02715699727141042,0.029285815033967304,0.027766041288606956,0,0,0,0
2024-02-07,0.0124202145717373,29649.069958809298,0.024080025197307835,0.02715699727141042,0.029285815033967304,0.027766041288606956,0,0,0,0
2024-02-08,-0.0011423558347521,-2760.858751642052,0.024080025197307835,0.02715699727141042,0.029285815033967304,0.027766041288606956,1,1,1,1
2024-02-09,0.0128951741078877,31129.60369803477,0.024080025197307835,0.02715699727141042,0.029285815033967304,0.027766041288606956,0,0,0,0
2024-02-12,-0.0059458828581844,-14538.755475991406,0.024080025197307835,0.02715699727141042,0.029285815033967304,0.027766041288606956,1,1,1,1
2024-02-13,-0.0130175296618165,-31640.94806384947,0.024080025197307835,0.02715699727141042,0.029285815033967304,0.027766041288606956,1,1,1,1
2024-02-14,0.0094871948224222,22759.78579048952,0.024080025197307835,0.02715699727141042,0.029285815033967304,0.027766041288606956,0,0,0,0
2024-02-15,0.0012677612036497,3070.2138241156936,0.024080025197307835,0.02715699727141042,0.029285815033967304,0.027766041288606956,0,0,0,0
2024-02-16,-0.0061182338367728,-14835.680441905744,0.024080025197307835,0.02715699727141042,0.029285815033967304,0.027766041288606956,1,1,1,1
2024-02-20,-0.0108605842868037,-26173.95262897387,0.02382427769891154,0.02715699727141042,0.029285815033967304,0.027766041288606956,1,1,1,1
2024-02-21,-0.0001576705414712,-375.858337898273,0.02382427769891154,0.02715699727141042,0.029285815033967304,0.027766041288606956,1,1,1,1
2024-02-22,0.0372255933467808,88725.15726057626,0.02382427769891154,0.02715699727141042,0.029285815033967304,0.027766041288606956,0,0,0,0
2024-02-23,-0.0033020260847008,-8163.170604652725,0.02382427769891154,0.02715699727141042,0.029285815033967304,0.027766041288606956,1,1,1,1
2024-02-26,-0.0053562053251772,-13197.727764230687,0.02382427769891154,0.02715699727141042,0.029285815033967304,0.027766041288606956,1,1,1,1
2024-02-27,0.0005437732753944,1332.6846208190543,0.02382427769891154,0.02715699727141042,0.029285815033967304,0.027766041288606956,0,0,0,0
2024-02-28,-0.0058572131648484,-14362.718534031415,0.02382427769891154,0.02715699727141042,0.029285815033967304,0.027766041288606956,1,1,1,1
2024-02-29,0.0088850354265155,21659.75547437509,0.02382427769891154,0.02715699727141042,0.029285815033967304,0.027766041288606956,0,0,0,0
2024-03-01,0.0064286832197698,15810.954609019216,0.02382427769891154,0.02715699727141042,0.029285815033967304,0.027766041288606956,0,0,0,0
2024-03-04,-0.0080839271549256,-20009.74080072064,0.02382427769891154,0.02715699727141042,0.029285815033967304,0.027766041288606956,1,1,1,1
2024-03-05,-0.0135908227719507,-33368.7354110945,0.02382427769891154,0.02715699727141042,0.029285815033967304,0.027766041288606956,1,1,1,1
2024-03-06,0.002410768953105,5838.572710907552,0.02382427769891154,0.02715699727141042,0.029285815033967304,0.027766041288606956,0,0,0,0
2024-03-07,0.0154047182650933,37398.19027644256,0.02382427769891154,0.02715699727141042,0.029285815033967304,0.027766041288606956,0,0,0,0
2024-03-08,-0.0085983257220932,-21195.804107449017,0.02382427769891154,0.02715699727141042,0.029285815033967304,0.027766041288606956,1,1,1,1
2024-03-11,-0.0015475817517243,-3782.154382140376,0.02382427769891154,0.02715699727141042,0.029285815033967304,0.027766041288606956,1,1,1,1
2024-03-12,0.0195347428705791,47667.31880076789,0.02382427769891154,0.02715699727141042,0.029285815033967304,0.027766041288606956,0,0,0,0
2024-03-13,-0.0041122848418842,-10230.532609996386,0.02382427769891154,0.02715699727141042,0.029285815033967304,0.027766041288606956,1,1,1,1
2024-03-14,0.0011212121989847,2777.8784878794104,0.02382427769891154,0.02715699727141042,0.029285815033967304,0.027766041288606956,0,0,0,0
2024-03-15,-0.0066982549715267,-16613.983271778096,0.02382427769891154,0.02715699727141042,0.029285815033967304,0.027766041288606956,1,1,1,1
2024-03-18,0.0128353363332475,31622.816319491714,0.02382427769891154,0.02715699727141042,0.029285815033967304,0.027766041288606956,0,0,0,0
2024-03-19,0.0069035332772772,17226.758270814084,0.02382427769891154,0.02715699727141042,0.029285815033967304,0.027766041288606956,0,0,0,0
2024-03-20,0.0118541265726178,29784.448432016183,0.02382427769891154,0.02715699727141042,0.029285815033967304,0.027766041288606956,0,0,0,0
2024-03-21,-0.0051549851037506,-13105.853942401242,0.02382427769891154,0.02715699727141042,0.029285815033967304,0.027766041288606956,1,1,1,1
2024-03-22,0.0061791956621531,15628.78743039025,0.02382427769891154,0.02715699727141042,0.029285815033967304,0.027766041288606956,0,0,0,0
2024-03-25,-0.0035696123238305,-9084.263495716266,0.02382427769891154,0.02715699727141042,0.029285815033967304,0.027766041288606956,1,1,1,1
2024-03-26,-0.0045900223621282,-11639.3957641311,0.02382427769891154,0.02715699727141042,0.029285815033967304,0.027766041288606956,1,1,1,1
2024-03-27,0.0042272482862438,10670.269298501778,0.02382427769891154,0.02715699727141042,0.029285815033967304,0.027766041288606956,0,0,0,0
2024-03-28,-0.0027348032938285,-6932.273985795677,0.02382427769891154,0.02715699727141042,0.029285815033967304,0.027766041288606956,1,1,1,1
2024-04-01,0.002543340488139,6429.3163101496175,0.02382427769891154,0.02715699727141042,0.029285815033967304,0.027766041288606956,0,0,0,0
2024-04-02,-0.0090955406886848,-23051.116479606368,0.02382427769891154,0.02715699727141042,0.029285815033967304,0.027766041288606956,1,1,1,1
2024-04-03,0.0023201458812203,5826.537145216484,0.02382427769891154,0.02715699727141042,0.029285815033967304,0.027766041288606956,0,0,0,0
2024-04-04,-0.0112032216272167,-28199.708173065446,0.02382427769891154,0.02715699727141042,0.029285815033967304,0.027766041288606956,1,1,1,1
2024-04-05,0.012694739611631,31596.030658781063,0.02382427769891154,0.02715699727141042,0.029285815033967304,0.027766041288606956,0,0,0,0
2024-04-08,0.0002586114157328,651.8309462675825,0.02382427769891154,0.02715699727141042,0.029285815033967304,0.027766041288606956,0,0,0,0
2024-04-09,0.0012100245598324,3050.6597188105807,0.02382427769891154,0.02715699727141042,0.029285815033967304,0.027766041288606956,0,0,0,0
2024-04-10,-0.0032036483942396,-8086.668069502804,0.02382427769891154,0.02715699727141042,0.029285815033967304,0.027766041288606956,1,1,1,1
2024-04-11,0.0199018616433204,50075.45615631994,0.02382427769891154,0.02715699727141042,0.029285815033967304,0.027766041288606956,0,0,0,0
2024-04-12,-0.0167780561127566,-43055.75790337194,0.02382427769891154,0.02715699727141042,0.029285815033967304,0.027766041288606956,1,1,1,1
2024-04-15,-0.0178823644363635,-45119.6892660195,0.02382427769891154,0.02715699727141042,0.029285815033967304,0.027766041288606956,1,1,1,1
2024-04-16,-0.001984422338265,-4917.436668956652,0.02382427769891154,0.02715699727141042,0.029285815033967304,0.027766041288606956,1,1,1,1
2024-04-17,-0.0094265537519303,-23312.82677171752,0.02382427769891154,0.02715699727141042,0.029285815033967304,0.027766041288606956,1,1,1,1
2024-04-18,-0.0025748177755892,-6307.7601182363,0.02382427769891154,0.02715699727141042,0.029285815033967304,0.027766041288606956,1,1,1,1
2024-04-19,-0.0232549929447157,-56823.1376807224,0.02382427769891154,0.028563332023672235,0.029285815033967304,0.027766041288606956,1,1,1,1
2024-04-22,0.0105362110970553,25146.332986278925,0.02382427769891154,0.028563332023672235,0.029285815033967304,0.027766041288606956,0,0,0,0
2024-04-23,0.0151589386362772,36560.39457963919,0.02382427769891154,0.028563332023672235,0.029285815033967304,0.027625725485789305,0,0,0,0
2024-04-24,0.0029230798997529,7156.765856078826,0.02382427769891154,0.028563332023672235,0.029285815033967304,0.027625725485789305,0,0,0,0
2024-04-25,-0.0031084048645696,-7632.755097350571,0.02382427769891154,0.028563332023672235,0.029285815033967304,0.027625725485789305,1,1,1,1
2024-04-26,0.0225698917842307,55248.58495590696,0.02382427769891154,0.028563332023672235,0.029285815033967304,0.027625725485789305,0,0,0,0
2024-04-29,0.0066001227146419,16521.013807064388,0.02382427769891154,0.028563332023672235,0.029285815033967304,0.027625725485789305,0,0,0,0
2024-04-30,-0.0213799604186252,-53870.1964930608,0.02382427769891154,0.028563332023672235,0.029285815033967304,0.027625725485789305,1,1,1,1
2024-05-01,-0.0028165531154753,-6945.023398290388,0.02382427769891154,0.028563332023672235,0.029285815033967304,0.027625725485789305,1,1,1,1
2024-05-02,0.0163853834480058,40289.08806302678,0.02382427769891154,0.028563332023672235,0.029285815033967304,0.027625725485789305,0,0,0,0
2024-05-03,0.0219090292668233,54753.56162854936,0.02382427769891154,0.028563332023672235,0.029285815033967304,0.027625725485789305,0,0,0,0
2024-05-06,0.0118527792865278,30270.64485993376,0.02382427769891154,0.028563332023672235,0.029285815033967304,0.027625725485789305,0,0,0,0
2024-05-07,-0.0028505087644217,-7366.160630672704,0.02382427769891154,0.028563332023672235,0.029285815033967304,0.027625725485789305,1,1,1,1
2024-05-08,0.0008905565334588,2294.7774342093617,0.02382427769891154,0.028563332023672235,0.029285815033967304,0.027625725485789305,0,0,0,0
2024-05-09,0.0027899463268601,7195.508929646108,0.02382427769891154,0.028563332023672235,0.029285815033967304,0.027625725485789305,0,0,0,0
2024-05-10,-0.0003923641237339,-1014.7637147614732,0.02382427769891154,0.028563332023672235,0.029285815033967304,0.027625725485789305,1,1,1,1
2024-05-13,0.0037912174260788,9801.304825913629,0.02382427769891154,0.028563332023672235,0.029285815033967304,0.027625725485789305,0,0,0,0
2024-05-14,0.0087401435901174,22681.25929255318,0.02382427769891154,0.028563332023672235,0.029285815033967304,0.027625725485789305,0,0,0,0
2024-05-15,0.0120392488396969,31515.724190030716,0.02382427769891154,0.028563332023672235,0.029285815033967304,0.027625725485789305,0,0,0,0
2024-05-16,-0.0017511892942747,-4639.362943291199,0.02382427769891154,0.028563332023672235,0.029285815033967304,0.027625725485789305,1,1,1,1
2024-05-17,0.0011991340595006,3171.259606159292,0.02382427769891154,0.028563332023672235,0.029285815033967304,0.027625725485789305,0,0,0,0
2024-05-20,-0.0001649036348927,-436.6311855907552,0.02382427769891154,0.028563332023672235,0.029285815033967304,0.027625725485789305,1,1,1,1
2024-05-21,0.0089609524840501,23722.86155216908,0.02382427769891154,0.028563332023672235,0.029285815033967304,0.027625725485789305,0,0,0,0
2024-05-22,-0.005791700616357,-15470.10862581944,0.02382427769891154,0.028563332023672235,0.029285815033967304,0.027625725485789305,1,1,1,1
2024-05-23,0.0011043308736126,2932.6744593102485,0.02382427769891154,0.028563332023672235,0.029285815033967304,0.027625725485789305,0,0,0,0
2024-05-24,0.0127644273308628,33934.80191394361,0.02382427769891154,0.028563332023672235,0.029285815033967304,0.027625725485789305,0,0,0,0
2024-05-28,0.0108221318051703,29138.369141852017,0.02382427769891154,0.028563332023672235,0.029285815033967304,0.027625725485789305,0,0,0,0
2024-05-29,-0.0031264631871813,-8509.038398158737,0.02382427769891154,0.028563332023672235,0.029285815033967304,0.027625725485789305,1,1,1,1
2024-05-30,-0.0131286022065454,-35619.327928629704,0.02382427769891154,0.028563332023672235,0.029285815033967304,0.027625725485789305,1,1,1,1
2024-05-31,0.0028311359064925,7580.336961093824,0.02382427769891154,0.028563332023672235,0.029285815033967304,0.027625725485789305,0,0,0,0
2024-06-03,0.0091071310696667,24453.283896259494,0.02382427769891154,0.028563332023672235,0.029285815033967304,0.027625725485789305,0,0,0,0
2024-06-04,0.0022377590427268,6063.260101024993,0.02382427769891154,0.028563332023672235,0.029285815033967304,0.027625725485789305,0,0,0,0
2024-06-05,0.014868739487336,40377.348020917736,0.02382427769891154,0.028563332023672235,0.029285815033967304,0.027625725485789305,0,0,0,0
2024-06-06,0.0005387112098091,1484.6686114063486,0.02382427769891154,0.028563332023672235,0.029285815033967304,0.027625725485789305,0,0,0,0
2024-06-07,7.005089004068535e-05,193.16172187495977,0.02382427769891154,0.028563332023672235,0.029285815033967304,0.027625725485789305,0,0,0,0
2024-06-10,0.0009112772204547,2512.976031224709,0.02382427769891154,0.028563332023672235,0.029285815033967304,0.027625725485789305,0,0,0,0
2024-06-11,0.0122613860908647,33843.32172058942,0.02382427769891154,0.028563332023672235,0.029285815033967304,0.027625725485789305,0,0,0,0
2024-06-12,0.0139208254112169,38894.75783469202,0.02382427769891154,0.028563332023672235,0.029285815033967304,0.027625725485789305,0,0,0,0
2024-06-13,0.0054257030130454,15370.434568133203,0.02382427769891154,0.028563332023672235,0.029285815033967304,0.027625725485789305,0,0,0,0
2024-06-14,0.0005714043581531,1627.5099798548035,0.02382427769891154,0.028563332023672235,0.029285815033967304,0.027625725485789305,0,0,0,0
2024-06-17,0.0078032197362456,22238.32308203727,0.02382427769891154,0.028563332023672235,0.029285815033967304,0.027625725485789305,0,0,0,0
2024-06-18,-0.0003606250086311,-1035.7615410597064,0.02382427769891154,0.028563332023672235,0.029285815033967304,0.027625725485789305,1,1,1,1
2024-06-20,-0.0059054941648677,-16955.224295196123,0.02382427769891154,0.028563332023672235,0.029285815033967304,0.027625725485789305,1,1,1,1
2024-06-21,-0.0043209052806987,-12332.45996506419,0.02382427769891154,0.028563332023672235,0.029285815033967304,0.027625725485789305,1,1,1,1
2024-06-24,-0.0087318269330308,-24814.154171143196,0.02382427769891154,0.028563332023672235,0.029285815033967304,0.027625725485789305,1,1,1,1
2024-06-25,0.0164732668196513,46405.05076238653,0.02382427769891154,0.028563332023672235,0.029285815033967304,0.027625725485789305,0,0,0,0
2024-06-26,0.0107188679406582,30692.36828832608,0.02382427769891154,0.028563332023672235,0.029285815033967304,0.027625725485789305,0,0,0,0
2024-06-27,0.0033604372518041,9725.403837080114,0.02382427769891154,0.028563332023672235,0.029285815033967304,0.027625725485789305,0,0,0,0
2024-06-28,-0.0073710855082484,-21404.26284816442,0.02382427769891154,0.028563332023672235,0.029285815033967304,0.027625725485789305,1,1,1,1
2024-07-01,0.015412608108359,44425.4549360238,0.02382427769891154,0.028563332023672235,0.029285815033967304,0.027625725485789305,0,0,0,0
2024-07-02,0.0116922672102227,34221.34161136532,0.02382427769891154,0.028563332023672235,0.029285815033967304,0.027625725485789305,0,0,0,0
2024-07-03,0.0100076618281626,29633.25455334224,0.02382427769891154,0.028563332023672235,0.029285815033967304,0.027625725485789305,0,0,0,0
2024-07-05,0.0090803041567242,27156.37483022828,0.02382427769891154,0.028563332023672235,0.029285815033967304,0.027625725485789305,0,0,0,0
2024-07-08,0.0015805162626439,4769.755272144452,0.02382427769891154,0.028563332023672235,0.029285815033967304,0.027625725485789305,0,0,0,0
2024-07-09,0.0050614467029317,15298.810441338925,0.02382427769891154,0.028563332023672235,0.029285815033967304,0.027625725485789305,0,0,0,0
2024-07-10,0.0132874341537109,40366.09472498391,0.02382427769891154,0.028563332023672235,0.029285815033967304,0.027625725485789305,0,0,0,0
2024-07-11,-0.0281799091377386,-86745.67984870682,0.024080025197307835,0.029262942460123145,0.030712427921442596,0.03056070595402974,1,1,1,1
2024-07-12,0.0034087381072956,10197.360562246758,0.024080025197307835,0.029262942460123145,0.030712427921442596,0.03056070595402974,0,0,0,0
2024-07-15,0.0066906821405923,20083.639467578847,0.024080025197307835,0.029262942460123145,0.030712427921442596,0.03056070595402974,0,0,0,0
2024-07-16,0.000497961302264,1504.7476071100682,0.024080025197307835,0.029262942460123145,0.030712427921442596,0.03056070595402974,0,0,0,0
2024-07-17,-0.0218293225909923,-65997.0516349622,0.024080025197307835,0.029262942460123145,0.030712427921442596,0.03056070595402974,1,1,1,1
2024-07-18,-0.0073339553338206,-21688.882494102232,0.024080025197307835,0.029262942460123145,0.030147748769583,0.027625725485789305,1,1,1,1
2024-07-19,-0.0084450909166476,-24791.705892035272,0.024080025197307835,0.029262942460123145,0.030147748769583,0.027625725485789305,1,1,1,1
2024-07-22,0.0134577590381157,39173.42991098948,0.024080025197307835,0.029262942460123145,0.030147748769583,0.027625725485789305,0,0,0,0
2024-07-23,0.0005495167309148,1621.0836386564188,0.024080025197307835,0.029262942460123145,0.030147748769583,0.027625725485789305,0,0,0,0
2024-07-24,-0.0392363492236725,-115811.49839553236,0.02450303900161678,0.034054848579946555,0.03480151133148549,0.03403068017976252,1,1,1,1
2024-07-25,-0.0097912075185989,-27766.165525804277,0.02450303900161678,0.034054848579946555,0.03480151133148549,0.03403068017976252,1,1,1,1
2024-07-26,0.00898602745694,25233.307062183507,0.02450303900161678,0.034054848579946555,0.03480151133148549,0.03403068017976252,0,0,0,0
2024-07-29,0.0019724859022896,5588.631720165722,0.02450303900161678,0.034054848579946555,0.03480151133148549,0.03403068017976252,0,0,0,0
2024-07-30,-0.0107553222882292,-30533.09354287386,0.02450303900161678,0.034054848579946555,0.03480151133148549,0.03403068017976252,1,1,1,1
2024-07-31,0.0253849747595572,71289.8724663551,0.02450303900161678,0.034054848579946555,0.03340869976697549,0.03158077409854012,0,0,0,0
2024-08-01,-0.0205342749729399,-59131.29965378065,0.02450303900161678,0.034054848579946555,0.03340869976697549,0.03158077409854012,1,1,1,1
2024-08-02,-0.0221119250055937,-62366.8553992142,0.02450303900161678,0.034054848579946555,0.03340869976697549,0.03158077409854012,1,1,1,1
2024-08-05,-0.0416652326076759,-114918.58109698632,0.026569655305819118,0.03664945784851723,0.036105812542722944,0.0338292362265956,1,1,1,1
2024-08-06,0.0099318788090302,26252.16348250164,0.026569655305819118,0.03664945784851723,0.036105812542722944,0.0338292362265956,0,0,0,0
2024-08-07,-0.0072175514477899,-19267.069230475,0.026569655305819118,0.03664945784851723,0.036105812542722944,0.0338292362265956,1,1,1,1
2024-08-08,0.0242414070308319,64244.75599805545,0.026569655305819118,0.03664945784851723,0.036105812542722944,0.0338292362265956,0,0,0,0
2024-08-09,0.0070142299727447,19039.791584953666,0.026569655305819118,0.03664945784851723,0.036105812542722944,0.0338292362265956,0,0,0,0
2024-08-12,0.00680088151633,18590.154776778072,0.026569655305819118,0.03664945784851723,0.036105812542722944,0.0338292362265956,0,0,0,0
2024-08-13,0.0236181430961688,64999.068612222094,0.026569655305819118,0.03664945784851723,0.036105812542722944,0.0338292362265956,0,0,0,0
2024-08-14,0.0017940458667453,5053.972808757797,0.026569655305819118,0.03664945784851723,0.036105812542722944,0.0338292362265956,0,0,0,0
2024-08-15,0.0202804857098672,57234.271202550735,0.026569655305819118,0.03664945784851723,0.036105812542722944,0.0338292362265956,0,0,0,0
2024-08-16,0.0033394682932746,9615.562824431809,0.026569655305819118,0.03664945784851723,0.036105812542722944,0.0338292362265956,0,0,0,0
2024-08-19,0.0128599155002304,37152.10253611626,0.026569655305819118,0.03664945784851723,0.036105812542722944,0.0338292362265956,0,0,0,0
2024-08-20,-0.0033970874997615,-9940.343655978795,0.026569655305819118,0.03664945784851723,0.036105812542722944,0.0338292362265956,1,1,1,1
2024-08-21,0.0017997349008964,5248.381022516172,0.026569655305819118,0.03664945784851723,0.036105812542722944,0.0338292362265956,0,0,0,0
2024-08-22,-0.0156950174574042,-45852.131928128656,0.026569655305819118,0.03664945784851723,0.036105812542722944,0.0338292362265956,1,1,1,1
2024-08-23,0.0146179450600478,42035.26009943429,0.026569655305819118,0.03664945784851723,0.036105812542722944,0.0338292362265956,0,0,0,0
2024-08-26,-0.0054737319703592,-15970.314939034171,0.026569655305819118,0.03664945784851723,0.036105812542722944,0.0338292362265956,1,1,1,1
2024-08-27,-0.0003599418669241,-1044.4281683620063,0.026569655305819118,0.03664945784851723,0.036105812542722944,0.0338292362265956,1,1,1,1
2024-08-28,-0.0091283652484588,-26477.85938441474,0.026569655305819118,0.03664945784851723,0.036105812542722944,0.0338292362265956,1,1,1,1
2024-08-29,-0.0043497325748041,-12501.721378365066,0.026569655305819118,0.03664945784851723,0.036105812542722944,0.0338292362265956,1,1,1,1
2024-08-30,0.0107637125192373,30801.804737971164,0.026569655305819118,0.03664945784851723,0.036105812542722944,0.0338292362265956,0,0,0,0
2024-09-03,-0.0324664482999577,-93907.11457970878,0.0303660441104703,0.03664945784851723,0.0381886205914402,0.035909247358431824,1,1,1,1
2024-09-04,-0.0051403143191134,-14385.316633660346,0.0303660441104703,0.03664945784851723,0.0381886205914402,0.035909247358431824,1,1,1,1
2024-09-05,0.0065995378192259,18374.05889096344,0.0303660441104703,0.03664945784851723,0.0381886205914402,0.035909247358431824,0,0,0,0
2024-09-06,-0.0265326957555139,-74358.33998459997,0.0303660441104703,0.03664945784851723,0.0381886205914402,0.035909247358431824,1,1,1,1
2024-09-09,0.0123448929498129,33678.830829837825,0.0303660441104703,0.03664945784851723,0.0381886205914402,0.035909247358431824,0,0,0,0
2024-09-10,0.0024283587541754,6706.733078980353,0.0303660441104703,0.03664945784851723,0.0381886205914402,0.035909247358431824,0,0,0,0
2024-09-11,0.0222753106195183,61670.19016974233,0.0303660441104703,0.03664945784851723,0.0381886205914402,0.035909247358431824,0,0,0,0
2024-09-12,0.009947273741322,28152.920925506856,0.0303660441104703,0.03664945784851723,0.0381886205914402,0.035909247358431824,0,0,0,0
2024-09-13,0.0018287571175353,5227.260233865585,0.0303660441104703,0.03664945784851723,0.0381886205914402,0.035909247358431824,0,0,0,0
2024-09-16,-0.0065524054424398,-18763.435051743407,0.0303660441104703,0.03664945784851723,0.0381886205914402,0.035909247358431824,1,1,1,1
2024-09-17,0.0029618174034305,8425.871453021653,0.0303660441104703,0.03664945784851723,0.0381886205914402,0.035909247358431824,0,0,0,0
2024-09-18,-0.0011943412482,-3407.7629730757326,0.0303660441104703,0.03664945784851723,0.0381886205914402,0.035909247358431824,1,1,1,1
2024-09-19,0.0263092872371257,74977.5119897956,0.0303660441104703,0.03664945784851723,0.0381886205914402,0.035909247358431824,0,0,0,0
2024-09-20,-0.0035429468565494,-10362.507060187403,0.0303660441104703,0.03664945784851723,0.0381886205914402,0.035909247358431824,1,1,1,1
2024-09-23,0.0019242165310661,5608.060992549639,0.0303660441104703,0.03664945784851723,0.0381886205914402,0.035909247358431824,0,0,0,0
2024-09-24,0.0062743980121042,18321.69819722604,0.0303660441104703,0.03664945784851723,0.0381886205914402,0.035909247358431824,0,0,0,0
2024-09-25,0.0015770698346034,4634.05313065229,0.0303660441104703,0.03664945784851723,0.0381886205914402,0.035909247358431824,0,0,0,0
2024-09-26,-0.0003516986398003,-1035.0590949938633,0.0303660441104703,0.03664945784851723,0.0381886205914402,0.035909247358431824,1,1,1,1
2024-09-27,-0.0016318094911682,-4800.7727022068575,0.0303660441104703,0.03664945784851723,0.0381886205914402,0.035909247358431824,1,1,1,1
2024-09-30,0.0073291334039969,21527.076370235533,0.0303660441104703,0.03664945784851723,0.0381886205914402,0.035909247358431824,0,0,0,0
2024-10-01,-0.0159984746421391,-47335.00165362051,0.0303660441104703,0.03664945784851723,0.0381886205914402,0.035909247358431824,1,1,1,1
2024-10-02,0.0001547301369599,450.47894886275753,0.0303660441104703,0.03664945784851723,0.0381886205914402,0.035909247358431824,0,0,0,0
2024-10-03,0.0008717434044831,2538.373086772393,0.0303660441104703,0.03664945784851723,0.0381886205914402,0.035909247358431824,0,0,0,0
2024-10-04,0.0138266154740945,40295.92204871168,0.0303660441104703,0.03664945784851723,0.0381886205914402,0.035909247358431824,0,0,0,0
2024-10-07,-0.0125854115557271,-37185.73097553011,0.0303660441104703,0.03664945784851723,0.0381886205914402,0.035909247358431824,1,1,1,1
2024-10-08,0.0132365475101108,38617.41178968456,0.0303660441104703,0.03664945784851723,0.0381886205914402,0.035909247358431824,0,0,0,0
2024-10-09,0.0050090537382014,14807.269394392612,0.0303660441104703,0.03664945784851723,0.0381886205914402,0.035909247358431824,0,0,0,0
2024-10-10,0.0019925567744401,5919.703648967203,0.0303660441104703,0.03664945784851723,0.0381886205914402,0.035909247358431824,0,0,0,0
2024-10-11,0.0012148024209524,3616.257981161587,0.0303660441104703,0.03664945784851723,0.0381886205914402,0.035909247358431824,0,0,0,0
2024-10-14,0.00903144432922,26917.71728446195,0.0303660441104703,0.03664945784851723,0.0381886205914402,0.035909247358431824,0,0,0,0
2024-10-15,-0.0103721414985837,-31192.7849695161,0.0303660441104703,0.03664945784851723,0.0381886205914402,0.035909247358431824,1,1,1,1
2024-10-16,0.0029036624689871,8641.791066053323,0.0303660441104703,0.03664945784851723,0.0381886205914402,0.035909247358431824,0,0,0,0
2024-10-17,0.0005142519840518,1534.9450199855492,0.0303660441104703,0.03664945784851723,0.0381886205914402,0.035909247358431824,0,0,0,0
2024-10-18,0.0057145223785138,17065.541190796997,0.0303660441104703,0.03664945784851723,0.0381886205914402,0.035909247358431824,0,0,0,0
2024-10-21,0.006599045174483,19819.648603953887,0.0303660441104703,0.03664945784851723,0.0381886205914402,0.035909247358431824,0,0,0,0
2024-10-22,0.0044350486554141,13408.177534917835,0.0303660441104703,0.03664945784851723,0.0381886205914402,0.035909247358431824,0,0,0,0
2024-10-23,-0.0173276621443322,-52617.86144733569,0.0303660441104703,0.03664945784851723,0.0381886205914402,0.035909247358431824,1,1,1,1
2024-10-24,0.0120024724968391,35815.63635638403,0.0303660441104703,0.03664945784851723,0.0381886205914402,0.035909247358431824,0,0,0,0
2024-10-25,0.0066840241489888,20184.66455294797,0.0303660441104703,0.03664945784851723,0.0381886205914402,0.035909247358431824,0,0,0,0
2024-10-28,0.0016587878205878,5042.751189172734,0.0303660441104703,0.03664945784851723,0.0381886205914402,0.035909247358431824,0,0,0,0
2024-10-29,0.0045247155474557,13778.051062371582,0.0303660441104703,0.03664945784851723,0.0381886205914402,0.035909247358431824,0,0,0,0
2024-10-30,-0.0011603331639941,-3549.2765519125387,0.0303660441104703,0.03664945784851723,0.0381886205914402,0.035909247358431824,1,1,1,1
2024-10-31,-0.0301231662997555,-92035.10990725084,0.0313182401198586,0.03858637731162151,0.03865339052398834,0.03862941781487919,1,1,1,1
2024-11-01,0.0075911703147499,22494.598045258783,0.0313182401198586,0.03858637731162151,0.03865339052398834,0.03862941781487919,0,0,0,0
2024-11-04,-0.0056401278838516,-16840.02787985932,0.0313182401198586,0.03858637731162151,0.03865339052398834,0.03862941781487919,1,1,1,1
2024-11-05,0.0132872857124368,39448.79286695877,0.0313182401198586,0.03858637731162151,0.03865339052398834,0.03862941781487919,0,0,0,0
2024-11-06,0.037297309018733,112203.79263744596,0.0313182401198586,0.03858637731162151,0.03865339052398834,0.03862941781487919,0,0,0,0
2024-11-07,0.0127080630735874,39656.34197191475,0.0313182401198586,0.03858637731162151,0.03865339052398834,0.03862941781487919,0,0,0,0
2024-11-08,6.440283292251001e-05,203.5272330660373,0.0313182401198586,0.03858637731162151,0.03865339052398834,0.03862941781487919,0,0,0,0
2024-11-11,-0.0007653757877838,-2418.912982766982,0.0313182401198586,0.03858637731162151,0.03865339052398834,0.03862941781487919,1,1,1,1
2024-11-12,0.0027644180632819,8730.049824554008,0.0313182401198586,0.03858637731162151,0.03865339052398834,0.03862941781487919,0,0,0,0
2024-11-13,0.0006959020634902,2203.738401877694,0.0313182401198586,0.03858637731162151,0.03865339052398834,0.03862941781487919,0,0,0,0
2024-11-14,-0.0032129286479642,-10181.578584771138,0.0313182401198586,0.03858637731162151,0.03865339052398834,0.03862941781487919,1,1,1,1
2024-11-15,-0.0178234161813765,-56299.86859683413,0.0313182401198586,0.03858637731162151,0.03865339052398834,0.03862941781487919,1,1,1,1
2024-11-18,0.0050078124504728,15536.531308377627,0.0313182401198586,0.03858637731162151,0.03865339052398834,0.03862941781487919,0,0,0,0
2024-11-19,0.0102325799918838,31905.135625704657,0.0313182401198586,0.03858637731162151,0.03865339052398834,0.03862941781487919,0,0,0,0
2024-11-20,-0.0018385422793459,-5791.225001598708,0.0313182401198586,0.03858637731162151,0.03865339052398834,0.03862941781487919,1,1,1,1
2024-11-21,-0.005885915594319,-18505.961032784544,0.0313182401198586,0.03858637731162151,0.03865339052398834,0.03862941781487919,1,1,1,1
2024-11-22,-0.0021628198479244,-6760.116597871296,0.0313182401198586,0.03858637731162151,0.03865339052398834,0.03862941781487919,1,1,1,1
2024-11-25,0.0004509959259747,1406.5855160644278,0.0313182401198586,0.03858637731162151,0.03865339052398834,0.03862941781487919,0,0,0,0
2024-11-26,0.0099240735446767,30965.587009361945,0.0313182401198586,0.03858637731162151,0.03865339052398834,0.03862941781487919,0,0,0,0
2024-11-27,-0.0058227295178771,-18348.673980657943,0.0313182401198586,0.03858637731162151,0.03865339052398834,0.03862941781487919,1,1,1,1
2024-11-29,0.0087706117952242,27477.156434990466,0.0313182401198586,0.03858637731162151,0.03865339052398834,0.03862941781487919,0,0,0,0
2024-12-02,0.0094884626621999,29986.803386639334,0.0313182401198586,0.03858637731162151,0.03865339052398834,0.03862941781487919,0,0,0,0
2024-12-03,0.0055635636518131,17749.60693700891,0.0313182401198586,0.03858637731162151,0.03865339052398834,0.03862941781487919,0,0,0,0
2024-12-04,0.0108574219716095,34831.479693317786,0.0313182401198586,0.03858637731162151,0.03865339052398834,0.03862941781487919,0,0,0,0
2024-12-05,0.0014042344592134,4553.80823092442,0.0313182401198586,0.03858637731162151,0.03865339052398834,0.03862941781487919,0,0,0,0
2024-12-06,0.0029474836679498,9571.851282425225,0.0313182401198586,0.03858637731162151,0.03865339052398834,0.03862941781487919,0,0,0,0
2024-12-09,-0.0010851585929128,-3534.4019804345444,0.0313182401198586,0.03858637731162151,0.03865339052398834,0.03862941781487919,1,1,1,1
2024-12-10,0.0025892554932178,8424.15017192252,0.0313182401198586,0.03858637731162151,0.03865339052398834,0.03862941781487919,0,0,0,0
2024-12-11,0.0141807379779524,46256.53234107001,0.0313182401198586,0.03858637731162151,0.03865339052398834,0.03862941781487919,0,0,0,0
2024-12-12,-0.0065987523094592,-21829.883840885013,0.0313182401198586,0.03858637731162151,0.03865339052398834,0.03862941781487919,1,1,1,1
2024-12-13,-0.0051821598142911,-17030.409904480446,0.0313182401198586,0.03858637731162151,0.03865339052398834,0.03862941781487919,1,1,1,1
2024-12-16,0.007099394040713,23210.214042841457,0.0313182401198586,0.03858637731162151,0.03865339052398834,0.03862941781487919,0,0,0,0
2024-12-17,-0.0009975148710387,-3284.351100045722,0.0313182401198586,0.03858637731162151,0.03865339052398834,0.03862941781487919,1,1,1,1
2024-12-18,-0.0290120555848225,-95427.8782793954,0.0313182401198586,0.04006128428768446,0.041997907961009245,0.03965123957320145,1,1,1,1
2024-12-19,0.0036689292528643,11717.904179338831,0.0313182401198586,0.04006128428768446,0.041997907961009245,0.03965123957320145,0,0,0,0
2024-12-20,0.0109847423380348,35212.02156372415,0.0313182401198586,0.04006128428768446,0.041997907961009245,0.03965123957320145,0,0,0,0
2024-12-23,0.0108167039536191,35054.24595745839,0.0313182401198586,0.04006128428768446,0.041997907961009245,0.03965123957320145,0,0,0,0
2024-12-24,0.0126445416516754,41421.05798303569,0.0313182401198586,0.04006128428768446,0.041997907961009245,0.03965123957320145,0,0,0,0
2024-12-26,-0.0016029690537926,-5317.411376846489,0.0313182401198586,0.04006128428768446,0.041997907961009245,0.03965123957320145,1,1,1,1
2024-12-27,-0.0151373066235519,-50133.382939279545,0.0313182401198586,0.04006128428768446,0.041997907961009245,0.03965123957320145,1,1,1,1
2024-12-30,-0.0097602192455592,-31835.645730684977,0.0313182401198586,0.04006128428768446,0.041997907961009245,0.03965123957320145,1,1,1,1
2024-12-31,-0.0093353675031105,-30152.67719852971,0.0313182401198586,0.04006128428768446,0.041997907961009245,0.03965123957320145,1,1,1,1
2025-01-02,-0.0036012788926807,-11523.32665682165,0.0313182401198586,0.04006128428768446,0.041997907961009245,0.03965123957320145,1,1,1,1
2025-01-03,0.0177012645085303,56436.30486019468,0.0313182401198586,0.04006128428768446,0.041997907961009245,0.03965123957320145,0,0,0,0
2025-01-06,0.0137870900941624,44734.975800203625,0.0313182401198586,0.04006128428768446,0.041997907961009245,0.03965123957320145,0,0,0,0
2025-01-07,-0.01857897790079,-61114.34588209959,0.0313182401198586,0.04006128428768446,0.041997907961009245,0.03965123957320145,1,1,1,1
2025-01-08,-1.5800722626767294e-05,-51.00980406301096,0.0313182401198586,0.04006128428768446,0.041997907961009245,0.03965123957320145,1,1,1,1
2025-01-10,-0.0153817696462392,-49656.5047530029,0.0313182401198586,0.04006128428768446,0.041997907961009245,0.03965123957320145,1,1,1,1
2025-01-13,-0.0010034264425358,-3189.504783271812,0.0313182401198586,0.04006128428768446,0.041997907961009245,0.03965123957320145,1,1,1,1
2025-01-14,-0.0044778036171605,-14218.924814261496,0.0313182401198586,0.04006128428768446,0.041997907961009245,0.03965123957320145,1,1,1,1
2025-01-15,0.026782952472788,84666.40373654524,0.0313182401198586,0.04006128428768446,0.041997907961009245,0.03965123957320145,0,0,0,0
2025-01-16,-0.0190247268570009,-61751.81719920319,0.0313182401198586,0.04006128428768446,0.041997907961009245,0.03965123957320145,1,1,1,1
2025-01-17,0.0154976415344366,49346.34422388859,0.0313182401198586,0.04006128428768446,0.041997907961009245,0.03965123957320145,0,0,0,0
2025-01-21,0.0024064259386492,7781.096329284366,0.0313182401198586,0.04006128428768446,0.041997907961009245,0.03965123957320145,0,0,0,0
2025-01-22,0.0136944231255368,44387.00848102663,0.0313182401198586,0.04006128428768446,0.041997907961009245,0.03965123957320145,0,0,0,0
2025-01-23,0.0032639588489196,10724.17434135964,0.0313182401198586,0.04006128428768446,0.041997907961009245,0.03965123957320145,0,0,0,0
2025-01-24,-0.0062546015686581,-20617.40733912541,0.0313182401198586,0.04006128428768446,0.041997907961009245,0.03965123957320145,1,1,1,1
2025-01-27,-0.0270540507178259,-88622.05828079302,0.0313182401198586,0.04006128428768446,0.041997907961009245,0.03965123957320145,1,1,1,1
2025-01-28,0.0278733294569324,88835.61126177153,0.0313182401198586,0.04006128428768446,0.041997907961009245,0.03965123957320145,0,0,0,0
2025-01-29,-0.008707435124593,-28525.16017323453,0.0313182401198586,0.04006128428768446,0.041997907961009245,0.03965123957320145,1,1,1,1
2025-01-30,-0.0042756450951014,-13884.85478512384,0.0313182401198586,0.039949269975499684,0.041997907961009245,0.03965123957320145,1,1,1,1
2025-01-31,-0.0052910991404969,-17109.003773113247,0.0313182401198586,0.039949269975499684,0.041997907961009245,0.03965123957320145,1,1,1,1
2025-02-03,-0.0157977848384365,-50812.553672041744,0.0313182401198586,0.039949269975499684,0.041997907961009245,0.03965123957320145,1,1,1,1
2025-02-04,0.0147610198680543,46727.82105303183,0.0313182401198586,0.039949269975499684,0.041997907961009245,0.03965123957320145,0,0,0,0
2025-02-05,-0.0037739977751622,-12123.404098804109,0.0313182401198586,0.039949269975499684,0.041997907961009245,0.03965123957320145,1,1,1,1
2025-02-06,0.0081547597609589,26097.08413886791,0.0313182401198586,0.039949269975499684,0.041997907961009245,0.03965123957320145,0,0,0,0
2025-02-07,-0.015190678787558,-49010.05613008048,0.0313182401198586,0.039949269975499684,0.041997907961009245,0.03965123957320145,1,1,1,1
2025-02-10,0.0061966226843869,19688.61752889771,0.0313182401198586,0.039949269975499684,0.041997907961009245,0.03965123957320145,0,0,0,0
2025-02-11,0.0010920678344092,3491.343993193936,0.0313182401198586,0.039949269975499684,0.041997907961009245,0.03965123957320145,0,0,0,0
2025-02-12,-0.0021133998350272,-6763.923929059878,0.0313182401198586,0.039949269975499684,0.041997907961009245,0.03965123957320145,1,1,1,1
2025-02-13,0.0151741382368994,48462.10480655171,0.0313182401198586,0.039949269975499684,0.041997907961009245,0.03965123957320145,0,0,0,0
2025-02-14,0.0043835336507857,14212.25943454262,0.0313182401198586,0.039949269975499684,0.041997907961009245,0.03965123957320145,0,0,0,0
2025-02-18,-0.0025403301303298,-8272.342842089478,0.0313182401198586,0.039949269975499684,0.041997907961009245,0.03965123957320145,1,1,1,1
2025-02-19,0.0036713858970273,11925.147134276109,0.0313182401198586,0.039949269975499684,0.041997907961009245,0.03965123957320145,0,0,0,0
2025-02-20,-0.0056801065052593,-18517.47353832424,0.0313182401198586,0.039949269975499684,0.041997907961009245,0.03965123957320145,1,1,1,1
2025-02-21,-0.0233637342150415,-75734.4784947494,0.0313182401198586,0.039949269975499684,0.041997907961009245,0.03965123957320145,1,1,1,1
2025-02-24,-0.0106306817657504,-33654.670798106585,0.0313182401198586,0.039949269975499684,0.041997907961009245,0.03965123957320145,1,1,1,1
2025-02-25,-0.0151590356060547,-47480.38593676593,0.0313182401198586,0.039949269975499684,0.041997907961009245,0.03965123957320145,1,1,1,1
2025-02-26,-0.0013207719813056,-4074.146292447578,0.0313182401198586,0.039949269975499684,0.041997907961009245,0.03965123957320145,1,1,1,1
2025-02-27,-0.0254674405441888,-78454.9030226455,0.0313182401198586,0.039949269975499684,0.041997907961009245,0.03965123957320145,1,1,1,1
2025-02-28,0.0200767796692307,60273.33129341854,0.0313182401198586,0.039949269975499684,0.041997907961009245,0.03965123957320145,0,0,0,0
2025-03-03,-0.0319235512009221,-97763.15326578544,0.03220042872143025,0.039949269975499684,0.041997907961009245,0.03965123957320145,1,1,1,1
2025-03-04,-0.004279074153,-12685.963912426494,0.03220042872143025,0.039949269975499684,0.041997907961009245,0.03965123957320145,1,1,1,1
2025-03-05,0.0118925107043762,35106.28258765768,0.03220042872143025,0.039949269975499684,0.041997907961009245,0.03965123957320145,0,0,0,0
2025-03-06,-0.0197674730014791,-59046.86294330051,0.03220042872143025,0.039949269975499684,0.041997907961009245,0.03965123957320145,1,1,1,1
2025-03-07,0.0039512532896072,11569.368521059398,0.03220042872143025,0.039949269975499684,0.041997907961009245,0.03965123957320145,0,0,0,0
2025-03-10,-0.0445907936648044,-131078.84716100665,0.035919097771052184,0.04000181351382628,0.04263038530580153,0.03965123957320145,1,1,1,1
2025-03-11,-0.0028203261629872,-7920.929880962241,0.035919097771052184,0.04000181351382628,0.04263038530580153,0.03965123957320145,1,1,1,1
2025-03-12,0.0136666131479223,38274.64323861897,0.035919097771052184,0.04000181351382628,0.04263038530580153,0.03965123957320145,0,0,0,0
2025-03-13,-0.0192784676540894,-54729.04924145015,0.035919097771052184,0.04000181351382628,0.04263038530580153,0.03965123957320145,1,1,1,1
2025-03-14,0.0275912604610542,76817.93777002161,0.035919097771052184,0.04000181351382628,0.04263038530580153,0.03965123957320145,0,0,0,0
2025-03-17,-0.0041438083775124,-11855.262351829091,0.035919097771052184,0.04000181351382628,0.04263038530580153,0.03965123957320145,1,1,1,1
2025-03-18,-0.0159800913594665,-45528.92444541352,0.035919097771052184,0.04000181351382628,0.04263038530580153,0.03965123957320145,1,1,1,1
2025-03-19,0.0150263523140383,42127.4901173315,0.035919097771052184,0.04000181351382628,0.04263038530580153,0.03965123957320145,0,0,0,0
2025-03-20,9.149351780417496e-05,260.3632366321981,0.035919097771052184,0.04000181351382628,0.04263038530580153,0.03965123957320145,0,0,0,0
2025-03-21,0.0107725303712334,30658.21010980662,0.035919097771052184,0.04000181351382628,0.04263038530580153,0.03965123957320145,0,0,0,0
2025-03-24,0.0235670111550093,67793.3362693782,0.035919097771052184,0.04000181351382628,0.04263038530580153,0.03965123957320145,0,0,0,0
2025-03-25,0.0091105303862269,26825.167417358607,0.035919097771052184,0.04000181351382628,0.04263038530580153,0.03965123957320145,0,0,0,0
2025-03-26,-0.0213493145201337,-63433.90590990847,0.035919097771052184,0.04000181351382628,0.04263038530580153,0.03965123957320145,1,1,1,1
2025-03-27,-0.0044576948146522,-12962.105598711409,0.035919097771052184,0.04000181351382628,0.04263038530580153,0.03965123957320145,1,1,1,1
2025-03-28,-0.0279141778757151,-80807.14900766965,0.035919097771052184,0.04000181351382628,0.04263038530580153,0.03965123957320145,1,1,1,1
2025-03-31,0.001009574740802,2840.979029634036,0.035919097771052184,0.04000181351382628,0.04263038530580153,0.03965123957320145,0,0,0,0
2025-04-01,0.0105403720257394,29690.924673018977,0.035919097771052184,0.04000181351382628,0.04263038530580153,0.03965123957320145,0,0,0,0
2025-04-02,0.0060857922877535,17323.61716303043,0.035919097771052184,0.04000181351382628,0.04263038530580153,0.03965123957320145,0,0,0,0
2025-04-03,-0.0645084250896823,-184745.0910213245,0.04047507974951421,0.04183616986997815,0.045025231714398296,0.04101487239661743,1,1,1,1
2025-04-04,-0.0607837305741899,-162848.47648828244,0.04315726874681141,0.04183616986997815,0.045025231714398296,0.04101487239661743,1,1,1,1
2025-04-07,0.0012192630869938,3068.028442702256,0.04315726874681141,0.04183616986997815,0.045025231714398296,0.04101487239661743,0,0,0,0
2025-04-08,-0.0181307398111229,-45677.95768905617,0.04315726874681141,0.04183616986997815,0.045025231714398296,0.04101487239661743,1,1,1,1
2025-04-09,0.1188353049222503,293961.395803527,0.04315726874681141,0.04183616986997815,0.045025231714398296,0.04101487239661743,0,0,0,0
2025-04-10,-0.0423459920378063,-117198.83363613812,0.04349084086757531,0.04183616986997815,0.045025231714398296,0.04101487239661743,1,1,1,1
2025-04-11,0.0257834210570002,68337.66722235037,0.04349084086757531,0.04183616986997815,0.045025231714398296,0.04101487239661743,0,0,0,0
2025-04-14,0.0008695889703943,2364.2277305480093,0.04349084086757531,0.04183616986997815,0.045025231714398296,0.04101487239661743,0,0,0,0
2025-04-15,-0.0040411817064517,-10996.66908310214,0.04349084086757531,0.04183616986997815,0.045025231714398296,0.04101487239661743,1,1,1,1
2025-04-16,-0.0343950259667205,-93215.85787599022,0.04349084086757531,0.04183616986997815,0.045025231714398296,0.04101487239661743,1,1,1,1
2025-04-17,-0.0160454072513463,-41989.85721568437,0.04349084086757531,0.04183616986997815,0.045025231714398296,0.04101487239661743,1,1,1,1
2025-04-21,-0.0298329030132061,-76818.21772515215,0.04349084086757531,0.04183616986997815,0.045025231714398296,0.04101487239661743,1,1,1,1
2025-04-22,0.0271736687238062,67883.39100752724,0.04349084086757531,0.04183616986997815,0.045025231714398296,0.04101487239661743,0,0,0,0
2025-04-23,0.0267351076332421,68602.67760738824,0.04349084086757531,0.04183616986997815,0.045025231714398296,0.04101487239661743,0,0,0,0
2025-04-24,0.0244465508489345,64407.30623930041,0.04349084086757531,0.04183616986997815,0.045025231714398296,0.04101487239661743,0,0,0,0
2025-04-25,0.0167600337217621,45235.74372314289,0.04349084086757531,0.04183616986997815,0.045025231714398296,0.04101487239661743,0,0,0,0
2025-04-28,-0.0036368066532724,-9980.344365607947,0.04349084086757531,0.04183616986997815,0.045025231714398296,0.04101487239661743,1,1,1,1
2025-04-29,0.0027104148228298,7411.033106537536,0.04349084086757531,0.04183616986997815,0.045025231714398296,0.04101487239661743,0,0,0,0
2025-04-30,-0.0041252478776467,-11310.155214066152,0.04349084086757531,0.04183616986997815,0.045025231714398296,0.04101487239661743,1,1,1,1
2025-05-01,0.0215494287236613,58838.14863155177,0.04349084086757531,0.04183616986997815,0.045025231714398296,0.04101487239661743,0,0,0,0
2025-05-02,0.0068850363767963,19203.874624999706,0.04349084086757531,0.04183616986997815,0.045025231714398296,0.04101487239661743,0,0,0,0
2025-05-05,-0.0106122581447764,-29803.709060293622,0.04349084086757531,0.04183616986997815,0.045025231714398296,0.04101487239661743,1,1,1,1
2025-05-06,-0.0068662253938888,-19078.625820746645,0.04349084086757531,0.04183616986997815,0.045025231714398296,0.04101487239661743,1,1,1,1
2025-05-07,-0.0027237992103199,-7516.434480336495,0.04349084086757531,0.04183616986997815,0.045025231714398296,0.04101487239661743,1,1,1,1
2025-05-08,0.0102229585195295,28133.82878830424,0.04349084086757531,0.04183616986997815,0.045025231714398296,0.04101487239661743,0,0,0,0
2025-05-09,0.0014592860300908,4057.045708186459,0.04349084086757531,0.04183616986997815,0.045025231714398296,0.04101487239661743,0,0,0,0
2025-05-12,0.0455847535667296,126917.75602757793,0.04349084086757531,0.04183616986997815,0.045025231714398296,0.04101487239661743,0,0,0,0
2025-05-13,0.0073375033555848,21360.44658735767,0.04349084086757531,0.04183616986997815,0.045025231714398296,0.04101487239661743,0,0,0,0
2025-05-14,0.0121336119900428,35581.73505017022,0.04349084086757531,0.04183616986997815,0.045025231714398296,0.04101487239661743,0,0,0,0
2025-05-15,-0.0108406953301154,-32175.996443360116,0.04349084086757531,0.04183616986997815,0.045025231714398296,0.04101487239661743,1,1,1,1
2025-05-16,0.0060915080417891,17884.052194179036,0.04349084086757531,0.04183616986997815,0.045025231714398296,0.04101487239661743,0,0,0,0
2025-05-19,0.0008314432080279,2455.9028329583816,0.04349084086757531,0.04183616986997815,0.045025231714398296,0.04101487239661743,0,0,0,0
2025-05-20,-0.0055005589118205,-16260.96637224406,0.04349084086757531,0.04183616986997815,0.045025231714398296,0.04101487239661743,1,1,1,1
2025-05-21,-0.0149608961528953,-43984.7049522209,0.04349084086757531,0.04183616986997815,0.045025231714398296,0.04101487239661743,1,1,1,1
2025-05-22,0.0030480694005728,8827.188425151631,0.04349084086757531,0.04183616986997815,0.045025231714398296,0.04101487239661743,0,0,0,0
2025-05-23,-0.0130454276986172,-37894.62507354189,0.04349084086757531,0.04183616986997815,0.045025231714398296,0.04101487239661743,1,1,1,1
2025-05-27,0.0246994983179365,70811.62943062419,0.04349084086757531,0.04183616986997815,0.045025231714398296,0.04101487239661743,0,0,0,0
2025-05-28,-0.0041664704417498,-12239.996242244728,0.04349084086757531,0.04183616986997815,0.045025231714398296,0.04101487239661743,1,1,1,1
2025-05-29,0.0059004684543302,17261.80542665627,0.04349084086757531,0.04183616986997815,0.045025231714398296,0.04101487239661743,0,0,0,0
2025-05-30,-0.0046162238230613,-13584.435388029551,0.04349084086757531,0.04183616986997815,0.045025231714398296,0.04101487239661743,1,1,1,1
2025-06-02,0.0053584514695456,15695.841127808206,0.04349084086757531,0.04183616986997815,0.045025231714398296,0.04101487239661743,0,0,0,0
2025-06-03,0.0041726385295306,12287.880792132111,0.04349084086757531,0.04183616986997815,0.045025231714398296,0.04101487239661743,0,0,0,0
2025-06-04,0.0005551352558141,1641.6229645870626,0.04349084086757531,0.04183616986997815,0.045025231714398296,0.04101487239661743,0,0,0,0
2025-06-05,-0.0123650647183919,-36585.75554840733,0.04349084086757531,0.04183616986997815,0.045025231714398296,0.04101487239661743,1,1,1,1
2025-06-06,0.0184412792852024,53889.37208486349,0.04349084086757531,0.04183616986997815,0.045025231714398296,0.04101487239661743,0,0,0,0
2025-06-09,0.0050330281366153,14978.814077854156,0.04349084086757531,0.04183616986997815,0.045025231714398296,0.04101487239661743,0,0,0,0
2025-06-10,0.0089343436110171,26723.359692163765,0.04349084086757531,0.04183616986997815,0.045025231714398296,0.04101487239661743,0,0,0,0
2025-06-11,-0.0058966875873106,-17795.0589268161,0.04349084086757531,0.04183616986997815,0.045025231714398296,0.04101487239661743,1,1,1,1
2025-06-12,0.0040359201298515,12107.804372802842,0.04349084086757531,0.04183616986997815,0.045025231714398296,0.04101487239661743,0,0,0,0
2025-06-13,-0.0090449586094127,-27244.488989130128,0.04349084086757531,0.04183616986997815,0.045025231714398296,0.04101487239661743,1,1,1,1
2025-06-16,0.012822492803987,38273.52812125301,0.04349084086757531,0.04183616986997815,0.045025231714398296,0.04101487239661743,0,0,0,0
2025-06-17,-0.0065912249148712,-19926.246714801997,0.04349084086757531,0.04183616986997815,0.045025231714398296,0.04101487239661743,1,1,1,1
2025-06-18,0.0022681779839919,6811.840875416063,0.04349084086757531,0.04183616986997815,0.045025231714398296,0.04101487239661743,0,0,0,0
2025-06-20,-0.0041708803079053,-12554.488765649498,0.04349084086757531,0.04183616986997815,0.045025231714398296,0.04101487239661743,1,1,1,1
2025-06-23,0.0068320901618362,20479.045739862137,0.04349084086757531,0.04183616986997815,0.045025231714398296,0.04101487239661743,0,0,0,0
2025-06-24,0.0070097778011921,21155.214240394533,0.04349084086757531,0.04183616986997815,0.045025231714398296,0.04101487239661743,0,0,0,0
2025-06-25,0.0084580036337738,25704.829701002687,0.04349084086757531,0.04183616986997815,0.045025231714398296,0.04101487239661743,0,0,0,0
2025-06-26,0.0091765244790802,28124.376818484627,0.04349084086757531,0.04183616986997815,0.045025231714398296,0.04101487239661743,0,0,0,0
2025-06-27,0.0082823980616604,25616.97942089848,0.04349084086757531,0.04183616986997815,0.045025231714398296,0.04101487239661743,0,0,0,0
2025-06-30,0.0017115740571256,5337.645181110594,0.04349084086757531,0.04183616986997815,0.045025231714398296,0.04101487239661743,0,0,0,0
2025-07-01,-0.0042936208803419,-13412.829120817129,0.04349084086757531,0.04183616986997815,0.045025231714398296,0.04101487239661743,1,1,1,1
2025-07-02,0.009720025718398,30233.98553448543,0.04349084086757531,0.04183616986997815,0.045025231714398296,0.04101487239661743,0,0,0,0
2025-07-03,0.0102920813182485,32324.526024882216,0.04349084086757531,0.04183616986997815,0.045025231714398296,0.04101487239661743,0,0,0,0
2025-07-07,-0.012498496183416,-39658.26108073909,0.04349084086757531,0.04183616986997815,0.045025231714398296,0.04101487239661743,1,1,1,1
2025-07-08,-0.0022191627305865,-6953.489790777676,0.04349084086757531,0.04183616986997815,0.045025231714398296,0.04101487239661743,1,1,1,1
2025-07-09,0.0082300217346207,25730.594007911623,0.04349084086757531,0.04183616986997815,0.045025231714398296,0.04101487239661743,0,0,0,0
2025-07-10,0.0057723259157679,18195.30330658797,0.04349084086757531,0.04183616986997815,0.045025231714398296,0.04101487239661743,0,0,0,0
2025-07-11,0.0032126712760701,10185.314119692892,0.04349084086757531,0.04183616986997815,0.045025231714398296,0.03965123957320145,0,0,0,0
2025-07-14,-0.0020564760481422,-6540.708609584253,0.04349084086757531,0.04183616986997815,0.045025231714398296,0.03965123957320145,1,1,1,1
2025-07-15,0.0033768683709914,10718.184843742754,0.04349084086757531,0.04183616986997815,0.045025231714398296,0.03965123957320145,0,0,0,0
2025-07-16,0.0014248645849904,4537.79411015939,0.04349084086757531,0.04183616986997815,0.045025231714398296,0.03965123957320145,0,0,0,0
2025-07-17,0.00366326822123,11683.105104324408,0.04349084086757531,0.04183616986997815,0.045025231714398296,0.03965123957320145,0,0,0,0
2025-07-18,0.001438415216906,4604.281460895203,0.04349084086757531,0.04183616986997815,0.045025231714398296,0.03965123957320145,0,0,0,0
2025-07-21,0.0047839689217807,15335.226403302047,0.04349084086757531,0.04183616986997815,0.045025231714398296,0.03965123957320145,0,0,0,0
2025-07-22,-0.0027400425653789,-8825.348200058565,0.04349084086757531,0.04183616986997815,0.045025231714398296,0.03965123957320145,1,1,1,1
2025-07-23,0.0074654447437939,23979.416250271723,0.04349084086757531,0.04183616986997815,0.045025231714398296,0.03965123957320145,0,0,0,0
2025-07-24,0.0001053664073444,340.96928002964705,0.04349084086757531,0.04000181351382628,0.04263038530580153,0.03670803632639561,0,0,0,0
2025-07-25,0.0034627383520478,11206.71983962832,0.04349084086757531,0.04000181351382628,0.04263038530580153,0.03670803632639561,0,0,0,0
2025-07-28,0.005234043230206,16997.983123610262,0.04349084086757531,0.04000181351382628,0.04263038530580153,0.03670803632639561,0,0,0,0
2025-07-29,-0.0083592733313798,-27289.51406246889,0.04349084086757531,0.04000181351382628,0.04263038530580153,0.03670803632639561,1,1,1,1
2025-07-30,0.0019992920501547,6472.288541899994,0.04349084086757531,0.04000181351382628,0.04263038530580153,0.03670803632639561,0,0,0,0
2025-07-31,0.0016780122414755,5443.073148263153,0.04349084086757531,0.04000181351382628,0.04263038530580153,0.03670803632639561,0,0,0,0
2025-08-01,-0.0294861047931529,-95806.41540621966,0.04349084086757531,0.04183616986997815,0.045025231714398296,0.040770489366257476,1,1,1,1
2025-08-04,0.0152810300159525,48187.18686139444,0.04349084086757531,0.04183616986997815,0.045025231714398296,0.040770489366257476,0,0,0,0
2025-08-05,-0.0032453359875779,-10390.223313446622,0.04349084086757531,0.04183616986997815,0.045025231714398296,0.040770489366257476,1,1,1,1
2025-08-06,0.0156927654699147,50078.69197093323,0.04349084086757531,0.04183616986997815,0.045025231714398296,0.040770489366257476,0,0,0,0
2025-08-07,0.0044852007367833,14537.768086529804,0.04349084086757531,0.04183616986997815,0.045025231714398296,0.040770489366257476,0,0,0,0
2025-08-08,0.0164076830014351,53420.34040287416,0.04349084086757531,0.04183616986997815,0.045025231714398296,0.040770489366257476,0,0,0,0
2025-08-11,-0.0018193394516851,-6020.617971216328,0.04349084086757531,0.04183616986997815,0.045025231714398296,0.040770489366257476,1,1,1,1
2025-08-12,0.0113116765546463,37364.86893454706,0.04349084086757531,0.04183616986997815,0.045025231714398296,0.040770489366257476,0,0,0,0
2025-08-13,0.0010840854854198,3621.471203138121,0.04349084086757531,0.04183616986997815,0.045025231714398296,0.040770489366257476,0,0,0,0
2025-08-14,0.0043807848320475,14650.21460278891,0.04349084086757531,0.04183616986997815,0.045025231714398296,0.040770489366257476,0,0,0,0
2025-08-15,0.0013968921211029,4691.949477158021,0.04349084086757531,0.04183616986997815,0.045025231714398296,0.040770489366257476,0,0,0,0
2025-08-18,0.0005376735237972,1808.4868273995817,0.04349084086757531,0.04183616986997815,0.045025231714398296,0.040770489366257476,0,0,0,0
2025-08-19,-0.0128311849143921,-43181.418834423646,0.04349084086757531,0.04183616986997815,0.045025231714398296,0.040770489366257476,1,1,1,1
2025-08-20,-0.0091210242482829,-30301.573562562,0.04349084086757531,0.04183616986997815,0.045025231714398296,0.040770489366257476,1,1,1,1
2025-08-21,-0.0026852840621786,-8839.596060437616,0.04349084086757531,0.04183616986997815,0.045025231714398296,0.040770489366257476,1,1,1,1
2025-08-22,0.0194394517233608,63820.23875740496,0.04349084086757531,0.04183616986997815,0.045025231714398296,0.040770489366257476,0,0,0,0
2025-08-25,0.0010771273225949,3604.9802665566094,0.04349084086757531,0.04183616986997815,0.045025231714398296,0.040770489366257476,0,0,0,0
2025-08-26,0.0037080806513377,12423.745880045462,0.04349084086757531,0.04183616986997815,0.045025231714398296,0.040770489366257476,0,0,0,0
2025-08-27,0.0032546569673014,10945.006665440742,0.04349084086757531,0.04183616986997815,0.045025231714398296,0.040770489366257476,0,0,0,0
2025-08-28,0.0048479168272962,16356.001935218928,0.04349084086757531,0.04183616986997815,0.045025231714398296,0.040770489366257476,0,0,0,0
2025-08-29,-0.0076818085600725,-26042.688078558534,0.04349084086757531,0.04183616986997815,0.045025231714398296,0.040770489366257476,1,1,1,1
2025-09-02,-0.0093590309648724,-31485.034002972767,0.04349084086757531,0.04183616986997815,0.045025231714398296,0.040770489366257476,1,1,1,1
2025-09-03,0.0158403507778852,52790.32817887841,0.04349084086757531,0.04183616986997815,0.045025231714398296,0.040770489366257476,0,0,0,0
2025-09-04,0.0111822558095505,37856.847888987046,0.04349084086757531,0.04183616986997815,0.045025231714398296,0.040770489366257476,0,0,0,0
2025-09-05,-0.0100882847611909,-34535.186008756515,0.04349084086757531,0.04183616986997815,0.045025231714398296,0.040770489366257476,1,1,1,1
2025-09-08,0.0016844086147825,5708.058098684065,0.04349084086757531,0.04183616986997815,0.045025231714398296,0.040770489366257476,0,0,0,0
2025-09-09,0.0097575085657455,33121.56019714195,0.04349084086757531,0.04183616986997815,0.045025231714398296,0.040770489366257476,0,0,0,0
2025-09-10,-0.0030972044057325,-10615.948537582995,0.04349084086757531,0.04183616986997815,0.045025231714398296,0.040770489366257476,1,1,1,1
2025-09-11,0.0085709601305595,29286.75303496933,0.04349084086757531,0.04183616986997815,0.045025231714398296,0.040770489366257476,0,0,0,0
2025-09-12,0.0102169335631357,35210.223250871524,0.04349084086757531,0.04183616986997815,0.045025231714398296,0.040770489366257476,0,0,0,0
2025-09-15,0.0123265821839998,42914.64546497772,0.04349084086757531,0.04183616986997815,0.045025231714398296,0.040770489366257476,0,0,0,0
2025-09-16,0.0001352282495879,476.5965791852213,0.04349084086757531,0.04183616986997815,0.045025231714398296,0.040770489366257476,0,0,0,0
2025-09-17,-0.0030439157129357,-10729.385308442172,0.04349084086757531,0.04183616986997815,0.045025231714398296,0.040770489366257476,1,1,1,1
2025-09-18,0.0026848279297027,9434.84358066786,0.04349084086757531,0.04183616986997815,0.045025231714398296,0.040770489366257476,0,0,0,0
2025-09-19,0.0118688168596381,41820.58652758971,0.04349084086757531,0.04183616986997815,0.045025231714398296,0.040770489366257476,0,0,0,0
2025-09-22,0.0103676667346206,36964.76347746281,0.04349084086757531,0.04183616986997815,0.045025231714398296,0.040770489366257476,0,0,0,0
2025-09-23,-0.0102839301557467,-37046.35305781663,0.04349084086757531,0.04183616986997815,0.045025231714398296,0.040770489366257476,1,1,1,1
2025-09-24,-0.001303802684703,-4648.457190669142,0.04349084086757531,0.04183616986997815,0.045025231714398296,0.040770489366257476,1,1,1,1
2025-09-25,-0.001674065420231,-5960.77579208836,0.04349084086757531,0.04183616986997815,0.045025231714398296,0.040770489366257476,1,1,1,1
2025-09-26,0.0046131414364074,16398.324809372425,0.04349084086757531,0.04183616986997815,0.045025231714398296,0.040770489366257476,0,0,0,0
2025-09-29,0.0022669386246084,8095.456275262404,0.04349084086757531,0.04183616986997815,0.045025231714398296,0.040770489366257476,0,0,0,0
2025-09-30,0.002261967332377,8096.014969294891,0.04349084086757531,0.04183616986997815,0.045025231714398296,0.040770489366257476,0,0,0,0
2025-10-01,0.0019440484386984,6973.861311420333,0.04349084086757531,0.04183616986997815,0.045025231714398296,0.040770489366257476,0,0,0,0
2025-10-02,9.054848733355987e-05,325.4549595243297,0.04349084086757531,0.04183616986997815,0.045025231714398296,0.040770489366257476,0,0,0,0
2025-10-03,-0.0005758783690377,-2070.044985038694,0.04349084086757531,0.04183616986997815,0.045025231714398296,0.040770489366257476,1,1,1,1
2025-10-06,0.0066282800090189,23812.20930615021,0.04349084086757531,0.04183616986997815,0.045025231714398296,0.040770489366257476,0,0,0,0
2025-10-07,-0.005596973159296,-20240.498104830735,0.04349084086757531,0.04183616986997815,0.045025231714398296,0.040770489366257476,1,1,1,1
2025-10-08,0.0063414933136507,22804.573180384003,0.04349084086757531,0.04183616986997815,0.045025231714398296,0.040770489366257476,0,0,0,0
2025-10-09,-0.0008607037391331,-3114.7950713783503,0.04349084086757531,0.04183616986997815,0.045025231714398296,0.040770489366257476,1,1,1,1
2025-10-10,-0.0339494058300054,-122753.53487442528,0.04349084086757531,0.045724570493638275,0.048453791071973874,0.04352503881764733,1,1,1,1
2025-10-13,0.0188178350303747,65731.16931696981,0.04349084086757531,0.045724570493638275,0.048453791071973874,0.04352503881764733,0,0,0,0
2025-10-14,-0.0109563437321476,-38990.956496212166,0.04349084086757531,0.045724570493638275,0.048453791071973874,0.04352503881764733,1,1,1,1
2025-10-15,0.005285172866864,18602.56791228568,0.04349084086757531,0.045724570493638275,0.048453791071973874,0.04352503881764733,0,0,0,0
2025-10-16,-0.0053038482888556,-18766.966212037485,0.04349084086757531,0.045724570493638275,0.048453791071973874,0.04352503881764733,1,1,1,1
2025-10-17,0.007604768157598,26765.748650302645,0.04349084086757531,0.045724570493638275,0.048453791071973874,0.04352503881764733,0,0,0,0
2025-10-20,0.015937642116334,56520.72203726042,0.04349084086757531,0.045724570493638275,0.048453791071973874,0.04352503881764733,0,0,0,0
2025-10-21,-0.0025349077745578,-9132.987139655745,0.04349084086757531,0.045724570493638275,0.048453791071973874,0.04352503881764733,1,1,1,1
2025-10-22,-0.0056430554376427,-20279.755066133104,0.04349084086757531,0.045724570493638275,0.048453791071973874,0.04352503881764733,1,1,1,1
2025-10-23,0.0061357703959486,21926.019673558883,0.04349084086757531,0.045724570493638275,0.048453791071973874,0.04352503881764733,0,0,0,0
2025-10-24,0.0113430762593989,40782.90343461,0.04349084086757531,0.045724570493638275,0.048453791071973874,0.04352503881764733,0,0,0,0
2025-10-27,0.0205575905407175,74751.17203985294,0.04349084086757531,0.045724570493638275,0.048453791071973874,0.04352503881764733,0,0,0,0
2025-10-28,0.0118993318850911,44157.64356513508,0.04349084086757531,0.045724570493638275,0.048453791071973874,0.04352503881764733,0,0,0,0
2025-10-29,0.0069134002931726,25960.45648910105,0.04349084086757531,0.045724570493638275,0.048453791071973874,0.04352503881764733,0,0,0,0
2025-10-30,-0.0163924502518784,-61980.71987768496,0.04349084086757531,0.045724570493638275,0.048453791071973874,0.04352503881764733,1,1,1,1
2025-10-31,0.0060977283131622,22677.891104526818,0.04349084086757531,0.045724570493638275,0.048436797195534065,0.04352503881764733,0,0,0,0
2025-11-03,0.0053000013122288,19831.279742648825,0.04349084086757531,0.045724570493638275,0.048436797195534065,0.04352503881764733,0,0,0,0
2025-11-04,-0.01394645413493,-52460.72035228787,0.04349084086757531,0.045724570493638275,0.048436797195534065,0.04352503881764733,1,1,1,1
2025-11-05,0.0008401742072847,3116.30739917513,0.04349084086757531,0.045724570493638275,0.048436797195534065,0.04352503881764733,0,0,0,0
2025-11-06,-0.0147807955014362,-54869.81351410458,0.04349084086757531,0.045724570493638275,0.048436797195534065,0.04352503881764733,1,1,1,1
2025-11-07,-0.0023468652215845,-8583.347465782892,0.04349084086757531,0.045724570493638275,0.048436797195534065,0.04352503881764733,1,1,1,1
2025-11-10,0.0211478847397028,77164.05658267997,0.04349084086757531,0.045724570493638275,0.048436797195534065,0.04352503881764733,0,0,0,0
2025-11-11,0.0014112402935461,5258.207569367252,0.04349084086757531,0.045724570493638275,0.048436797195534065,0.04352503881764733,0,0,0,0
2025-11-12,-0.0036040414271816,-13447.420775267296,0.04349084086757531,0.045724570493638275,0.048436797195534065,0.04352503881764733,1,1,1,1
2025-11-13,-0.0213280489708089,-79292.53572511394,0.04349084086757531,0.045724570493638275,0.048436797195534065,0.04352503881764733,1,1,1,1
2025-11-14,-0.0003662777124554,-1332.6889966898598,0.04349084086757531,0.045724570493638275,0.048436797195534065,0.04352503881764733,1,1,1,1
2025-11-17,-0.0070283700878662,-25563.11884128069,0.04349084086757531,0.045724570493638275,0.048436797195534065,0.04352503881764733,1,1,1,1
2025-11-18,-0.015336385005707,-55388.43066422967,0.04349084086757531,0.045724570493638275,0.048436797195534065,0.04352503881764733,1,1,1,1
2025-11-19,0.0055923729934971,19887.49474163074,0.04349084086757531,0.045724570493638275,0.048436797195534065,0.04352503881764733,0,0,0,0
2025-11-20,-0.0151970748405115,-54345.79184654448,0.04349084086757531,0.045724570493638275,0.048436797195534065,0.04352503881764733,1,1,1,1
2025-11-21,0.0066703405427818,23491.094684135634,0.04349084086757531,0.045724570493638275,0.048436797195534065,0.04352503881764733,0,0,0,0
2025-11-24,0.0197347581505189,69963.95155748026,0.04349084086757531,0.045724570493638275,0.048436797195534065,0.04352503881764733,0,0,0,0
2025-11-25,0.0049652972316127,17950.435760665685,0.04349084086757531,0.045724570493638275,0.048436797195534065,0.04352503881764733,0,0,0,0
2025-11-26,0.0066072782145476,24005.09361843253,0.04349084086757531,0.045724570493638275,0.048436797195534065,0.04352503881764733,0,0,0,0
2025-11-28,0.0058214663195229,21289.88253443269,0.04349084086757531,0.045724570493638275,0.048436797195534065,0.04352503881764733,0,0,0,0
2025-12-01,-0.0001089254501158,-400.6739795068279,0.04349084086757531,0.045724570493638275,0.048436797195534065,0.04352503881764733,1,1,1,1
2025-12-02,0.0046815368406964,17218.80125427991,0.04349084086757531,0.045724570493638275,0.048436797195534065,0.04352503881764733,0,0,0,0
2025-12-03,-0.0003520642594413,-1300.9626493477265,0.04349084086757531,0.045724570493638275,0.048436797195534065,0.04352503881764733,1,1,1,1
2025-12-04,0.0022320888252812,8245.204581480939,0.04349084086757531,0.045724570493638275,0.048436797195534065,0.04352503881764733,0,0,0,0
2025-12-05,-0.0001591177744501,-589.0836404603906,0.04349084086757531,0.045724570493638275,0.048436797195534065,0.04352503881764733,1,1,1,1
2025-12-08,-0.0023118870553685,-8557.67462773528,0.04349084086757531,0.045724570493638275,0.048436797195534065,0.04352503881764733,1,1,1,1
2025-12-09,-0.0030790882423208,-11371.194550191052,0.04349084086757531,0.045724570493638275,0.048436797195534065,0.04352503881764733,1,1,1,1
2025-12-10,0.003280655962924,12078.28713019425,0.04349084086757531,0.045724570493638275,0.048436797195534065,0.04352503881764733,0,0,0,0
2025-12-11,-0.0011962199696386,-4418.533455209807,0.04349084086757531,0.045724570493638275,0.048436797195534065,0.04352503881764733,1,1,1,1
2025-12-12,-0.0076562440573298,-28246.396145862527,0.04349084086757531,0.045724570493638275,0.048436797195534065,0.04352503881764733,1,1,1,1
2025-12-15,-0.0031177421706468,-11414.308738759251,0.04349084086757531,0.045724570493638275,0.048436797195534065,0.04352503881764733,1,1,1,1
2025-12-16,3.872676089726815e-05,141.33979557687417,0.04349084086757531,0.045724570493638275,0.048436797195534065,0.04352503881764733,0,0,0,0
2025-12-17,-0.0141338992357122,-51586.02852831315,0.04349084086757531,0.045724570493638275,0.048436797195534065,0.04352503881764733,1,1,1,1
2025-12-18,0.0111635287072285,40168.86219293438,0.04349084086757531,0.0439084666743314,0.046059638290986894,0.03923868395479385,0,0,0,0
2025-12-19,0.0099101063840805,36056.84725872893,0.04349084086757531,0.0439084666743314,0.046059638290986894,0.03923868395479385,0,0,0,0
2025-12-22,0.0043476578067993,15975.244229879696,0.04349084086757531,0.0439084666743314,0.046059638290986894,0.03923868395479385,0,0,0,0
2025-12-23,0.0104242136376382,38469.76437999308,0.04349084086757531,0.0439084666743314,0.046059638290986894,0.03923868395479385,0,0,0,0
2025-12-24,0.0024770381930485,9236.611366969068,0.04349084086757531,0.0439084666743314,0.046059638290986894,0.03923868395479385,0,0,0,0
2025-12-26,-0.0001685141286545,-629.9277214836329,0.04349084086757531,0.0439084666743314,0.046059638290986894,0.03923868395479385,1,1,1,1
2025-12-29,-0.0050651449714475,-18930.979749068152,0.04349084086757531,0.0439084666743314,0.046059638290986894,0.03923868395479385,1,1,1,1
2025-12-30,-7.925023386106983e-05,-294.69747102772817,0.04349084086757531,0.0439084666743314,0.046059638290986894,0.03923868395479385,1,1,1,1
2025-12-31,-0.0058448913166461,-21732.909784799907,0.04349084086757531,0.0439084666743314,0.046059638290986894,0.03923868395479385,1,1,1,1
2026-01-02,-0.0024523048082833,-9065.04648362007,0.04349084086757531,0.0439084666743314,0.046059638290986894,0.03923868395479385,1,1,1,1
2026-01-05,0.0065848546470889,24281.496431836396,0.04349084086757531,0.0439084666743314,0.046059638290986894,0.03923868395479385,0,0,0,0
2026-01-06,-0.0020953298645552,-7777.357273256872,0.04349084086757531,0.0439084666743314,0.046059638290986894,0.03923868395479385,1,1,1,1
2026-01-07,-0.0013690080748168,-5070.779334280174,0.04349084086757531,0.0439084666743314,0.046059638290986894,0.03923868395479385,1,1,1,1
2026-01-08,0.0008136336193937,3009.557375639677,0.04349084086757531,0.0439084666743314,0.046059638290986894,0.03923868395479385,0,0,0,0
2026-01-09,0.0035478201590759,13133.744155005086,0.04349084086757531,0.0439084666743314,0.046059638290986894,0.03923868395479385,0,0,0,0
2026-01-12,-0.0018813760536899,-6989.41196018178,0.04349084086757531,0.0439084666743314,0.046059638290986894,0.03923868395479385,1,1,1,1
2026-01-13,-0.0063976690651136,-23722.96441528108,0.04349084086757531,0.0439084666743314,0.046059638290986894,0.03923868395479385,1,1,1,1
2026-01-14,-0.0107230538516739,-39507.38409936614,0.04349084086757531,0.0439084666743314,0.046059638290986894,0.03923868395479385,1,1,1,1
2026-01-15,0.0016429251030099,5988.188206956722,0.04349084086757531,0.0439084666743314,0.046059638290986894,0.03923868395479385,0,0,0,0
2026-01-16,-0.0021688910965432,-7918.234329225495,0.04349084086757531,0.0439084666743314,0.046059638290986894,0.03923868395479385,1,1,1,1
2026-01-20,-0.0267005971726316,-97267.69365494885,0.04349084086757531,0.05002666919352357,0.04799164078278773,0.04110879929219588,1,1,1,1
2026-01-21,0.008226985784251,29169.89376120921,0.04349084086757531,0.05002666919352357,0.04799164078278773,0.04110879929219588,0,0,0,0
2026-01-22,0.0123949934207221,44309.690701899584,0.04349084086757531,0.05002666919352357,0.04799164078278773,0.04110879929219588,0,0,0,0
2026-01-23,0.0077176304149204,27930.993501394987,0.04349084086757531,0.05002666919352357,0.04799164078278773,0.04110879929219588,0,0,0,0
2026-01-26,0.0074460346358181,27156.03223546548,0.04349084086757531,0.05002666919352357,0.04799164078278773,0.04110879929219588,0,0,0,0
2026-01-27,-0.0007774681817458,-2856.575319657102,0.04349084086757531,0.05002666919352357,0.04799164078278773,0.04110879929219588,1,1,1,1
2026-01-28,0.0031623827433333,11610.200112798251,0.04349084086757531,0.05002666919352357,0.04799164078278773,0.04110879929219588,0,0,0,0
2026-01-29,-0.0076413980883901,-28142.93175504636,0.04349084086757531,0.05002666919352357,0.04799164078278773,0.04110879929219588,1,1,1,1
2026-01-30,-0.0029978801461466,-10956.691071061883,0.04349084086757531,0.05002666919352357,0.04799164078278773,0.04110879929219588,1,1,1,1
2026-02-02,0.0020235825771579,7373.643965240102,0.04349084086757531,0.05002666919352357,0.04799164078278773,0.04110879929219588,0,0,0,0
2026-02-03,-0.0092903630475206,-33921.25102813076,0.04349084086757531,0.05002666919352357,0.04799164078278773,0.04110879929219588,1,1,1,1
2026-02-04,-0.0063359402854972,-22919.051380750723,0.04349084086757531,0.05002666919352357,0.04799164078278773,0.04110879929219588,1,1,1,1
2026-02-05,-0.0202435373043135,-72763.15922341868,0.04349084086757531,0.05002666919352357,0.04799164078278773,0.04110879929219588,1,1,1,1
2026-02-06,0.0149259851653184,52563.74347427208,0.04349084086757531,0.05002666919352357,0.04799164078278773,0.04110879929219588,0,0,0,0
2026-02-09,0.0080110721944211,28633.095313573256,0.04349084086757531,0.05002666919352357,0.04799164078278773,0.04110879929219588,0,0,0,0
2026-02-10,-0.0056917879064365,-20506.50576628465,0.04349084086757531,0.05002666919352357,0.04799164078278773,0.04110879929219588,1,1,1,1
2026-02-11,-0.0044072800057994,-15788.272932579275,0.04349084086757531,0.05002666919352357,0.04799164078278773,0.04110879929219588,1,1,1,1
2026-02-12,-0.0224888143674264,-80206.99658067059,0.04349084086757531,0.05002666919352357,0.04799164078278773,0.04110879929219588,1,1,1,1
2026-02-13,-0.0093510323184307,-32600.7047216082,0.04349084086757531,0.05002666919352357,0.04799164078278773,0.04110879929219588,1,1,1,1
2026-02-17,0.0054548541357315,18839.542990340386,0.04349084086757531,0.05002666919352357,0.04799164078278773,0.04110879929219588,0,0,0,0
2026-02-18,0.0083200733595246,28891.95649522124,0.04349084086757531,0.05002666919352357,0.04799164078278773,0.04110879929219588,0,0,0,0
2026-02-19,-0.0028202656326301,-9875.02548154164,0.04349084086757531,0.05002666919352357,0.04799164078278773,0.04110879929219588,1,1,1,1
2026-02-20,0.0110759156392269,38672.41493023792,0.04349084086757531,0.05002666919352357,0.04799164078278773,0.04110879929219588,0,0,0,0
2026-02-23,-0.0131607807796919,-46460.84177303128,0.04349084086757531,0.05002666919352357,0.04799164078278773,0.04110879929219588,1,1,1,1
2026-02-24,0.0078090430612404,27205.05683857901,0.04349084086757531,0.05002666919352357,0.04799164078278773,0.04110879929219588,0,0,0,0
2026-02-25,0.0155151491772143,54473.59361426113,0.04349084086757531,0.05002666919352357,0.04799164078278773,0.04110879929219588,0,0,0,0
2026-02-26,-0.0116420576577837,-41509.37775902916,0.04349084086757531,0.05002666919352357,0.04799164078278773,0.04110879929219588,1,1,1,1
2026-02-27,-0.0147855532054674,-52103.66973501351,0.04349084086757531,0.05002666919352357,0.04799164078278773,0.04110879929219588,1,1,1,1
2026-03-02,0.0049993623346427,17357.05818672385,0.04349084086757531,0.05002666919352357,0.04799164078278773,0.04110879929219588,0,0,0,0
2026-03-03,-0.003643884101913,-12714.282210262958,0.04349084086757531,0.05002666919352357,0.04799164078278773,0.04110879929219588,1,1,1,1
2026-03-04,0.0078261354992855,27207.538068524096,0.04349084086757531,0.05002666919352357,0.04799164078278773,0.04110879929219588,0,0,0,0
2026-03-05,-0.0020111310703161,-7046.409438984003,0.04349084086757531,0.05002666919352357,0.04799164078278773,0.04110879929219588,1,1,1,1
2026-03-06,-0.0147891215614148,-51712.50492670713,0.04349084086757531,0.05002666919352357,0.04799164078278773,0.04110879929219588,1,1,1,1
2026-03-09,0.0093456866538519,32195.384110423736,0.038450018662974185,0.05002666919352357,0.04799164078278773,0.04110879929219588,0,0,0,0
2026-03-10,0.0006316820911687,2196.4478228571825,0.038450018662974185,0.05002666919352357,0.04799164078278773,0.04110879929219588,0,0,0,0
2026-03-11,0.0028061882300428,9763.67634834582,0.038450018662974185,0.05002666919352357,0.04799164078278773,0.04110879929219588,0,0,0,0
2026-03-12,-0.015871043758481,-55375.67975229537,0.038450018662974185,0.05002666919352357,0.04799164078278773,0.04110879929219588,1,1,1,1
2026-03-13,-0.0110379972666898,-37901.45424886653,0.038450018662974185,0.05002666919352357,0.04799164078278773,0.04110879929219588,1,1,1,1
2026-03-16,0.0128907096138531,43774.58350155456,0.038450018662974185,0.05002666919352357,0.04799164078278773,0.04110879929219588,0,0,0,0
2026-03-17,0.0044108951944191,15171.709690012503,0.038450018662974185,0.05002666919352357,0.04799164078278773,0.04110879929219588,0,0,0,0
2026-03-18,-0.0131514732408135,-45435.32153077703,0.038450018662974185,0.05002666919352357,0.04799164078278773,0.04110879929219588,1,1,1,1
2026-03-19,-0.0068777276406271,-23448.478660745543,0.038450018662974185,0.05002666919352357,0.04799164078278773,0.04110879929219588,1,1,1,1
2026-03-20,-0.0158456570396786,-53651.59911539499,0.038450018662974185,0.05002666919352357,0.04799164078278773,0.04110879929219588,1,1,1,1
2026-03-23,0.0115232999851818,38398.34446465084,0.038450018662974185,0.05002666919352357,0.04799164078278773,0.04110879929219588,0,0,0,0
2026-03-24,-0.0076252852777987,-25702.04143945361,0.038450018662974185,0.05002666919352357,0.04799164078278773,0.04110879929219588,1,1,1,1
2026-03-25,0.0059538301281821,19915.15325356694,0.038450018662974185,0.05002666919352357,0.04799164078278773,0.04110879929219588,0,0,0,0
2026-03-26,-0.0207781536873016,-69915.29849503329,0.038450018662974185,0.05002666919352357,0.04799164078278773,0.04110879929219588,1,1,1,1
2026-03-27,-0.0233413679372261,-76908.20238272566,0.038450018662974185,0.05002666919352357,0.04799164078278773,0.04110879929219588,1,1,1,1
2026-03-30,-0.0013648407877984,-4392.089096764103,0.038450018662974185,0.05002666919352357,0.04799164078278773,0.04110879929219588,1,1,1,1
2026-03-31,0.0372940723011465,119849.38491460634,0.038450018662974185,0.05002666919352357,0.04799164078278773,0.04110879929219588,0,0,0,0
2026-04-01,0.0069646024806119,23216.365393949676,0.038450018662974185,0.05002666919352357,0.04799164078278773,0.04110879929219588,0,0,0,0
2026-04-02,-0.0005529355863214,-1856.0370568446813,0.0341766720997301,0.04209395983386556,0.039152868985273225,0.03280803075953565,1,1,1,1
2026-04-06,0.0062535740688875,20979.74456289271,0.031932319449773705,0.040786571533495,0.036700026161156585,0.031157920044499264,0,0,0,0
2026-04-07,0.0028291233287086,9550.612262915354,0.031932319449773705,0.040786571533495,0.036700026161156585,0.031157920044499264,0,0,0,0
2026-04-08,0.0190587880027824,64521.06853954634,0.031932319449773705,0.040786571533495,0.036700026161156585,0.031157920044499264,0,0,0,0
2026-04-09,0.0102071370518341,35213.52133959113,0.031932319449773705,0.040786571533495,0.036700026161156585,0.031157920044499264,0,0,0,0
2026-04-10,0.0037204258616793,12966.07703359751,0.02966297188538003,0.040786571533495,0.036700026161156585,0.031157920044499264,0,0,0,0
2026-04-13,0.0103571609588527,36230.09148446424,0.02966297188538003,0.040786571533495,0.036700026161156585,0.031157920044499264,0,0,0,0
2026-04-14,0.0180117693866367,63659.02853614744,0.02966297188538003,0.040786571533495,0.036700026161156585,0.031157920044499264,0,0,0,0
2026-04-15,0.0179535203895404,64596.06266904948,0.02966297188538003,0.040786571533495,0.036700026161156585,0.031157920044499264,0,0,0,0
2026-04-16,0.0034030787784033,12463.96955024777,0.028121206059097438,0.040786571533495,0.036700026161156585,0.031157920044499264,0,0,0,0
2026-04-17,0.012408768207535,45602.48172395397,0.028121206059097438,0.040786571533495,0.036700026161156585,0.031157920044499264,0,0,0,0
2026-04-20,-0.0014351581475228,-5339.682869702578,0.025054574847282875,0.040786571533495,0.036700026161156585,0.031157920044499264,1,1,1,1
2026-04-21,-0.0040449842337703,-15028.263730936684,0.025054574847282875,0.040786571533495,0.036700026161156585,0.031157920044499264,1,1,1,1
2026-04-22,0.0165036862728328,61067.85379056772,0.025054574847282875,0.040786571533495,0.036700026161156585,0.031157920044499264,0,0,0,0
2026-04-23,-0.0111649266001312,-41994.89773648046,0.025054574847282875,0.040786571533495,0.036700026161156585,0.031157920044499264,1,1,1,1
2026-04-24,0.0127635901017986,47471.9822346163,0.025054574847282875,0.040786571533495,0.036700026161156585,0.031157920044499264,0,0,0,0
2026-04-27,0.0054003253985247,20341.94738738472,0.025054574847282875,0.040786571533495,0.036700026161156585,0.031157920044499264,0,0,0,0
2026-04-28,0.002272708017369,8607.068572173826,0.025054574847282875,0.040786571533495,0.036700026161156585,0.031157920044499264,0,0,0,0
2026-04-29,-0.0029626238118557,-11245.377338086257,0.025054574847282875,0.040786571533495,0.036700026161156585,0.031157920044499264,1,1,1,1
2026-04-30,-0.0041501113805825,-15706.112908663228,0.025054574847282875,0.040786571533495,0.036700026161156585,0.031157920044499264,1,1,1,1
2026-05-01,0.0093364240943601,35187.09492378682,0.025054574847282875,0.040786571533495,0.036700026161156585,0.031157920044499264,0,0,0,0
2026-05-04,-0.0025128724829814,-9558.92905885866,0.025054574847282875,0.040786571533495,0.036700026161156585,0.031157920044499264,1,1,1,1
2026-05-05,0.0039811129783619,15106.0386018781,0.025054574847282875,0.040786571533495,0.036700026161156585,0.031157920044499264,0,0,0,0
2026-05-06,0.016672568207812,63514.68278628634,0.025054574847282875,0.040786571533495,0.036700026161156585,0.031157920044499264,0,0,0,0
2026-05-07,0.0023844915738078,9235.247276812326,0.025054574847282875,0.040786571533495,0.036700026161156585,0.031157920044499264,0,0,0,0
2026-05-08,0.0065730720138982,25518.518971244805,0.025054574847282875,0.040786571533495,0.036700026161156585,0.031157920044499264,0,0,0,0
2026-05-11,-2.2809556288955592e-05,-89.13519523339346,0.025054574847282875,0.040786571533495,0.036700026161156585,0.031157920044499264,1,1,1,1
2026-05-12,0.001540611974659,6020.266906117089,0.025054574847282875,0.040786571533495,0.036700026161156585,0.031157920044499264,0,0,0,0
2026-05-13,0.012506537349805,48947.23069911916,0.025054574847282875,0.040786571533495,0.036700026161156585,0.031157920044499264,0,0,0,0
2026-05-14,0.0060347853606273,23913.916325017344,0.025054574847282875,0.040786571533495,0.036700026161156585,0.031157920044499264,0,0,0,0
2026-05-15,-0.005303403434343,-21142.509778949432,0.025054574847282875,0.040786571533495,0.036700026161156585,0.031157920044499264,1,1,1,1
2026-05-18,-0.0030038415037228,-11911.58406761894,0.025054574847282875,0.040786571533495,0.036700026161156585,0.031157920044499264,1,1,1,1
2026-05-19,-0.0097779423194636,-38657.47311698087,0.025054574847282875,0.040786571533495,0.036700026161156585,0.031157920044499264,1,1,1,1
2026-05-20,0.0090712403810499,35512.82844095398,0.025054574847282875,0.040786571533495,0.036700026161156585,0.031157920044499264,0,0,0,0
2026-05-21,-0.0001100852397715,-434.8800739650615,0.025054574847282875,0.040786571533495,0.036700026161156585,0.031157920044499264,1,1,1,1
2026-05-22,0.0003788706432982,1496.5235640658066,0.025054574847282875,0.040786571533495,0.036700026161156585,0.031157920044499264,0,0,0,0
2026-05-26,-0.0024392576448392,-9638.618459362537,0.025054574847282875,0.040786571533495,0.036700026161156585,0.031157920044499264,1,1,1,1
2026-05-27,0.0017033975892403,6714.481668457389,0.025054574847282875,0.040786571533495,0.036700026161156585,0.031157920044499264,0,0,0,0
2026-05-28,0.0072952208895211,28805.409748140723,0.025054574847282875,0.040786571533495,0.036700026161156585,0.031157920044499264,0,0,0,0
2026-05-29,0.0007510939451901,2987.353698322084,0.025054574847282875,0.040786571533495,0.036700026161156585,0.031157920044499264,0,0,0,0
2026-06-01,-0.000314740002262,-1252.7672791741788,0.025054574847282875,0.040786571533495,0.036700026161156585,0.031157920044499264,1,1,1,1
2026-06-02,-0.0054983914230892,-21878.492787176743,0.025054574847282875,0.040786571533495,0.036700026161156585,0.031157920044499264,1,1,1,1
2026-06-03,-0.013980854185894,-55324.93887625309,0.025054574847282875,0.040786571533495,0.036700026161156585,0.031157920044499264,1,1,1,1
2026-06-04,0.0142454134753167,55583.72442520736,0.025054574847282875,0.040786571533495,0.036700026161156585,0.031157920044499264,0,0,0,0
2026-06-05,-0.0263297785240769,-104198.83008373016,0.026518896034839794,0.0440101370303688,0.04052054917435142,0.035978685417640356,1,1,1,1
2026-06-08,-0.002043710599803,-7874.933990347199,0.026518896034839794,0.0440101370303688,0.04052054917435142,0.035978685417640356,1,1,1,1
2026-06-09,-0.0122166425894446,-46977.609397087246,0.026518896034839794,0.0440101370303688,0.04052054917435142,0.035978685417640356,1,1,1,1
2026-06-10,-0.0163852366567912,-62237.69032289088,0.026518896034839794,0.0440101370303688,0.04052054917435142,0.035978685417640356,1,1,1,1
2026-06-11,0.0070680398540805,26407.347300696187,0.026518896034839794,0.0440101370303688,0.04052054917435142,0.035978685417640356,0,0,0,0
2026-06-12,0.0001798581455447,676.7288822783157,0.026518896034839794,0.0440101370303688,0.04052054917435142,0.035978685417640356,0,0,0,0
2026-06-15,0.0189487491054039,71308.82015186222,0.026518896034839794,0.0440101370303688,0.04052054917435142,0.035978685417640356,0,0,0,0
2026-06-16,0.0003891130339293,1492.0755858505145,0.026518896034839794,0.0440101370303688,0.04052054917435142,0.035978685417640356,0,0,0,0
2026-06-17,-0.0206299429961185,-79137.44607401872,0.026518896034839794,0.0440101370303688,0.04052054917435142,0.035978685417640356,1,1,1,1
2026-06-18,0.0079451751433376,29849.31023199344,0.026518896034839794,0.0440101370303688,0.04052054917435142,0.035978685417640356,0,0,0,0
2026-06-22,-0.0147065924648088,-55690.330166045576,0.026518896034839794,0.0440101370303688,0.04052054917435142,0.035978685417640356,1,1,1,1
2026-06-23,-0.0074981758718378,-27976.213558217976,0.026518896034839794,0.0440101370303688,0.04052054917435142,0.035978685417640356,1,1,1,1
2026-06-24,-0.0080887321626563,-29953.32788726082,0.026518896034839794,0.0440101370303688,0.04052054917435142,0.035978685417640356,1,1,1,1
2026-06-25,-0.0234640773353365,-86186.83459718479,0.026518896034839794,0.0440101370303688,0.04052054917435142,0.035978685417640356,1,1,1,1
2026-06-26,0.0131908761768961,47315.051444441546,0.026518896034839794,0.0440101370303688,0.04052054917435142,0.035978685417640356,0,0,0,0
2026-06-29,0.0106707122064926,38780.227300688624,0.026518896034839794,0.0440101370303688,0.04052054917435142,0.035978685417640356,0,0,0,0
2026-06-30,0.0115465285484001,42410.95555765228,0.026518896034839794,0.0440101370303688,0.04052054917435142,0.035978685417640356,0,0,0,0
2026-07-01,0.0164253873544256,61027.85534122633,0.026518896034839794,0.0440101370303688,0.04052054917435142,0.035978685417640356,0,0,0,0
2026-07-02,0.0036717847693283,13866.447379016785,0.026518896034839794,0.0440101370303688,0.04052054917435142,0.035978685417640356,0,0,0,0
2026-07-06,0.0091285923446557,34600.591291366145,0.026518896034839794,0.0440101370303688,0.04052054917435142,0.035978685417640356,0,0,0,0
2026-07-07,0.0042248960211844,16160.033019625116,0.026518896034839794,0.0440101370303688,0.04052054917435142,0.035978685417640356,0,0,0,0
2026-07-08,-0.0025750734210464,-9891.150704720523,0.026518896034839794,0.0440101370303688,0.04052054917435142,0.035978685417640356,1,1,1,1
2026-07-09,0.0064676863835716,24779.14819667861,0.026518896034839794,0.0440101370303688,0.04052054917435142,0.035978685417640356,0,0,0,0
2026-07-10,0.0075195951630685,28995.57436658721,0.026518896034839794,0.0440101370303688,0.04052054917435142,0.035978685417640356,0,0,0,0
2026-07-13,-0.0029885436273929,-11610.484893780202,0.026518896034839794,0.0440101370303688,0.04052054917435142,0.035978685417640356,1,1,1,1
2026-07-14,0.0068387927880816,26489.292037263047,0.026518896034839794,0.0440101370303688,0.04052054917435142,0.035978685417640356,0,0,0,0
2026-07-15,0.0200450394490475,78173.17692302866,0.026518896034839794,0.0440101370303688,0.04052054917435142,0.035978685417640356,0,0,0,0
2026-07-16,-0.0063405954094449,-25223.20308798924,0.026518896034839794,0.0440101370303688,0.04052054917435142,0.035978685417640356,1,1,1,1
2026-07-17,-0.011617732093823,-45922.878194745164,0.026518896034839794,0.0440101370303688,0.04052054917435142,0.035978685417640356,1,1,1,1
2026-07-20,-0.000555639380874,-2170.829457154497,0.026518896034839794,0.0440101370303688,0.04052054917435142,0.035978685417640356,1,1,1,1
2026-07-21,0.0053589087418807,20925.1061902456,0.026518896034839794,0.0440101370303688,0.04052054917435142,0.035978685417640356,0,0,0,0
2026-07-22,-0.0038945313854105,-15288.597526965195,0.026518896034839794,0.0440101370303688,0.04052054917435142,0.035978685417640356,1,1,1,1
2026-07-23,-0.0296417374234273,-115910.13725382416,0.028121206059097438,0.0440101370303688,0.0423112277861952,0.03705408777679148,1,1,1,1
2026-07-24,0.0042429532709895,16099.712520366536,0.028121206059097438,0.0440101370303688,0.0423112277861952,0.03705408777679148,0,0,0,0
2026-07-27,-0.0016283705571535,-6205.001726866234,0.028121206059097438,0.0440101370303688,0.0423112277861952,0.03705408777679148,1,1,1,1
2026-07-28,0.0065592937675821,24953.87404044019,0.028121206059097438,0.0440101370303688,0.0423112277861952,0.03705408777679148,0,0,0,0
2026-07-29,-0.0140895850537331,-53953.35589197045,0.028121206059097438,0.0440101370303688,0.0423112277861952,0.03705408777679148,1,1,1,1
2026-07-30,0.0251613079297093,94992.85204563708,0.028121206059097438,0.0440101370303688,0.0423112277861952,0.03705408777679148,0,0,0,0
2026-07-31,0.0152118330726815,58875.07478581276,0.026518896034839794,0.037956976303121163,0.038659742410939016,0.03586935683027238,0,0,0,0
