Date,VaR_95_250D,VaR_99_250D,VaR_99_5_250D,VaR_95_500D,VaR_99_500D,VaR_99_5_500D,VaR_95_750D,VaR_99_750D,VaR_99_5_750D
2020-01-03,,,,,,,,,
2020-01-06,,,,,,,,,
2020-01-07,,,,,,,,,
2020-01-08,,,,,,,,,
2020-01-09,,,,,,,,,
2020-01-10,,,,,,,,,
2020-01-13,,,,,,,,,
2020-01-14,,,,,,,,,
2020-01-15,,,,,,,,,
2020-01-16,,,,,,,,,
2020-01-17,,,,,,,,,
2020-01-21,,,,,,,,,
2020-01-22,,,,,,,,,
2020-01-23,,,,,,,,,
2020-01-24,,,,,,,,,
2020-01-27,,,,,,,,,
2020-01-28,,,,,,,,,
2020-01-29,,,,,,,,,
2020-01-30,,,,,,,,,
2020-01-31,,,,,,,,,
2020-02-03,,,,,,,,,
2020-02-04,,,,,,,,,
2020-02-05,,,,,,,,,
2020-02-06,,,,,,,,,
2020-02-07,,,,,,,,,
2020-02-10,,,,,,,,,
2020-02-11,,,,,,,,,
2020-02-12,,,,,,,,,
2020-02-13,,,,,,,,,
2020-02-14,,,,,,,,,
2020-02-18,,,,,,,,,
2020-02-19,,,,,,,,,
2020-02-20,,,,,,,,,
2020-02-21,,,,,,,,,
2020-02-24,,,,,,,,,
2020-02-25,,,,,,,,,
2020-02-26,,,,,,,,,
2020-02-27,,,,,,,,,
2020-02-28,,,,,,,,,
2020-03-02,,,,,,,,,
2020-03-03,,,,,,,,,
2020-03-04,,,,,,,,,
2020-03-05,,,,,,,,,
2020-03-06,,,,,,,,,
2020-03-09,,,,,,,,,
2020-03-10,,,,,,,,,
2020-03-11,,,,,,,,,
2020-03-12,,,,,,,,,
2020-03-13,,,,,,,,,
2020-03-16,,,,,,,,,
2020-03-17,,,,,,,,,
2020-03-18,,,,,,,,,
2020-03-19,,,,,,,,,
2020-03-20,,,,,,,,,
2020-03-23,,,,,,,,,
2020-03-24,,,,,,,,,
2020-03-25,,,,,,,,,
2020-03-26,,,,,,,,,
2020-03-27,,,,,,,,,
2020-03-30,,,,,,,,,
2020-03-31,,,,,,,,,
2020-04-01,,,,,,,,,
2020-04-02,,,,,,,,,
2020-04-03,,,,,,,,,
2020-04-06,,,,,,,,,
2020-04-07,,,,,,,,,
2020-04-08,,,,,,,,,
2020-04-09,,,,,,,,,
2020-04-13,,,,,,,,,
2020-04-14,,,,,,,,,
2020-04-15,,,,,,,,,
2020-04-16,,,,,,,,,
2020-04-17,,,,,,,,,
2020-04-20,,,,,,,,,
2020-04-21,,,,,,,,,
2020-04-22,,,,,,,,,
2020-04-23,,,,,,,,,
2020-04-24,,,,,,,,,
2020-04-27,,,,,,,,,
2020-04-28,,,,,,,,,
2020-04-29,,,,,,,,,
2020-04-30,,,,,,,,,
2020-05-01,,,,,,,,,
2020-05-04,,,,,,,,,
2020-05-05,,,,,,,,,
2020-05-06,,,,,,,,,
2020-05-07,,,,,,,,,
2020-05-08,,,,,,,,,
2020-05-11,,,,,,,,,
2020-05-12,,,,,,,,,
2020-05-13,,,,,,,,,
2020-05-14,,,,,,,,,
2020-05-15,,,,,,,,,
2020-05-18,,,,,,,,,
2020-05-19,,,,,,,,,
2020-05-20,,,,,,,,,
2020-05-21,,,,,,,,,
2020-05-22,,,,,,,,,
2020-05-26,,,,,,,,,
2020-05-27,,,,,,,,,
2020-05-28,,,,,,,,,
2020-05-29,,,,,,,,,
2020-06-01,,,,,,,,,
2020-06-02,,,,,,,,,
2020-06-03,,,,,,,,,
2020-06-04,,,,,,,,,
2020-06-05,,,,,,,,,
2020-06-08,,,,,,,,,
2020-06-09,,,,,,,,,
2020-06-10,,,,,,,,,
2020-06-11,,,,,,,,,
2020-06-12,,,,,,,,,
2020-06-15,,,,,,,,,
2020-06-16,,,,,,,,,
2020-06-17,,,,,,,,,
2020-06-18,,,,,,,,,
2020-06-19,,,,,,,,,
2020-06-22,,,,,,,,,
2020-06-23,,,,,,,,,
2020-06-24,,,,,,,,,
2020-06-25,,,,,,,,,
2020-06-26,,,,,,,,,
2020-06-29,,,,,,,,,
2020-06-30,,,,,,,,,
2020-07-01,,,,,,,,,
2020-07-02,,,,,,,,,
2020-07-06,,,,,,,,,
2020-07-07,,,,,,,,,
2020-07-08,,,,,,,,,
2020-07-09,,,,,,,,,
2020-07-10,,,,,,,,,
2020-07-13,,,,,,,,,
2020-07-14,,,,,,,,,
2020-07-15,,,,,,,,,
2020-07-16,,,,,,,,,
2020-07-17,,,,,,,,,
2020-07-20,,,,,,,,,
2020-07-21,,,,,,,,,
2020-07-22,,,,,,,,,
2020-07-23,,,,,,,,,
2020-07-24,,,,,,,,,
2020-07-27,,,,,,,,,
2020-07-28,,,,,,,,,
2020-07-29,,,,,,,,,
2020-07-30,,,,,,,,,
2020-07-31,,,,,,,,,
2020-08-03,,,,,,,,,
2020-08-04,,,,,,,,,
2020-08-05,,,,,,,,,
2020-08-06,,,,,,,,,
2020-08-07,,,,,,,,,
2020-08-10,,,,,,,,,
2020-08-11,,,,,,,,,
2020-08-12,,,,,,,,,
2020-08-13,,,,,,,,,
2020-08-14,,,,,,,,,
2020-08-17,,,,,,,,,
2020-08-18,,,,,,,,,
2020-08-19,,,,,,,,,
2020-08-20,,,,,,,,,
2020-08-21,,,,,,,,,
2020-08-24,,,,,,,,,
2020-08-25,,,,,,,,,
2020-08-26,,,,,,,,,
2020-08-27,,,,,,,,,
2020-08-28,,,,,,,,,
2020-08-31,,,,,,,,,
2020-09-01,,,,,,,,,
2020-09-02,,,,,,,,,
2020-09-03,,,,,,,,,
2020-09-04,,,,,,,,,
2020-09-08,,,,,,,,,
2020-09-09,,,,,,,,,
2020-09-10,,,,,,,,,
2020-09-11,,,,,,,,,
2020-09-14,,,,,,,,,
2020-09-15,,,,,,,,,
2020-09-16,,,,,,,,,
2020-09-17,,,,,,,,,
2020-09-18,,,,,,,,,
2020-09-21,,,,,,,,,
2020-09-22,,,,,,,,,
2020-09-23,,,,,,,,,
2020-09-24,,,,,,,,,
2020-09-25,,,,,,,,,
2020-09-28,,,,,,,,,
2020-09-29,,,,,,,,,
2020-09-30,,,,,,,,,
2020-10-01,,,,,,,,,
2020-10-02,,,,,,,,,
2020-10-05,,,,,,,,,
2020-10-06,,,,,,,,,
2020-10-07,,,,,,,,,
2020-10-08,,,,,,,,,
2020-10-09,,,,,,,,,
2020-10-12,,,,,,,,,
2020-10-13,,,,,,,,,
2020-10-14,,,,,,,,,
2020-10-15,,,,,,,,,
2020-10-16,,,,,,,,,
2020-10-19,,,,,,,,,
2020-10-20,,,,,,,,,
2020-10-21,,,,,,,,,
2020-10-22,,,,,,,,,
2020-10-23,,,,,,,,,
2020-10-26,,,,,,,,,
2020-10-27,,,,,,,,,
2020-10-28,,,,,,,,,
2020-10-29,,,,,,,,,
2020-10-30,,,,,,,,,
2020-11-02,,,,,,,,,
2020-11-03,,,,,,,,,
2020-11-04,,,,,,,,,
2020-11-05,,,,,,,,,
2020-11-06,,,,,,,,,
2020-11-09,,,,,,,,,
2020-11-10,,,,,,,,,
2020-11-11,,,,,,,,,
2020-11-12,,,,,,,,,
2020-11-13,,,,,,,,,
2020-11-16,,,,,,,,,
2020-11-17,,,,,,,,,
2020-11-18,,,,,,,,,
2020-11-19,,,,,,,,,
2020-11-20,,,,,,,,,
2020-11-23,,,,,,,,,
2020-11-24,,,,,,,,,
2020-11-25,,,,,,,,,
2020-11-27,,,,,,,,,
2020-11-30,,,,,,,,,
2020-12-01,,,,,,,,,
2020-12-02,,,,,,,,,
2020-12-03,,,,,,,,,
2020-12-04,,,,,,,,,
2020-12-07,,,,,,,,,
2020-12-08,,,,,,,,,
2020-12-09,,,,,,,,,
2020-12-10,,,,,,,,,
2020-12-11,,,,,,,,,
2020-12-14,,,,,,,,,
2020-12-15,,,,,,,,,
2020-12-16,,,,,,,,,
2020-12-17,,,,,,,,,
2020-12-18,,,,,,,,,
2020-12-21,,,,,,,,,
2020-12-22,,,,,,,,,
2020-12-23,,,,,,,,,
2020-12-24,,,,,,,,,
2020-12-28,,,,,,,,,
2020-12-29,0.040289817654441826,0.07319081699350555,0.09847615093503008,,,,,,
2020-12-30,0.040289817654441826,0.07319081699350555,0.09847615093503008,,,,,,
2020-12-31,0.040289817654441826,0.07319081699350555,0.09847615093503008,,,,,,
2021-01-04,0.040289817654441826,0.07319081699350555,0.09847615093503008,,,,,,
2021-01-05,0.040289817654441826,0.07319081699350555,0.09847615093503008,,,,,,
2021-01-06,0.040289817654441826,0.07319081699350555,0.09847615093503008,,,,,,
2021-01-07,0.040289817654441826,0.07319081699350555,0.09847615093503008,,,,,,
2021-01-08,0.040289817654441826,0.07319081699350555,0.09847615093503008,,,,,,
2021-01-11,0.040289817654441826,0.07319081699350555,0.09847615093503008,,,,,,
2021-01-12,0.040289817654441826,0.07319081699350555,0.09847615093503008,,,,,,
2021-01-13,0.040289817654441826,0.07319081699350555,0.09847615093503008,,,,,,
2021-01-14,0.040289817654441826,0.07319081699350555,0.09847615093503008,,,,,,
2021-01-15,0.040289817654441826,0.07319081699350555,0.09847615093503008,,,,,,
2021-01-19,0.040289817654441826,0.07319081699350555,0.09847615093503008,,,,,,
2021-01-20,0.040289817654441826,0.07319081699350555,0.09847615093503008,,,,,,
2021-01-21,0.040289817654441826,0.07319081699350555,0.09847615093503008,,,,,,
2021-01-22,0.040289817654441826,0.07319081699350555,0.09847615093503008,,,,,,
2021-01-25,0.040289817654441826,0.07319081699350555,0.09847615093503008,,,,,,
2021-01-26,0.040289817654441826,0.07319081699350555,0.09847615093503008,,,,,,
2021-01-27,0.040289817654441826,0.07319081699350555,0.09847615093503008,,,,,,
2021-01-28,0.040289817654441826,0.07319081699350555,0.09847615093503008,,,,,,
2021-01-29,0.040289817654441826,0.07319081699350555,0.09847615093503008,,,,,,
2021-02-01,0.040289817654441826,0.07319081699350555,0.09847615093503008,,,,,,
2021-02-02,0.040289817654441826,0.07319081699350555,0.09847615093503008,,,,,,
2021-02-03,0.040289817654441826,0.07319081699350555,0.09847615093503008,,,,,,
2021-02-04,0.040289817654441826,0.07319081699350555,0.09847615093503008,,,,,,
2021-02-05,0.040289817654441826,0.07319081699350555,0.09847615093503008,,,,,,
2021-02-08,0.040289817654441826,0.07319081699350555,0.09847615093503008,,,,,,
2021-02-09,0.040289817654441826,0.07319081699350555,0.09847615093503008,,,,,,
2021-02-10,0.040289817654441826,0.07319081699350555,0.09847615093503008,,,,,,
2021-02-11,0.040289817654441826,0.07319081699350555,0.09847615093503008,,,,,,
2021-02-12,0.040289817654441826,0.07319081699350555,0.09847615093503008,,,,,,
2021-02-16,0.040289817654441826,0.07319081699350555,0.09847615093503008,,,,,,
2021-02-17,0.040289817654441826,0.07319081699350555,0.09847615093503008,,,,,,
2021-02-18,0.040289817654441826,0.07319081699350555,0.09847615093503008,,,,,,
2021-02-19,0.039308845442399994,0.07319081699350555,0.09847615093503008,,,,,,
2021-02-22,0.039308845442399994,0.07319081699350555,0.09847615093503008,,,,,,
2021-02-23,0.039308845442399994,0.07319081699350555,0.09847615093503008,,,,,,
2021-02-24,0.03832509303242847,0.07176482159523098,0.09847615093503008,,,,,,
2021-02-25,0.038848682121083736,0.07176482159523098,0.09847615093503008,,,,,,
2021-02-26,0.038848682121083736,0.07176482159523098,0.09847615093503008,,,,,,
2021-03-01,0.038848682121083736,0.07176482159523098,0.09847615093503008,,,,,,
2021-03-02,0.038848682121083736,0.07176482159523098,0.09847615093503008,,,,,,
2021-03-03,0.038848682121083736,0.07176482159523098,0.09847615093503008,,,,,,
2021-03-04,0.038848682121083736,0.07176482159523098,0.09847615093503008,,,,,,
2021-03-05,0.03832509303242847,0.058558460720457776,0.09213822508046307,,,,,,
2021-03-08,0.03832509303242847,0.058558460720457776,0.09213822508046307,,,,,,
2021-03-09,0.03752158635040868,0.058558460720457776,0.09213822508046307,,,,,,
2021-03-10,0.03668228804046442,0.058139638891360514,0.058565024452070784,,,,,,
2021-03-11,0.03668228804046442,0.058139638891360514,0.058565024452070784,,,,,,
2021-03-12,0.03406187998088181,0.05629477275730836,0.058342218166883356,,,,,,
2021-03-15,0.03406187998088181,0.05629477275730836,0.058342218166883356,,,,,,
2021-03-16,0.03141346571654553,0.05484676173252287,0.058342218166883356,,,,,,
2021-03-17,0.03141346571654553,0.05484676173252287,0.058342218166883356,,,,,,
2021-03-18,0.029841270612950273,0.05484676173252287,0.058342218166883356,,,,,,
2021-03-19,0.029841270612950273,0.05484676173252287,0.058342218166883356,,,,,,
2021-03-22,0.029841270612950273,0.05484676173252287,0.058342218166883356,,,,,,
2021-03-23,0.029841270612950273,0.05484676173252287,0.058342218166883356,,,,,,
2021-03-24,0.029841270612950273,0.05484676173252287,0.058342218166883356,,,,,,
2021-03-25,0.02772593703963003,0.05484676173252287,0.058342218166883356,,,,,,
2021-03-26,0.02772593703963003,0.05484676173252287,0.058342218166883356,,,,,,
2021-03-29,0.02772593703963003,0.05484676173252287,0.058342218166883356,,,,,,
2021-03-30,0.026724991382498092,0.05263642591348721,0.058342218166883356,,,,,,
2021-03-31,0.026724991382498092,0.05263642591348721,0.058342218166883356,,,,,,
2021-04-01,0.026724991382498092,0.05263642591348721,0.058342218166883356,,,,,,
2021-04-05,0.026724991382498092,0.05263642591348721,0.058342218166883356,,,,,,
2021-04-06,0.026724991382498092,0.05263642591348721,0.058342218166883356,,,,,,
2021-04-07,0.026724991382498092,0.05263642591348721,0.058342218166883356,,,,,,
2021-04-08,0.026724991382498092,0.05263642591348721,0.058342218166883356,,,,,,
2021-04-09,0.026724991382498092,0.05263642591348721,0.058342218166883356,,,,,,
2021-04-12,0.026724991382498092,0.05263642591348721,0.058342218166883356,,,,,,
2021-04-13,0.026724991382498092,0.05263642591348721,0.058342218166883356,,,,,,
2021-04-14,0.026724991382498092,0.05263642591348721,0.058342218166883356,,,,,,
2021-04-15,0.026724991382498092,0.05263642591348721,0.058342218166883356,,,,,,
2021-04-16,0.026724991382498092,0.05263642591348721,0.058342218166883356,,,,,,
2021-04-19,0.025441568840757718,0.05263642591348721,0.058342218166883356,,,,,,
2021-04-20,0.025441568840757718,0.05263642591348721,0.058342218166883356,,,,,,
2021-04-21,0.025441568840757718,0.05263642591348721,0.058342218166883356,,,,,,
2021-04-22,0.025441568840757718,0.05263642591348721,0.058342218166883356,,,,,,
2021-04-23,0.025441568840757718,0.05263642591348721,0.058342218166883356,,,,,,
2021-04-26,0.025441568840757718,0.05263642591348721,0.058342218166883356,,,,,,
2021-04-27,0.025441568840757718,0.05263642591348721,0.058342218166883356,,,,,,
2021-04-28,0.025441568840757718,0.05263642591348721,0.058342218166883356,,,,,,
2021-04-29,0.024146480196073256,0.05263642591348721,0.058342218166883356,,,,,,
2021-04-30,0.024146480196073256,0.05263642591348721,0.058342218166883356,,,,,,
2021-05-03,0.024146480196073256,0.05263642591348721,0.058342218166883356,,,,,,
2021-05-04,0.024146480196073256,0.05263642591348721,0.058342218166883356,,,,,,
2021-05-05,0.024146480196073256,0.05263642591348721,0.058342218166883356,,,,,,
2021-05-06,0.024146480196073256,0.05263642591348721,0.058342218166883356,,,,,,
2021-05-07,0.024146480196073256,0.05263642591348721,0.058342218166883356,,,,,,
2021-05-10,0.02454202230389762,0.05263642591348721,0.058342218166883356,,,,,,
2021-05-11,0.02454202230389762,0.05263642591348721,0.058342218166883356,,,,,,
2021-05-12,0.024787838541617823,0.05263642591348721,0.058342218166883356,,,,,,
2021-05-13,0.024787838541617823,0.05263642591348721,0.058342218166883356,,,,,,
2021-05-14,0.024787838541617823,0.05263642591348721,0.058342218166883356,,,,,,
2021-05-17,0.024787838541617823,0.05263642591348721,0.058342218166883356,,,,,,
2021-05-18,0.024787838541617823,0.05263642591348721,0.058342218166883356,,,,,,
2021-05-19,0.024787838541617823,0.05263642591348721,0.058342218166883356,,,,,,
2021-05-20,0.024787838541617823,0.05263642591348721,0.058342218166883356,,,,,,
2021-05-21,0.024787838541617823,0.05263642591348721,0.058342218166883356,,,,,,
2021-05-24,0.024787838541617823,0.05263642591348721,0.058342218166883356,,,,,,
2021-05-25,0.024787838541617823,0.05263642591348721,0.058342218166883356,,,,,,
2021-05-26,0.024787838541617823,0.05263642591348721,0.058342218166883356,,,,,,
2021-05-27,0.024787838541617823,0.05263642591348721,0.058342218166883356,,,,,,
2021-05-28,0.024787838541617823,0.05263642591348721,0.058342218166883356,,,,,,
2021-06-01,0.024787838541617823,0.05263642591348721,0.058342218166883356,,,,,,
2021-06-02,0.024787838541617823,0.05263642591348721,0.058342218166883356,,,,,,
2021-06-03,0.024787838541617823,0.05263642591348721,0.058342218166883356,,,,,,
2021-06-04,0.024787838541617823,0.05263642591348721,0.058342218166883356,,,,,,
2021-06-07,0.024787838541617823,0.05263642591348721,0.058342218166883356,,,,,,
2021-06-08,0.024787838541617823,0.05263642591348721,0.058342218166883356,,,,,,
2021-06-09,0.02454202230389762,0.04321248312692886,0.05580145949532761,,,,,,
2021-06-10,0.02454202230389762,0.04321248312692886,0.05580145949532761,,,,,,
2021-06-11,0.02454202230389762,0.04321248312692886,0.05580145949532761,,,,,,
2021-06-14,0.02454202230389762,0.04321248312692886,0.05580145949532761,,,,,,
2021-06-15,0.02454202230389762,0.04321248312692886,0.05580145949532761,,,,,,
2021-06-16,0.02454202230389762,0.04321248312692886,0.05580145949532761,,,,,,
2021-06-17,0.02454202230389762,0.04321248312692886,0.05580145949532761,,,,,,
2021-06-18,0.02454202230389762,0.04321248312692886,0.05580145949532761,,,,,,
2021-06-21,0.02454202230389762,0.04321248312692886,0.05580145949532761,,,,,,
2021-06-22,0.024320918602532878,0.04321248312692886,0.05580145949532761,,,,,,
2021-06-23,0.024320918602532878,0.04321248312692886,0.05580145949532761,,,,,,
2021-06-24,0.02330688361732814,0.04321248312692886,0.05580145949532761,,,,,,
2021-06-25,0.02330688361732814,0.04321248312692886,0.05580145949532761,,,,,,
2021-06-28,0.02330688361732814,0.04321248312692886,0.05580145949532761,,,,,,
2021-06-29,0.02330688361732814,0.04321248312692886,0.05580145949532761,,,,,,
2021-06-30,0.02330688361732814,0.04321248312692886,0.05580145949532761,,,,,,
2021-07-01,0.02330688361732814,0.04321248312692886,0.05580145949532761,,,,,,
2021-07-02,0.02330688361732814,0.04321248312692886,0.05580145949532761,,,,,,
2021-07-06,0.02330688361732814,0.04321248312692886,0.05580145949532761,,,,,,
2021-07-07,0.02330688361732814,0.04321248312692886,0.05580145949532761,,,,,,
2021-07-08,0.02330688361732814,0.04321248312692886,0.05580145949532761,,,,,,
2021-07-09,0.02330688361732814,0.04321248312692886,0.05580145949532761,,,,,,
2021-07-12,0.02330688361732814,0.04321248312692886,0.05580145949532761,,,,,,
2021-07-13,0.02330688361732814,0.04321248312692886,0.05580145949532761,,,,,,
2021-07-14,0.02330688361732814,0.04321248312692886,0.05580145949532761,,,,,,
2021-07-15,0.02330688361732814,0.04321248312692886,0.05580145949532761,,,,,,
2021-07-16,0.02330688361732814,0.04321248312692886,0.05580145949532761,,,,,,
2021-07-19,0.02330688361732814,0.04321248312692886,0.05580145949532761,,,,,,
2021-07-20,0.02330688361732814,0.04321248312692886,0.05580145949532761,,,,,,
2021-07-21,0.022562970351643757,0.04321248312692886,0.05580145949532761,,,,,,
2021-07-22,0.022562970351643757,0.04321248312692886,0.05580145949532761,,,,,,
2021-07-23,0.022562970351643757,0.04321248312692886,0.05580145949532761,,,,,,
2021-07-26,0.022562970351643757,0.04321248312692886,0.05580145949532761,,,,,,
2021-07-27,0.022562970351643757,0.04321248312692886,0.05580145949532761,,,,,,
2021-07-28,0.022562970351643757,0.04321248312692886,0.05580145949532761,,,,,,
2021-07-29,0.022562970351643757,0.04321248312692886,0.05580145949532761,,,,,,
2021-07-30,0.022562970351643757,0.04321248312692886,0.05580145949532761,,,,,,
2021-08-02,0.022562970351643757,0.04321248312692886,0.05580145949532761,,,,,,
2021-08-03,0.022562970351643757,0.04321248312692886,0.05580145949532761,,,,,,
2021-08-04,0.022562970351643757,0.04321248312692886,0.05580145949532761,,,,,,
2021-08-05,0.022562970351643757,0.04321248312692886,0.05580145949532761,,,,,,
2021-08-06,0.022562970351643757,0.04321248312692886,0.05580145949532761,,,,,,
2021-08-09,0.022562970351643757,0.04321248312692886,0.05580145949532761,,,,,,
2021-08-10,0.022562970351643757,0.04321248312692886,0.05580145949532761,,,,,,
2021-08-11,0.022562970351643757,0.04321248312692886,0.05580145949532761,,,,,,
2021-08-12,0.022562970351643757,0.04321248312692886,0.05580145949532761,,,,,,
2021-08-13,0.022562970351643757,0.04321248312692886,0.05580145949532761,,,,,,
2021-08-16,0.022562970351643757,0.04321248312692886,0.05580145949532761,,,,,,
2021-08-17,0.022562970351643757,0.04321248312692886,0.05580145949532761,,,,,,
2021-08-18,0.022562970351643757,0.04321248312692886,0.05580145949532761,,,,,,
2021-08-19,0.022562970351643757,0.04321248312692886,0.05580145949532761,,,,,,
2021-08-20,0.022562970351643757,0.04321248312692886,0.05580145949532761,,,,,,
2021-08-23,0.022562970351643757,0.04321248312692886,0.05580145949532761,,,,,,
2021-08-24,0.022562970351643757,0.04321248312692886,0.05580145949532761,,,,,,
2021-08-25,0.022562970351643757,0.04321248312692886,0.05580145949532761,,,,,,
2021-08-26,0.022562970351643757,0.04321248312692886,0.05580145949532761,,,,,,
2021-08-27,0.022562970351643757,0.04321248312692886,0.05580145949532761,,,,,,
2021-08-30,0.022562970351643757,0.04321248312692886,0.05580145949532761,,,,,,
2021-08-31,0.022562970351643757,0.04321248312692886,0.05580145949532761,,,,,,
2021-09-01,0.022408461344100915,0.038353080541094535,0.04527999141307868,,,,,,
2021-09-02,0.022408461344100915,0.038353080541094535,0.04527999141307868,,,,,,
2021-09-03,0.022221634754314077,0.03451571092189361,0.038630885454549714,,,,,,
2021-09-07,0.022221634754314077,0.03451571092189361,0.038630885454549714,,,,,,
2021-09-08,0.021887329594594822,0.03451571092189361,0.038630885454549714,,,,,,
2021-09-09,0.021887329594594822,0.03451571092189361,0.038630885454549714,,,,,,
2021-09-10,0.021887329594594822,0.03451571092189361,0.038630885454549714,,,,,,
2021-09-13,0.021887329594594822,0.03451571092189361,0.038630885454549714,,,,,,
2021-09-14,0.021887329594594822,0.03451571092189361,0.038630885454549714,,,,,,
2021-09-15,0.021887329594594822,0.03451571092189361,0.038630885454549714,,,,,,
2021-09-16,0.021887329594594822,0.03451571092189361,0.038630885454549714,,,,,,
2021-09-17,0.021887329594594822,0.03451571092189361,0.038630885454549714,,,,,,
2021-09-20,0.022221634754314077,0.03451571092189361,0.038630885454549714,,,,,,
2021-09-21,0.021887329594594822,0.02972728530448868,0.03700134453446382,,,,,,
2021-09-22,0.021887329594594822,0.02972728530448868,0.03700134453446382,,,,,,
2021-09-23,0.021887329594594822,0.02972728530448868,0.03700134453446382,,,,,,
2021-09-24,0.021887329594594822,0.02972728530448868,0.03700134453446382,,,,,,
2021-09-27,0.021887329594594822,0.02972728530448868,0.03700134453446382,,,,,,
2021-09-28,0.022221634754314077,0.02972728530448868,0.03700134453446382,,,,,,
2021-09-29,0.022221634754314077,0.02972728530448868,0.03700134453446382,,,,,,
2021-09-30,0.021887329594594822,0.02972728530448868,0.03700134453446382,,,,,,
2021-10-01,0.021887329594594822,0.02972728530448868,0.03700134453446382,,,,,,
2021-10-04,0.022221634754314077,0.02972728530448868,0.03700134453446382,,,,,,
2021-10-05,0.022221634754314077,0.02972728530448868,0.03700134453446382,,,,,,
2021-10-06,0.022221634754314077,0.02972728530448868,0.03700134453446382,,,,,,
2021-10-07,0.022221634754314077,0.02972728530448868,0.03700134453446382,,,,,,
2021-10-08,0.022221634754314077,0.02972728530448868,0.03700134453446382,,,,,,
2021-10-11,0.022221634754314077,0.02972728530448868,0.03700134453446382,,,,,,
2021-10-12,0.022221634754314077,0.02972728530448868,0.03700134453446382,,,,,,
2021-10-13,0.022221634754314077,0.02972728530448868,0.03700134453446382,,,,,,
2021-10-14,0.022221634754314077,0.02972728530448868,0.03700134453446382,,,,,,
2021-10-15,0.021887329594594822,0.02972728530448868,0.03700134453446382,,,,,,
2021-10-18,0.021887329594594822,0.02972728530448868,0.03700134453446382,,,,,,
2021-10-19,0.021887329594594822,0.02972728530448868,0.03700134453446382,,,,,,
2021-10-20,0.021887329594594822,0.02972728530448868,0.03700134453446382,,,,,,
2021-10-21,0.021887329594594822,0.02972728530448868,0.03700134453446382,,,,,,
2021-10-22,0.021887329594594822,0.02972728530448868,0.03700134453446382,,,,,,
2021-10-25,0.021887329594594822,0.02972728530448868,0.03700134453446382,,,,,,
2021-10-26,0.021489267516557106,0.027750744742635912,0.03042544531881609,,,,,,
2021-10-27,0.021489267516557106,0.027750744742635912,0.03042544531881609,,,,,,
2021-10-28,0.02133430057349742,0.027750744742635912,0.03042544531881609,,,,,,
2021-10-29,0.02133430057349742,0.027750744742635912,0.03042544531881609,,,,,,
2021-11-01,0.02133430057349742,0.027750744742635912,0.03042544531881609,,,,,,
2021-11-02,0.02133430057349742,0.027750744742635912,0.03042544531881609,,,,,,
2021-11-03,0.02133430057349742,0.027750744742635912,0.03042544531881609,,,,,,
2021-11-04,0.02133430057349742,0.027750744742635912,0.03042544531881609,,,,,,
2021-11-05,0.02133430057349742,0.027750744742635912,0.03042544531881609,,,,,,
2021-11-08,0.019666789527705113,0.027750744742635912,0.03042544531881609,,,,,,
2021-11-09,0.019666789527705113,0.027750744742635912,0.03042544531881609,,,,,,
2021-11-10,0.019666789527705113,0.027750744742635912,0.03042544531881609,,,,,,
2021-11-11,0.019666789527705113,0.027750744742635912,0.03042544531881609,,,,,,
2021-11-12,0.019666789527705113,0.027750744742635912,0.03042544531881609,,,,,,
2021-11-15,0.019666789527705113,0.027750744742635912,0.03042544531881609,,,,,,
2021-11-16,0.019666789527705113,0.027750744742635912,0.03042544531881609,,,,,,
2021-11-17,0.019666789527705113,0.027750744742635912,0.03042544531881609,,,,,,
2021-11-18,0.019666789527705113,0.027750744742635912,0.03042544531881609,,,,,,
2021-11-19,0.019666789527705113,0.027750744742635912,0.03042544531881609,,,,,,
2021-11-22,0.019666789527705113,0.027750744742635912,0.03042544531881609,,,,,,
2021-11-23,0.019666789527705113,0.027750744742635912,0.03042544531881609,,,,,,
2021-11-24,0.019666789527705113,0.027750744742635912,0.03042544531881609,,,,,,
2021-11-26,0.02133430057349742,0.028751917619837815,0.03065504634737983,,,,,,
2021-11-29,0.02133430057349742,0.028751917619837815,0.03065504634737983,,,,,,
2021-11-30,0.02133430057349742,0.028751917619837815,0.03065504634737983,,,,,,
2021-12-01,0.02133430057349742,0.028751917619837815,0.03065504634737983,,,,,,
2021-12-02,0.02133430057349742,0.028751917619837815,0.03065504634737983,,,,,,
2021-12-03,0.02133430057349742,0.028751917619837815,0.03065504634737983,,,,,,
2021-12-06,0.02133430057349742,0.028751917619837815,0.03065504634737983,,,,,,
2021-12-07,0.020599425141213674,0.028751917619837815,0.03065504634737983,,,,,,
2021-12-08,0.020599425141213674,0.028751917619837815,0.03065504634737983,,,,,,
2021-12-09,0.020599425141213674,0.028751917619837815,0.03065504634737983,,,,,,
2021-12-10,0.020599425141213674,0.028751917619837815,0.03065504634737983,,,,,,
2021-12-13,0.021753170085122144,0.028751917619837815,0.03065504634737983,,,,,,
2021-12-14,0.021753170085122144,0.028751917619837815,0.03065504634737983,,,,,,
2021-12-15,0.021753170085122144,0.028751917619837815,0.03065504634737983,,,,,,
2021-12-16,0.022338730004980094,0.02914821270672974,0.03065504634737983,,,,,,
2021-12-17,0.022338730004980094,0.02914821270672974,0.03065504634737983,,,,,,
2021-12-20,0.022338730004980094,0.02914821270672974,0.03065504634737983,,,,,,
2021-12-21,0.022338730004980094,0.02914821270672974,0.03065504634737983,,,,,,
2021-12-22,0.022338730004980094,0.02914821270672974,0.03065504634737983,,,,,,
2021-12-23,0.022338730004980094,0.02914821270672974,0.03065504634737983,,,,,,
2021-12-27,0.022338730004980094,0.02914821270672974,0.03065504634737983,0.02908915718365146,0.05854506534981897,0.07307602254135402,,,
2021-12-28,0.022338730004980094,0.02914821270672974,0.03065504634737983,0.02908915718365146,0.05854506534981897,0.07307602254135402,,,
2021-12-29,0.022338730004980094,0.02914821270672974,0.03065504634737983,0.02908915718365146,0.05854506534981897,0.07307602254135402,,,
2021-12-30,0.022338730004980094,0.02914821270672974,0.03065504634737983,0.02908915718365146,0.05854506534981897,0.07307602254135402,,,
2021-12-31,0.022338730004980094,0.02914821270672974,0.03065504634737983,0.02908915718365146,0.05854506534981897,0.07307602254135402,,,
2022-01-03,0.022338730004980094,0.02914821270672974,0.03065504634737983,0.02908915718365146,0.05854506534981897,0.07307602254135402,,,
2022-01-04,0.022338730004980094,0.02914821270672974,0.03065504634737983,0.02908915718365146,0.05854506534981897,0.07307602254135402,,,
2022-01-05,0.022562970351643757,0.030186487361616166,0.03233579363676625,0.029306743959774124,0.05854506534981897,0.07307602254135402,,,
2022-01-06,0.022562970351643757,0.030186487361616166,0.03233579363676625,0.029306743959774124,0.05854506534981897,0.07307602254135402,,,
2022-01-07,0.022562970351643757,0.030186487361616166,0.03233579363676625,0.029306743959774124,0.05854506534981897,0.07307602254135402,,,
2022-01-10,0.022562970351643757,0.030186487361616166,0.03233579363676625,0.029306743959774124,0.05854506534981897,0.07307602254135402,,,
2022-01-11,0.022562970351643757,0.030186487361616166,0.03233579363676625,0.029306743959774124,0.05854506534981897,0.07307602254135402,,,
2022-01-12,0.022562970351643757,0.030186487361616166,0.03233579363676625,0.029306743959774124,0.05854506534981897,0.07307602254135402,,,
2022-01-13,0.02276749403743014,0.030186487361616166,0.03233579363676625,0.029306743959774124,0.05854506534981897,0.07307602254135402,,,
2022-01-14,0.02276749403743014,0.030186487361616166,0.03233579363676625,0.029306743959774124,0.05854506534981897,0.07307602254135402,,,
2022-01-18,0.02307120129251284,0.030186487361616166,0.03233579363676625,0.029306743959774124,0.05854506534981897,0.07307602254135402,,,
2022-01-19,0.02307120129251284,0.030186487361616166,0.03233579363676625,0.029306743959774124,0.05854506534981897,0.07307602254135402,,,
2022-01-20,0.02307120129251284,0.030186487361616166,0.03233579363676625,0.029306743959774124,0.05854506534981897,0.07307602254135402,,,
2022-01-21,0.024023327630503036,0.030186487361616166,0.03233579363676625,0.029306743959774124,0.05854506534981897,0.07307602254135402,,,
2022-01-24,0.024023327630503036,0.030186487361616166,0.03233579363676625,0.029306743959774124,0.05854506534981897,0.07307602254135402,,,
2022-01-25,0.024023327630503036,0.030186487361616166,0.03233579363676625,0.029306743959774124,0.05854506534981897,0.07307602254135402,,,
2022-01-26,0.024023327630503036,0.030186487361616166,0.03233579363676625,0.029306743959774124,0.05854506534981897,0.07307602254135402,,,
2022-01-27,0.024023327630503036,0.030186487361616166,0.03233579363676625,0.029306743959774124,0.05854506534981897,0.07307602254135402,,,
2022-01-28,0.024023327630503036,0.030186487361616166,0.03233579363676625,0.029306743959774124,0.05854506534981897,0.07307602254135402,,,
2022-01-31,0.024023327630503036,0.030186487361616166,0.03233579363676625,0.029306743959774124,0.05854506534981897,0.07307602254135402,,,
2022-02-01,0.024023327630503036,0.030186487361616166,0.03233579363676625,0.029306743959774124,0.05854506534981897,0.07307602254135402,,,
2022-02-02,0.024023327630503036,0.030186487361616166,0.03233579363676625,0.029306743959774124,0.05854506534981897,0.07307602254135402,,,
2022-02-03,0.024787838541617823,0.0319424345183721,0.03739470365285797,0.03114995627708912,0.05854506534981897,0.07307602254135402,,,
2022-02-04,0.024787838541617823,0.0319424345183721,0.03739470365285797,0.03114995627708912,0.05854506534981897,0.07307602254135402,,,
2022-02-07,0.024787838541617823,0.0319424345183721,0.03739470365285797,0.03114995627708912,0.05854506534981897,0.07307602254135402,,,
2022-02-08,0.024787838541617823,0.0319424345183721,0.03739470365285797,0.03114995627708912,0.05854506534981897,0.07307602254135402,,,
2022-02-09,0.024787838541617823,0.0319424345183721,0.03739470365285797,0.03114995627708912,0.05854506534981897,0.07307602254135402,,,
2022-02-10,0.024787838541617823,0.0319424345183721,0.03739470365285797,0.03114995627708912,0.05854506534981897,0.07307602254135402,,,
2022-02-11,0.02508296913425342,0.03202890473474243,0.03739470365285797,0.031317602614949966,0.05854506534981897,0.07307602254135402,,,
2022-02-14,0.02508296913425342,0.03202890473474243,0.03739470365285797,0.031317602614949966,0.05854506534981897,0.07307602254135402,,,
2022-02-15,0.02508296913425342,0.03202890473474243,0.03739470365285797,0.031132428824609853,0.05854506534981897,0.07307602254135402,,,
2022-02-16,0.02508296913425342,0.03202890473474243,0.03739470365285797,0.029306743959774124,0.05854506534981897,0.07307602254135402,,,
2022-02-17,0.025526304538896098,0.033746973639906454,0.037883656822981095,0.031132428824609853,0.05854506534981897,0.07307602254135402,,,
2022-02-18,0.025526304538896098,0.033746973639906454,0.037883656822981095,0.029306743959774124,0.057726211798456765,0.07163547616962769,,,
2022-02-22,0.02508296913425342,0.03202890473474243,0.03423592681002958,0.029306743959774124,0.057726211798456765,0.07163547616962769,,,
2022-02-23,0.025526304538896098,0.03202890473474243,0.03423592681002958,0.029306743959774124,0.057726211798456765,0.07163547616962769,,,
2022-02-24,0.025526304538896098,0.03202890473474243,0.03423592681002958,0.02908915718365146,0.057726211798456765,0.07163547616962769,,,
2022-02-25,0.025526304538896098,0.03202890473474243,0.03423592681002958,0.02908915718365146,0.057726211798456765,0.07163547616962769,,,
2022-02-28,0.025526304538896098,0.03202890473474243,0.03423592681002958,0.028349305746834266,0.057726211798456765,0.07163547616962769,,,
2022-03-01,0.025526304538896098,0.03202890473474243,0.03423592681002958,0.028349305746834266,0.057726211798456765,0.07163547616962769,,,
2022-03-02,0.025526304538896098,0.03202890473474243,0.03423592681002958,0.028275809192711443,0.05484255796211416,0.058558326766751385,,,
2022-03-03,0.02508296913425342,0.03202890473474243,0.03423592681002958,0.028275809192711443,0.05484255796211416,0.058558326766751385,,,
2022-03-04,0.02508296913425342,0.03202890473474243,0.03423592681002958,0.027901332988788483,0.05484255796211416,0.058558326766751385,,,
2022-03-07,0.025526304538896098,0.033746973639906454,0.0387411678665424,0.027901332988788483,0.05188794037123556,0.05813550462043148,,,
2022-03-08,0.025526304538896098,0.033746973639906454,0.0387411678665424,0.027901332988788483,0.05188794037123556,0.05813550462043148,,,
2022-03-09,0.025526304538896098,0.033746973639906454,0.0387411678665424,0.02723993861135208,0.04739260859349449,0.05628025060935643,,,
2022-03-10,0.025526304538896098,0.033746973639906454,0.0387411678665424,0.02723993861135208,0.04739260859349449,0.05628025060935643,,,
2022-03-11,0.025526304538896098,0.033746973639906454,0.0387411678665424,0.027063618015320933,0.0453705402856428,0.05481746396186906,,,
2022-03-14,0.025526304538896098,0.033746973639906454,0.0387411678665424,0.027063618015320933,0.0453705402856428,0.05481746396186906,,,
2022-03-15,0.02508296913425342,0.033746973639906454,0.0387411678665424,0.026357075393302523,0.0453705402856428,0.05481746396186906,,,
2022-03-16,0.02508296913425342,0.033746973639906454,0.0387411678665424,0.026357075393302523,0.0453705402856428,0.05481746396186906,,,
2022-03-17,0.02508296913425342,0.033746973639906454,0.0387411678665424,0.026357075393302523,0.0453705402856428,0.05481746396186906,,,
2022-03-18,0.02508296913425342,0.033746973639906454,0.0387411678665424,0.026357075393302523,0.0453705402856428,0.05481746396186906,,,
2022-03-21,0.02508296913425342,0.033746973639906454,0.0387411678665424,0.026357075393302523,0.0453705402856428,0.05481746396186906,,,
2022-03-22,0.02508296913425342,0.033746973639906454,0.0387411678665424,0.026224483180403844,0.0453705402856428,0.05481746396186906,,,
2022-03-23,0.02508296913425342,0.033746973639906454,0.0387411678665424,0.026224483180403844,0.0453705402856428,0.05481746396186906,,,
2022-03-24,0.02508296913425342,0.033746973639906454,0.0387411678665424,0.026224483180403844,0.0453705402856428,0.05481746396186906,,,
2022-03-25,0.02508296913425342,0.033746973639906454,0.0387411678665424,0.0257715075975688,0.0400975276287823,0.05258457369570041,,,
2022-03-28,0.02508296913425342,0.033746973639906454,0.0387411678665424,0.0257715075975688,0.0400975276287823,0.05258457369570041,,,
2022-03-29,0.02508296913425342,0.033746973639906454,0.0387411678665424,0.0257715075975688,0.0400975276287823,0.05258457369570041,,,
2022-03-30,0.02508296913425342,0.033746973639906454,0.0387411678665424,0.0257715075975688,0.0400975276287823,0.05258457369570041,,,
2022-03-31,0.02508296913425342,0.033746973639906454,0.0387411678665424,0.0257715075975688,0.0400975276287823,0.05258457369570041,,,
2022-04-01,0.02508296913425342,0.033746973639906454,0.0387411678665424,0.0257715075975688,0.0400975276287823,0.05258457369570041,,,
2022-04-04,0.02508296913425342,0.033746973639906454,0.0387411678665424,0.0257715075975688,0.0400975276287823,0.05258457369570041,,,
2022-04-05,0.02508296913425342,0.033746973639906454,0.0387411678665424,0.0257715075975688,0.0400975276287823,0.05258457369570041,,,
2022-04-06,0.025526304538896098,0.033746973639906454,0.0387411678665424,0.026224483180403844,0.0400975276287823,0.05258457369570041,,,
2022-04-07,0.025526304538896098,0.033746973639906454,0.0387411678665424,0.026224483180403844,0.0400975276287823,0.05258457369570041,,,
2022-04-08,0.025526304538896098,0.033746973639906454,0.0387411678665424,0.026224483180403844,0.0400975276287823,0.05258457369570041,,,
2022-04-11,0.026007262042441012,0.033746973639906454,0.0387411678665424,0.026357075393302523,0.0400975276287823,0.05258457369570041,,,
2022-04-12,0.026007262042441012,0.033746973639906454,0.0387411678665424,0.026357075393302523,0.0400975276287823,0.05258457369570041,,,
2022-04-13,0.026007262042441012,0.033746973639906454,0.0387411678665424,0.026224483180403844,0.0400975276287823,0.05258457369570041,,,
2022-04-14,0.026007262042441012,0.033746973639906454,0.0387411678665424,0.026224483180403844,0.0400975276287823,0.05258457369570041,,,
2022-04-18,0.026007262042441012,0.033746973639906454,0.0387411678665424,0.026224483180403844,0.0400975276287823,0.05258457369570041,,,
2022-04-19,0.026007262042441012,0.033746973639906454,0.0387411678665424,0.026224483180403844,0.0400975276287823,0.05258457369570041,,,
2022-04-20,0.026007262042441012,0.033746973639906454,0.0387411678665424,0.026224483180403844,0.0400975276287823,0.05258457369570041,,,
2022-04-21,0.026007262042441012,0.033746973639906454,0.0387411678665424,0.026224483180403844,0.0400975276287823,0.05258457369570041,,,
2022-04-22,0.026762136812312678,0.033746973639906454,0.0387411678665424,0.026357075393302523,0.0400975276287823,0.05258457369570041,,,
2022-04-25,0.026762136812312678,0.033746973639906454,0.0387411678665424,0.026357075393302523,0.0400975276287823,0.05258457369570041,,,
2022-04-26,0.027577718487764198,0.037437869148442396,0.0418561728870057,0.026357075393302523,0.04247314251532494,0.05258457369570041,,,
2022-04-27,0.027577718487764198,0.037437869148442396,0.0418561728870057,0.026357075393302523,0.04247314251532494,0.05258457369570041,,,
2022-04-28,0.027577718487764198,0.037437869148442396,0.0418561728870057,0.026357075393302523,0.04247314251532494,0.05258457369570041,,,
2022-04-29,0.028012236983299046,0.0412682681928613,0.04463848011135262,0.027063618015320933,0.0453705402856428,0.05394580726320675,,,
2022-05-02,0.028012236983299046,0.0412682681928613,0.04463848011135262,0.027063618015320933,0.0453705402856428,0.05394580726320675,,,
2022-05-03,0.028012236983299046,0.0412682681928613,0.04463848011135262,0.027063618015320933,0.0453705402856428,0.05394580726320675,,,
2022-05-04,0.028012236983299046,0.0412682681928613,0.04463848011135262,0.027063618015320933,0.0453705402856428,0.05394580726320675,,,
2022-05-05,0.028120805754049055,0.04392638922406834,0.048934477103881074,0.02723993861135208,0.04737499936725891,0.05621577373952141,,,
2022-05-06,0.028120805754049055,0.04392638922406834,0.048934477103881074,0.02723993861135208,0.04737499936725891,0.05621577373952141,,,
2022-05-09,0.028225906081332488,0.04707437046492376,0.0497625768474895,0.027893585522604538,0.048744238917641895,0.05621577373952141,,,
2022-05-10,0.028225906081332488,0.04707437046492376,0.0497625768474895,0.027893585522604538,0.048744238917641895,0.05621577373952141,,,
2022-05-11,0.028735322777477288,0.04707437046492376,0.0497625768474895,0.028119185339390004,0.048744238917641895,0.05621577373952141,,,
2022-05-12,0.028735322777477288,0.04707437046492376,0.0497625768474895,0.028119185339390004,0.048744238917641895,0.05621577373952141,,,
2022-05-13,0.028735322777477288,0.04707437046492376,0.0497625768474895,0.028119185339390004,0.048744238917641895,0.05621577373952141,,,
2022-05-16,0.028735322777477288,0.04707437046492376,0.0497625768474895,0.028119185339390004,0.048744238917641895,0.05621577373952141,,,
2022-05-17,0.028735322777477288,0.04707437046492376,0.0497625768474895,0.028119185339390004,0.048744238917641895,0.05621577373952141,,,
2022-05-18,0.029153347969606114,0.0494276871927074,0.05115266566602353,0.02812984955196024,0.050111442650135854,0.05621577373952141,,,
2022-05-19,0.029153347969606114,0.0494276871927074,0.05115266566602353,0.02812984955196024,0.050111442650135854,0.05621577373952141,,,
2022-05-20,0.029153347969606114,0.0494276871927074,0.05115266566602353,0.02812984955196024,0.050111442650135854,0.05621577373952141,,,
2022-05-23,0.029153347969606114,0.0494276871927074,0.05115266566602353,0.02812984955196024,0.050111442650135854,0.05621577373952141,,,
2022-05-24,0.029153347969606114,0.0494276871927074,0.05115266566602353,0.02812984955196024,0.050111442650135854,0.05621577373952141,,,
2022-05-25,0.029153347969606114,0.0494276871927074,0.05115266566602353,0.02812984955196024,0.050111442650135854,0.05621577373952141,,,
2022-05-26,0.029153347969606114,0.0494276871927074,0.05115266566602353,0.02812984955196024,0.050111442650135854,0.05621577373952141,,,
2022-05-27,0.029153347969606114,0.0494276871927074,0.05115266566602353,0.02812984955196024,0.050111442650135854,0.05621577373952141,,,
2022-05-31,0.029153347969606114,0.0494276871927074,0.05115266566602353,0.02812984955196024,0.050111442650135854,0.05621577373952141,,,
2022-06-01,0.029153347969606114,0.0494276871927074,0.05115266566602353,0.02812984955196024,0.050111442650135854,0.05621577373952141,,,
2022-06-02,0.029153347969606114,0.0494276871927074,0.05115266566602353,0.02812984955196024,0.050111442650135854,0.05621577373952141,,,
2022-06-03,0.03002058382934661,0.0494276871927074,0.05115266566602353,0.028275809192711443,0.050111442650135854,0.05621577373952141,,,
2022-06-06,0.03002058382934661,0.0494276871927074,0.05115266566602353,0.02812984955196024,0.048744238917641895,0.05310511020647971,,,
2022-06-07,0.03002058382934661,0.0494276871927074,0.05115266566602353,0.02812984955196024,0.048744238917641895,0.05310511020647971,,,
2022-06-08,0.03002058382934661,0.0494276871927074,0.05115266566602353,0.02812984955196024,0.048744238917641895,0.05310511020647971,,,
2022-06-09,0.03002058382934661,0.0494276871927074,0.05115266566602353,0.028275809192711443,0.048744238917641895,0.05310511020647971,,,
2022-06-10,0.031022334045941624,0.0494276871927074,0.05115266566602353,0.028347962509401668,0.048744238917641895,0.05310511020647971,,,
2022-06-13,0.031423737395212495,0.050282787829748855,0.051241692578243,0.029057216593836598,0.050101100253790755,0.05310511020647971,,,
2022-06-14,0.031423737395212495,0.050282787829748855,0.051241692578243,0.029057216593836598,0.050101100253790755,0.05310511020647971,,,
2022-06-15,0.031423737395212495,0.050282787829748855,0.051241692578243,0.029057216593836598,0.050101100253790755,0.05310511020647971,,,
2022-06-16,0.03218724602887512,0.050282787829748855,0.051241692578243,0.02908915718365146,0.050101100253790755,0.05310511020647971,,,
2022-06-17,0.03218724602887512,0.050282787829748855,0.051241692578243,0.02908915718365146,0.050101100253790755,0.05310511020647971,,,
2022-06-21,0.03218724602887512,0.050282787829748855,0.051241692578243,0.02908915718365146,0.050101100253790755,0.05310511020647971,,,
2022-06-22,0.03218724602887512,0.050282787829748855,0.051241692578243,0.029057216593836598,0.050101100253790755,0.05310511020647971,,,
2022-06-23,0.03218724602887512,0.050282787829748855,0.051241692578243,0.029057216593836598,0.050101100253790755,0.05310511020647971,,,
2022-06-24,0.03218724602887512,0.050282787829748855,0.051241692578243,0.029057216593836598,0.050101100253790755,0.05310511020647971,,,
2022-06-27,0.03218724602887512,0.050282787829748855,0.051241692578243,0.029057216593836598,0.050101100253790755,0.05310511020647971,,,
2022-06-28,0.03226703138004851,0.050282787829748855,0.051241692578243,0.02908915718365146,0.050101100253790755,0.05310511020647971,,,
2022-06-29,0.03226703138004851,0.050282787829748855,0.051241692578243,0.02908915718365146,0.050101100253790755,0.05310511020647971,,,
2022-06-30,0.03226703138004851,0.050282787829748855,0.051241692578243,0.02908915718365146,0.050101100253790755,0.05310511020647971,,,
2022-07-01,0.03226703138004851,0.050282787829748855,0.051241692578243,0.02908915718365146,0.050101100253790755,0.05310511020647971,,,
2022-07-05,0.03226703138004851,0.050282787829748855,0.051241692578243,0.02908915718365146,0.050101100253790755,0.05310511020647971,,,
2022-07-06,0.03226703138004851,0.050282787829748855,0.051241692578243,0.02908915718365146,0.050101100253790755,0.05310511020647971,,,
2022-07-07,0.03226703138004851,0.050282787829748855,0.051241692578243,0.02908915718365146,0.050101100253790755,0.05310511020647971,,,
2022-07-08,0.03226703138004851,0.050282787829748855,0.051241692578243,0.02908915718365146,0.050101100253790755,0.05310511020647971,,,
2022-07-11,0.03226703138004851,0.050282787829748855,0.051241692578243,0.02908915718365146,0.050101100253790755,0.05310511020647971,,,
2022-07-12,0.03226703138004851,0.050282787829748855,0.051241692578243,0.02908915718365146,0.050101100253790755,0.05310511020647971,,,
2022-07-13,0.03226703138004851,0.050282787829748855,0.051241692578243,0.02908915718365146,0.050101100253790755,0.05310511020647971,,,
2022-07-14,0.03226703138004851,0.050282787829748855,0.051241692578243,0.02908915718365146,0.050101100253790755,0.05310511020647971,,,
2022-07-15,0.03226703138004851,0.050282787829748855,0.051241692578243,0.02908915718365146,0.050101100253790755,0.05310511020647971,,,
2022-07-18,0.03226703138004851,0.050282787829748855,0.051241692578243,0.02908915718365146,0.050101100253790755,0.05310511020647971,,,
2022-07-19,0.03226703138004851,0.050282787829748855,0.051241692578243,0.029057216593836598,0.050101100253790755,0.05310511020647971,,,
2022-07-20,0.03226703138004851,0.050282787829748855,0.051241692578243,0.029057216593836598,0.050101100253790755,0.05310511020647971,,,
2022-07-21,0.03226703138004851,0.050282787829748855,0.051241692578243,0.029057216593836598,0.050101100253790755,0.05310511020647971,,,
2022-07-22,0.03226703138004851,0.050282787829748855,0.051241692578243,0.029057216593836598,0.050101100253790755,0.05310511020647971,,,
2022-07-25,0.03226703138004851,0.050282787829748855,0.051241692578243,0.029057216593836598,0.050101100253790755,0.05310511020647971,,,
2022-07-26,0.03226703138004851,0.050282787829748855,0.051241692578243,0.029057216593836598,0.050101100253790755,0.05310511020647971,,,
2022-07-27,0.03226703138004851,0.050282787829748855,0.051241692578243,0.029057216593836598,0.050101100253790755,0.05310511020647971,,,
2022-07-28,0.03226703138004851,0.050282787829748855,0.051241692578243,0.029057216593836598,0.050101100253790755,0.05310511020647971,,,
2022-07-29,0.03226703138004851,0.050282787829748855,0.051241692578243,0.029057216593836598,0.050101100253790755,0.05310511020647971,,,
2022-08-01,0.03226703138004851,0.050282787829748855,0.051241692578243,0.029057216593836598,0.050101100253790755,0.05310511020647971,,,
2022-08-02,0.03226703138004851,0.050282787829748855,0.051241692578243,0.029057216593836598,0.050101100253790755,0.05310511020647971,,,
2022-08-03,0.03226703138004851,0.050282787829748855,0.051241692578243,0.029057216593836598,0.050101100253790755,0.05310511020647971,,,
2022-08-04,0.03226703138004851,0.050282787829748855,0.051241692578243,0.029057216593836598,0.050101100253790755,0.05310511020647971,,,
2022-08-05,0.03226703138004851,0.050282787829748855,0.051241692578243,0.029057216593836598,0.050101100253790755,0.05310511020647971,,,
2022-08-08,0.03226703138004851,0.050282787829748855,0.051241692578243,0.029057216593836598,0.050101100253790755,0.05310511020647971,,,
2022-08-09,0.03226703138004851,0.050282787829748855,0.051241692578243,0.029057216593836598,0.050101100253790755,0.05310511020647971,,,
2022-08-10,0.03226703138004851,0.050282787829748855,0.051241692578243,0.029057216593836598,0.050101100253790755,0.05310511020647971,,,
2022-08-11,0.03226703138004851,0.050282787829748855,0.051241692578243,0.029057216593836598,0.050101100253790755,0.05310511020647971,,,
2022-08-12,0.03226703138004851,0.050282787829748855,0.051241692578243,0.029057216593836598,0.050101100253790755,0.05310511020647971,,,
2022-08-15,0.03226703138004851,0.050282787829748855,0.051241692578243,0.029057216593836598,0.050101100253790755,0.05310511020647971,,,
2022-08-16,0.03226703138004851,0.050282787829748855,0.051241692578243,0.029057216593836598,0.050101100253790755,0.05310511020647971,,,
2022-08-17,0.03226703138004851,0.050282787829748855,0.051241692578243,0.029057216593836598,0.050101100253790755,0.05310511020647971,,,
2022-08-18,0.03226703138004851,0.050282787829748855,0.051241692578243,0.029057216593836598,0.050101100253790755,0.05310511020647971,,,
2022-08-19,0.03226703138004851,0.050282787829748855,0.051241692578243,0.029057216593836598,0.050101100253790755,0.05310511020647971,,,
2022-08-22,0.03226703138004851,0.050282787829748855,0.051241692578243,0.029057216593836598,0.050101100253790755,0.05310511020647971,,,
2022-08-23,0.03226703138004851,0.050282787829748855,0.051241692578243,0.029057216593836598,0.050101100253790755,0.05310511020647971,,,
2022-08-24,0.03226703138004851,0.050282787829748855,0.051241692578243,0.029057216593836598,0.050101100253790755,0.05310511020647971,,,
2022-08-25,0.03226703138004851,0.050282787829748855,0.051241692578243,0.029057216593836598,0.050101100253790755,0.05310511020647971,,,
2022-08-26,0.0337206743908032,0.050282787829748855,0.051241692578243,0.02908915718365146,0.050101100253790755,0.05310511020647971,,,
2022-08-29,0.0337206743908032,0.050282787829748855,0.051241692578243,0.02908915718365146,0.050101100253790755,0.05310511020647971,,,
2022-08-30,0.0337206743908032,0.050282787829748855,0.051241692578243,0.029057216593836598,0.048744238917641895,0.05098313266961545,,,
2022-08-31,0.0337206743908032,0.050282787829748855,0.051241692578243,0.029057216593836598,0.048744238917641895,0.05098313266961545,,,
2022-09-01,0.0337206743908032,0.050282787829748855,0.051241692578243,0.028347962509401668,0.04736133040175761,0.05028097095398928,,,
2022-09-02,0.0337206743908032,0.050282787829748855,0.051241692578243,0.028347962509401668,0.04736133040175761,0.05028097095398928,,,
2022-09-06,0.0337206743908032,0.050282787829748855,0.051241692578243,0.028347962509401668,0.04736133040175761,0.05028097095398928,,,
2022-09-07,0.0337206743908032,0.050282787829748855,0.051241692578243,0.028347962509401668,0.04736133040175761,0.05028097095398928,,,
2022-09-08,0.0337206743908032,0.050282787829748855,0.051241692578243,0.028347962509401668,0.04736133040175761,0.05028097095398928,,,
2022-09-09,0.0337206743908032,0.050282787829748855,0.051241692578243,0.028347962509401668,0.04736133040175761,0.05028097095398928,,,
2022-09-12,0.0337206743908032,0.050282787829748855,0.051241692578243,0.028347962509401668,0.04736133040175761,0.05028097095398928,,,
2022-09-13,0.03463804770352303,0.05098830386778799,0.05390215422518354,0.029057216593836598,0.048744238917641895,0.05098313266961545,,,
2022-09-14,0.03463804770352303,0.05098830386778799,0.05390215422518354,0.029057216593836598,0.048744238917641895,0.05098313266961545,,,
2022-09-15,0.03463804770352303,0.05098830386778799,0.05390215422518354,0.029057216593836598,0.048744238917641895,0.05098313266961545,,,
2022-09-16,0.03463804770352303,0.05098830386778799,0.05390215422518354,0.029057216593836598,0.048744238917641895,0.05098313266961545,,,
2022-09-19,0.03463804770352303,0.05098830386778799,0.05390215422518354,0.028347962509401668,0.048744238917641895,0.05098313266961545,,,
2022-09-20,0.03463804770352303,0.05098830386778799,0.05390215422518354,0.028347962509401668,0.048744238917641895,0.05098313266961545,,,
2022-09-21,0.03463804770352303,0.05098830386778799,0.05390215422518354,0.028347962509401668,0.048744238917641895,0.05098313266961545,,,
2022-09-22,0.03463804770352303,0.05098830386778799,0.05390215422518354,0.028347962509401668,0.048744238917641895,0.05098313266961545,,,
2022-09-23,0.03463804770352303,0.05098830386778799,0.05390215422518354,0.028347962509401668,0.048744238917641895,0.05098313266961545,,,
2022-09-26,0.03463804770352303,0.05098830386778799,0.05390215422518354,0.028347962509401668,0.048744238917641895,0.05098313266961545,,,
2022-09-27,0.03463804770352303,0.05098830386778799,0.05390215422518354,0.028347962509401668,0.048744238917641895,0.05098313266961545,,,
2022-09-28,0.03463804770352303,0.05098830386778799,0.05390215422518354,0.028347962509401668,0.048744238917641895,0.05098313266961545,,,
2022-09-29,0.03463804770352303,0.05098830386778799,0.05390215422518354,0.029057216593836598,0.048744238917641895,0.05098313266961545,,,
2022-09-30,0.03463804770352303,0.05098830386778799,0.05390215422518354,0.029057216593836598,0.048744238917641895,0.05098313266961545,,,
2022-10-03,0.03463804770352303,0.05098830386778799,0.05390215422518354,0.029057216593836598,0.048744238917641895,0.05098313266961545,,,
2022-10-04,0.03463804770352303,0.05098830386778799,0.05390215422518354,0.029057216593836598,0.048744238917641895,0.05098313266961545,,,
2022-10-05,0.03463804770352303,0.05098830386778799,0.05390215422518354,0.029057216593836598,0.048744238917641895,0.05098313266961545,,,
2022-10-06,0.03463804770352303,0.05098830386778799,0.05390215422518354,0.029057216593836598,0.048744238917641895,0.05098313266961545,,,
2022-10-07,0.037326420940834035,0.05098830386778799,0.05390215422518354,0.02908915718365146,0.048744238917641895,0.05098313266961545,,,
2022-10-10,0.037326420940834035,0.05098830386778799,0.05390215422518354,0.02908915718365146,0.048744238917641895,0.05098313266961545,,,
2022-10-11,0.037326420940834035,0.05098830386778799,0.05390215422518354,0.02908915718365146,0.048744238917641895,0.05098313266961545,,,
2022-10-12,0.037326420940834035,0.05098830386778799,0.05390215422518354,0.02908915718365146,0.048744238917641895,0.05098313266961545,,,
2022-10-13,0.037326420940834035,0.05098830386778799,0.05390215422518354,0.02908915718365146,0.048744238917641895,0.05098313266961545,,,
2022-10-14,0.037326420940834035,0.05098830386778799,0.05390215422518354,0.02928470732718172,0.048744238917641895,0.05098313266961545,,,
2022-10-17,0.037326420940834035,0.05098830386778799,0.05390215422518354,0.02928470732718172,0.048744238917641895,0.05098313266961545,,,
2022-10-18,0.037326420940834035,0.05098830386778799,0.05390215422518354,0.02928470732718172,0.048744238917641895,0.05098313266961545,,,
2022-10-19,0.037326420940834035,0.05098830386778799,0.05390215422518354,0.02928470732718172,0.048744238917641895,0.05098313266961545,,,
2022-10-20,0.037326420940834035,0.05098830386778799,0.05390215422518354,0.02928470732718172,0.048744238917641895,0.05098313266961545,,,
2022-10-21,0.037326420940834035,0.05098830386778799,0.05390215422518354,0.02928470732718172,0.048744238917641895,0.05098313266961545,,,
2022-10-24,0.037326420940834035,0.05098830386778799,0.05390215422518354,0.02908915718365146,0.048744238917641895,0.05098313266961545,,,
2022-10-25,0.037326420940834035,0.05098830386778799,0.05390215422518354,0.02908915718365146,0.048744238917641895,0.05098313266961545,,,
2022-10-26,0.037326420940834035,0.05098830386778799,0.05390215422518354,0.02928470732718172,0.048744238917641895,0.05098313266961545,,,
2022-10-27,0.037326420940834035,0.05098830386778799,0.05390215422518354,0.02928470732718172,0.048744238917641895,0.05098313266961545,,,
2022-10-28,0.037326420940834035,0.05098830386778799,0.05390215422518354,0.02928470732718172,0.048744238917641895,0.05098313266961545,,,
2022-10-31,0.037326420940834035,0.05098830386778799,0.05390215422518354,0.02928470732718172,0.048744238917641895,0.05098313266961545,,,
2022-11-01,0.037326420940834035,0.05098830386778799,0.05390215422518354,0.02928470732718172,0.048744238917641895,0.05098313266961545,,,
2022-11-02,0.037326420940834035,0.05098830386778799,0.05390215422518354,0.030704909313887405,0.048744238917641895,0.05098313266961545,,,
2022-11-03,0.037326420940834035,0.05098830386778799,0.05390215422518354,0.030704909313887405,0.048744238917641895,0.05098313266961545,,,
2022-11-04,0.037326420940834035,0.05098830386778799,0.05390215422518354,0.030704909313887405,0.048744238917641895,0.05098313266961545,,,
2022-11-07,0.037326420940834035,0.05098830386778799,0.05390215422518354,0.030704909313887405,0.048744238917641895,0.05098313266961545,,,
2022-11-08,0.037326420940834035,0.05098830386778799,0.05390215422518354,0.030704909313887405,0.048744238917641895,0.05098313266961545,,,
2022-11-09,0.037326420940834035,0.05098830386778799,0.05390215422518354,0.030704909313887405,0.048744238917641895,0.05098313266961545,,,
2022-11-10,0.037326420940834035,0.05098830386778799,0.05390215422518354,0.030704909313887405,0.048744238917641895,0.05098313266961545,,,
2022-11-11,0.037326420940834035,0.05098830386778799,0.05390215422518354,0.030704909313887405,0.048744238917641895,0.05098313266961545,,,
2022-11-14,0.037326420940834035,0.05098830386778799,0.05390215422518354,0.030704909313887405,0.048744238917641895,0.05098313266961545,,,
2022-11-15,0.037326420940834035,0.05098830386778799,0.05390215422518354,0.030704909313887405,0.048744238917641895,0.05098313266961545,,,
2022-11-16,0.037326420940834035,0.05098830386778799,0.05390215422518354,0.030704909313887405,0.048744238917641895,0.05098313266961545,,,
2022-11-17,0.037326420940834035,0.05098830386778799,0.05390215422518354,0.030704909313887405,0.048744238917641895,0.05098313266961545,,,
2022-11-18,0.037326420940834035,0.05098830386778799,0.05390215422518354,0.030704909313887405,0.048744238917641895,0.05098313266961545,,,
2022-11-21,0.037326420940834035,0.05098830386778799,0.05390215422518354,0.030704909313887405,0.048744238917641895,0.05098313266961545,,,
2022-11-22,0.037326420940834035,0.05098830386778799,0.05390215422518354,0.030704909313887405,0.048744238917641895,0.05098313266961545,,,
2022-11-23,0.037326420940834035,0.05098830386778799,0.05390215422518354,0.030704909313887405,0.048744238917641895,0.05098313266961545,,,
2022-11-25,0.037326420940834035,0.05098830386778799,0.05390215422518354,0.030704909313887405,0.048744238917641895,0.05098313266961545,,,
2022-11-28,0.037326420940834035,0.05098830386778799,0.05390215422518354,0.030704909313887405,0.048744238917641895,0.05098313266961545,,,
2022-11-29,0.037326420940834035,0.05098830386778799,0.05390215422518354,0.030704909313887405,0.048744238917641895,0.05098313266961545,,,
2022-11-30,0.037326420940834035,0.05098830386778799,0.05390215422518354,0.030704909313887405,0.048744238917641895,0.05098313266961545,,,
2022-12-01,0.037326420940834035,0.05098830386778799,0.05390215422518354,0.030704909313887405,0.048744238917641895,0.05098313266961545,,,
2022-12-02,0.037326420940834035,0.05098830386778799,0.05390215422518354,0.030704909313887405,0.048744238917641895,0.05098313266961545,,,
2022-12-05,0.037326420940834035,0.05098830386778799,0.05390215422518354,0.030704909313887405,0.048744238917641895,0.05098313266961545,,,
2022-12-06,0.037326420940834035,0.05098830386778799,0.05390215422518354,0.030704909313887405,0.048744238917641895,0.05098313266961545,,,
2022-12-07,0.037326420940834035,0.05098830386778799,0.05390215422518354,0.030704909313887405,0.048744238917641895,0.05098313266961545,,,
2022-12-08,0.037326420940834035,0.05098830386778799,0.05390215422518354,0.030704909313887405,0.048744238917641895,0.05098313266961545,,,
2022-12-09,0.037326420940834035,0.05098830386778799,0.05390215422518354,0.030704909313887405,0.048744238917641895,0.05098313266961545,,,
2022-12-12,0.037326420940834035,0.05098830386778799,0.05390215422518354,0.030704909313887405,0.048744238917641895,0.05098313266961545,,,
2022-12-13,0.037326420940834035,0.05098830386778799,0.05390215422518354,0.030704909313887405,0.048744238917641895,0.05098313266961545,,,
2022-12-14,0.037326420940834035,0.05098830386778799,0.05390215422518354,0.030704909313887405,0.048744238917641895,0.05098313266961545,,,
2022-12-15,0.03733057594779768,0.05098830386778799,0.05390215422518354,0.031132428824609853,0.048744238917641895,0.05098313266961545,,,
2022-12-16,0.03733057594779768,0.05098830386778799,0.05390215422518354,0.031132428824609853,0.048744238917641895,0.05098313266961545,,,
2022-12-19,0.03733057594779768,0.05098830386778799,0.05390215422518354,0.031132428824609853,0.048744238917641895,0.05098313266961545,,,
2022-12-20,0.03733057594779768,0.05098830386778799,0.05390215422518354,0.031132428824609853,0.048744238917641895,0.05098313266961545,,,
2022-12-21,0.03733057594779768,0.05098830386778799,0.05390215422518354,0.031132428824609853,0.048744238917641895,0.05098313266961545,,,
2022-12-22,0.03733057594779768,0.05098830386778799,0.05390215422518354,0.031311317183629034,0.048744238917641895,0.05098313266961545,0.033851364537725366,0.05629477275730836,0.06167909320479245
2022-12-23,0.03733057594779768,0.05098830386778799,0.05390215422518354,0.031311317183629034,0.048744238917641895,0.05098313266961545,0.033851364537725366,0.05629477275730836,0.06167909320479245
2022-12-27,0.03733057594779768,0.05098830386778799,0.05390215422518354,0.031311317183629034,0.048744238917641895,0.05098313266961545,0.033851364537725366,0.05629477275730836,0.06167909320479245
2022-12-28,0.03733057594779768,0.05098830386778799,0.05390215422518354,0.031311317183629034,0.048744238917641895,0.05098313266961545,0.033851364537725366,0.05629477275730836,0.06167909320479245
2022-12-29,0.03733057594779768,0.05098830386778799,0.05390215422518354,0.031311317183629034,0.048744238917641895,0.05098313266961545,0.033851364537725366,0.05629477275730836,0.06167909320479245
2022-12-30,0.03733057594779768,0.05098830386778799,0.05390215422518354,0.031311317183629034,0.048744238917641895,0.05098313266961545,0.033851364537725366,0.05629477275730836,0.06167909320479245
2023-01-03,0.03733057594779768,0.05098830386778799,0.05390215422518354,0.031311317183629034,0.048744238917641895,0.05098313266961545,0.033851364537725366,0.05629477275730836,0.06167909320479245
2023-01-04,0.03733057594779768,0.05098830386778799,0.05390215422518354,0.031311317183629034,0.048744238917641895,0.05098313266961545,0.033851364537725366,0.05629477275730836,0.06167909320479245
2023-01-05,0.03733057594779768,0.05098830386778799,0.05390215422518354,0.031311317183629034,0.048744238917641895,0.05098313266961545,0.033851364537725366,0.05629477275730836,0.06167909320479245
2023-01-06,0.03733057594779768,0.05098830386778799,0.05390215422518354,0.031311317183629034,0.048744238917641895,0.05098313266961545,0.033851364537725366,0.05629477275730836,0.06167909320479245
2023-01-09,0.03733057594779768,0.05098830386778799,0.05390215422518354,0.031311317183629034,0.048744238917641895,0.05098313266961545,0.033851364537725366,0.05629477275730836,0.06167909320479245
2023-01-10,0.03733057594779768,0.05098830386778799,0.05390215422518354,0.031311317183629034,0.048744238917641895,0.05098313266961545,0.033851364537725366,0.05629477275730836,0.06167909320479245
2023-01-11,0.03733057594779768,0.05098830386778799,0.05390215422518354,0.031311317183629034,0.048744238917641895,0.05098313266961545,0.033851364537725366,0.05629477275730836,0.06167909320479245
2023-01-12,0.03733057594779768,0.05098830386778799,0.05390215422518354,0.031311317183629034,0.048744238917641895,0.05098313266961545,0.033851364537725366,0.05629477275730836,0.06167909320479245
2023-01-13,0.03733057594779768,0.05098830386778799,0.05390215422518354,0.031311317183629034,0.048744238917641895,0.05098313266961545,0.033851364537725366,0.05629477275730836,0.06167909320479245
2023-01-17,0.03733057594779768,0.05098830386778799,0.05390215422518354,0.031311317183629034,0.048744238917641895,0.05098313266961545,0.033851364537725366,0.05629477275730836,0.06167909320479245
2023-01-18,0.03733057594779768,0.05098830386778799,0.05390215422518354,0.031311317183629034,0.048744238917641895,0.05098313266961545,0.033851364537725366,0.05629477275730836,0.06167909320479245
2023-01-19,0.03733057594779768,0.05098830386778799,0.05390215422518354,0.031311317183629034,0.048744238917641895,0.05098313266961545,0.033851364537725366,0.05629477275730836,0.06167909320479245
2023-01-20,0.03733057594779768,0.05098830386778799,0.05390215422518354,0.031311317183629034,0.048744238917641895,0.05098313266961545,0.033851364537725366,0.05629477275730836,0.06167909320479245
2023-01-23,0.03733057594779768,0.05098830386778799,0.05390215422518354,0.031311317183629034,0.048744238917641895,0.05098313266961545,0.033851364537725366,0.05629477275730836,0.06167909320479245
2023-01-24,0.03733057594779768,0.05098830386778799,0.05390215422518354,0.031311317183629034,0.048744238917641895,0.05098313266961545,0.033851364537725366,0.05629477275730836,0.06167909320479245
2023-01-25,0.03733057594779768,0.05098830386778799,0.05390215422518354,0.031311317183629034,0.048744238917641895,0.05098313266961545,0.033851364537725366,0.05629477275730836,0.06167909320479245
2023-01-26,0.03733057594779768,0.05098830386778799,0.05390215422518354,0.031311317183629034,0.048744238917641895,0.05098313266961545,0.033851364537725366,0.05629477275730836,0.06167909320479245
2023-01-27,0.03733057594779768,0.05098830386778799,0.05390215422518354,0.031311317183629034,0.048744238917641895,0.05098313266961545,0.033851364537725366,0.05629477275730836,0.06167909320479245
2023-01-30,0.03733057594779768,0.05098830386778799,0.05390215422518354,0.031311317183629034,0.048744238917641895,0.05098313266961545,0.033851364537725366,0.05629477275730836,0.06167909320479245
2023-01-31,0.03733057594779768,0.05098830386778799,0.05390215422518354,0.031311317183629034,0.048744238917641895,0.05098313266961545,0.033851364537725366,0.05629477275730836,0.06167909320479245
2023-02-01,0.03733057594779768,0.05098830386778799,0.05390215422518354,0.031311317183629034,0.048744238917641895,0.05098313266961545,0.033851364537725366,0.05629477275730836,0.06167909320479245
2023-02-02,0.034729958321997156,0.05098830386778799,0.05390215422518354,0.031311317183629034,0.048744238917641895,0.05098313266961545,0.033851364537725366,0.05629477275730836,0.06167909320479245
2023-02-03,0.034729958321997156,0.05098830386778799,0.05390215422518354,0.031311317183629034,0.048744238917641895,0.05098313266961545,0.033851364537725366,0.05629477275730836,0.06167909320479245
2023-02-06,0.034729958321997156,0.05098830386778799,0.05390215422518354,0.031311317183629034,0.048744238917641895,0.05098313266961545,0.033851364537725366,0.05629477275730836,0.06167909320479245
2023-02-07,0.034729958321997156,0.05098830386778799,0.05390215422518354,0.031311317183629034,0.048744238917641895,0.05098313266961545,0.033851364537725366,0.05629477275730836,0.06167909320479245
2023-02-08,0.034729958321997156,0.05098830386778799,0.05390215422518354,0.031311317183629034,0.048744238917641895,0.05098313266961545,0.033851364537725366,0.05629477275730836,0.06167909320479245
2023-02-09,0.034729958321997156,0.05098830386778799,0.05390215422518354,0.031311317183629034,0.048744238917641895,0.05098313266961545,0.033851364537725366,0.05629477275730836,0.06167909320479245
2023-02-10,0.034729958321997156,0.05098830386778799,0.05390215422518354,0.031311317183629034,0.048744238917641895,0.05098313266961545,0.033851364537725366,0.05629477275730836,0.06167909320479245
2023-02-13,0.034729958321997156,0.05098830386778799,0.05390215422518354,0.031311317183629034,0.048744238917641895,0.05098313266961545,0.033851364537725366,0.05629477275730836,0.06167909320479245
2023-02-14,0.034729958321997156,0.05098830386778799,0.05390215422518354,0.031311317183629034,0.048744238917641895,0.05098313266961545,0.03321356222443819,0.05629477275730836,0.06167909320479245
2023-02-15,0.034729958321997156,0.05098830386778799,0.05390215422518354,0.031311317183629034,0.048744238917641895,0.05098313266961545,0.03321356222443819,0.05629477275730836,0.06167909320479245
2023-02-16,0.034643126045367484,0.05098830386778799,0.05390215422518354,0.031311317183629034,0.048744238917641895,0.05098313266961545,0.03321356222443819,0.05629477275730836,0.06167909320479245
2023-02-17,0.034643126045367484,0.05098830386778799,0.05390215422518354,0.031311317183629034,0.048744238917641895,0.05098313266961545,0.032966391284350346,0.05474968807788877,0.059510998160477065
2023-02-21,0.034643126045367484,0.05098830386778799,0.05390215422518354,0.031132428824609853,0.048744238917641895,0.05098313266961545,0.032966391284350346,0.05474968807788877,0.059510998160477065
2023-02-22,0.034643126045367484,0.05098830386778799,0.05390215422518354,0.031132428824609853,0.048744238917641895,0.05098313266961545,0.032966391284350346,0.05474968807788877,0.059510998160477065
2023-02-23,0.034643126045367484,0.05098830386778799,0.05390215422518354,0.031132428824609853,0.048744238917641895,0.05098313266961545,0.03243520493070302,0.05474968807788877,0.059510998160477065
2023-02-24,0.034643126045367484,0.05098830386778799,0.05390215422518354,0.031132428824609853,0.048744238917641895,0.05098313266961545,0.03243520493070302,0.05474968807788877,0.059510998160477065
2023-02-27,0.034643126045367484,0.05098830386778799,0.05390215422518354,0.031132428824609853,0.048744238917641895,0.05098313266961545,0.03190776181682286,0.05474968807788877,0.059510998160477065
2023-02-28,0.034643126045367484,0.05098830386778799,0.05390215422518354,0.031132428824609853,0.048744238917641895,0.05098313266961545,0.03190776181682286,0.05474968807788877,0.059510998160477065
2023-03-01,0.034643126045367484,0.05098830386778799,0.05390215422518354,0.031132428824609853,0.048744238917641895,0.05098313266961545,0.031678999896737926,0.053299071927049343,0.05855162908143199
2023-03-02,0.034643126045367484,0.05098830386778799,0.05390215422518354,0.030713732805353756,0.048744238917641895,0.05098313266961545,0.031678999896737926,0.053299071927049343,0.05855162908143199
2023-03-03,0.034643126045367484,0.05098830386778799,0.05390215422518354,0.030713732805353756,0.048744238917641895,0.05098313266961545,0.03164765462313787,0.053299071927049343,0.05855162908143199
2023-03-06,0.03444451111647285,0.05098830386778799,0.05390215422518354,0.030713732805353756,0.048744238917641895,0.05098313266961545,0.03159042583260091,0.051680368285636234,0.05792879107397961
2023-03-07,0.03444451111647285,0.05098830386778799,0.05390215422518354,0.030713732805353756,0.048744238917641895,0.05098313266961545,0.03159042583260091,0.051680368285636234,0.05792879107397961
2023-03-08,0.03444451111647285,0.05098830386778799,0.05390215422518354,0.030713732805353756,0.048744238917641895,0.05098313266961545,0.03142373739521249,0.05098830386778799,0.05555414321175933
2023-03-09,0.03444451111647285,0.05098830386778799,0.05390215422518354,0.030713732805353756,0.048744238917641895,0.05098313266961545,0.03142373739521249,0.05098830386778799,0.05555414321175933
2023-03-10,0.03444451111647285,0.05098830386778799,0.05390215422518354,0.030713732805353756,0.048744238917641895,0.05098313266961545,0.031220663739273454,0.050282787829748855,0.055457102266250065
2023-03-13,0.03444451111647285,0.05098830386778799,0.05390215422518354,0.030713732805353756,0.048744238917641895,0.05098313266961545,0.031220663739273454,0.050282787829748855,0.055457102266250065
2023-03-14,0.03444451111647285,0.05098830386778799,0.05390215422518354,0.030713732805353756,0.048744238917641895,0.05098313266961545,0.030925275639811654,0.050282787829748855,0.055457102266250065
2023-03-15,0.03444451111647285,0.05098830386778799,0.05390215422518354,0.030713732805353756,0.048744238917641895,0.05098313266961545,0.030925275639811654,0.050282787829748855,0.055457102266250065
2023-03-16,0.03444451111647285,0.05098830386778799,0.05390215422518354,0.030713732805353756,0.048744238917641895,0.05098313266961545,0.030925275639811654,0.050282787829748855,0.055457102266250065
2023-03-17,0.03444451111647285,0.05098830386778799,0.05390215422518354,0.030713732805353756,0.048744238917641895,0.05098313266961545,0.030925275639811654,0.050282787829748855,0.055457102266250065
2023-03-20,0.03444451111647285,0.05098830386778799,0.05390215422518354,0.030713732805353756,0.048744238917641895,0.05098313266961545,0.030925275639811654,0.050282787829748855,0.055457102266250065
2023-03-21,0.03444451111647285,0.05098830386778799,0.05390215422518354,0.030713732805353756,0.048744238917641895,0.05098313266961545,0.030576888900529006,0.050282787829748855,0.055457102266250065
2023-03-22,0.03444451111647285,0.05098830386778799,0.05390215422518354,0.030713732805353756,0.048744238917641895,0.05098313266961545,0.030576888900529006,0.050282787829748855,0.055457102266250065
2023-03-23,0.03444451111647285,0.05098830386778799,0.05390215422518354,0.030713732805353756,0.048744238917641895,0.05098313266961545,0.030576888900529006,0.050282787829748855,0.055457102266250065
2023-03-24,0.03444451111647285,0.05098830386778799,0.05390215422518354,0.030713732805353756,0.048744238917641895,0.05098313266961545,0.029891048097299266,0.0494276871927074,0.055457102266250065
2023-03-27,0.03444451111647285,0.05098830386778799,0.05390215422518354,0.030713732805353756,0.048744238917641895,0.05098313266961545,0.029891048097299266,0.0494276871927074,0.055457102266250065
2023-03-28,0.03444451111647285,0.05098830386778799,0.05390215422518354,0.030713732805353756,0.048744238917641895,0.05098313266961545,0.029891048097299266,0.0494276871927074,0.055457102266250065
2023-03-29,0.03444451111647285,0.05098830386778799,0.05390215422518354,0.030713732805353756,0.048744238917641895,0.05098313266961545,0.029891048097299266,0.0494276871927074,0.055457102266250065
2023-03-30,0.03444451111647285,0.05098830386778799,0.05390215422518354,0.030713732805353756,0.048744238917641895,0.05098313266961545,0.029891048097299266,0.0494276871927074,0.055457102266250065
2023-03-31,0.03444451111647285,0.05098830386778799,0.05390215422518354,0.030713732805353756,0.048744238917641895,0.05098313266961545,0.029891048097299266,0.0494276871927074,0.055457102266250065
2023-04-03,0.03444451111647285,0.05098830386778799,0.05390215422518354,0.030713732805353756,0.048744238917641895,0.05098313266961545,0.029891048097299266,0.0494276871927074,0.055457102266250065
2023-04-04,0.03444451111647285,0.05098830386778799,0.05390215422518354,0.030713732805353756,0.048744238917641895,0.05098313266961545,0.029891048097299266,0.0494276871927074,0.055457102266250065
2023-04-05,0.03444451111647285,0.05098830386778799,0.05390215422518354,0.030713732805353756,0.048744238917641895,0.05098313266961545,0.029891048097299266,0.0494276871927074,0.055457102266250065
2023-04-06,0.03444451111647285,0.05098830386778799,0.05390215422518354,0.030713732805353756,0.048744238917641895,0.05098313266961545,0.029891048097299266,0.0494276871927074,0.055457102266250065
2023-04-10,0.03444451111647285,0.05098830386778799,0.05390215422518354,0.030713732805353756,0.048744238917641895,0.05098313266961545,0.029891048097299266,0.0494276871927074,0.055457102266250065
2023-04-11,0.03444451111647285,0.05098830386778799,0.05390215422518354,0.030713732805353756,0.048744238917641895,0.05098313266961545,0.029891048097299266,0.0494276871927074,0.055457102266250065
2023-04-12,0.03444451111647285,0.05098830386778799,0.05390215422518354,0.030713732805353756,0.048744238917641895,0.05098313266961545,0.029891048097299266,0.0494276871927074,0.055457102266250065
2023-04-13,0.03444451111647285,0.05098830386778799,0.05390215422518354,0.030713732805353756,0.048744238917641895,0.05098313266961545,0.02915334796960611,0.0494276871927074,0.055457102266250065
2023-04-14,0.03444451111647285,0.05098830386778799,0.05390215422518354,0.030713732805353756,0.048744238917641895,0.05098313266961545,0.02915334796960611,0.0494276871927074,0.055457102266250065
2023-04-17,0.03444451111647285,0.05098830386778799,0.05390215422518354,0.030713732805353756,0.048744238917641895,0.05098313266961545,0.02915334796960611,0.0494276871927074,0.055457102266250065
2023-04-18,0.03444451111647285,0.05098830386778799,0.05390215422518354,0.030713732805353756,0.048744238917641895,0.05098313266961545,0.02915334796960611,0.0494276871927074,0.055457102266250065
2023-04-19,0.03444451111647285,0.05098830386778799,0.05390215422518354,0.030713732805353756,0.048744238917641895,0.05098313266961545,0.02915334796960611,0.0494276871927074,0.055457102266250065
2023-04-20,0.03444451111647285,0.05098830386778799,0.05390215422518354,0.030713732805353756,0.048744238917641895,0.05098313266961545,0.02915334796960611,0.0494276871927074,0.055457102266250065
2023-04-21,0.03444451111647285,0.05098830386778799,0.05390215422518354,0.030713732805353756,0.048744238917641895,0.05098313266961545,0.02915334796960611,0.0494276871927074,0.055457102266250065
2023-04-24,0.03444451111647285,0.05098830386778799,0.05390215422518354,0.030713732805353756,0.048744238917641895,0.05098313266961545,0.02915334796960611,0.0494276871927074,0.055457102266250065
2023-04-25,0.033851364537725394,0.05098830386778799,0.05390215422518354,0.030713732805353756,0.048744238917641895,0.05098313266961545,0.029070648968162596,0.0494276871927074,0.055457102266250065
2023-04-26,0.033851364537725394,0.05098830386778799,0.05390215422518354,0.030713732805353756,0.048744238917641895,0.05098313266961545,0.029070648968162596,0.0494276871927074,0.055457102266250065
2023-04-27,0.033851364537725394,0.05098830386778799,0.05390215422518354,0.030713732805353756,0.048744238917641895,0.05098313266961545,0.029070648968162596,0.0494276871927074,0.055457102266250065
2023-04-28,0.0332135622244382,0.05098830386778799,0.05390215422518354,0.030713732805353756,0.048744238917641895,0.05098313266961545,0.029070648968162596,0.0494276871927074,0.055457102266250065
2023-05-01,0.0332135622244382,0.05098830386778799,0.05390215422518354,0.030713732805353756,0.048744238917641895,0.05098313266961545,0.029070648968162596,0.0494276871927074,0.055457102266250065
2023-05-02,0.0332135622244382,0.05098830386778799,0.05390215422518354,0.030713732805353756,0.048744238917641895,0.05098313266961545,0.029070648968162596,0.0494276871927074,0.055457102266250065
2023-05-03,0.0332135622244382,0.05098830386778799,0.05390215422518354,0.030713732805353756,0.048744238917641895,0.05098313266961545,0.029070648968162596,0.0494276871927074,0.055457102266250065
2023-05-04,0.032672443459893,0.04961300852018465,0.051241692578243,0.030713732805353756,0.048744238917641895,0.05098313266961545,0.029070648968162596,0.0494276871927074,0.055457102266250065
2023-05-05,0.032672443459893,0.04961300852018465,0.051241692578243,0.030713732805353756,0.048744238917641895,0.05098313266961545,0.029070648968162596,0.0494276871927074,0.055457102266250065
2023-05-08,0.031907761816822866,0.0488275060847494,0.051241692578243,0.030713732805353756,0.048744238917641895,0.05098313266961545,0.029070648968162596,0.0494276871927074,0.055457102266250065
2023-05-09,0.031907761816822866,0.0488275060847494,0.051241692578243,0.030713732805353756,0.048744238917641895,0.05098313266961545,0.029070648968162596,0.0494276871927074,0.055457102266250065
2023-05-10,0.0316760303078195,0.0488275060847494,0.051241692578243,0.030713732805353756,0.048744238917641895,0.05098313266961545,0.029070648968162596,0.0494276871927074,0.055457102266250065
2023-05-11,0.0316760303078195,0.0488275060847494,0.051241692578243,0.030713732805353756,0.048744238917641895,0.05098313266961545,0.029070648968162596,0.0494276871927074,0.055457102266250065
2023-05-12,0.0316760303078195,0.0488275060847494,0.051241692578243,0.030713732805353756,0.048744238917641895,0.05098313266961545,0.029070648968162596,0.0494276871927074,0.055457102266250065
2023-05-15,0.0316760303078195,0.0488275060847494,0.051241692578243,0.030713732805353756,0.048744238917641895,0.05098313266961545,0.029070648968162596,0.0494276871927074,0.055457102266250065
2023-05-16,0.0316760303078195,0.0488275060847494,0.051241692578243,0.030713732805353756,0.048744238917641895,0.05098313266961545,0.029070648968162596,0.0494276871927074,0.055457102266250065
2023-05-17,0.031211506525646728,0.04595713702449791,0.0496441738694686,0.030713732805353756,0.048744238917641895,0.05098313266961545,0.029070648968162596,0.0494276871927074,0.055457102266250065
2023-05-18,0.031211506525646728,0.04595713702449791,0.0496441738694686,0.030713732805353756,0.048744238917641895,0.05098313266961545,0.029070648968162596,0.0494276871927074,0.055457102266250065
2023-05-19,0.031211506525646728,0.04595713702449791,0.0496441738694686,0.030713732805353756,0.048744238917641895,0.05098313266961545,0.029070648968162596,0.0494276871927074,0.055457102266250065
2023-05-22,0.031211506525646728,0.04595713702449791,0.0496441738694686,0.030713732805353756,0.048744238917641895,0.05098313266961545,0.029070648968162596,0.0494276871927074,0.055457102266250065
2023-05-23,0.031211506525646728,0.04595713702449791,0.0496441738694686,0.030713732805353756,0.048744238917641895,0.05098313266961545,0.029070648968162596,0.0494276871927074,0.055457102266250065
2023-05-24,0.031211506525646728,0.04595713702449791,0.0496441738694686,0.030713732805353756,0.048744238917641895,0.05098313266961545,0.029070648968162596,0.0494276871927074,0.055457102266250065
2023-05-25,0.031211506525646728,0.04595713702449791,0.0496441738694686,0.030713732805353756,0.048744238917641895,0.05098313266961545,0.029070648968162596,0.0494276871927074,0.055457102266250065
2023-05-26,0.031211506525646728,0.04595713702449791,0.0496441738694686,0.030713732805353756,0.048744238917641895,0.05098313266961545,0.029070648968162596,0.0494276871927074,0.055457102266250065
2023-05-30,0.031211506525646728,0.04595713702449791,0.0496441738694686,0.030713732805353756,0.048744238917641895,0.05098313266961545,0.029070648968162596,0.0494276871927074,0.055457102266250065
2023-05-31,0.031211506525646728,0.04595713702449791,0.0496441738694686,0.030713732805353756,0.048744238917641895,0.05098313266961545,0.029070648968162596,0.0494276871927074,0.055457102266250065
2023-06-01,0.031211506525646728,0.04595713702449791,0.0496441738694686,0.030713732805353756,0.048744238917641895,0.05098313266961545,0.029070648968162596,0.0494276871927074,0.055457102266250065
2023-06-02,0.03110552274488074,0.04595713702449791,0.0496441738694686,0.030713732805353756,0.048744238917641895,0.05098313266961545,0.029070648968162596,0.0494276871927074,0.055457102266250065
2023-06-05,0.03110552274488074,0.04595713702449791,0.0496441738694686,0.030713732805353756,0.048744238917641895,0.05098313266961545,0.028720547165718667,0.04805286552821366,0.052308066187775885
2023-06-06,0.03110552274488074,0.04595713702449791,0.0496441738694686,0.030713732805353756,0.048744238917641895,0.05098313266961545,0.028720547165718667,0.04805286552821366,0.052308066187775885
2023-06-07,0.03110552274488074,0.04595713702449791,0.0496441738694686,0.030713732805353756,0.048744238917641895,0.05098313266961545,0.028720547165718667,0.04805286552821366,0.052308066187775885
2023-06-08,0.03110552274488074,0.04595713702449791,0.0496441738694686,0.030713732805353756,0.048744238917641895,0.05098313266961545,0.028720547165718667,0.04805286552821366,0.052308066187775885
2023-06-09,0.029015745895267696,0.04595713702449791,0.0496441738694686,0.030713732805353756,0.048744238917641895,0.05098313266961545,0.028720547165718667,0.04805286552821366,0.052308066187775885
2023-06-12,0.027181757079199828,0.04214981779517283,0.04654232039093636,0.030713732805353756,0.048744238917641895,0.05098313266961545,0.028720547165718667,0.04805286552821366,0.052308066187775885
2023-06-13,0.027181757079199828,0.04214981779517283,0.04654232039093636,0.030713732805353756,0.048744238917641895,0.05098313266961545,0.028720547165718667,0.04805286552821366,0.052308066187775885
2023-06-14,0.027181757079199828,0.04214981779517283,0.04654232039093636,0.030713732805353756,0.048744238917641895,0.05098313266961545,0.028720547165718667,0.04805286552821366,0.052308066187775885
2023-06-15,0.0268339059904774,0.039836605643845314,0.04654232039093636,0.030713732805353756,0.048744238917641895,0.05098313266961545,0.028720547165718667,0.04805286552821366,0.052308066187775885
2023-06-16,0.0268339059904774,0.039836605643845314,0.04654232039093636,0.030713732805353756,0.048744238917641895,0.05098313266961545,0.028720547165718667,0.04805286552821366,0.052308066187775885
2023-06-20,0.0268339059904774,0.039836605643845314,0.04654232039093636,0.030713732805353756,0.048744238917641895,0.05098313266961545,0.028720547165718667,0.04805286552821366,0.052308066187775885
2023-06-21,0.0268339059904774,0.039836605643845314,0.04654232039093636,0.030713732805353756,0.048744238917641895,0.05098313266961545,0.028294174903794895,0.04805286552821366,0.052308066187775885
2023-06-22,0.0268339059904774,0.039836605643845314,0.04654232039093636,0.030713732805353756,0.048744238917641895,0.05098313266961545,0.028294174903794895,0.04805286552821366,0.052308066187775885
2023-06-23,0.0268339059904774,0.039836605643845314,0.04654232039093636,0.030713732805353756,0.048744238917641895,0.05098313266961545,0.028294174903794895,0.04805286552821366,0.052308066187775885
2023-06-26,0.0268339059904774,0.039836605643845314,0.04654232039093636,0.030713732805353756,0.048744238917641895,0.05098313266961545,0.028294174903794895,0.04805286552821366,0.052308066187775885
2023-06-27,0.02601412733182517,0.039836605643845314,0.04654232039093636,0.030713732805353756,0.048744238917641895,0.05098313266961545,0.028294174903794895,0.04805286552821366,0.052308066187775885
2023-06-28,0.02601412733182517,0.039836605643845314,0.04654232039093636,0.030713732805353756,0.048744238917641895,0.05098313266961545,0.028294174903794895,0.04805286552821366,0.052308066187775885
2023-06-29,0.02601412733182517,0.039836605643845314,0.04654232039093636,0.030713732805353756,0.048744238917641895,0.05098313266961545,0.028294174903794895,0.04805286552821366,0.052308066187775885
2023-06-30,0.02601412733182517,0.039836605643845314,0.04654232039093636,0.030713732805353756,0.048744238917641895,0.05098313266961545,0.028294174903794895,0.04805286552821366,0.052308066187775885
2023-07-03,0.02601412733182517,0.039836605643845314,0.04654232039093636,0.030713732805353756,0.048744238917641895,0.05098313266961545,0.028294174903794895,0.04805286552821366,0.052308066187775885
2023-07-05,0.02601412733182517,0.039836605643845314,0.04654232039093636,0.030713732805353756,0.048744238917641895,0.05098313266961545,0.028294174903794895,0.04805286552821366,0.052308066187775885
2023-07-06,0.02601412733182517,0.039836605643845314,0.04654232039093636,0.030713732805353756,0.048744238917641895,0.05098313266961545,0.028294174903794895,0.04805286552821366,0.052308066187775885
2023-07-07,0.02601412733182517,0.039836605643845314,0.04654232039093636,0.030713732805353756,0.048744238917641895,0.05098313266961545,0.028294174903794895,0.04805286552821366,0.052308066187775885
2023-07-10,0.025921750672906457,0.039836605643845314,0.04654232039093636,0.030713732805353756,0.048744238917641895,0.05098313266961545,0.028294174903794895,0.04805286552821366,0.052308066187775885
2023-07-11,0.025921750672906457,0.039836605643845314,0.04654232039093636,0.030713732805353756,0.048744238917641895,0.05098313266961545,0.028294174903794895,0.04805286552821366,0.052308066187775885
2023-07-12,0.025921750672906457,0.039836605643845314,0.04654232039093636,0.030713732805353756,0.048744238917641895,0.05098313266961545,0.028294174903794895,0.04805286552821366,0.052308066187775885
2023-07-13,0.025921750672906457,0.039836605643845314,0.04654232039093636,0.030713732805353756,0.048744238917641895,0.05098313266961545,0.028294174903794895,0.04805286552821366,0.052308066187775885
2023-07-14,0.025921750672906457,0.039836605643845314,0.04654232039093636,0.030713732805353756,0.048744238917641895,0.05098313266961545,0.028294174903794895,0.04805286552821366,0.052308066187775885
2023-07-17,0.025921750672906457,0.039836605643845314,0.04654232039093636,0.030713732805353756,0.048744238917641895,0.05098313266961545,0.028294174903794895,0.04805286552821366,0.052308066187775885
2023-07-18,0.025921750672906457,0.039836605643845314,0.04654232039093636,0.030713732805353756,0.048744238917641895,0.05098313266961545,0.02820570379914069,0.04805286552821366,0.052308066187775885
2023-07-19,0.025921750672906457,0.039836605643845314,0.04654232039093636,0.030713732805353756,0.048744238917641895,0.05098313266961545,0.02820570379914069,0.04805286552821366,0.052308066187775885
2023-07-20,0.025921750672906457,0.039836605643845314,0.04654232039093636,0.030713732805353756,0.048744238917641895,0.05098313266961545,0.02820570379914069,0.04805286552821366,0.052308066187775885
2023-07-21,0.025921750672906457,0.039836605643845314,0.04654232039093636,0.030713732805353756,0.048744238917641895,0.05098313266961545,0.02820570379914069,0.04805286552821366,0.052308066187775885
2023-07-24,0.025921750672906457,0.039836605643845314,0.04654232039093636,0.030713732805353756,0.048744238917641895,0.05098313266961545,0.02820570379914069,0.04805286552821366,0.052308066187775885
2023-07-25,0.025921750672906457,0.039836605643845314,0.04654232039093636,0.030713732805353756,0.048744238917641895,0.05098313266961545,0.02820570379914069,0.04805286552821366,0.052308066187775885
2023-07-26,0.025921750672906457,0.039836605643845314,0.04654232039093636,0.030713732805353756,0.048744238917641895,0.05098313266961545,0.02820570379914069,0.04805286552821366,0.052308066187775885
2023-07-27,0.025921750672906457,0.039836605643845314,0.04654232039093636,0.030713732805353756,0.048744238917641895,0.05098313266961545,0.02820570379914069,0.04805286552821366,0.052308066187775885
2023-07-28,0.025921750672906457,0.039836605643845314,0.04654232039093636,0.030713732805353756,0.048744238917641895,0.05098313266961545,0.02820570379914069,0.04805286552821366,0.052308066187775885
2023-07-31,0.025921750672906457,0.039836605643845314,0.04654232039093636,0.030713732805353756,0.048744238917641895,0.05098313266961545,0.02820570379914069,0.04805286552821366,0.052308066187775885
2023-08-01,0.025921750672906457,0.039836605643845314,0.04654232039093636,0.030713732805353756,0.048744238917641895,0.05098313266961545,0.02820570379914069,0.04805286552821366,0.052308066187775885
2023-08-02,0.025921750672906457,0.039836605643845314,0.04654232039093636,0.030713732805353756,0.048744238917641895,0.05098313266961545,0.02820570379914069,0.04805286552821366,0.052308066187775885
2023-08-03,0.025921750672906457,0.039836605643845314,0.04654232039093636,0.030713732805353756,0.048744238917641895,0.05098313266961545,0.02820570379914069,0.04805286552821366,0.052308066187775885
2023-08-04,0.025921750672906457,0.039836605643845314,0.04654232039093636,0.030713732805353756,0.048744238917641895,0.05098313266961545,0.02820570379914069,0.04805286552821366,0.052308066187775885
2023-08-07,0.025921750672906457,0.039836605643845314,0.04654232039093636,0.030713732805353756,0.048744238917641895,0.05098313266961545,0.02820570379914069,0.04805286552821366,0.052308066187775885
2023-08-08,0.025921750672906457,0.039836605643845314,0.04654232039093636,0.030713732805353756,0.048744238917641895,0.05098313266961545,0.02820570379914069,0.04805286552821366,0.052308066187775885
2023-08-09,0.025921750672906457,0.039836605643845314,0.04654232039093636,0.030713732805353756,0.048744238917641895,0.05098313266961545,0.02820570379914069,0.04805286552821366,0.052308066187775885
2023-08-10,0.025921750672906457,0.039836605643845314,0.04654232039093636,0.030713732805353756,0.048744238917641895,0.05098313266961545,0.02820570379914069,0.04805286552821366,0.052308066187775885
2023-08-11,0.025921750672906457,0.039836605643845314,0.04654232039093636,0.030713732805353756,0.048744238917641895,0.05098313266961545,0.02820570379914069,0.04805286552821366,0.052308066187775885
2023-08-14,0.025921750672906457,0.039836605643845314,0.04654232039093636,0.030713732805353756,0.048744238917641895,0.05098313266961545,0.02820570379914069,0.04805286552821366,0.052308066187775885
2023-08-15,0.025921750672906457,0.039836605643845314,0.04654232039093636,0.030713732805353756,0.048744238917641895,0.05098313266961545,0.02820570379914069,0.04805286552821366,0.052308066187775885
2023-08-16,0.025921750672906457,0.039836605643845314,0.04654232039093636,0.030713732805353756,0.048744238917641895,0.05098313266961545,0.02820570379914069,0.04805286552821366,0.052308066187775885
2023-08-17,0.025921750672906457,0.039836605643845314,0.04654232039093636,0.030713732805353756,0.048744238917641895,0.05098313266961545,0.02820570379914069,0.04805286552821366,0.052308066187775885
2023-08-18,0.025921750672906457,0.039836605643845314,0.04654232039093636,0.030713732805353756,0.048744238917641895,0.05098313266961545,0.02820570379914069,0.04805286552821366,0.052308066187775885
2023-08-21,0.025051823246786765,0.039836605643845314,0.04654232039093636,0.030713732805353756,0.048744238917641895,0.05098313266961545,0.02820570379914069,0.04805286552821366,0.052308066187775885
2023-08-22,0.025051823246786765,0.039836605643845314,0.04654232039093636,0.030713732805353756,0.048744238917641895,0.05098313266961545,0.02820570379914069,0.04805286552821366,0.052308066187775885
2023-08-23,0.025051823246786765,0.039836605643845314,0.04654232039093636,0.030713732805353756,0.048744238917641895,0.05098313266961545,0.02820570379914069,0.04805286552821366,0.052308066187775885
2023-08-24,0.025051823246786765,0.039836605643845314,0.04654232039093636,0.030713732805353756,0.048744238917641895,0.05098313266961545,0.02820570379914069,0.04805286552821366,0.052308066187775885
2023-08-25,0.024794114144166737,0.03453986041574997,0.04228780293236836,0.030713732805353756,0.048744238917641895,0.05098313266961545,0.02820570379914069,0.04805286552821366,0.052308066187775885
2023-08-28,0.024794114144166737,0.03453986041574997,0.04228780293236836,0.030713732805353756,0.048744238917641895,0.05098313266961545,0.02820570379914069,0.04805286552821366,0.052308066187775885
2023-08-29,0.024794114144166737,0.03453986041574997,0.04228780293236836,0.030713732805353756,0.048744238917641895,0.05098313266961545,0.028120805754049055,0.04723970168772019,0.0507245727609879
2023-08-30,0.024794114144166737,0.03453986041574997,0.04228780293236836,0.030713732805353756,0.048744238917641895,0.05098313266961545,0.028120805754049055,0.04723970168772019,0.0507245727609879
2023-08-31,0.024794114144166737,0.03453986041574997,0.04228780293236836,0.030713732805353756,0.048744238917641895,0.05098313266961545,0.02801223698329904,0.04625680670559321,0.05019012716601023
2023-09-01,0.024794114144166737,0.03453986041574997,0.04228780293236836,0.030713732805353756,0.048744238917641895,0.05098313266961545,0.02801223698329904,0.04625680670559321,0.05019012716601023
2023-09-05,0.024794114144166737,0.03453986041574997,0.04228780293236836,0.030713732805353756,0.048744238917641895,0.05098313266961545,0.02801223698329904,0.04625680670559321,0.05019012716601023
2023-09-06,0.024794114144166737,0.03453986041574997,0.04228780293236836,0.030713732805353756,0.048744238917641895,0.05098313266961545,0.02801223698329904,0.04625680670559321,0.05019012716601023
2023-09-07,0.024794114144166737,0.03453986041574997,0.04228780293236836,0.030713732805353756,0.048744238917641895,0.05098313266961545,0.02801223698329904,0.04625680670559321,0.05019012716601023
2023-09-08,0.024794114144166737,0.03453986041574997,0.04228780293236836,0.030713732805353756,0.048744238917641895,0.05098313266961545,0.02801223698329904,0.04625680670559321,0.05019012716601023
2023-09-11,0.024794114144166737,0.03453986041574997,0.04228780293236836,0.030713732805353756,0.048744238917641895,0.05098313266961545,0.02801223698329904,0.04625680670559321,0.05019012716601023
2023-09-12,0.02439115908526096,0.033808136602216196,0.034636986872355384,0.030713732805353756,0.048744238917641895,0.05098313266961545,0.02801223698329904,0.04625680670559321,0.05019012716601023
2023-09-13,0.02439115908526096,0.033808136602216196,0.034636986872355384,0.030713732805353756,0.048744238917641895,0.05098313266961545,0.02801223698329904,0.04625680670559321,0.05019012716601023
2023-09-14,0.02439115908526096,0.033808136602216196,0.034636986872355384,0.030713732805353756,0.048744238917641895,0.05098313266961545,0.02801223698329904,0.04625680670559321,0.05019012716601023
2023-09-15,0.02439115908526096,0.033808136602216196,0.034636986872355384,0.030713732805353756,0.048744238917641895,0.05098313266961545,0.02801223698329904,0.04625680670559321,0.05019012716601023
2023-09-18,0.02439115908526096,0.033808136602216196,0.034636986872355384,0.030713732805353756,0.048744238917641895,0.05098313266961545,0.02760464785969709,0.04625680670559321,0.05019012716601023
2023-09-19,0.02439115908526096,0.033808136602216196,0.034636986872355384,0.030713732805353756,0.048744238917641895,0.05098313266961545,0.02760464785969709,0.04625680670559321,0.05019012716601023
2023-09-20,0.02439115908526096,0.033808136602216196,0.034636986872355384,0.030713732805353756,0.048744238917641895,0.05098313266961545,0.02760464785969709,0.04625680670559321,0.05019012716601023
2023-09-21,0.02439115908526096,0.033808136602216196,0.034636986872355384,0.030713732805353756,0.048744238917641895,0.05098313266961545,0.02760464785969709,0.04625680670559321,0.05019012716601023
2023-09-22,0.02439115908526096,0.033808136602216196,0.034636986872355384,0.030713732805353756,0.048744238917641895,0.05098313266961545,0.02760464785969709,0.04625680670559321,0.05019012716601023
2023-09-25,0.02439115908526096,0.033808136602216196,0.034636986872355384,0.030713732805353756,0.048744238917641895,0.05098313266961545,0.02760464785969709,0.04625680670559321,0.05019012716601023
2023-09-26,0.02439115908526096,0.033808136602216196,0.034636986872355384,0.030713732805353756,0.048744238917641895,0.05098313266961545,0.02760464785969709,0.04625680670559321,0.05019012716601023
2023-09-27,0.02439115908526096,0.033808136602216196,0.034636986872355384,0.030713732805353756,0.048744238917641895,0.05098313266961545,0.02760464785969709,0.04625680670559321,0.05019012716601023
2023-09-28,0.023312831060633237,0.033808136602216196,0.034636986872355384,0.030713732805353756,0.048744238917641895,0.05098313266961545,0.02760464785969709,0.04625680670559321,0.05019012716601023
2023-09-29,0.023312831060633237,0.033808136602216196,0.034636986872355384,0.030713732805353756,0.048744238917641895,0.05098313266961545,0.02760464785969709,0.04625680670559321,0.05019012716601023
2023-10-02,0.023312831060633237,0.033808136602216196,0.034636986872355384,0.030713732805353756,0.048744238917641895,0.05098313266961545,0.02760464785969709,0.04625680670559321,0.05019012716601023
2023-10-03,0.023312831060633237,0.033808136602216196,0.034636986872355384,0.030713732805353756,0.048744238917641895,0.05098313266961545,0.02760464785969709,0.04625680670559321,0.05019012716601023
2023-10-04,0.023312831060633237,0.033808136602216196,0.034636986872355384,0.030713732805353756,0.048744238917641895,0.05098313266961545,0.02760464785969709,0.04625680670559321,0.05019012716601023
2023-10-05,0.023312831060633237,0.033808136602216196,0.034636986872355384,0.030713732805353756,0.048744238917641895,0.05098313266961545,0.02760464785969709,0.04625680670559321,0.05019012716601023
2023-10-06,0.022287004927898202,0.03320970282887948,0.034072907707210096,0.030713732805353756,0.048744238917641895,0.05098313266961545,0.02760464785969709,0.04625680670559321,0.05019012716601023
2023-10-09,0.022287004927898202,0.03320970282887948,0.034072907707210096,0.030713732805353756,0.048744238917641895,0.05098313266961545,0.02760464785969709,0.04625680670559321,0.05019012716601023
2023-10-10,0.022287004927898202,0.03320970282887948,0.034072907707210096,0.030713732805353756,0.048744238917641895,0.05098313266961545,0.02760464785969709,0.04625680670559321,0.05019012716601023
2023-10-11,0.022287004927898202,0.03320970282887948,0.034072907707210096,0.030713732805353756,0.048744238917641895,0.05098313266961545,0.02760464785969709,0.04625680670559321,0.05019012716601023
2023-10-12,0.022287004927898202,0.03320970282887948,0.034072907707210096,0.030713732805353756,0.048744238917641895,0.05098313266961545,0.02760464785969709,0.04625680670559321,0.05019012716601023
2023-10-13,0.022071748568026902,0.03320970282887948,0.034072907707210096,0.030713732805353756,0.048744238917641895,0.05098313266961545,0.02760464785969709,0.04625680670559321,0.05019012716601023
2023-10-16,0.022071748568026902,0.03320970282887948,0.034072907707210096,0.030713732805353756,0.048744238917641895,0.05098313266961545,0.02760464785969709,0.04625680670559321,0.05019012716601023
2023-10-17,0.022071748568026902,0.03320970282887948,0.034072907707210096,0.030713732805353756,0.048744238917641895,0.05098313266961545,0.02760464785969709,0.04625680670559321,0.05019012716601023
2023-10-18,0.022071748568026902,0.03320970282887948,0.034072907707210096,0.030713732805353756,0.048744238917641895,0.05098313266961545,0.02760464785969709,0.04625680670559321,0.05019012716601023
2023-10-19,0.022071748568026902,0.03320970282887948,0.034072907707210096,0.030713732805353756,0.048744238917641895,0.05098313266961545,0.02760464785969709,0.04625680670559321,0.05019012716601023
2023-10-20,0.022071748568026902,0.03320970282887948,0.034072907707210096,0.030713732805353756,0.048744238917641895,0.05098313266961545,0.02760464785969709,0.04625680670559321,0.05019012716601023
2023-10-23,0.022071748568026902,0.03320970282887948,0.034072907707210096,0.030713732805353756,0.048744238917641895,0.05098313266961545,0.027239074300517786,0.0450509013175416,0.05019012716601023
2023-10-24,0.022071748568026902,0.03320970282887948,0.034072907707210096,0.030713732805353756,0.048744238917641895,0.05098313266961545,0.027239074300517786,0.0450509013175416,0.05019012716601023
2023-10-25,0.022071748568026902,0.03183105577566397,0.03323334162667664,0.030713732805353756,0.048744238917641895,0.05098313266961545,0.027239074300517786,0.0450509013175416,0.05019012716601023
2023-10-26,0.022071748568026902,0.03183105577566397,0.03323334162667664,0.030713732805353756,0.048744238917641895,0.05098313266961545,0.027239074300517786,0.0450509013175416,0.05019012716601023
2023-10-27,0.022071748568026902,0.03183105577566397,0.03323334162667664,0.030713732805353756,0.048744238917641895,0.05098313266961545,0.027239074300517786,0.0450509013175416,0.05019012716601023
2023-10-30,0.022071748568026902,0.03183105577566397,0.03323334162667664,0.030713732805353756,0.048744238917641895,0.05098313266961545,0.027239074300517786,0.0450509013175416,0.05019012716601023
2023-10-31,0.022071748568026902,0.03183105577566397,0.03323334162667664,0.030713732805353756,0.048744238917641895,0.05098313266961545,0.027239074300517786,0.0450509013175416,0.05019012716601023
2023-11-01,0.020981851671477564,0.02888849191542648,0.03249577565558488,0.030713732805353756,0.048744238917641895,0.05098313266961545,0.027239074300517786,0.0450509013175416,0.05019012716601023
2023-11-02,0.020981851671477564,0.02888849191542648,0.03249577565558488,0.030713732805353756,0.048744238917641895,0.05098313266961545,0.027239074300517786,0.0450509013175416,0.05019012716601023
2023-11-03,0.020981851671477564,0.02888849191542648,0.03249577565558488,0.030713732805353756,0.048744238917641895,0.05098313266961545,0.027239074300517786,0.0450509013175416,0.05019012716601023
2023-11-06,0.020981851671477564,0.02888849191542648,0.03249577565558488,0.030713732805353756,0.048744238917641895,0.05098313266961545,0.027239074300517786,0.0450509013175416,0.05019012716601023
2023-11-07,0.020981851671477564,0.02888849191542648,0.03249577565558488,0.030713732805353756,0.048744238917641895,0.05098313266961545,0.027239074300517786,0.0450509013175416,0.05019012716601023
2023-11-08,0.019532059266720813,0.026240288349728327,0.03171634502905727,0.030713732805353756,0.048744238917641895,0.05098313266961545,0.027239074300517786,0.0450509013175416,0.05019012716601023
2023-11-09,0.019532059266720813,0.026240288349728327,0.03171634502905727,0.030713732805353756,0.048744238917641895,0.05098313266961545,0.027239074300517786,0.0450509013175416,0.05019012716601023
2023-11-10,0.019532059266720813,0.026240288349728327,0.03171634502905727,0.030713732805353756,0.048744238917641895,0.05098313266961545,0.027239074300517786,0.0450509013175416,0.05019012716601023
2023-11-13,0.019532059266720813,0.026240288349728327,0.03171634502905727,0.030713732805353756,0.048744238917641895,0.05098313266961545,0.027239074300517786,0.0450509013175416,0.05019012716601023
2023-11-14,0.019532059266720813,0.026240288349728327,0.03171634502905727,0.030713732805353756,0.048744238917641895,0.05098313266961545,0.027239074300517786,0.0450509013175416,0.05019012716601023
2023-11-15,0.019532059266720813,0.026240288349728327,0.03171634502905727,0.030713732805353756,0.048744238917641895,0.05098313266961545,0.027239074300517786,0.0450509013175416,0.05019012716601023
2023-11-16,0.019532059266720813,0.026240288349728327,0.03171634502905727,0.030713732805353756,0.048744238917641895,0.05098313266961545,0.027239074300517786,0.0450509013175416,0.05019012716601023
2023-11-17,0.019532059266720813,0.026240288349728327,0.03171634502905727,0.030713732805353756,0.048744238917641895,0.05098313266961545,0.027239074300517786,0.0450509013175416,0.05019012716601023
2023-11-20,0.019532059266720813,0.026240288349728327,0.03171634502905727,0.030713732805353756,0.048744238917641895,0.05098313266961545,0.027239074300517786,0.0450509013175416,0.05019012716601023
2023-11-21,0.019532059266720813,0.026240288349728327,0.03171634502905727,0.030713732805353756,0.048744238917641895,0.05098313266961545,0.027239074300517786,0.0450509013175416,0.05019012716601023
2023-11-22,0.019532059266720813,0.026240288349728327,0.03171634502905727,0.030713732805353756,0.048744238917641895,0.05098313266961545,0.027239074300517786,0.0450509013175416,0.05019012716601023
2023-11-24,0.019532059266720813,0.026240288349728327,0.03171634502905727,0.030713732805353756,0.048744238917641895,0.05098313266961545,0.027239074300517786,0.0450509013175416,0.05019012716601023
2023-11-27,0.019532059266720813,0.026240288349728327,0.03171634502905727,0.030713732805353756,0.048744238917641895,0.05098313266961545,0.027239074300517786,0.0450509013175416,0.05019012716601023
2023-11-28,0.019532059266720813,0.026240288349728327,0.03171634502905727,0.030713732805353756,0.048744238917641895,0.05098313266961545,0.027239074300517786,0.0450509013175416,0.05019012716601023
2023-11-29,0.019532059266720813,0.026240288349728327,0.03171634502905727,0.030713732805353756,0.048744238917641895,0.05098313266961545,0.027239074300517786,0.0450509013175416,0.05019012716601023
2023-11-30,0.019532059266720813,0.026240288349728327,0.03171634502905727,0.030713732805353756,0.048744238917641895,0.05098313266961545,0.027239074300517786,0.0450509013175416,0.05019012716601023
2023-12-01,0.019532059266720813,0.026240288349728327,0.03171634502905727,0.030713732805353756,0.048744238917641895,0.05098313266961545,0.027239074300517786,0.0450509013175416,0.05019012716601023
2023-12-04,0.01923274106337683,0.026240288349728327,0.03171634502905727,0.030713732805353756,0.048744238917641895,0.05098313266961545,0.027239074300517786,0.0450509013175416,0.05019012716601023
2023-12-05,0.018457047303098384,0.026240288349728327,0.03171634502905727,0.030713732805353756,0.048744238917641895,0.05098313266961545,0.027239074300517786,0.0450509013175416,0.05019012716601023
2023-12-06,0.018457047303098384,0.026240288349728327,0.03171634502905727,0.030713732805353756,0.048744238917641895,0.05098313266961545,0.027239074300517786,0.0450509013175416,0.05019012716601023
2023-12-07,0.018457047303098384,0.026240288349728327,0.03171634502905727,0.030713732805353756,0.048744238917641895,0.05098313266961545,0.027239074300517786,0.0450509013175416,0.05019012716601023
2023-12-08,0.018457047303098384,0.026240288349728327,0.03171634502905727,0.030713732805353756,0.048744238917641895,0.05098313266961545,0.027239074300517786,0.0450509013175416,0.05019012716601023
2023-12-11,0.018457047303098384,0.026240288349728327,0.03171634502905727,0.030713732805353756,0.048744238917641895,0.05098313266961545,0.027239074300517786,0.0450509013175416,0.05019012716601023
2023-12-12,0.018457047303098384,0.026240288349728327,0.03171634502905727,0.030713732805353756,0.048744238917641895,0.05098313266961545,0.027239074300517786,0.0450509013175416,0.05019012716601023
2023-12-13,0.018457047303098384,0.026240288349728327,0.03171634502905727,0.030713732805353756,0.048744238917641895,0.05098313266961545,0.027239074300517786,0.0450509013175416,0.05019012716601023
2023-12-14,0.018284955505265883,0.02504107801579303,0.026753146011089513,0.030713732805353756,0.048744238917641895,0.05098313266961545,0.027239074300517786,0.0450509013175416,0.05019012716601023
2023-12-15,0.018284955505265883,0.02504107801579303,0.026753146011089513,0.030713732805353756,0.048744238917641895,0.05098313266961545,0.027239074300517786,0.0450509013175416,0.05019012716601023
2023-12-18,0.018284955505265883,0.02504107801579303,0.026753146011089513,0.030713732805353756,0.048744238917641895,0.05098313266961545,0.027239074300517786,0.0450509013175416,0.05019012716601023
2023-12-19,0.018284955505265883,0.02504107801579303,0.026753146011089513,0.030713732805353756,0.048744238917641895,0.05098313266961545,0.027239074300517786,0.0450509013175416,0.05019012716601023
2023-12-20,0.018284955505265883,0.02504107801579303,0.026753146011089513,0.030713732805353756,0.048744238917641895,0.05098313266961545,0.027239074300517786,0.0450509013175416,0.05019012716601023
2023-12-21,0.018239826403027442,0.024508342743008022,0.025106892555629666,0.030713732805353756,0.048744238917641895,0.05098313266961545,0.027239074300517786,0.0450509013175416,0.05019012716601023
2023-12-22,0.018239826403027442,0.024508342743008022,0.025106892555629666,0.030713732805353756,0.048744238917641895,0.05098313266961545,0.027239074300517786,0.0450509013175416,0.05019012716601023
2023-12-26,0.01812743647818715,0.024080025197307835,0.02470620953181546,0.030713732805353756,0.048744238917641895,0.05098313266961545,0.027239074300517786,0.0450509013175416,0.05019012716601023
2023-12-27,0.01812743647818715,0.024080025197307835,0.02470620953181546,0.030713732805353756,0.048744238917641895,0.05098313266961545,0.027239074300517786,0.0450509013175416,0.05019012716601023
2023-12-28,0.01812743647818715,0.024080025197307835,0.02470620953181546,0.030713732805353756,0.048744238917641895,0.05098313266961545,0.027239074300517786,0.0450509013175416,0.05019012716601023
2023-12-29,0.01812743647818715,0.024080025197307835,0.02470620953181546,0.030713732805353756,0.048744238917641895,0.05098313266961545,0.027239074300517786,0.0450509013175416,0.05019012716601023
2024-01-02,0.01812743647818715,0.024080025197307835,0.02470620953181546,0.030713732805353756,0.048744238917641895,0.05098313266961545,0.027239074300517786,0.0450509013175416,0.05019012716601023
2024-01-03,0.01812743647818715,0.024080025197307835,0.02470620953181546,0.030459129144122354,0.048744238917641895,0.05098313266961545,0.027239074300517786,0.0450509013175416,0.05019012716601023
2024-01-04,0.017674342814071868,0.024080025197307835,0.02470620953181546,0.030459129144122354,0.048744238917641895,0.05098313266961545,0.027239074300517786,0.0450509013175416,0.05019012716601023
2024-01-05,0.017674342814071868,0.024080025197307835,0.02470620953181546,0.030459129144122354,0.048744238917641895,0.05098313266961545,0.027239074300517786,0.0450509013175416,0.05019012716601023
2024-01-08,0.017674342814071868,0.024080025197307835,0.02470620953181546,0.030459129144122354,0.048744238917641895,0.05098313266961545,0.027239074300517786,0.0450509013175416,0.05019012716601023
2024-01-09,0.017674342814071868,0.024080025197307835,0.02470620953181546,0.030459129144122354,0.048744238917641895,0.05098313266961545,0.027239074300517786,0.0450509013175416,0.05019012716601023
2024-01-10,0.017674342814071868,0.024080025197307835,0.02470620953181546,0.030459129144122354,0.048744238917641895,0.05098313266961545,0.027239074300517786,0.0450509013175416,0.05019012716601023
2024-01-11,0.017674342814071868,0.024080025197307835,0.02470620953181546,0.030459129144122354,0.048744238917641895,0.05098313266961545,0.027239074300517786,0.0450509013175416,0.05019012716601023
2024-01-12,0.017674342814071868,0.024080025197307835,0.02470620953181546,0.030459129144122354,0.048744238917641895,0.05098313266961545,0.027239074300517786,0.0450509013175416,0.05019012716601023
2024-01-16,0.017674342814071868,0.024080025197307835,0.02470620953181546,0.030459129144122354,0.048744238917641895,0.05098313266961545,0.027239074300517786,0.0450509013175416,0.05019012716601023
2024-01-17,0.017674342814071868,0.024080025197307835,0.02470620953181546,0.030459129144122354,0.048744238917641895,0.05098313266961545,0.027239074300517786,0.0450509013175416,0.05019012716601023
2024-01-18,0.017674342814071868,0.024080025197307835,0.02470620953181546,0.030459129144122354,0.048744238917641895,0.05098313266961545,0.027239074300517786,0.0450509013175416,0.05019012716601023
2024-01-19,0.017674342814071868,0.024080025197307835,0.02470620953181546,0.030459129144122354,0.048744238917641895,0.05098313266961545,0.027239074300517786,0.0450509013175416,0.05019012716601023
2024-01-22,0.017674342814071868,0.024080025197307835,0.02470620953181546,0.030459129144122354,0.048744238917641895,0.05098313266961545,0.027239074300517786,0.0450509013175416,0.05019012716601023
2024-01-23,0.017674342814071868,0.024080025197307835,0.02470620953181546,0.030459129144122354,0.048744238917641895,0.05098313266961545,0.027239074300517786,0.0450509013175416,0.05019012716601023
2024-01-24,0.017674342814071868,0.024080025197307835,0.02470620953181546,0.030459129144122354,0.048744238917641895,0.05098313266961545,0.027239074300517786,0.0450509013175416,0.05019012716601023
2024-01-25,0.017674342814071868,0.024080025197307835,0.02470620953181546,0.030459129144122354,0.048744238917641895,0.05098313266961545,0.027239074300517786,0.0450509013175416,0.05019012716601023
2024-01-26,0.017674342814071868,0.024080025197307835,0.02470620953181546,0.030459129144122354,0.048744238917641895,0.05098313266961545,0.027239074300517786,0.0450509013175416,0.05019012716601023
2024-01-29,0.01725898540954652,0.02382427769891154,0.024088240985888968,0.030459129144122354,0.048744238917641895,0.05098313266961545,0.027239074300517786,0.0450509013175416,0.05019012716601023
2024-01-30,0.01725898540954652,0.02382427769891154,0.024088240985888968,0.030459129144122354,0.048744238917641895,0.05098313266961545,0.027239074300517786,0.0450509013175416,0.05019012716601023
2024-01-31,0.017674342814071868,0.024080025197307835,0.02469835791465784,0.030459129144122354,0.048744238917641895,0.05098313266961545,0.027239074300517786,0.0450509013175416,0.05019012716601023
2024-02-01,0.017674342814071868,0.024080025197307835,0.02469835791465784,0.02912544734700782,0.048744238917641895,0.05098313266961545,0.027239074300517786,0.0450509013175416,0.05019012716601023
2024-02-02,0.017674342814071868,0.024080025197307835,0.02469835791465784,0.02912544734700782,0.048744238917641895,0.05098313266961545,0.027239074300517786,0.0450509013175416,0.05019012716601023
2024-02-05,0.017674342814071868,0.024080025197307835,0.02469835791465784,0.02912544734700782,0.048744238917641895,0.05098313266961545,0.027239074300517786,0.0450509013175416,0.05019012716601023
2024-02-06,0.017674342814071868,0.024080025197307835,0.02469835791465784,0.02912544734700782,0.048744238917641895,0.05098313266961545,0.027239074300517786,0.0450509013175416,0.05019012716601023
2024-02-07,0.017674342814071868,0.024080025197307835,0.02469835791465784,0.02912544734700782,0.048744238917641895,0.05098313266961545,0.027239074300517786,0.0450509013175416,0.05019012716601023
2024-02-08,0.017674342814071868,0.024080025197307835,0.02469835791465784,0.02912544734700782,0.048744238917641895,0.05098313266961545,0.027239074300517786,0.0450509013175416,0.05019012716601023
2024-02-09,0.017674342814071868,0.024080025197307835,0.02469835791465784,0.02816894458870025,0.048744238917641895,0.05098313266961545,0.027239074300517786,0.0450509013175416,0.05019012716601023
2024-02-12,0.017674342814071868,0.024080025197307835,0.02469835791465784,0.02816894458870025,0.048744238917641895,0.05098313266961545,0.027239074300517786,0.0450509013175416,0.05019012716601023
2024-02-13,0.017674342814071868,0.024080025197307835,0.02469835791465784,0.02816894458870025,0.048744238917641895,0.05098313266961545,0.027239074300517786,0.0450509013175416,0.05019012716601023
2024-02-14,0.017674342814071868,0.024080025197307835,0.02469835791465784,0.02816894458870025,0.048744238917641895,0.05098313266961545,0.027239074300517786,0.0450509013175416,0.05019012716601023
2024-02-15,0.01725898540954652,0.024080025197307835,0.02469835791465784,0.028119185339390004,0.048744238917641895,0.05098313266961545,0.027239074300517786,0.0450509013175416,0.05019012716601023
2024-02-16,0.01725898540954652,0.024080025197307835,0.02469835791465784,0.028119185339390004,0.048744238917641895,0.05098313266961545,0.027239074300517786,0.0450509013175416,0.05019012716601023
2024-02-20,0.017054144524483533,0.02382427769891154,0.024088240985888968,0.028119185339390004,0.048744238917641895,0.05098313266961545,0.027148843402392934,0.0450509013175416,0.05019012716601023
2024-02-21,0.017054144524483533,0.02382427769891154,0.024088240985888968,0.028119185339390004,0.048744238917641895,0.05098313266961545,0.027148843402392934,0.0450509013175416,0.05019012716601023
2024-02-22,0.017054144524483533,0.02382427769891154,0.024088240985888968,0.028119185339390004,0.048744238917641895,0.05098313266961545,0.027148843402392934,0.0450509013175416,0.05019012716601023
2024-02-23,0.017054144524483533,0.02382427769891154,0.024088240985888968,0.028119185339390004,0.048744238917641895,0.05098313266961545,0.027148843402392934,0.0450509013175416,0.05019012716601023
2024-02-26,0.017054144524483533,0.02382427769891154,0.024088240985888968,0.028119185339390004,0.048744238917641895,0.05098313266961545,0.027148843402392934,0.0450509013175416,0.05019012716601023
2024-02-27,0.017054144524483533,0.02382427769891154,0.024088240985888968,0.028119185339390004,0.048744238917641895,0.05098313266961545,0.027148843402392934,0.0450509013175416,0.05019012716601023
2024-02-28,0.017054144524483533,0.02382427769891154,0.024088240985888968,0.028119185339390004,0.048744238917641895,0.05098313266961545,0.027148843402392934,0.0450509013175416,0.05019012716601023
2024-02-29,0.017054144524483533,0.02382427769891154,0.024088240985888968,0.028119185339390004,0.048744238917641895,0.05098313266961545,0.026833905990477386,0.0450509013175416,0.05019012716601023
2024-03-01,0.017054144524483533,0.02382427769891154,0.024088240985888968,0.028119185339390004,0.048744238917641895,0.05098313266961545,0.026833905990477386,0.0450509013175416,0.05019012716601023
2024-03-04,0.017054144524483533,0.02382427769891154,0.024088240985888968,0.02730865465372433,0.048744238917641895,0.05098313266961545,0.026833905990477386,0.0450509013175416,0.05019012716601023
2024-03-05,0.017054144524483533,0.02382427769891154,0.024088240985888968,0.02730865465372433,0.048744238917641895,0.05098313266961545,0.026833905990477386,0.0450509013175416,0.05019012716601023
2024-03-06,0.017054144524483533,0.02382427769891154,0.024088240985888968,0.02730865465372433,0.048744238917641895,0.05098313266961545,0.026833905990477386,0.0450509013175416,0.05019012716601023
2024-03-07,0.01678280157535361,0.02382427769891154,0.024088240985888968,0.02730865465372433,0.048744238917641895,0.05098313266961545,0.026833905990477386,0.0450509013175416,0.05019012716601023
2024-03-08,0.01678280157535361,0.02382427769891154,0.024088240985888968,0.02730865465372433,0.048744238917641895,0.05098313266961545,0.026833905990477386,0.0450509013175416,0.05019012716601023
2024-03-11,0.01678280157535361,0.02382427769891154,0.024088240985888968,0.02730865465372433,0.048744238917641895,0.05098313266961545,0.026833905990477386,0.0450509013175416,0.05019012716601023
2024-03-12,0.01678280157535361,0.02382427769891154,0.024088240985888968,0.02730865465372433,0.048744238917641895,0.05098313266961545,0.02639278094921833,0.0450509013175416,0.05019012716601023
2024-03-13,0.01678280157535361,0.02382427769891154,0.024088240985888968,0.02730865465372433,0.048744238917641895,0.05098313266961545,0.02639278094921833,0.0450509013175416,0.05019012716601023
2024-03-14,0.01678280157535361,0.02382427769891154,0.024088240985888968,0.02730865465372433,0.048744238917641895,0.05098313266961545,0.02639278094921833,0.0450509013175416,0.05019012716601023
2024-03-15,0.01678280157535361,0.02382427769891154,0.024088240985888968,0.02730865465372433,0.048744238917641895,0.05098313266961545,0.02639278094921833,0.0450509013175416,0.05019012716601023
2024-03-18,0.01678280157535361,0.02382427769891154,0.024088240985888968,0.02730865465372433,0.048744238917641895,0.05098313266961545,0.02639278094921833,0.0450509013175416,0.05019012716601023
2024-03-19,0.01678280157535361,0.02382427769891154,0.024088240985888968,0.02730865465372433,0.048744238917641895,0.05098313266961545,0.02639278094921833,0.0450509013175416,0.05019012716601023
2024-03-20,0.01678280157535361,0.02382427769891154,0.024088240985888968,0.02730865465372433,0.048744238917641895,0.05098313266961545,0.02639278094921833,0.0450509013175416,0.05019012716601023
2024-03-21,0.01678280157535361,0.02382427769891154,0.024088240985888968,0.02730865465372433,0.048744238917641895,0.05098313266961545,0.02639278094921833,0.0450509013175416,0.05019012716601023
2024-03-22,0.01678280157535361,0.02382427769891154,0.024088240985888968,0.02730865465372433,0.048744238917641895,0.05098313266961545,0.02639278094921833,0.0450509013175416,0.05019012716601023
2024-03-25,0.01678280157535361,0.02382427769891154,0.024088240985888968,0.02730865465372433,0.048744238917641895,0.05098313266961545,0.02639278094921833,0.0450509013175416,0.05019012716601023
2024-03-26,0.01678280157535361,0.02382427769891154,0.024088240985888968,0.02730865465372433,0.048744238917641895,0.05098313266961545,0.02639278094921833,0.0450509013175416,0.05019012716601023
2024-03-27,0.01678280157535361,0.02382427769891154,0.024088240985888968,0.02730865465372433,0.048744238917641895,0.05098313266961545,0.02639278094921833,0.0450509013175416,0.05019012716601023
2024-03-28,0.01678280157535361,0.02382427769891154,0.024088240985888968,0.02730865465372433,0.048744238917641895,0.05098313266961545,0.02639278094921833,0.0450509013175416,0.05019012716601023
2024-04-01,0.01678280157535361,0.02382427769891154,0.024088240985888968,0.02730865465372433,0.048744238917641895,0.05098313266961545,0.02639278094921833,0.0450509013175416,0.05019012716601023
2024-04-02,0.01678280157535361,0.02382427769891154,0.024088240985888968,0.02730865465372433,0.048744238917641895,0.05098313266961545,0.02639278094921833,0.0450509013175416,0.05019012716601023
2024-04-03,0.01678280157535361,0.02382427769891154,0.024088240985888968,0.02730865465372433,0.048744238917641895,0.05098313266961545,0.02639278094921833,0.0450509013175416,0.05019012716601023
2024-04-04,0.01678280157535361,0.02382427769891154,0.024088240985888968,0.02708814975336552,0.048744238917641895,0.05098313266961545,0.02639278094921833,0.0450509013175416,0.05019012716601023
2024-04-05,0.01678280157535361,0.02382427769891154,0.024088240985888968,0.02708814975336552,0.048744238917641895,0.05098313266961545,0.02639278094921833,0.0450509013175416,0.05019012716601023
2024-04-08,0.01678280157535361,0.02382427769891154,0.024088240985888968,0.02708814975336552,0.048744238917641895,0.05098313266961545,0.02639278094921833,0.0450509013175416,0.05019012716601023
2024-04-09,0.01678280157535361,0.02382427769891154,0.024088240985888968,0.026561813734583283,0.048744238917641895,0.05098313266961545,0.02639278094921833,0.0450509013175416,0.05019012716601023
2024-04-10,0.01678280157535361,0.02382427769891154,0.024088240985888968,0.026561813734583283,0.048744238917641895,0.05098313266961545,0.02639278094921833,0.0450509013175416,0.05019012716601023
2024-04-11,0.01678280157535361,0.02382427769891154,0.024088240985888968,0.026561813734583283,0.048744238917641895,0.05098313266961545,0.02639278094921833,0.0450509013175416,0.05019012716601023
2024-04-12,0.01680354130180262,0.02382427769891154,0.024088240985888968,0.026561813734583283,0.048744238917641895,0.05098313266961545,0.02639278094921833,0.0450509013175416,0.05019012716601023
2024-04-15,0.017054144524483533,0.02382427769891154,0.024088240985888968,0.026561813734583283,0.048744238917641895,0.05098313266961545,0.02639278094921833,0.0450509013175416,0.05019012716601023
2024-04-16,0.017054144524483533,0.02382427769891154,0.024088240985888968,0.026561813734583283,0.048744238917641895,0.05098313266961545,0.02639278094921833,0.0450509013175416,0.05019012716601023
2024-04-17,0.017054144524483533,0.02382427769891154,0.024088240985888968,0.026561813734583283,0.048744238917641895,0.05098313266961545,0.02639278094921833,0.0450509013175416,0.05019012716601023
2024-04-18,0.017054144524483533,0.02382427769891154,0.024088240985888968,0.026561813734583283,0.048744238917641895,0.05098313266961545,0.02639278094921833,0.0450509013175416,0.05019012716601023
2024-04-19,0.01725898540954652,0.02382427769891154,0.024088240985888968,0.02543581935719324,0.048744238917641895,0.05098313266961545,0.02639278094921833,0.0450509013175416,0.05019012716601023
2024-04-22,0.01725898540954652,0.02382427769891154,0.024088240985888968,0.02543581935719324,0.048744238917641895,0.05098313266961545,0.02639278094921833,0.0450509013175416,0.05019012716601023
2024-04-23,0.017054144524483533,0.02382427769891154,0.024088240985888968,0.025182971168679482,0.048744238917641895,0.05098313266961545,0.02639278094921833,0.0450509013175416,0.05019012716601023
2024-04-24,0.017054144524483533,0.02382427769891154,0.024088240985888968,0.025182971168679482,0.048744238917641895,0.05098313266961545,0.02639278094921833,0.0450509013175416,0.05019012716601023
2024-04-25,0.017054144524483533,0.02382427769891154,0.024088240985888968,0.025182971168679482,0.048744238917641895,0.05098313266961545,0.02639278094921833,0.0450509013175416,0.05019012716601023
2024-04-26,0.017054144524483533,0.02382427769891154,0.024088240985888968,0.024917507859365057,0.047143534419322446,0.05098313266961545,0.02639278094921833,0.0450509013175416,0.05019012716601023
2024-04-29,0.017054144524483533,0.02382427769891154,0.024088240985888968,0.024917507859365057,0.047143534419322446,0.05098313266961545,0.02639278094921833,0.0450509013175416,0.05019012716601023
2024-04-30,0.01725898540954652,0.02382427769891154,0.024088240985888968,0.024917507859365057,0.047143534419322446,0.05098313266961545,0.02639278094921833,0.0450509013175416,0.05019012716601023
2024-05-01,0.01725898540954652,0.02382427769891154,0.024088240985888968,0.024917507859365057,0.047143534419322446,0.05098313266961545,0.02639278094921833,0.0450509013175416,0.05019012716601023
2024-05-02,0.01725898540954652,0.02382427769891154,0.024088240985888968,0.024895529339025408,0.04476288525625621,0.049604357161674426,0.02639278094921833,0.0450509013175416,0.05019012716601023
2024-05-03,0.01725898540954652,0.02382427769891154,0.024088240985888968,0.024895529339025408,0.04476288525625621,0.049604357161674426,0.02639278094921833,0.0450509013175416,0.05019012716601023
2024-05-06,0.01725898540954652,0.02382427769891154,0.024088240985888968,0.02489374696120839,0.042997805069327266,0.04881083939526535,0.02639278094921833,0.0450509013175416,0.05019012716601023
2024-05-07,0.01725898540954652,0.02382427769891154,0.024088240985888968,0.02489374696120839,0.042997805069327266,0.04881083939526535,0.02639278094921833,0.0450509013175416,0.05019012716601023
2024-05-08,0.01725898540954652,0.02382427769891154,0.024088240985888968,0.02467141397345813,0.042997805069327266,0.04881083939526535,0.02639278094921833,0.0450509013175416,0.05019012716601023
2024-05-09,0.01725898540954652,0.02382427769891154,0.024088240985888968,0.02467141397345813,0.042997805069327266,0.04881083939526535,0.02639278094921833,0.0450509013175416,0.05019012716601023
2024-05-10,0.01725898540954652,0.02382427769891154,0.024088240985888968,0.02467141397345813,0.042997805069327266,0.04881083939526535,0.02639278094921833,0.0450509013175416,0.05019012716601023
2024-05-13,0.01725898540954652,0.02382427769891154,0.024088240985888968,0.02467141397345813,0.042997805069327266,0.04881083939526535,0.02639278094921833,0.0450509013175416,0.05019012716601023
2024-05-14,0.01725898540954652,0.02382427769891154,0.024088240985888968,0.02467141397345813,0.042997805069327266,0.04881083939526535,0.02639278094921833,0.0450509013175416,0.05019012716601023
2024-05-15,0.01725898540954652,0.02382427769891154,0.024088240985888968,0.024124619732171476,0.03949020708197282,0.04594519450681551,0.02639278094921833,0.0450509013175416,0.05019012716601023
2024-05-16,0.01725898540954652,0.02382427769891154,0.024088240985888968,0.024124619732171476,0.03949020708197282,0.04594519450681551,0.02639278094921833,0.0450509013175416,0.05019012716601023
2024-05-17,0.01725898540954652,0.02382427769891154,0.024088240985888968,0.024124619732171476,0.03949020708197282,0.04594519450681551,0.02639278094921833,0.0450509013175416,0.05019012716601023
2024-05-20,0.01725898540954652,0.02382427769891154,0.024088240985888968,0.024124619732171476,0.03949020708197282,0.04594519450681551,0.02639278094921833,0.0450509013175416,0.05019012716601023
2024-05-21,0.01725898540954652,0.02382427769891154,0.024088240985888968,0.02406459963507387,0.03949020708197282,0.04594519450681551,0.02639278094921833,0.0450509013175416,0.05019012716601023
2024-05-22,0.01725898540954652,0.02382427769891154,0.024088240985888968,0.02406459963507387,0.03949020708197282,0.04594519450681551,0.02639278094921833,0.0450509013175416,0.05019012716601023
2024-05-23,0.01725898540954652,0.02382427769891154,0.024088240985888968,0.02406459963507387,0.03949020708197282,0.04594519450681551,0.02639278094921833,0.0450509013175416,0.05019012716601023
2024-05-24,0.01725898540954652,0.02382427769891154,0.024088240985888968,0.02406459963507387,0.03949020708197282,0.04594519450681551,0.02639278094921833,0.0450509013175416,0.05019012716601023
2024-05-28,0.01725898540954652,0.02382427769891154,0.024088240985888968,0.02406459963507387,0.03949020708197282,0.04594519450681551,0.02639278094921833,0.0450509013175416,0.05019012716601023
2024-05-29,0.01725898540954652,0.02382427769891154,0.024088240985888968,0.02406459963507387,0.03949020708197282,0.04594519450681551,0.02639278094921833,0.0450509013175416,0.05019012716601023
2024-05-30,0.01725898540954652,0.02382427769891154,0.024088240985888968,0.02406459963507387,0.03949020708197282,0.04594519450681551,0.02639278094921833,0.0450509013175416,0.05019012716601023
2024-05-31,0.01725898540954652,0.02382427769891154,0.024088240985888968,0.023653374966483655,0.03949020708197282,0.04594519450681551,0.02639278094921833,0.0450509013175416,0.05019012716601023
2024-06-03,0.01725898540954652,0.02382427769891154,0.024088240985888968,0.023653374966483655,0.03949020708197282,0.04594519450681551,0.02639278094921833,0.0450509013175416,0.05019012716601023
2024-06-04,0.01725898540954652,0.02382427769891154,0.024088240985888968,0.023653374966483655,0.03949020708197282,0.04594519450681551,0.02639278094921833,0.0450509013175416,0.05019012716601023
2024-06-05,0.017054144524483533,0.02382427769891154,0.024088240985888968,0.023653374966483655,0.03949020708197282,0.04594519450681551,0.02639278094921833,0.0450509013175416,0.05019012716601023
2024-06-06,0.017054144524483533,0.02382427769891154,0.024088240985888968,0.023578688230953698,0.03949020708197282,0.04594519450681551,0.02639278094921833,0.0450509013175416,0.05019012716601023
2024-06-07,0.017054144524483533,0.02382427769891154,0.024088240985888968,0.023479615098345844,0.03478132174021234,0.04594519450681551,0.02639278094921833,0.0450509013175416,0.05019012716601023
2024-06-10,0.017054144524483533,0.02382427769891154,0.024088240985888968,0.023265970692571615,0.034341643157371565,0.04212339756633899,0.02639278094921833,0.0450509013175416,0.05019012716601023
2024-06-11,0.017054144524483533,0.02382427769891154,0.024088240985888968,0.023265970692571615,0.034341643157371565,0.04212339756633899,0.02639278094921833,0.0450509013175416,0.05019012716601023
2024-06-12,0.017054144524483533,0.02382427769891154,0.024088240985888968,0.023265970692571615,0.034341643157371565,0.04212339756633899,0.02639278094921833,0.0450509013175416,0.05019012716601023
2024-06-13,0.017054144524483533,0.02382427769891154,0.024088240985888968,0.022816318590204044,0.033267787408351096,0.03978658120938571,0.02639278094921833,0.0450509013175416,0.05019012716601023
2024-06-14,0.017054144524483533,0.02382427769891154,0.024088240985888968,0.022816318590204044,0.033267787408351096,0.03978658120938571,0.02639278094921833,0.0450509013175416,0.05019012716601023
2024-06-17,0.017054144524483533,0.02382427769891154,0.024088240985888968,0.022816318590204044,0.033267787408351096,0.03978658120938571,0.02639278094921833,0.0450509013175416,0.05019012716601023
2024-06-18,0.017054144524483533,0.02382427769891154,0.024088240985888968,0.022816318590204044,0.033267787408351096,0.03978658120938571,0.02639278094921833,0.0450509013175416,0.05019012716601023
2024-06-20,0.017054144524483533,0.02382427769891154,0.024088240985888968,0.022816318590204044,0.033267787408351096,0.03978658120938571,0.02639278094921833,0.0450509013175416,0.05019012716601023
2024-06-21,0.017054144524483533,0.02382427769891154,0.024088240985888968,0.022816318590204044,0.033267787408351096,0.03978658120938571,0.02639278094921833,0.0450509013175416,0.05019012716601023
2024-06-24,0.01680354130180262,0.02382427769891154,0.024088240985888968,0.022816318590204044,0.033267787408351096,0.03978658120938571,0.02639278094921833,0.0450509013175416,0.05019012716601023
2024-06-25,0.01680354130180262,0.02382427769891154,0.024088240985888968,0.022415911011333882,0.033267787408351096,0.03978658120938571,0.02639278094921833,0.0450509013175416,0.05019012716601023
2024-06-26,0.01680354130180262,0.02382427769891154,0.024088240985888968,0.022415911011333882,0.033267787408351096,0.03978658120938571,0.02639278094921833,0.0450509013175416,0.05019012716601023
2024-06-27,0.01680354130180262,0.02382427769891154,0.024088240985888968,0.022415911011333882,0.033267787408351096,0.03978658120938571,0.02639278094921833,0.0450509013175416,0.05019012716601023
2024-06-28,0.01680354130180262,0.02382427769891154,0.024088240985888968,0.022415911011333882,0.033267787408351096,0.03978658120938571,0.02639278094921833,0.0450509013175416,0.05019012716601023
2024-07-01,0.01680354130180262,0.02382427769891154,0.024088240985888968,0.022415911011333882,0.033267787408351096,0.03978658120938571,0.02639278094921833,0.0450509013175416,0.05019012716601023
2024-07-02,0.01680354130180262,0.02382427769891154,0.024088240985888968,0.022415911011333882,0.033267787408351096,0.03978658120938571,0.02639278094921833,0.0450509013175416,0.05019012716601023
2024-07-03,0.01680354130180262,0.02382427769891154,0.024088240985888968,0.022415911011333882,0.033267787408351096,0.03978658120938571,0.02639278094921833,0.0450509013175416,0.05019012716601023
2024-07-05,0.01680354130180262,0.02382427769891154,0.024088240985888968,0.022415911011333882,0.033267787408351096,0.03978658120938571,0.02639278094921833,0.0450509013175416,0.05019012716601023
2024-07-08,0.01680354130180262,0.02382427769891154,0.024088240985888968,0.022165841411504645,0.033267787408351096,0.03978658120938571,0.02639278094921833,0.0450509013175416,0.05019012716601023
2024-07-09,0.01680354130180262,0.02382427769891154,0.024088240985888968,0.022165841411504645,0.033267787408351096,0.03978658120938571,0.02639278094921833,0.0450509013175416,0.05019012716601023
2024-07-10,0.01680354130180262,0.02382427769891154,0.024088240985888968,0.022165841411504645,0.033267787408351096,0.03978658120938571,0.02639278094921833,0.0450509013175416,0.05019012716601023
2024-07-11,0.017054144524483533,0.024080025197307835,0.02469835791465784,0.022415911011333882,0.033267787408351096,0.03978658120938571,0.026833905990477386,0.0450509013175416,0.05019012716601023
2024-07-12,0.017054144524483533,0.024080025197307835,0.02469835791465784,0.022415911011333882,0.033267787408351096,0.03978658120938571,0.026833905990477386,0.0450509013175416,0.05019012716601023
2024-07-15,0.017054144524483533,0.024080025197307835,0.02469835791465784,0.022415911011333882,0.033267787408351096,0.03978658120938571,0.026833905990477386,0.0450509013175416,0.05019012716601023
2024-07-16,0.017054144524483533,0.024080025197307835,0.02469835791465784,0.022415911011333882,0.033267787408351096,0.03978658120938571,0.026833905990477386,0.0450509013175416,0.05019012716601023
2024-07-17,0.01725898540954652,0.024080025197307835,0.02469835791465784,0.022415911011333882,0.033267787408351096,0.03978658120938571,0.026833905990477386,0.0450509013175416,0.05019012716601023
2024-07-18,0.017054144524483533,0.024080025197307835,0.02469835791465784,0.022415911011333882,0.033267787408351096,0.03978658120938571,0.026833905990477386,0.0450509013175416,0.05019012716601023
2024-07-19,0.017054144524483533,0.024080025197307835,0.02469835791465784,0.022165841411504645,0.033267787408351096,0.03978658120938571,0.026833905990477386,0.0450509013175416,0.05019012716601023
2024-07-22,0.017054144524483533,0.024080025197307835,0.02469835791465784,0.022165841411504645,0.033267787408351096,0.03978658120938571,0.026833905990477386,0.0450509013175416,0.05019012716601023
2024-07-23,0.017054144524483533,0.024080025197307835,0.02469835791465784,0.021980663577095345,0.033267787408351096,0.03978658120938571,0.026833905990477386,0.0450509013175416,0.05019012716601023
2024-07-24,0.01725898540954652,0.02450303900161678,0.02737478222177886,0.022165841411504645,0.034341643157371565,0.04201518797726802,0.027148843402392934,0.0450509013175416,0.05019012716601023
2024-07-25,0.01725898540954652,0.02450303900161678,0.02737478222177886,0.022165841411504645,0.034341643157371565,0.04201518797726802,0.027148843402392934,0.0450509013175416,0.05019012716601023
2024-07-26,0.01725898540954652,0.02450303900161678,0.02737478222177886,0.022165841411504645,0.034341643157371565,0.04201518797726802,0.027148843402392934,0.0450509013175416,0.05019012716601023
2024-07-29,0.01725898540954652,0.02450303900161678,0.02737478222177886,0.022165841411504645,0.034341643157371565,0.04201518797726802,0.027148843402392934,0.0450509013175416,0.05019012716601023
2024-07-30,0.01725898540954652,0.02450303900161678,0.02737478222177886,0.022165841411504645,0.034341643157371565,0.04201518797726802,0.027148843402392934,0.0450509013175416,0.05019012716601023
2024-07-31,0.017054144524483533,0.02450303900161678,0.02737478222177886,0.022165841411504645,0.034341643157371565,0.04201518797726802,0.027148843402392934,0.0450509013175416,0.05019012716601023
2024-08-01,0.01725898540954652,0.02450303900161678,0.02737478222177886,0.022165841411504645,0.034341643157371565,0.04201518797726802,0.027148843402392934,0.0450509013175416,0.05019012716601023
2024-08-02,0.017608052236322703,0.02450303900161678,0.02737478222177886,0.022165841411504645,0.034341643157371565,0.04201518797726802,0.027148843402392934,0.0450509013175416,0.05019012716601023
2024-08-05,0.017948655014112663,0.026569655305819118,0.03652752140261865,0.022438999135255527,0.03477913568790788,0.04321748525234972,0.027239074300517786,0.0450509013175416,0.05019012716601023
2024-08-06,0.017948655014112663,0.026569655305819118,0.03652752140261865,0.022438999135255527,0.03477913568790788,0.04321748525234972,0.027239074300517786,0.0450509013175416,0.05019012716601023
2024-08-07,0.017948655014112663,0.026569655305819118,0.03652752140261865,0.022438999135255527,0.03477913568790788,0.04321748525234972,0.027239074300517786,0.0450509013175416,0.05019012716601023
2024-08-08,0.017948655014112663,0.026569655305819118,0.03652752140261865,0.022438999135255527,0.03477913568790788,0.04321748525234972,0.027239074300517786,0.0450509013175416,0.05019012716601023
2024-08-09,0.017948655014112663,0.026569655305819118,0.03652752140261865,0.022438999135255527,0.03477913568790788,0.04321748525234972,0.027239074300517786,0.0450509013175416,0.05019012716601023
2024-08-12,0.017948655014112663,0.026569655305819118,0.03652752140261865,0.022438999135255527,0.03477913568790788,0.04321748525234972,0.027239074300517786,0.0450509013175416,0.05019012716601023
2024-08-13,0.017948655014112663,0.026569655305819118,0.03652752140261865,0.022438999135255527,0.03477913568790788,0.04321748525234972,0.027239074300517786,0.0450509013175416,0.05019012716601023
2024-08-14,0.017948655014112663,0.026569655305819118,0.03652752140261865,0.022438999135255527,0.03477913568790788,0.04321748525234972,0.027239074300517786,0.0450509013175416,0.05019012716601023
2024-08-15,0.017948655014112663,0.026569655305819118,0.03652752140261865,0.022438999135255527,0.03477913568790788,0.04321748525234972,0.027239074300517786,0.0450509013175416,0.05019012716601023
2024-08-16,0.017948655014112663,0.026569655305819118,0.03652752140261865,0.022165841411504645,0.03477913568790788,0.04321748525234972,0.027239074300517786,0.0450509013175416,0.05019012716601023
2024-08-19,0.017948655014112663,0.026569655305819118,0.03652752140261865,0.02211401500830728,0.03477913568790788,0.04321748525234972,0.027239074300517786,0.0450509013175416,0.05019012716601023
2024-08-20,0.017948655014112663,0.026569655305819118,0.03652752140261865,0.02211401500830728,0.03477913568790788,0.04321748525234972,0.027239074300517786,0.0450509013175416,0.05019012716601023
2024-08-21,0.017948655014112663,0.026569655305819118,0.03652752140261865,0.02211401500830728,0.03477913568790788,0.04321748525234972,0.027239074300517786,0.0450509013175416,0.05019012716601023
2024-08-22,0.017948655014112663,0.026569655305819118,0.03652752140261865,0.02211401500830728,0.03477913568790788,0.04321748525234972,0.027239074300517786,0.0450509013175416,0.05019012716601023
2024-08-23,0.017948655014112663,0.026569655305819118,0.03652752140261865,0.02197857357438177,0.034341643157371565,0.04046293533259421,0.027239074300517786,0.0450509013175416,0.05019012716601023
2024-08-26,0.017948655014112663,0.026569655305819118,0.03652752140261865,0.02197857357438177,0.034341643157371565,0.04046293533259421,0.027239074300517786,0.0450509013175416,0.05019012716601023
2024-08-27,0.017948655014112663,0.026569655305819118,0.03652752140261865,0.02197857357438177,0.034341643157371565,0.04046293533259421,0.027239074300517786,0.0450509013175416,0.05019012716601023
2024-08-28,0.017948655014112663,0.026569655305819118,0.03652752140261865,0.02197857357438177,0.034341643157371565,0.04046293533259421,0.027239074300517786,0.0450509013175416,0.05019012716601023
2024-08-29,0.017948655014112663,0.026569655305819118,0.03652752140261865,0.02197857357438177,0.034341643157371565,0.04046293533259421,0.027239074300517786,0.0450509013175416,0.05019012716601023
2024-08-30,0.017948655014112663,0.026569655305819118,0.03652752140261865,0.02197857357438177,0.034341643157371565,0.04046293533259421,0.027239074300517786,0.0450509013175416,0.05019012716601023
2024-09-03,0.018174472947457873,0.0303660441104703,0.037577723497362346,0.02211401500830728,0.034341643157371565,0.04046293533259421,0.02760464785969709,0.0450509013175416,0.05019012716601023
2024-09-04,0.018174472947457873,0.0303660441104703,0.037577723497362346,0.02211401500830728,0.034341643157371565,0.04046293533259421,0.02760464785969709,0.0450509013175416,0.05019012716601023
2024-09-05,0.018174472947457873,0.0303660441104703,0.037577723497362346,0.02211401500830728,0.034341643157371565,0.04046293533259421,0.02760464785969709,0.0450509013175416,0.05019012716601023
2024-09-06,0.01953553676702314,0.0303660441104703,0.037577723497362346,0.022165841411504645,0.034341643157371565,0.04046293533259421,0.02760464785969709,0.0450509013175416,0.05019012716601023
2024-09-09,0.01953553676702314,0.0303660441104703,0.037577723497362346,0.022165841411504645,0.034341643157371565,0.04046293533259421,0.02760464785969709,0.0450509013175416,0.05019012716601023
2024-09-10,0.01953553676702314,0.0303660441104703,0.037577723497362346,0.02211401500830728,0.033267787408351096,0.03700774245579019,0.02760464785969709,0.0450509013175416,0.05019012716601023
2024-09-11,0.01953553676702314,0.0303660441104703,0.037577723497362346,0.02211401500830728,0.033267787408351096,0.03700774245579019,0.02760464785969709,0.0450509013175416,0.05019012716601023
2024-09-12,0.01953553676702314,0.0303660441104703,0.037577723497362346,0.02211401500830728,0.033267787408351096,0.03700774245579019,0.02760464785969709,0.0450509013175416,0.05019012716601023
2024-09-13,0.01953553676702314,0.0303660441104703,0.037577723497362346,0.02211401500830728,0.033267787408351096,0.03700774245579019,0.02760464785969709,0.0450509013175416,0.05019012716601023
2024-09-16,0.01953553676702314,0.0303660441104703,0.037577723497362346,0.02211401500830728,0.033267787408351096,0.03700774245579019,0.02760464785969709,0.0450509013175416,0.05019012716601023
2024-09-17,0.01953553676702314,0.0303660441104703,0.037577723497362346,0.02211401500830728,0.033267787408351096,0.03700774245579019,0.02760464785969709,0.0450509013175416,0.05019012716601023
2024-09-18,0.019395152976911613,0.0303660441104703,0.037577723497362346,0.02211401500830728,0.033267787408351096,0.03700774245579019,0.02760464785969709,0.0450509013175416,0.05019012716601023
2024-09-19,0.019395152976911613,0.0303660441104703,0.037577723497362346,0.02211401500830728,0.033267787408351096,0.03700774245579019,0.02760464785969709,0.0450509013175416,0.05019012716601023
2024-09-20,0.019395152976911613,0.0303660441104703,0.037577723497362346,0.02211401500830728,0.033267787408351096,0.03700774245579019,0.02760464785969709,0.0450509013175416,0.05019012716601023
2024-09-23,0.019395152976911613,0.0303660441104703,0.037577723497362346,0.02211401500830728,0.033267787408351096,0.03700774245579019,0.02760464785969709,0.0450509013175416,0.05019012716601023
2024-09-24,0.019395152976911613,0.0303660441104703,0.037577723497362346,0.02211401500830728,0.033267787408351096,0.03700774245579019,0.02760464785969709,0.0450509013175416,0.05019012716601023
2024-09-25,0.019395152976911613,0.0303660441104703,0.037577723497362346,0.02211401500830728,0.033267787408351096,0.03700774245579019,0.02760464785969709,0.0450509013175416,0.05019012716601023
2024-09-26,0.019395152976911613,0.0303660441104703,0.037577723497362346,0.02197857357438177,0.033267787408351096,0.03700774245579019,0.02760464785969709,0.0450509013175416,0.05019012716601023
2024-09-27,0.019395152976911613,0.0303660441104703,0.037577723497362346,0.02197857357438177,0.033267787408351096,0.03700774245579019,0.02760464785969709,0.0450509013175416,0.05019012716601023
2024-09-30,0.019395152976911613,0.0303660441104703,0.037577723497362346,0.02197857357438177,0.033267787408351096,0.03700774245579019,0.02760464785969709,0.0450509013175416,0.05019012716601023
2024-10-01,0.019340915231480474,0.0303660441104703,0.037577723497362346,0.02197857357438177,0.033267787408351096,0.03700774245579019,0.02760464785969709,0.0450509013175416,0.05019012716601023
2024-10-02,0.019340915231480474,0.0303660441104703,0.037577723497362346,0.02197857357438177,0.033267787408351096,0.03700774245579019,0.02760464785969709,0.0450509013175416,0.05019012716601023
2024-10-03,0.019340915231480474,0.0303660441104703,0.037577723497362346,0.02197857357438177,0.033267787408351096,0.03700774245579019,0.02760464785969709,0.0450509013175416,0.05019012716601023
2024-10-04,0.019340915231480474,0.0303660441104703,0.037577723497362346,0.021836434215342787,0.03316146038439548,0.03453787824316618,0.02760464785969709,0.0450509013175416,0.05019012716601023
2024-10-07,0.019340915231480474,0.0303660441104703,0.037577723497362346,0.021836434215342787,0.03316146038439548,0.03453787824316618,0.02760464785969709,0.0450509013175416,0.05019012716601023
2024-10-08,0.019340915231480474,0.0303660441104703,0.037577723497362346,0.021836434215342787,0.03316146038439548,0.03453787824316618,0.02760464785969709,0.0450509013175416,0.05019012716601023
2024-10-09,0.019340915231480474,0.0303660441104703,0.037577723497362346,0.021836434215342787,0.03316146038439548,0.03453787824316618,0.02760464785969709,0.0450509013175416,0.05019012716601023
2024-10-10,0.019340915231480474,0.0303660441104703,0.037577723497362346,0.021836434215342787,0.03316146038439548,0.03453787824316618,0.02760464785969709,0.0450509013175416,0.05019012716601023
2024-10-11,0.019340915231480474,0.0303660441104703,0.037577723497362346,0.021402428527243535,0.03316146038439548,0.03453787824316618,0.02760464785969709,0.0450509013175416,0.05019012716601023
2024-10-14,0.019340915231480474,0.0303660441104703,0.037577723497362346,0.021402428527243535,0.03316146038439548,0.03453787824316618,0.02760464785969709,0.0450509013175416,0.05019012716601023
2024-10-15,0.019340915231480474,0.0303660441104703,0.037577723497362346,0.021402428527243535,0.03316146038439548,0.03453787824316618,0.02760464785969709,0.0450509013175416,0.05019012716601023
2024-10-16,0.019340915231480474,0.0303660441104703,0.037577723497362346,0.021402428527243535,0.03316146038439548,0.03453787824316618,0.02760464785969709,0.0450509013175416,0.05019012716601023
2024-10-17,0.019340915231480474,0.0303660441104703,0.037577723497362346,0.021402428527243535,0.03316146038439548,0.03453787824316618,0.02760464785969709,0.0450509013175416,0.05019012716601023
2024-10-18,0.019340915231480474,0.0303660441104703,0.037577723497362346,0.021402428527243535,0.03316146038439548,0.03453787824316618,0.02760464785969709,0.0450509013175416,0.05019012716601023
2024-10-21,0.019340915231480474,0.0303660441104703,0.037577723497362346,0.021402428527243535,0.03316146038439548,0.03453787824316618,0.02760464785969709,0.0450509013175416,0.05019012716601023
2024-10-22,0.019340915231480474,0.0303660441104703,0.037577723497362346,0.021402428527243535,0.03316146038439548,0.03453787824316618,0.02760464785969709,0.0450509013175416,0.05019012716601023
2024-10-23,0.017632748404949404,0.0303660441104703,0.037577723497362346,0.020576559245224127,0.03247338877231318,0.034002932541239726,0.02760464785969709,0.0450509013175416,0.05019012716601023
2024-10-24,0.01708033943012317,0.0303660441104703,0.037577723497362346,0.019810317214530453,0.03247338877231318,0.034002932541239726,0.02760464785969709,0.0450509013175416,0.05019012716601023
2024-10-25,0.01708033943012317,0.0303660441104703,0.037577723497362346,0.019810317214530453,0.03247338877231318,0.034002932541239726,0.02760464785969709,0.0450509013175416,0.05019012716601023
2024-10-28,0.01708033943012317,0.0303660441104703,0.037577723497362346,0.019810317214530453,0.03247338877231318,0.034002932541239726,0.02760464785969709,0.0450509013175416,0.05019012716601023
2024-10-29,0.01708033943012317,0.0303660441104703,0.037577723497362346,0.019810317214530453,0.03247338877231318,0.034002932541239726,0.02760464785969709,0.0450509013175416,0.05019012716601023
2024-10-30,0.01708033943012317,0.0303660441104703,0.037577723497362346,0.019265220480172596,0.030467544119796443,0.03395517252120057,0.02760464785969709,0.0450509013175416,0.05019012716601023
2024-10-31,0.017632748404949404,0.0313182401198586,0.037577723497362346,0.019810317214530453,0.030467544119796443,0.03395517252120057,0.02801223698329904,0.0450509013175416,0.05019012716601023
2024-11-01,0.017632748404949404,0.0313182401198586,0.037577723497362346,0.019810317214530453,0.030467544119796443,0.03395517252120057,0.02801223698329904,0.0450509013175416,0.05019012716601023
2024-11-04,0.017632748404949404,0.0313182401198586,0.037577723497362346,0.019810317214530453,0.030467544119796443,0.03395517252120057,0.02801223698329904,0.0450509013175416,0.05019012716601023
2024-11-05,0.017632748404949404,0.0313182401198586,0.037577723497362346,0.019810317214530453,0.030467544119796443,0.03395517252120057,0.02801223698329904,0.0450509013175416,0.05019012716601023
2024-11-06,0.017632748404949404,0.0313182401198586,0.037577723497362346,0.019265220480172596,0.030146599119757502,0.03395517252120057,0.02801223698329904,0.0450509013175416,0.05019012716601023
2024-11-07,0.017632748404949404,0.0313182401198586,0.037577723497362346,0.019265220480172596,0.030146599119757502,0.03395517252120057,0.02801223698329904,0.0450509013175416,0.05019012716601023
2024-11-08,0.017632748404949404,0.0313182401198586,0.037577723497362346,0.019265220480172596,0.030146599119757502,0.03395517252120057,0.02801223698329904,0.0450509013175416,0.05019012716601023
2024-11-11,0.017632748404949404,0.0313182401198586,0.037577723497362346,0.019265220480172596,0.030146599119757502,0.03395517252120057,0.02801223698329904,0.0450509013175416,0.05019012716601023
2024-11-12,0.017632748404949404,0.0313182401198586,0.037577723497362346,0.019265220480172596,0.030146599119757502,0.03395517252120057,0.02801223698329904,0.0450509013175416,0.05019012716601023
2024-11-13,0.017632748404949404,0.0313182401198586,0.037577723497362346,0.019265220480172596,0.030146599119757502,0.03395517252120057,0.02801223698329904,0.0450509013175416,0.05019012716601023
2024-11-14,0.017632748404949404,0.0313182401198586,0.037577723497362346,0.019265220480172596,0.030146599119757502,0.03395517252120057,0.02801223698329904,0.0450509013175416,0.05019012716601023
2024-11-15,0.017855837721619347,0.0313182401198586,0.037577723497362346,0.019265220480172596,0.030146599119757502,0.03395517252120057,0.02801223698329904,0.0450509013175416,0.05019012716601023
2024-11-18,0.017855837721619347,0.0313182401198586,0.037577723497362346,0.019265220480172596,0.030146599119757502,0.03395517252120057,0.02801223698329904,0.0450509013175416,0.05019012716601023
2024-11-19,0.017855837721619347,0.0313182401198586,0.037577723497362346,0.019265220480172596,0.030146599119757502,0.03395517252120057,0.02801223698329904,0.0450509013175416,0.05019012716601023
2024-11-20,0.017855837721619347,0.0313182401198586,0.037577723497362346,0.019265220480172596,0.030146599119757502,0.03395517252120057,0.02760464785969709,0.0450509013175416,0.05019012716601023
2024-11-21,0.017855837721619347,0.0313182401198586,0.037577723497362346,0.019265220480172596,0.030146599119757502,0.03395517252120057,0.02760464785969709,0.0450509013175416,0.05019012716601023
2024-11-22,0.017855837721619347,0.0313182401198586,0.037577723497362346,0.019265220480172596,0.030146599119757502,0.03395517252120057,0.02760464785969709,0.0450509013175416,0.05019012716601023
2024-11-25,0.017855837721619347,0.0313182401198586,0.037577723497362346,0.019265220480172596,0.030146599119757502,0.03395517252120057,0.02760464785969709,0.0450509013175416,0.05019012716601023
2024-11-26,0.017855837721619347,0.0313182401198586,0.037577723497362346,0.019265220480172596,0.030146599119757502,0.03395517252120057,0.02760464785969709,0.0450509013175416,0.05019012716601023
2024-11-27,0.017855837721619347,0.0313182401198586,0.037577723497362346,0.019265220480172596,0.030146599119757502,0.03395517252120057,0.02760464785969709,0.0450509013175416,0.05019012716601023
2024-11-29,0.017855837721619347,0.0313182401198586,0.037577723497362346,0.019265220480172596,0.030146599119757502,0.03395517252120057,0.02760464785969709,0.0450509013175416,0.05019012716601023
2024-12-02,0.017855837721619347,0.0313182401198586,0.037577723497362346,0.018633326495335296,0.030146599119757502,0.03395517252120057,0.02760464785969709,0.0450509013175416,0.05019012716601023
2024-12-03,0.017855837721619347,0.0313182401198586,0.037577723497362346,0.018327783152617478,0.030146599119757502,0.03395517252120057,0.02760464785969709,0.0450509013175416,0.05019012716601023
2024-12-04,0.017855837721619347,0.0313182401198586,0.037577723497362346,0.018327783152617478,0.030146599119757502,0.03395517252120057,0.02760464785969709,0.0450509013175416,0.05019012716601023
2024-12-05,0.017855837721619347,0.0313182401198586,0.037577723497362346,0.018327783152617478,0.030146599119757502,0.03395517252120057,0.02760464785969709,0.0450509013175416,0.05019012716601023
2024-12-06,0.017855837721619347,0.0313182401198586,0.037577723497362346,0.018327783152617478,0.030146599119757502,0.03395517252120057,0.02760464785969709,0.0450509013175416,0.05019012716601023
2024-12-09,0.017855837721619347,0.0313182401198586,0.037577723497362346,0.018327783152617478,0.030146599119757502,0.03395517252120057,0.02760464785969709,0.0450509013175416,0.05019012716601023
2024-12-10,0.017855837721619347,0.0313182401198586,0.037577723497362346,0.018327783152617478,0.030146599119757502,0.03395517252120057,0.02760464785969709,0.0450509013175416,0.05019012716601023
2024-12-11,0.017855837721619347,0.0313182401198586,0.037577723497362346,0.018327783152617478,0.030146599119757502,0.03395517252120057,0.02718175707919982,0.0450509013175416,0.05019012716601023
2024-12-12,0.017855837721619347,0.0313182401198586,0.037577723497362346,0.018251731913817532,0.02819934170935875,0.032816942153909484,0.02718175707919982,0.0450509013175416,0.05019012716601023
2024-12-13,0.017855837721619347,0.0313182401198586,0.037577723497362346,0.018251731913817532,0.02819934170935875,0.032816942153909484,0.02718175707919982,0.0450509013175416,0.05019012716601023
2024-12-16,0.017855837721619347,0.0313182401198586,0.037577723497362346,0.018251731913817532,0.02819934170935875,0.032816942153909484,0.02718175707919982,0.0450509013175416,0.05019012716601023
2024-12-17,0.017855837721619347,0.0313182401198586,0.037577723497362346,0.018251731913817532,0.02819934170935875,0.032816942153909484,0.02718175707919982,0.0450509013175416,0.05019012716601023
2024-12-18,0.019340915231480474,0.0313182401198586,0.037577723497362346,0.018327783152617478,0.02902316669197182,0.032816942153909484,0.02760464785969709,0.0450509013175416,0.05019012716601023
2024-12-19,0.019340915231480474,0.0313182401198586,0.037577723497362346,0.018251731913817532,0.028188230602209433,0.0313065237098576,0.02760464785969709,0.0450509013175416,0.05019012716601023
2024-12-20,0.019340915231480474,0.0313182401198586,0.037577723497362346,0.018251731913817532,0.028188230602209433,0.0313065237098576,0.02760464785969709,0.0450509013175416,0.05019012716601023
2024-12-23,0.019340915231480474,0.0313182401198586,0.037577723497362346,0.01823028956786604,0.028188230602209433,0.0313065237098576,0.02760464785969709,0.0450509013175416,0.05019012716601023
2024-12-24,0.019340915231480474,0.0313182401198586,0.037577723497362346,0.01823028956786604,0.028188230602209433,0.0313065237098576,0.02760464785969709,0.0450509013175416,0.05019012716601023
2024-12-26,0.019340915231480474,0.0313182401198586,0.037577723497362346,0.01823028956786604,0.028188230602209433,0.0313065237098576,0.02760464785969709,0.0450509013175416,0.05019012716601023
2024-12-27,0.019340915231480474,0.0313182401198586,0.037577723497362346,0.01823028956786604,0.028188230602209433,0.0313065237098576,0.02760464785969709,0.0450509013175416,0.05019012716601023
2024-12-30,0.019340915231480474,0.0313182401198586,0.037577723497362346,0.01823028956786604,0.028188230602209433,0.0313065237098576,0.02760464785969709,0.0450509013175416,0.05019012716601023
2024-12-31,0.019340915231480474,0.0313182401198586,0.037577723497362346,0.01823028956786604,0.028188230602209433,0.0313065237098576,0.02718175707919982,0.0450509013175416,0.05019012716601023
2025-01-02,0.019340915231480474,0.0313182401198586,0.037577723497362346,0.018015168599300233,0.028188230602209433,0.0313065237098576,0.02718175707919982,0.0450509013175416,0.05019012716601023
2025-01-03,0.019340915231480474,0.0313182401198586,0.037577723497362346,0.018015168599300233,0.028188230602209433,0.0313065237098576,0.02718175707919982,0.0450509013175416,0.05019012716601023
2025-01-06,0.019340915231480474,0.0313182401198586,0.037577723497362346,0.018015168599300233,0.028188230602209433,0.0313065237098576,0.02718175707919982,0.0450509013175416,0.05019012716601023
2025-01-07,0.019654391290472414,0.0313182401198586,0.037577723497362346,0.018251731913817532,0.028188230602209433,0.0313065237098576,0.02718175707919982,0.0450509013175416,0.05019012716601023
2025-01-08,0.019654391290472414,0.0313182401198586,0.037577723497362346,0.018251731913817532,0.028188230602209433,0.0313065237098576,0.02718175707919982,0.0450509013175416,0.05019012716601023
2025-01-10,0.019654391290472414,0.0313182401198586,0.037577723497362346,0.018251731913817532,0.028188230602209433,0.0313065237098576,0.026833905990477386,0.0450509013175416,0.05019012716601023
2025-01-13,0.019654391290472414,0.0313182401198586,0.037577723497362346,0.018251731913817532,0.028188230602209433,0.0313065237098576,0.026833905990477386,0.0450509013175416,0.05019012716601023
2025-01-14,0.019654391290472414,0.0313182401198586,0.037577723497362346,0.018251731913817532,0.028188230602209433,0.0313065237098576,0.026833905990477386,0.0450509013175416,0.05019012716601023
2025-01-15,0.019654391290472414,0.0313182401198586,0.037577723497362346,0.018251731913817532,0.028188230602209433,0.0313065237098576,0.026833905990477386,0.0450509013175416,0.05019012716601023
2025-01-16,0.019854978320767325,0.0313182401198586,0.037577723497362346,0.018327783152617478,0.028188230602209433,0.0313065237098576,0.026833905990477386,0.0450509013175416,0.05019012716601023
2025-01-17,0.019854978320767325,0.0313182401198586,0.037577723497362346,0.018327783152617478,0.028188230602209433,0.0313065237098576,0.026833905990477386,0.0450509013175416,0.05019012716601023
2025-01-21,0.019854978320767325,0.0313182401198586,0.037577723497362346,0.018327783152617478,0.028188230602209433,0.0313065237098576,0.026833905990477386,0.0450509013175416,0.05019012716601023
2025-01-22,0.019854978320767325,0.0313182401198586,0.037577723497362346,0.018327783152617478,0.028188230602209433,0.0313065237098576,0.026833905990477386,0.0450509013175416,0.05019012716601023
2025-01-23,0.019854978320767325,0.0313182401198586,0.037577723497362346,0.018327783152617478,0.028188230602209433,0.0313065237098576,0.026833905990477386,0.0450509013175416,0.05019012716601023
2025-01-24,0.019854978320767325,0.0313182401198586,0.037577723497362346,0.018327783152617478,0.028188230602209433,0.0313065237098576,0.026833905990477386,0.0450509013175416,0.05019012716601023
2025-01-27,0.0209994019680668,0.0313182401198586,0.037577723497362346,0.01857366468164414,0.028188230602209433,0.0313065237098576,0.027067656784451808,0.0450509013175416,0.05019012716601023
2025-01-28,0.0209994019680668,0.0313182401198586,0.037577723497362346,0.018327783152617478,0.028188230602209433,0.0313065237098576,0.027067656784451808,0.0450509013175416,0.05019012716601023
2025-01-29,0.0209994019680668,0.0313182401198586,0.037577723497362346,0.018327783152617478,0.028188230602209433,0.0313065237098576,0.027067656784451808,0.0450509013175416,0.05019012716601023
2025-01-30,0.019854978320767325,0.0313182401198586,0.037577723497362346,0.018327783152617478,0.028188230602209433,0.0313065237098576,0.027067656784451808,0.0450509013175416,0.05019012716601023
2025-01-31,0.019854978320767325,0.0313182401198586,0.037577723497362346,0.018327783152617478,0.028188230602209433,0.0313065237098576,0.026820299923851477,0.043877196560016214,0.05019012716601023
2025-02-03,0.019854978320767325,0.0313182401198586,0.037577723497362346,0.018327783152617478,0.028188230602209433,0.0313065237098576,0.026820299923851477,0.043877196560016214,0.05019012716601023
2025-02-04,0.019854978320767325,0.0313182401198586,0.037577723497362346,0.018327783152617478,0.028188230602209433,0.0313065237098576,0.026820299923851477,0.043877196560016214,0.05019012716601023
2025-02-05,0.019854978320767325,0.0313182401198586,0.037577723497362346,0.018327783152617478,0.028188230602209433,0.0313065237098576,0.026820299923851477,0.043877196560016214,0.05019012716601023
2025-02-06,0.019854978320767325,0.0313182401198586,0.037577723497362346,0.018327783152617478,0.028188230602209433,0.0313065237098576,0.026820299923851477,0.043877196560016214,0.05019012716601023
2025-02-07,0.019854978320767325,0.0313182401198586,0.037577723497362346,0.018327783152617478,0.028188230602209433,0.0313065237098576,0.026820299923851477,0.043877196560016214,0.05019012716601023
2025-02-10,0.019854978320767325,0.0313182401198586,0.037577723497362346,0.018327783152617478,0.028188230602209433,0.0313065237098576,0.0265337455699279,0.043877196560016214,0.05019012716601023
2025-02-11,0.019854978320767325,0.0313182401198586,0.037577723497362346,0.018327783152617478,0.028188230602209433,0.0313065237098576,0.0265337455699279,0.043877196560016214,0.05019012716601023
2025-02-12,0.019854978320767325,0.0313182401198586,0.037577723497362346,0.018327783152617478,0.028188230602209433,0.0313065237098576,0.0265337455699279,0.043877196560016214,0.05019012716601023
2025-02-13,0.019854978320767325,0.0313182401198586,0.037577723497362346,0.018327783152617478,0.028188230602209433,0.0313065237098576,0.0265337455699279,0.043877196560016214,0.05019012716601023
2025-02-14,0.019854978320767325,0.0313182401198586,0.037577723497362346,0.018251731913817532,0.028188230602209433,0.0313065237098576,0.026013077517411137,0.043877196560016214,0.05019012716601023
2025-02-18,0.019854978320767325,0.0313182401198586,0.037577723497362346,0.018251731913817532,0.028188230602209433,0.0313065237098576,0.026013077517411137,0.043877196560016214,0.05019012716601023
2025-02-19,0.019854978320767325,0.0313182401198586,0.037577723497362346,0.018015168599300233,0.028188230602209433,0.0313065237098576,0.026013077517411137,0.043877196560016214,0.05019012716601023
2025-02-20,0.019854978320767325,0.0313182401198586,0.037577723497362346,0.018015168599300233,0.028188230602209433,0.0313065237098576,0.025315101065776023,0.043877196560016214,0.05019012716601023
2025-02-21,0.0209994019680668,0.0313182401198586,0.037577723497362346,0.018251731913817532,0.028188230602209433,0.0313065237098576,0.025315101065776023,0.043877196560016214,0.05019012716601023
2025-02-24,0.0209994019680668,0.0313182401198586,0.037577723497362346,0.018251731913817532,0.028188230602209433,0.0313065237098576,0.025315101065776023,0.043877196560016214,0.05019012716601023
2025-02-25,0.0209994019680668,0.0313182401198586,0.037577723497362346,0.018251731913817532,0.028188230602209433,0.0313065237098576,0.025315101065776023,0.043877196560016214,0.05019012716601023
2025-02-26,0.0209994019680668,0.0313182401198586,0.037577723497362346,0.018251731913817532,0.028188230602209433,0.0313065237098576,0.025315101065776023,0.043877196560016214,0.05019012716601023
2025-02-27,0.021627109613427096,0.0313182401198586,0.037577723497362346,0.018327783152617478,0.028188230602209433,0.0313065237098576,0.02542718715118238,0.043877196560016214,0.05019012716601023
2025-02-28,0.021627109613427096,0.0313182401198586,0.037577723497362346,0.018327783152617478,0.028188230602209433,0.0313065237098576,0.02542718715118238,0.043877196560016214,0.05019012716601023
2025-03-03,0.021984753919023065,0.03220042872143025,0.037577723497362346,0.01857366468164414,0.02902316669197182,0.03219771423593507,0.026053330910417557,0.043877196560016214,0.05019012716601023
2025-03-04,0.021984753919023065,0.03220042872143025,0.037577723497362346,0.01857366468164414,0.02902316669197182,0.03219771423593507,0.02542718715118238,0.043877196560016214,0.05019012716601023
2025-03-05,0.021984753919023065,0.03220042872143025,0.037577723497362346,0.01857366468164414,0.02902316669197182,0.03219771423593507,0.02542718715118238,0.043877196560016214,0.05019012716601023
2025-03-06,0.021984753919023065,0.03220042872143025,0.037577723497362346,0.018601265348600526,0.02902316669197182,0.03219771423593507,0.02542718715118238,0.043877196560016214,0.05019012716601023
2025-03-07,0.021984753919023065,0.03220042872143025,0.037577723497362346,0.01857366468164414,0.02902316669197182,0.03219771423593507,0.02542718715118238,0.043877196560016214,0.05019012716601023
2025-03-10,0.02274061237211078,0.035919097771052184,0.04107015617859505,0.018601265348600526,0.03014117014876715,0.03588524826643364,0.026053330910417557,0.04466637900840877,0.05019012716601023
2025-03-11,0.02274061237211078,0.035919097771052184,0.04107015617859505,0.018601265348600526,0.03014117014876715,0.03588524826643364,0.026053330910417557,0.04466637900840877,0.05019012716601023
2025-03-12,0.02274061237211078,0.035919097771052184,0.04107015617859505,0.018601265348600526,0.03014117014876715,0.03588524826643364,0.026053330910417557,0.04466637900840877,0.05019012716601023
2025-03-13,0.02274061237211078,0.035919097771052184,0.04107015617859505,0.019037413896855312,0.03014117014876715,0.03588524826643364,0.026053330910417557,0.04466637900840877,0.05019012716601023
2025-03-14,0.02274061237211078,0.035919097771052184,0.04107015617859505,0.019037413896855312,0.03014117014876715,0.03588524826643364,0.026053330910417557,0.04466637900840877,0.05019012716601023
2025-03-17,0.02274061237211078,0.035919097771052184,0.04107015617859505,0.019037413896855312,0.03014117014876715,0.03588524826643364,0.026053330910417557,0.04466637900840877,0.05019012716601023
2025-03-18,0.02274061237211078,0.035919097771052184,0.04107015617859505,0.019037413896855312,0.03014117014876715,0.03588524826643364,0.026053330910417557,0.04466637900840877,0.05019012716601023
2025-03-19,0.02274061237211078,0.035919097771052184,0.04107015617859505,0.019037413896855312,0.03014117014876715,0.03588524826643364,0.026053330910417557,0.04466637900840877,0.05019012716601023
2025-03-20,0.02274061237211078,0.035919097771052184,0.04107015617859505,0.019037413896855312,0.03014117014876715,0.03588524826643364,0.026053330910417557,0.04466637900840877,0.05019012716601023
2025-03-21,0.02274061237211078,0.035919097771052184,0.04107015617859505,0.019037413896855312,0.03014117014876715,0.03588524826643364,0.026053330910417557,0.04466637900840877,0.05019012716601023
2025-03-24,0.02274061237211078,0.035919097771052184,0.04107015617859505,0.019037413896855312,0.03014117014876715,0.03588524826643364,0.026053330910417557,0.04466637900840877,0.05019012716601023
2025-03-25,0.02274061237211078,0.035919097771052184,0.04107015617859505,0.019037413896855312,0.03014117014876715,0.03588524826643364,0.026053330910417557,0.04466637900840877,0.05019012716601023
2025-03-26,0.02274061237211078,0.035919097771052184,0.04107015617859505,0.019302917921458863,0.03014117014876715,0.03588524826643364,0.026053330910417557,0.04466637900840877,0.05019012716601023
2025-03-27,0.02274061237211078,0.035919097771052184,0.04107015617859505,0.019302917921458863,0.03014117014876715,0.03588524826643364,0.026053330910417557,0.04466637900840877,0.05019012716601023
2025-03-28,0.023314800643394886,0.035919097771052184,0.04107015617859505,0.019767710060135852,0.03014117014876715,0.03588524826643364,0.0265337455699279,0.04466637900840877,0.05019012716601023
2025-03-31,0.023314800643394886,0.035919097771052184,0.04107015617859505,0.019767710060135852,0.03014117014876715,0.03588524826643364,0.0265337455699279,0.04466637900840877,0.05019012716601023
2025-04-01,0.023314800643394886,0.035919097771052184,0.04107015617859505,0.019767710060135852,0.03014117014876715,0.03588524826643364,0.0265337455699279,0.04466637900840877,0.05019012716601023
2025-04-02,0.023314800643394886,0.035919097771052184,0.04107015617859505,0.019767710060135852,0.03014117014876715,0.03588524826643364,0.0265337455699279,0.04466637900840877,0.05019012716601023
2025-04-03,0.024520772696072477,0.04047507974951421,0.043874031205807906,0.019810317214530453,0.03192898017191245,0.04046293533259421,0.0265337455699279,0.04595713702449791,0.0507245727609879
2025-04-04,0.026053330910417588,0.04315726874681141,0.056816461031390375,0.020575026950299554,0.03253414730919479,0.04314264094152578,0.026820299923851477,0.047945067516705346,0.052308066187775885
2025-04-07,0.026053330910417588,0.04315726874681141,0.056816461031390375,0.020575026950299554,0.03253414730919479,0.04314264094152578,0.026820299923851477,0.047945067516705346,0.052308066187775885
2025-04-08,0.026053330910417588,0.04315726874681141,0.056816461031390375,0.020575026950299554,0.03253414730919479,0.04314264094152578,0.0265337455699279,0.047945067516705346,0.052308066187775885
2025-04-09,0.026053330910417588,0.04315726874681141,0.056816461031390375,0.020575026950299554,0.03253414730919479,0.04314264094152578,0.0265337455699279,0.047945067516705346,0.052308066187775885
2025-04-10,0.02681944098478549,0.04349084086757531,0.056816461031390375,0.021350846815058274,0.039260638057512516,0.04347961685944033,0.026820299923851477,0.047945067516705346,0.052308066187775885
2025-04-11,0.02681944098478549,0.04349084086757531,0.056816461031390375,0.021350846815058274,0.039260638057512516,0.04347961685944033,0.026820299923851477,0.047945067516705346,0.052308066187775885
2025-04-14,0.02681944098478549,0.04349084086757531,0.056816461031390375,0.021350846815058274,0.039260638057512516,0.04347961685944033,0.026820299923851477,0.047945067516705346,0.052308066187775885
2025-04-15,0.02681944098478549,0.04349084086757531,0.056816461031390375,0.021350846815058274,0.039260638057512516,0.04347961685944033,0.026820299923851477,0.047945067516705346,0.052308066187775885
2025-04-16,0.027527120654664946,0.04349084086757531,0.056816461031390375,0.021402428527243535,0.039260638057512516,0.04347961685944033,0.027067656784451808,0.047945067516705346,0.052308066187775885
2025-04-17,0.027527120654664946,0.04349084086757531,0.056816461031390375,0.021402428527243535,0.039260638057512516,0.04347961685944033,0.027067656784451808,0.047945067516705346,0.052308066187775885
2025-04-21,0.02806033006982802,0.04349084086757531,0.056816461031390375,0.021843452711722354,0.039260638057512516,0.04347961685944033,0.027067656784451808,0.047945067516705346,0.052308066187775885
2025-04-22,0.02806033006982802,0.04349084086757531,0.056816461031390375,0.021843452711722354,0.039260638057512516,0.04347961685944033,0.027067656784451808,0.047945067516705346,0.052308066187775885
2025-04-23,0.02806033006982802,0.04349084086757531,0.056816461031390375,0.021843452711722354,0.039260638057512516,0.04347961685944033,0.026820299923851477,0.047945067516705346,0.052308066187775885
2025-04-24,0.02806033006982802,0.04349084086757531,0.056816461031390375,0.021843452711722354,0.039260638057512516,0.04347961685944033,0.026820299923851477,0.047945067516705346,0.052308066187775885
2025-04-25,0.02806033006982802,0.04349084086757531,0.056816461031390375,0.021843452711722354,0.039260638057512516,0.04347961685944033,0.026820299923851477,0.047945067516705346,0.052308066187775885
2025-04-28,0.02806033006982802,0.04349084086757531,0.056816461031390375,0.021843452711722354,0.039260638057512516,0.04347961685944033,0.0265337455699279,0.04595713702449791,0.052308066187775885
2025-04-29,0.02806033006982802,0.04349084086757531,0.056816461031390375,0.021843452711722354,0.039260638057512516,0.04347961685944033,0.0265337455699279,0.04595713702449791,0.052308066187775885
2025-04-30,0.02806033006982802,0.04349084086757531,0.056816461031390375,0.021843452711722354,0.039260638057512516,0.04347961685944033,0.0265337455699279,0.04595713702449791,0.052308066187775885
2025-05-01,0.02806033006982802,0.04349084086757531,0.056816461031390375,0.021843452711722354,0.039260638057512516,0.04347961685944033,0.0265337455699279,0.04595713702449791,0.052308066187775885
2025-05-02,0.02806033006982802,0.04349084086757531,0.056816461031390375,0.021843452711722354,0.039260638057512516,0.04347961685944033,0.026053330910417557,0.04466637900840877,0.0507245727609879
2025-05-05,0.02806033006982802,0.04349084086757531,0.056816461031390375,0.021843452711722354,0.039260638057512516,0.04347961685944033,0.026053330910417557,0.04466637900840877,0.0507245727609879
2025-05-06,0.02806033006982802,0.04349084086757531,0.056816461031390375,0.021843452711722354,0.039260638057512516,0.04347961685944033,0.02542718715118238,0.043801611216411844,0.0507245727609879
2025-05-07,0.02806033006982802,0.04349084086757531,0.056816461031390375,0.021843452711722354,0.039260638057512516,0.04347961685944033,0.02542718715118238,0.043801611216411844,0.0507245727609879
2025-05-08,0.02806033006982802,0.04349084086757531,0.056816461031390375,0.021843452711722354,0.039260638057512516,0.04347961685944033,0.02528561190081138,0.043801611216411844,0.0507245727609879
2025-05-09,0.02806033006982802,0.04349084086757531,0.056816461031390375,0.021843452711722354,0.039260638057512516,0.04347961685944033,0.02528561190081138,0.043801611216411844,0.0507245727609879
2025-05-12,0.02806033006982802,0.04349084086757531,0.056816461031390375,0.021843452711722354,0.039260638057512516,0.04347961685944033,0.02528561190081138,0.043801611216411844,0.0507245727609879
2025-05-13,0.02806033006982802,0.04349084086757531,0.056816461031390375,0.021843452711722354,0.039260638057512516,0.04347961685944033,0.02528561190081138,0.043801611216411844,0.0507245727609879
2025-05-14,0.02806033006982802,0.04349084086757531,0.056816461031390375,0.021843452711722354,0.039260638057512516,0.04347961685944033,0.02528561190081138,0.043801611216411844,0.0507245727609879
2025-05-15,0.02806033006982802,0.04349084086757531,0.056816461031390375,0.021843452711722354,0.039260638057512516,0.04347961685944033,0.02505182324678676,0.04266944689067696,0.0479775049210621
2025-05-16,0.02806033006982802,0.04349084086757531,0.056816461031390375,0.021843452711722354,0.039260638057512516,0.04347961685944033,0.02505182324678676,0.04266944689067696,0.0479775049210621
2025-05-19,0.02806033006982802,0.04349084086757531,0.056816461031390375,0.021843452711722354,0.039260638057512516,0.04347961685944033,0.02505182324678676,0.04266944689067696,0.0479775049210621
2025-05-20,0.02806033006982802,0.04349084086757531,0.056816461031390375,0.021843452711722354,0.039260638057512516,0.04347961685944033,0.02505182324678676,0.04266944689067696,0.0479775049210621
2025-05-21,0.02806033006982802,0.04349084086757531,0.056816461031390375,0.021843452711722354,0.039260638057512516,0.04347961685944033,0.02505182324678676,0.04266944689067696,0.0479775049210621
2025-05-22,0.02806033006982802,0.04349084086757531,0.056816461031390375,0.021843452711722354,0.039260638057512516,0.04347961685944033,0.02505182324678676,0.04266944689067696,0.0479775049210621
2025-05-23,0.02806033006982802,0.04349084086757531,0.056816461031390375,0.021843452711722354,0.039260638057512516,0.04347961685944033,0.02505182324678676,0.04266944689067696,0.0479775049210621
2025-05-27,0.02806033006982802,0.04349084086757531,0.056816461031390375,0.021843452711722354,0.039260638057512516,0.04347961685944033,0.02505182324678676,0.04266944689067696,0.0479775049210621
2025-05-28,0.02806033006982802,0.04349084086757531,0.056816461031390375,0.021843452711722354,0.039260638057512516,0.04347961685944033,0.02505182324678676,0.04266944689067696,0.0479775049210621
2025-05-29,0.02806033006982802,0.04349084086757531,0.056816461031390375,0.021843452711722354,0.039260638057512516,0.04347961685944033,0.02505182324678676,0.04266944689067696,0.0479775049210621
2025-05-30,0.02806033006982802,0.04349084086757531,0.056816461031390375,0.021843452711722354,0.039260638057512516,0.04347961685944033,0.02505182324678676,0.04266944689067696,0.0479775049210621
2025-06-02,0.02806033006982802,0.04349084086757531,0.056816461031390375,0.021843452711722354,0.039260638057512516,0.04347961685944033,0.024899396548807098,0.04266944689067696,0.0479775049210621
2025-06-03,0.02806033006982802,0.04349084086757531,0.056816461031390375,0.021843452711722354,0.039260638057512516,0.04347961685944033,0.024899396548807098,0.04266944689067696,0.0479775049210621
2025-06-04,0.02806033006982802,0.04349084086757531,0.056816461031390375,0.021843452711722354,0.039260638057512516,0.04347961685944033,0.024899396548807098,0.04266944689067696,0.0479775049210621
2025-06-05,0.02806033006982802,0.04349084086757531,0.056816461031390375,0.021843452711722354,0.039260638057512516,0.04347961685944033,0.024899396548807098,0.04266944689067696,0.0479775049210621
2025-06-06,0.02806033006982802,0.04349084086757531,0.056816461031390375,0.021843452711722354,0.039260638057512516,0.04347961685944033,0.024788394423058527,0.04266944689067696,0.0479775049210621
2025-06-09,0.02806033006982802,0.04349084086757531,0.056816461031390375,0.021843452711722354,0.039260638057512516,0.04347961685944033,0.024406249309185474,0.042012419917042396,0.0479775049210621
2025-06-10,0.02806033006982802,0.04349084086757531,0.056816461031390375,0.021843452711722354,0.039260638057512516,0.04347961685944033,0.02408136655054557,0.04058219631243295,0.04534806862269466
2025-06-11,0.02806033006982802,0.04349084086757531,0.056816461031390375,0.021843452711722354,0.039260638057512516,0.04347961685944033,0.02408136655054557,0.04058219631243295,0.04534806862269466
2025-06-12,0.02806033006982802,0.04349084086757531,0.056816461031390375,0.021843452711722354,0.039260638057512516,0.04347961685944033,0.02408136655054557,0.04058219631243295,0.04534806862269466
2025-06-13,0.02806033006982802,0.04349084086757531,0.056816461031390375,0.021843452711722354,0.039260638057512516,0.04347961685944033,0.023868926533348406,0.04047507974951421,0.04534806862269466
2025-06-16,0.02806033006982802,0.04349084086757531,0.056816461031390375,0.021843452711722354,0.039260638057512516,0.04347961685944033,0.023868926533348406,0.04047507974951421,0.04534806862269466
2025-06-17,0.02806033006982802,0.04349084086757531,0.056816461031390375,0.021843452711722354,0.039260638057512516,0.04347961685944033,0.023868926533348406,0.04047507974951421,0.04534806862269466
2025-06-18,0.02806033006982802,0.04349084086757531,0.056816461031390375,0.021843452711722354,0.039260638057512516,0.04347961685944033,0.023868926533348406,0.04047507974951421,0.04534806862269466
2025-06-20,0.02806033006982802,0.04349084086757531,0.056816461031390375,0.021843452711722354,0.039260638057512516,0.04347961685944033,0.023868926533348406,0.04047507974951421,0.04534806862269466
2025-06-23,0.02806033006982802,0.04349084086757531,0.056816461031390375,0.021843452711722354,0.039260638057512516,0.04347961685944033,0.023868926533348406,0.04047507974951421,0.04534806862269466
2025-06-24,0.02806033006982802,0.04349084086757531,0.056816461031390375,0.021843452711722354,0.039260638057512516,0.04347961685944033,0.023868926533348406,0.04047507974951421,0.04534806862269466
2025-06-25,0.02806033006982802,0.04349084086757531,0.056816461031390375,0.021843452711722354,0.039260638057512516,0.04347961685944033,0.023606652219818697,0.04047507974951421,0.04534806862269466
2025-06-26,0.02806033006982802,0.04349084086757531,0.056816461031390375,0.021843452711722354,0.039260638057512516,0.04347961685944033,0.023606652219818697,0.04047507974951421,0.04534806862269466
2025-06-27,0.02806033006982802,0.04349084086757531,0.056816461031390375,0.021843452711722354,0.039260638057512516,0.04347961685944033,0.023606652219818697,0.04047507974951421,0.04534806862269466
2025-06-30,0.02806033006982802,0.04349084086757531,0.056816461031390375,0.021843452711722354,0.039260638057512516,0.04347961685944033,0.023606652219818697,0.04047507974951421,0.04534806862269466
2025-07-01,0.02806033006982802,0.04349084086757531,0.056816461031390375,0.021843452711722354,0.039260638057512516,0.04347961685944033,0.023606652219818697,0.04047507974951421,0.04534806862269466
2025-07-02,0.02806033006982802,0.04349084086757531,0.056816461031390375,0.021843452711722354,0.039260638057512516,0.04347961685944033,0.023606652219818697,0.04047507974951421,0.04534806862269466
2025-07-03,0.02806033006982802,0.04349084086757531,0.056816461031390375,0.021843452711722354,0.039260638057512516,0.04347961685944033,0.023606652219818697,0.04047507974951421,0.04534806862269466
2025-07-07,0.02806033006982802,0.04349084086757531,0.056816461031390375,0.021843452711722354,0.039260638057512516,0.04347961685944033,0.023606652219818697,0.04047507974951421,0.04534806862269466
2025-07-08,0.02806033006982802,0.04349084086757531,0.056816461031390375,0.021843452711722354,0.039260638057512516,0.04347961685944033,0.023530287063462347,0.04047507974951421,0.04534806862269466
2025-07-09,0.02806033006982802,0.04349084086757531,0.056816461031390375,0.021843452711722354,0.039260638057512516,0.04347961685944033,0.023530287063462347,0.04047507974951421,0.04534806862269466
2025-07-10,0.02806033006982802,0.04349084086757531,0.056816461031390375,0.021843452711722354,0.039260638057512516,0.04347961685944033,0.023530287063462347,0.04047507974951421,0.04534806862269466
2025-07-11,0.027527120654664946,0.04349084086757531,0.056816461031390375,0.021843452711722354,0.039260638057512516,0.04347961685944033,0.023530287063462347,0.04047507974951421,0.04534806862269466
2025-07-14,0.027527120654664946,0.04349084086757531,0.056816461031390375,0.021843452711722354,0.039260638057512516,0.04347961685944033,0.023530287063462347,0.04047507974951421,0.04534806862269466
2025-07-15,0.027527120654664946,0.04349084086757531,0.056816461031390375,0.021843452711722354,0.039260638057512516,0.04347961685944033,0.023530287063462347,0.04047507974951421,0.04534806862269466
2025-07-16,0.027527120654664946,0.04349084086757531,0.056816461031390375,0.021843452711722354,0.039260638057512516,0.04347961685944033,0.023530287063462347,0.04047507974951421,0.04534806862269466
2025-07-17,0.027527120654664946,0.04349084086757531,0.056816461031390375,0.021843452711722354,0.039260638057512516,0.04347961685944033,0.023530287063462347,0.04047507974951421,0.04534806862269466
2025-07-18,0.027527120654664946,0.04349084086757531,0.056816461031390375,0.021402428527243535,0.039260638057512516,0.04347961685944033,0.023530287063462347,0.04047507974951421,0.04534806862269466
2025-07-21,0.027527120654664946,0.04349084086757531,0.056816461031390375,0.021402428527243535,0.039260638057512516,0.04347961685944033,0.023530287063462347,0.04047507974951421,0.04534806862269466
2025-07-22,0.027527120654664946,0.04349084086757531,0.056816461031390375,0.021402428527243535,0.039260638057512516,0.04347961685944033,0.023530287063462347,0.04047507974951421,0.04534806862269466
2025-07-23,0.027527120654664946,0.04349084086757531,0.056816461031390375,0.021402428527243535,0.039260638057512516,0.04347961685944033,0.023424681742777478,0.04047507974951421,0.04534806862269466
2025-07-24,0.02681944098478549,0.04349084086757531,0.056816461031390375,0.021402428527243535,0.039260638057512516,0.04347961685944033,0.023424681742777478,0.04047507974951421,0.04534806862269466
2025-07-25,0.02681944098478549,0.04349084086757531,0.056816461031390375,0.021402428527243535,0.039260638057512516,0.04347961685944033,0.023424681742777478,0.04047507974951421,0.04534806862269466
2025-07-28,0.02681944098478549,0.04349084086757531,0.056816461031390375,0.021402428527243535,0.039260638057512516,0.04347961685944033,0.023424681742777478,0.04047507974951421,0.04534806862269466
2025-07-29,0.02681944098478549,0.04349084086757531,0.056816461031390375,0.021402428527243535,0.039260638057512516,0.04347961685944033,0.023424681742777478,0.04047507974951421,0.04534806862269466
2025-07-30,0.02681944098478549,0.04349084086757531,0.056816461031390375,0.021402428527243535,0.039260638057512516,0.04347961685944033,0.023424681742777478,0.04047507974951421,0.04534806862269466
2025-07-31,0.02681944098478549,0.04349084086757531,0.056816461031390375,0.021350846815058274,0.039260638057512516,0.04347961685944033,0.023424681742777478,0.04047507974951421,0.04534806862269466
2025-08-01,0.027527120654664946,0.04349084086757531,0.056816461031390375,0.021402428527243535,0.039260638057512516,0.04347961685944033,0.023530287063462347,0.04047507974951421,0.04534806862269466
2025-08-04,0.027527120654664946,0.04349084086757531,0.056816461031390375,0.021402428527243535,0.039260638057512516,0.04347961685944033,0.023530287063462347,0.04047507974951421,0.04534806862269466
2025-08-05,0.02681944098478549,0.04349084086757531,0.056816461031390375,0.021402428527243535,0.039260638057512516,0.04347961685944033,0.023530287063462347,0.04047507974951421,0.04534806862269466
2025-08-06,0.02681944098478549,0.04349084086757531,0.056816461031390375,0.021402428527243535,0.039260638057512516,0.04347961685944033,0.023530287063462347,0.04047507974951421,0.04534806862269466
2025-08-07,0.02681944098478549,0.04349084086757531,0.056816461031390375,0.021402428527243535,0.039260638057512516,0.04347961685944033,0.023530287063462347,0.04047507974951421,0.04534806862269466
2025-08-08,0.02681944098478549,0.04349084086757531,0.056816461031390375,0.021402428527243535,0.039260638057512516,0.04347961685944033,0.023530287063462347,0.04047507974951421,0.04534806862269466
2025-08-11,0.02681944098478549,0.04349084086757531,0.056816461031390375,0.021402428527243535,0.039260638057512516,0.04347961685944033,0.023530287063462347,0.04047507974951421,0.04534806862269466
2025-08-12,0.02681944098478549,0.04349084086757531,0.056816461031390375,0.021402428527243535,0.039260638057512516,0.04347961685944033,0.023530287063462347,0.04047507974951421,0.04534806862269466
2025-08-13,0.02681944098478549,0.04349084086757531,0.056816461031390375,0.021402428527243535,0.039260638057512516,0.04347961685944033,0.023530287063462347,0.04047507974951421,0.04534806862269466
2025-08-14,0.02681944098478549,0.04349084086757531,0.056816461031390375,0.021402428527243535,0.039260638057512516,0.04347961685944033,0.023530287063462347,0.04047507974951421,0.04534806862269466
2025-08-15,0.02681944098478549,0.04349084086757531,0.056816461031390375,0.021402428527243535,0.039260638057512516,0.04347961685944033,0.023530287063462347,0.04047507974951421,0.04534806862269466
2025-08-18,0.02681944098478549,0.04349084086757531,0.056816461031390375,0.021402428527243535,0.039260638057512516,0.04347961685944033,0.023480420904405625,0.04047507974951421,0.04534806862269466
2025-08-19,0.02681944098478549,0.04349084086757531,0.056816461031390375,0.021402428527243535,0.039260638057512516,0.04347961685944033,0.023314800643394886,0.04047507974951421,0.04534806862269466
2025-08-20,0.02681944098478549,0.04349084086757531,0.056816461031390375,0.021402428527243535,0.039260638057512516,0.04347961685944033,0.023314800643394886,0.04047507974951421,0.04534806862269466
2025-08-21,0.02681944098478549,0.04349084086757531,0.056816461031390375,0.021402428527243535,0.039260638057512516,0.04347961685944033,0.023314800643394886,0.04047507974951421,0.04534806862269466
2025-08-22,0.02681944098478549,0.04349084086757531,0.056816461031390375,0.021402428527243535,0.039260638057512516,0.04347961685944033,0.023314800643394886,0.04047507974951421,0.04534806862269466
2025-08-25,0.02681944098478549,0.04349084086757531,0.056816461031390375,0.021402428527243535,0.039260638057512516,0.04347961685944033,0.022868469561287175,0.03703025363526373,0.04462858633660659
2025-08-26,0.02681944098478549,0.04349084086757531,0.056816461031390375,0.021402428527243535,0.039260638057512516,0.04347961685944033,0.022868469561287175,0.03703025363526373,0.04462858633660659
2025-08-27,0.02681944098478549,0.04349084086757531,0.056816461031390375,0.021402428527243535,0.039260638057512516,0.04347961685944033,0.022868469561287175,0.03703025363526373,0.04462858633660659
2025-08-28,0.02681944098478549,0.04349084086757531,0.056816461031390375,0.021402428527243535,0.039260638057512516,0.04347961685944033,0.022868469561287175,0.03703025363526373,0.04462858633660659
2025-08-29,0.02681944098478549,0.04349084086757531,0.056816461031390375,0.021402428527243535,0.039260638057512516,0.04347961685944033,0.022868469561287175,0.03703025363526373,0.04462858633660659
2025-09-02,0.02681944098478549,0.04349084086757531,0.056816461031390375,0.021402428527243535,0.039260638057512516,0.04347961685944033,0.022868469561287175,0.03703025363526373,0.04462858633660659
2025-09-03,0.026053330910417588,0.04349084086757531,0.056816461031390375,0.021402428527243535,0.039260638057512516,0.04347961685944033,0.022868469561287175,0.03703025363526373,0.04462858633660659
2025-09-04,0.026053330910417588,0.04349084086757531,0.056816461031390375,0.021402428527243535,0.039260638057512516,0.04347961685944033,0.022868469561287175,0.03703025363526373,0.04462858633660659
2025-09-05,0.026053330910417588,0.04349084086757531,0.056816461031390375,0.021402428527243535,0.039260638057512516,0.04347961685944033,0.022868469561287175,0.03703025363526373,0.04462858633660659
2025-09-08,0.024520772696072477,0.04349084086757531,0.056816461031390375,0.021402428527243535,0.039260638057512516,0.04347961685944033,0.022868469561287175,0.03703025363526373,0.04462858633660659
2025-09-09,0.024520772696072477,0.04349084086757531,0.056816461031390375,0.021402428527243535,0.039260638057512516,0.04347961685944033,0.022868469561287175,0.03703025363526373,0.04462858633660659
2025-09-10,0.024520772696072477,0.04349084086757531,0.056816461031390375,0.021402428527243535,0.039260638057512516,0.04347961685944033,0.022287004927898195,0.03456796052146305,0.0429184164526908
2025-09-11,0.024520772696072477,0.04349084086757531,0.056816461031390375,0.021402428527243535,0.039260638057512516,0.04347961685944033,0.022287004927898195,0.03456796052146305,0.0429184164526908
2025-09-12,0.024520772696072477,0.04349084086757531,0.056816461031390375,0.021402428527243535,0.039260638057512516,0.04347961685944033,0.022287004927898195,0.03456796052146305,0.0429184164526908
2025-09-15,0.024520772696072477,0.04349084086757531,0.056816461031390375,0.021402428527243535,0.039260638057512516,0.04347961685944033,0.022287004927898195,0.03456796052146305,0.0429184164526908
2025-09-16,0.024520772696072477,0.04349084086757531,0.056816461031390375,0.021402428527243535,0.039260638057512516,0.04347961685944033,0.022287004927898195,0.03456796052146305,0.0429184164526908
2025-09-17,0.024520772696072477,0.04349084086757531,0.056816461031390375,0.021402428527243535,0.039260638057512516,0.04347961685944033,0.022287004927898195,0.03456796052146305,0.0429184164526908
2025-09-18,0.024520772696072477,0.04349084086757531,0.056816461031390375,0.021402428527243535,0.039260638057512516,0.04347961685944033,0.022287004927898195,0.03456796052146305,0.0429184164526908
2025-09-19,0.024520772696072477,0.04349084086757531,0.056816461031390375,0.021402428527243535,0.039260638057512516,0.04347961685944033,0.022287004927898195,0.03456796052146305,0.0429184164526908
2025-09-22,0.024520772696072477,0.04349084086757531,0.056816461031390375,0.021402428527243535,0.039260638057512516,0.04347961685944033,0.022287004927898195,0.03456796052146305,0.0429184164526908
2025-09-23,0.024520772696072477,0.04349084086757531,0.056816461031390375,0.021402428527243535,0.039260638057512516,0.04347961685944033,0.022287004927898195,0.03456796052146305,0.0429184164526908
2025-09-24,0.024520772696072477,0.04349084086757531,0.056816461031390375,0.021402428527243535,0.039260638057512516,0.04347961685944033,0.022287004927898195,0.03456796052146305,0.0429184164526908
2025-09-25,0.024520772696072477,0.04349084086757531,0.056816461031390375,0.021402428527243535,0.039260638057512516,0.04347961685944033,0.022287004927898195,0.03456796052146305,0.0429184164526908
2025-09-26,0.024520772696072477,0.04349084086757531,0.056816461031390375,0.021402428527243535,0.039260638057512516,0.04347961685944033,0.022134915035443077,0.03456796052146305,0.0429184164526908
2025-09-29,0.024520772696072477,0.04349084086757531,0.056816461031390375,0.021402428527243535,0.039260638057512516,0.04347961685944033,0.022134915035443077,0.03456796052146305,0.0429184164526908
2025-09-30,0.024520772696072477,0.04349084086757531,0.056816461031390375,0.021402428527243535,0.039260638057512516,0.04347961685944033,0.022134915035443077,0.03456796052146305,0.0429184164526908
2025-10-01,0.024520772696072477,0.04349084086757531,0.056816461031390375,0.021402428527243535,0.039260638057512516,0.04347961685944033,0.022134915035443077,0.03456796052146305,0.0429184164526908
2025-10-02,0.024520772696072477,0.04349084086757531,0.056816461031390375,0.021402428527243535,0.039260638057512516,0.04347961685944033,0.022134915035443077,0.03456796052146305,0.0429184164526908
2025-10-03,0.024520772696072477,0.04349084086757531,0.056816461031390375,0.021402428527243535,0.039260638057512516,0.04347961685944033,0.022134915035443077,0.03456796052146305,0.0429184164526908
2025-10-06,0.024520772696072477,0.04349084086757531,0.056816461031390375,0.021402428527243535,0.039260638057512516,0.04347961685944033,0.022048758538177518,0.03436692586100742,0.04183882626235915
2025-10-07,0.024520772696072477,0.04349084086757531,0.056816461031390375,0.021402428527243535,0.039260638057512516,0.04347961685944033,0.022048758538177518,0.03436692586100742,0.04183882626235915
2025-10-08,0.024520772696072477,0.04349084086757531,0.056816461031390375,0.021402428527243535,0.039260638057512516,0.04347961685944033,0.022048758538177518,0.03436692586100742,0.04183882626235915
2025-10-09,0.024520772696072477,0.04349084086757531,0.056816461031390375,0.021402428527243535,0.039260638057512516,0.04347961685944033,0.022048758538177518,0.03436692586100742,0.04183882626235915
2025-10-10,0.026340076139689177,0.04349084086757531,0.056816461031390375,0.021843452711722354,0.039260638057512516,0.04347961685944033,0.022134915035443077,0.03436692586100742,0.04183882626235915
2025-10-13,0.026340076139689177,0.04349084086757531,0.056816461031390375,0.021843452711722354,0.039260638057512516,0.04347961685944033,0.022048758538177518,0.03436692586100742,0.04183882626235915
2025-10-14,0.026340076139689177,0.04349084086757531,0.056816461031390375,0.021843452711722354,0.039260638057512516,0.04347961685944033,0.022048758538177518,0.03436692586100742,0.04183882626235915
2025-10-15,0.026340076139689177,0.04349084086757531,0.056816461031390375,0.021843452711722354,0.039260638057512516,0.04347961685944033,0.022048758538177518,0.03436692586100742,0.04183882626235915
2025-10-16,0.026340076139689177,0.04349084086757531,0.056816461031390375,0.021843452711722354,0.039260638057512516,0.04347961685944033,0.022048758538177518,0.03436692586100742,0.04183882626235915
2025-10-17,0.026340076139689177,0.04349084086757531,0.056816461031390375,0.021843452711722354,0.039260638057512516,0.04347961685944033,0.022048758538177518,0.03436692586100742,0.04183882626235915
2025-10-20,0.026340076139689177,0.04349084086757531,0.056816461031390375,0.021843452711722354,0.039260638057512516,0.04347961685944033,0.022048758538177518,0.03436692586100742,0.04183882626235915
2025-10-21,0.026340076139689177,0.04349084086757531,0.056816461031390375,0.021843452711722354,0.039260638057512516,0.04347961685944033,0.022048758538177518,0.03436692586100742,0.04183882626235915
2025-10-22,0.026340076139689177,0.04349084086757531,0.056816461031390375,0.021843452711722354,0.039260638057512516,0.04347961685944033,0.022048758538177518,0.03436692586100742,0.04183882626235915
2025-10-23,0.026340076139689177,0.04349084086757531,0.056816461031390375,0.021402428527243535,0.039260638057512516,0.04347961685944033,0.021907550458847735,0.0341766720997301,0.04183882626235915
2025-10-24,0.026340076139689177,0.04349084086757531,0.056816461031390375,0.021350846815058274,0.039260638057512516,0.04347961685944033,0.021627109613427085,0.0341766720997301,0.04183882626235915
2025-10-27,0.026340076139689177,0.04349084086757531,0.056816461031390375,0.021350846815058274,0.039260638057512516,0.04347961685944033,0.021627109613427085,0.0341766720997301,0.04183882626235915
2025-10-28,0.026340076139689177,0.04349084086757531,0.056816461031390375,0.021350846815058274,0.039260638057512516,0.04347961685944033,0.021627109613427085,0.0341766720997301,0.04183882626235915
2025-10-29,0.026340076139689177,0.04349084086757531,0.056816461031390375,0.021350846815058274,0.039260638057512516,0.04347961685944033,0.021627109613427085,0.0341766720997301,0.04183882626235915
2025-10-30,0.026340076139689177,0.04349084086757531,0.056816461031390375,0.021350846815058274,0.039260638057512516,0.04347961685944033,0.021366169764304024,0.0341766720997301,0.04183882626235915
2025-10-31,0.024520772696072477,0.04349084086757531,0.056816461031390375,0.021350846815058274,0.039260638057512516,0.04347961685944033,0.021366169764304024,0.0341766720997301,0.04183882626235915
2025-11-03,0.024520772696072477,0.04349084086757531,0.056816461031390375,0.021350846815058274,0.039260638057512516,0.04347961685944033,0.021366169764304024,0.0341766720997301,0.04183882626235915
2025-11-04,0.024520772696072477,0.04349084086757531,0.056816461031390375,0.021350846815058274,0.039260638057512516,0.04347961685944033,0.021366169764304024,0.0341766720997301,0.04183882626235915
2025-11-05,0.024520772696072477,0.04349084086757531,0.056816461031390375,0.021350846815058274,0.039260638057512516,0.04347961685944033,0.021366169764304024,0.0341766720997301,0.04183882626235915
2025-11-06,0.024520772696072477,0.04349084086757531,0.056816461031390375,0.021350846815058274,0.039260638057512516,0.04347961685944033,0.020982546723896454,0.0341766720997301,0.04183882626235915
2025-11-07,0.024520772696072477,0.04349084086757531,0.056816461031390375,0.021350846815058274,0.039260638057512516,0.04347961685944033,0.020982546723896454,0.0341766720997301,0.04183882626235915
2025-11-10,0.024520772696072477,0.04349084086757531,0.056816461031390375,0.021350846815058274,0.039260638057512516,0.04347961685944033,0.020982546723896454,0.0341766720997301,0.04183882626235915
2025-11-11,0.024520772696072477,0.04349084086757531,0.056816461031390375,0.021350846815058274,0.039260638057512516,0.04347961685944033,0.020982546723896454,0.0341766720997301,0.04183882626235915
2025-11-12,0.024520772696072477,0.04349084086757531,0.056816461031390375,0.021350846815058274,0.039260638057512516,0.04347961685944033,0.020982546723896454,0.0341766720997301,0.04183882626235915
2025-11-13,0.024520772696072477,0.04349084086757531,0.056816461031390375,0.021350846815058274,0.039260638057512516,0.04347961685944033,0.02133974502293754,0.0341766720997301,0.04183882626235915
2025-11-14,0.024520772696072477,0.04349084086757531,0.056816461031390375,0.021350846815058274,0.039260638057512516,0.04347961685944033,0.02133974502293754,0.0341766720997301,0.04183882626235915
2025-11-17,0.024520772696072477,0.04349084086757531,0.056816461031390375,0.021350846815058274,0.039260638057512516,0.04347961685944033,0.02133974502293754,0.0341766720997301,0.04183882626235915
2025-11-18,0.024520772696072477,0.04349084086757531,0.056816461031390375,0.021350846815058274,0.039260638057512516,0.04347961685944033,0.02133974502293754,0.0341766720997301,0.04183882626235915
2025-11-19,0.024520772696072477,0.04349084086757531,0.056816461031390375,0.021350846815058274,0.039260638057512516,0.04347961685944033,0.02133974502293754,0.0341766720997301,0.04183882626235915
2025-11-20,0.024520772696072477,0.04349084086757531,0.056816461031390375,0.021350846815058274,0.039260638057512516,0.04347961685944033,0.02133974502293754,0.0341766720997301,0.04183882626235915
2025-11-21,0.024520772696072477,0.04349084086757531,0.056816461031390375,0.021350846815058274,0.039260638057512516,0.04347961685944033,0.02133974502293754,0.0341766720997301,0.04183882626235915
2025-11-24,0.024520772696072477,0.04349084086757531,0.056816461031390375,0.021350846815058274,0.039260638057512516,0.04347961685944033,0.02133974502293754,0.0341766720997301,0.04183882626235915
2025-11-25,0.024520772696072477,0.04349084086757531,0.056816461031390375,0.021350846815058274,0.039260638057512516,0.04347961685944033,0.02133974502293754,0.0341766720997301,0.04183882626235915
2025-11-26,0.024520772696072477,0.04349084086757531,0.056816461031390375,0.021350846815058274,0.039260638057512516,0.04347961685944033,0.02133974502293754,0.0341766720997301,0.04183882626235915
2025-11-28,0.024520772696072477,0.04349084086757531,0.056816461031390375,0.021350846815058274,0.039260638057512516,0.04347961685944033,0.02133974502293754,0.0341766720997301,0.04183882626235915
2025-12-01,0.024520772696072477,0.04349084086757531,0.056816461031390375,0.021350846815058274,0.039260638057512516,0.04347961685944033,0.02133974502293754,0.0341766720997301,0.04183882626235915
2025-12-02,0.024520772696072477,0.04349084086757531,0.056816461031390375,0.021350846815058274,0.039260638057512516,0.04347961685944033,0.02133974502293754,0.0341766720997301,0.04183882626235915
2025-12-03,0.024520772696072477,0.04349084086757531,0.056816461031390375,0.021350846815058274,0.039260638057512516,0.04347961685944033,0.020970850671767814,0.0341766720997301,0.04183882626235915
2025-12-04,0.024520772696072477,0.04349084086757531,0.056816461031390375,0.021350846815058274,0.039260638057512516,0.04347961685944033,0.020970850671767814,0.0341766720997301,0.04183882626235915
2025-12-05,0.024520772696072477,0.04349084086757531,0.056816461031390375,0.021350846815058274,0.039260638057512516,0.04347961685944033,0.020970850671767814,0.0341766720997301,0.04183882626235915
2025-12-08,0.024520772696072477,0.04349084086757531,0.056816461031390375,0.021350846815058274,0.039260638057512516,0.04347961685944033,0.020970850671767814,0.0341766720997301,0.04183882626235915
2025-12-09,0.024520772696072477,0.04349084086757531,0.056816461031390375,0.021350846815058274,0.039260638057512516,0.04347961685944033,0.020970850671767814,0.0341766720997301,0.04183882626235915
2025-12-10,0.024520772696072477,0.04349084086757531,0.056816461031390375,0.021350846815058274,0.039260638057512516,0.04347961685944033,0.020970850671767814,0.0341766720997301,0.04183882626235915
2025-12-11,0.024520772696072477,0.04349084086757531,0.056816461031390375,0.021350846815058274,0.039260638057512516,0.04347961685944033,0.020970850671767814,0.0341766720997301,0.04183882626235915
2025-12-12,0.024520772696072477,0.04349084086757531,0.056816461031390375,0.021350846815058274,0.039260638057512516,0.04347961685944033,0.020191347613693303,0.033562839785700585,0.04183882626235915
2025-12-15,0.024520772696072477,0.04349084086757531,0.056816461031390375,0.021350846815058274,0.039260638057512516,0.04347961685944033,0.020191347613693303,0.033562839785700585,0.04183882626235915
2025-12-16,0.024520772696072477,0.04349084086757531,0.056816461031390375,0.021350846815058274,0.039260638057512516,0.04347961685944033,0.020191347613693303,0.033562839785700585,0.04183882626235915
2025-12-17,0.024520772696072477,0.04349084086757531,0.056816461031390375,0.021350846815058274,0.039260638057512516,0.04347961685944033,0.020191347613693303,0.033562839785700585,0.04183882626235915
2025-12-18,0.022457245352332955,0.04349084086757531,0.056816461031390375,0.021350846815058274,0.039260638057512516,0.04347961685944033,0.020191347613693303,0.033562839785700585,0.04183882626235915
2025-12-19,0.022457245352332955,0.04349084086757531,0.056816461031390375,0.021350846815058274,0.039260638057512516,0.04347961685944033,0.019770080646703405,0.033222756640282014,0.04183882626235915
2025-12-22,0.022457245352332955,0.04349084086757531,0.056816461031390375,0.021350846815058274,0.039260638057512516,0.04347961685944033,0.019770080646703405,0.033222756640282014,0.04183882626235915
2025-12-23,0.022457245352332955,0.04349084086757531,0.056816461031390375,0.021350846815058274,0.039260638057512516,0.04347961685944033,0.019547420595153714,0.033222756640282014,0.04183882626235915
2025-12-24,0.022457245352332955,0.04349084086757531,0.056816461031390375,0.021350846815058274,0.039260638057512516,0.04347961685944033,0.019547420595153714,0.033222756640282014,0.04183882626235915
2025-12-26,0.022457245352332955,0.04349084086757531,0.056816461031390375,0.021350846815058274,0.039260638057512516,0.04347961685944033,0.019547420595153714,0.033222756640282014,0.04183882626235915
2025-12-29,0.022457245352332955,0.04349084086757531,0.056816461031390375,0.021350846815058274,0.039260638057512516,0.04347961685944033,0.019547420595153714,0.033222756640282014,0.04183882626235915
2025-12-30,0.022457245352332955,0.04349084086757531,0.056816461031390375,0.021350846815058274,0.039260638057512516,0.04347961685944033,0.019547420595153714,0.033222756640282014,0.04183882626235915
2025-12-31,0.022457245352332955,0.04349084086757531,0.056816461031390375,0.021350846815058274,0.039260638057512516,0.04347961685944033,0.019547420595153714,0.033222756640282014,0.04183882626235915
2026-01-02,0.022457245352332955,0.04349084086757531,0.056816461031390375,0.021350846815058274,0.039260638057512516,0.04347961685944033,0.019547420595153714,0.033222756640282014,0.04183882626235915
2026-01-05,0.022457245352332955,0.04349084086757531,0.056816461031390375,0.021350846815058274,0.039260638057512516,0.04347961685944033,0.019547420595153714,0.033222756640282014,0.04183882626235915
2026-01-06,0.022457245352332955,0.04349084086757531,0.056816461031390375,0.021350846815058274,0.039260638057512516,0.04347961685944033,0.019547420595153714,0.033222756640282014,0.04183882626235915
2026-01-07,0.022457245352332955,0.04349084086757531,0.056816461031390375,0.021350846815058274,0.039260638057512516,0.04347961685944033,0.019547420595153714,0.033222756640282014,0.04183882626235915
2026-01-08,0.022457245352332955,0.04349084086757531,0.056816461031390375,0.021350846815058274,0.039260638057512516,0.04347961685944033,0.019547420595153714,0.033222756640282014,0.04183882626235915
2026-01-09,0.022457245352332955,0.04349084086757531,0.056816461031390375,0.021350846815058274,0.039260638057512516,0.04347961685944033,0.019547420595153714,0.033222756640282014,0.04183882626235915
2026-01-12,0.022457245352332955,0.04349084086757531,0.056816461031390375,0.021350846815058274,0.039260638057512516,0.04347961685944033,0.019547420595153714,0.033222756640282014,0.04183882626235915
2026-01-13,0.022457245352332955,0.04349084086757531,0.056816461031390375,0.021350846815058274,0.039260638057512516,0.04347961685944033,0.019547420595153714,0.033222756640282014,0.04183882626235915
2026-01-14,0.022457245352332955,0.04349084086757531,0.056816461031390375,0.021350846815058274,0.039260638057512516,0.04347961685944033,0.019547420595153714,0.033222756640282014,0.04183882626235915
2026-01-15,0.022457245352332955,0.04349084086757531,0.056816461031390375,0.021350846815058274,0.039260638057512516,0.04347961685944033,0.019547420595153714,0.033222756640282014,0.04183882626235915
2026-01-16,0.022457245352332955,0.04349084086757531,0.056816461031390375,0.021350846815058274,0.039260638057512516,0.04347961685944033,0.019547420595153714,0.033222756640282014,0.04183882626235915
2026-01-20,0.024520772696072477,0.04349084086757531,0.056816461031390375,0.021402428527243535,0.039260638057512516,0.04347961685944033,0.019770080646703405,0.033222756640282014,0.04183882626235915
2026-01-21,0.024520772696072477,0.04349084086757531,0.056816461031390375,0.021402428527243535,0.039260638057512516,0.04347961685944033,0.019770080646703405,0.033222756640282014,0.04183882626235915
2026-01-22,0.024520772696072477,0.04349084086757531,0.056816461031390375,0.021402428527243535,0.039260638057512516,0.04347961685944033,0.019770080646703405,0.033222756640282014,0.04183882626235915
2026-01-23,0.024520772696072477,0.04349084086757531,0.056816461031390375,0.021402428527243535,0.039260638057512516,0.04347961685944033,0.019770080646703405,0.033222756640282014,0.04183882626235915
2026-01-26,0.022457245352332955,0.04349084086757531,0.056816461031390375,0.021402428527243535,0.039260638057512516,0.04347961685944033,0.019770080646703405,0.033222756640282014,0.04183882626235915
2026-01-27,0.022457245352332955,0.04349084086757531,0.056816461031390375,0.021402428527243535,0.039260638057512516,0.04347961685944033,0.019547420595153714,0.033222756640282014,0.04183882626235915
2026-01-28,0.022457245352332955,0.04349084086757531,0.056816461031390375,0.021402428527243535,0.039260638057512516,0.04347961685944033,0.019547420595153714,0.033222756640282014,0.04183882626235915
2026-01-29,0.022457245352332955,0.04349084086757531,0.056816461031390375,0.021350846815058274,0.039260638057512516,0.04347961685944033,0.019547420595153714,0.033222756640282014,0.04183882626235915
2026-01-30,0.022457245352332955,0.04349084086757531,0.056816461031390375,0.021350846815058274,0.039260638057512516,0.04347961685944033,0.019547420595153714,0.033222756640282014,0.04183882626235915
2026-02-02,0.022457245352332955,0.04349084086757531,0.056816461031390375,0.021350846815058274,0.039260638057512516,0.04347961685944033,0.019547420595153714,0.033222756640282014,0.04183882626235915
2026-02-03,0.022457245352332955,0.04349084086757531,0.056816461031390375,0.021350846815058274,0.039260638057512516,0.04347961685944033,0.019547420595153714,0.033222756640282014,0.04183882626235915
2026-02-04,0.022457245352332955,0.04349084086757531,0.056816461031390375,0.021350846815058274,0.039260638057512516,0.04347961685944033,0.019547420595153714,0.033222756640282014,0.04183882626235915
2026-02-05,0.022457245352332955,0.04349084086757531,0.056816461031390375,0.021350846815058274,0.039260638057512516,0.04347961685944033,0.019770080646703405,0.033222756640282014,0.04183882626235915
2026-02-06,0.022457245352332955,0.04349084086757531,0.056816461031390375,0.021350846815058274,0.039260638057512516,0.04347961685944033,0.019770080646703405,0.033222756640282014,0.04183882626235915
2026-02-09,0.022457245352332955,0.04349084086757531,0.056816461031390375,0.021350846815058274,0.039260638057512516,0.04347961685944033,0.019770080646703405,0.033222756640282014,0.04183882626235915
2026-02-10,0.022457245352332955,0.04349084086757531,0.056816461031390375,0.021350846815058274,0.039260638057512516,0.04347961685944033,0.019770080646703405,0.033222756640282014,0.04183882626235915
2026-02-11,0.022457245352332955,0.04349084086757531,0.056816461031390375,0.021350846815058274,0.039260638057512516,0.04347961685944033,0.019770080646703405,0.033222756640282014,0.04183882626235915
2026-02-12,0.02297002028361469,0.04349084086757531,0.056816461031390375,0.021402428527243535,0.039260638057512516,0.04347961685944033,0.020031441895948795,0.033222756640282014,0.04183882626235915
2026-02-13,0.02297002028361469,0.04349084086757531,0.056816461031390375,0.021402428527243535,0.039260638057512516,0.04347961685944033,0.019770080646703405,0.033222756640282014,0.04183882626235915
2026-02-17,0.02297002028361469,0.04349084086757531,0.056816461031390375,0.021402428527243535,0.039260638057512516,0.04347961685944033,0.019770080646703405,0.033222756640282014,0.04183882626235915
2026-02-18,0.02297002028361469,0.04349084086757531,0.056816461031390375,0.021402428527243535,0.039260638057512516,0.04347961685944033,0.019547420595153714,0.033222756640282014,0.04183882626235915
2026-02-19,0.02297002028361469,0.04349084086757531,0.056816461031390375,0.021402428527243535,0.039260638057512516,0.04347961685944033,0.019547420595153714,0.033222756640282014,0.04183882626235915
2026-02-20,0.02197603943614467,0.04349084086757531,0.056816461031390375,0.021402428527243535,0.039260638057512516,0.04347961685944033,0.019547420595153714,0.033222756640282014,0.04183882626235915
2026-02-23,0.02197603943614467,0.04349084086757531,0.056816461031390375,0.021402428527243535,0.039260638057512516,0.04347961685944033,0.019547420595153714,0.033222756640282014,0.04183882626235915
2026-02-24,0.02197603943614467,0.04349084086757531,0.056816461031390375,0.021402428527243535,0.039260638057512516,0.04347961685944033,0.019547420595153714,0.033222756640282014,0.04183882626235915
2026-02-25,0.02197603943614467,0.04349084086757531,0.056816461031390375,0.021402428527243535,0.039260638057512516,0.04347961685944033,0.019547420595153714,0.033222756640282014,0.04183882626235915
2026-02-26,0.02133974502293754,0.04349084086757531,0.056816461031390375,0.021402428527243535,0.039260638057512516,0.04347961685944033,0.019547420595153714,0.033222756640282014,0.04183882626235915
2026-02-27,0.02133974502293754,0.04349084086757531,0.056816461031390375,0.021402428527243535,0.039260638057512516,0.04347961685944033,0.019547420595153714,0.033222756640282014,0.04183882626235915
2026-03-02,0.020840018720885953,0.04349084086757531,0.056816461031390375,0.021402428527243535,0.039260638057512516,0.04347961685944033,0.019547420595153714,0.033222756640282014,0.04183882626235915
2026-03-03,0.020840018720885953,0.04349084086757531,0.056816461031390375,0.021402428527243535,0.039260638057512516,0.04347961685944033,0.019547420595153714,0.033222756640282014,0.04183882626235915
2026-03-04,0.020840018720885953,0.04349084086757531,0.056816461031390375,0.021402428527243535,0.039260638057512516,0.04347961685944033,0.019547420595153714,0.033222756640282014,0.04183882626235915
2026-03-05,0.020840018720885953,0.04349084086757531,0.056816461031390375,0.021402428527243535,0.039260638057512516,0.04347961685944033,0.019547420595153714,0.033222756640282014,0.04183882626235915
2026-03-06,0.020840018720885953,0.04349084086757531,0.056816461031390375,0.021402428527243535,0.039260638057512516,0.04347961685944033,0.019164284295399563,0.033222756640282014,0.04183882626235915
2026-03-09,0.019809255961712638,0.038450018662974185,0.05626648463277583,0.021402428527243535,0.039260638057512516,0.04347961685944033,0.019164284295399563,0.033222756640282014,0.04183882626235915
2026-03-10,0.019809255961712638,0.038450018662974185,0.05626648463277583,0.021402428527243535,0.039260638057512516,0.04347961685944033,0.019164284295399563,0.033222756640282014,0.04183882626235915
2026-03-11,0.019809255961712638,0.038450018662974185,0.05626648463277583,0.021402428527243535,0.039260638057512516,0.04347961685944033,0.019164284295399563,0.033222756640282014,0.04183882626235915
2026-03-12,0.019292778432377696,0.038450018662974185,0.05626648463277583,0.021402428527243535,0.039260638057512516,0.04347961685944033,0.019164284295399563,0.033222756640282014,0.04183882626235915
2026-03-13,0.019292778432377696,0.038450018662974185,0.05626648463277583,0.021402428527243535,0.039260638057512516,0.04347961685944033,0.019164284295399563,0.033222756640282014,0.04183882626235915
2026-03-16,0.019292778432377696,0.038450018662974185,0.05626648463277583,0.021402428527243535,0.039260638057512516,0.04347961685944033,0.019164284295399563,0.033222756640282014,0.04183882626235915
2026-03-17,0.019292778432377696,0.038450018662974185,0.05626648463277583,0.021402428527243535,0.039260638057512516,0.04347961685944033,0.019164284295399563,0.033222756640282014,0.04183882626235915
2026-03-18,0.019292778432377696,0.038450018662974185,0.05626648463277583,0.021402428527243535,0.039260638057512516,0.04347961685944033,0.019164284295399563,0.033222756640282014,0.04183882626235915
2026-03-19,0.019292778432377696,0.038450018662974185,0.05626648463277583,0.021402428527243535,0.039260638057512516,0.04347961685944033,0.019164284295399563,0.033222756640282014,0.04183882626235915
2026-03-20,0.019292778432377696,0.038450018662974185,0.05626648463277583,0.021402428527243535,0.039260638057512516,0.04347961685944033,0.019164284295399563,0.033222756640282014,0.04183882626235915
2026-03-23,0.019292778432377696,0.038450018662974185,0.05626648463277583,0.021402428527243535,0.039260638057512516,0.04347961685944033,0.019164284295399563,0.033222756640282014,0.04183882626235915
2026-03-24,0.019292778432377696,0.038450018662974185,0.05626648463277583,0.021402428527243535,0.039260638057512516,0.04347961685944033,0.019164284295399563,0.033222756640282014,0.04183882626235915
2026-03-25,0.017348509509462845,0.038450018662974185,0.05626648463277583,0.021402428527243535,0.039260638057512516,0.04347961685944033,0.019164284295399563,0.033222756640282014,0.04183882626235915
2026-03-26,0.019292778432377696,0.038450018662974185,0.05626648463277583,0.021402428527243535,0.039260638057512516,0.04347961685944033,0.019547420595153714,0.033222756640282014,0.04183882626235915
2026-03-27,0.019292778432377696,0.038450018662974185,0.05626648463277583,0.021843452711722354,0.039260638057512516,0.04347961685944033,0.019770080646703405,0.033222756640282014,0.04183882626235915
2026-03-30,0.019292778432377696,0.038450018662974185,0.05626648463277583,0.021843452711722354,0.039260638057512516,0.04347961685944033,0.019770080646703405,0.033222756640282014,0.04183882626235915
2026-03-31,0.019292778432377696,0.038450018662974185,0.05626648463277583,0.021843452711722354,0.039260638057512516,0.04347961685944033,0.019770080646703405,0.033222756640282014,0.04183882626235915
2026-04-01,0.019292778432377696,0.038450018662974185,0.05626648463277583,0.021843452711722354,0.039260638057512516,0.04347961685944033,0.019770080646703405,0.033222756640282014,0.04183882626235915
2026-04-02,0.017348509509462845,0.0341766720997301,0.04039800535039024,0.021843452711722354,0.039260638057512516,0.04347961685944033,0.019770080646703405,0.033222756640282014,0.04183882626235915
2026-04-06,0.01623628090163895,0.031932319449773705,0.0342858490332253,0.021843452711722354,0.039260638057512516,0.04347961685944033,0.019770080646703405,0.033222756640282014,0.04183882626235915
2026-04-07,0.01623628090163895,0.031932319449773705,0.0342858490332253,0.021843452711722354,0.039260638057512516,0.04347961685944033,0.019770080646703405,0.033222756640282014,0.04183882626235915
2026-04-08,0.01596694367955691,0.031932319449773705,0.0342858490332253,0.021843452711722354,0.039260638057512516,0.04347961685944033,0.019770080646703405,0.033222756640282014,0.04183882626235915
2026-04-09,0.01596694367955691,0.031932319449773705,0.0342858490332253,0.021843452711722354,0.039260638057512516,0.04347961685944033,0.019770080646703405,0.033222756640282014,0.04183882626235915
2026-04-10,0.015859619735019922,0.02966297188538003,0.03294086263988955,0.021843452711722354,0.039260638057512516,0.04347961685944033,0.019770080646703405,0.033222756640282014,0.04183882626235915
2026-04-13,0.015859619735019922,0.02966297188538003,0.03294086263988955,0.021843452711722354,0.039260638057512516,0.04347961685944033,0.019770080646703405,0.033222756640282014,0.04183882626235915
2026-04-14,0.015859619735019922,0.02966297188538003,0.03294086263988955,0.021843452711722354,0.039260638057512516,0.04347961685944033,0.019770080646703405,0.033222756640282014,0.04183882626235915
2026-04-15,0.015859619735019922,0.02966297188538003,0.03294086263988955,0.021843452711722354,0.039260638057512516,0.04347961685944033,0.019770080646703405,0.033222756640282014,0.04183882626235915
2026-04-16,0.015616484624391372,0.028121206059097438,0.029747937449293063,0.021843452711722354,0.039260638057512516,0.04347961685944033,0.019770080646703405,0.033222756640282014,0.04183882626235915
2026-04-17,0.015273695431369022,0.028121206059097438,0.029747937449293063,0.021843452711722354,0.039260638057512516,0.04347961685944033,0.019770080646703405,0.033222756640282014,0.04183882626235915
2026-04-20,0.015090794431084206,0.025054574847282875,0.028803655426125167,0.021402428527243535,0.039260638057512516,0.04347961685944033,0.019770080646703405,0.033222756640282014,0.04183882626235915
2026-04-21,0.015090794431084206,0.025054574847282875,0.028803655426125167,0.021402428527243535,0.039260638057512516,0.04347961685944033,0.019770080646703405,0.033222756640282014,0.04183882626235915
2026-04-22,0.015090794431084206,0.025054574847282875,0.028803655426125167,0.021402428527243535,0.039260638057512516,0.04347961685944033,0.019547420595153714,0.033222756640282014,0.04183882626235915
2026-04-23,0.015090794431084206,0.025054574847282875,0.028803655426125167,0.021402428527243535,0.039260638057512516,0.04347961685944033,0.019547420595153714,0.033222756640282014,0.04183882626235915
2026-04-24,0.015090794431084206,0.025054574847282875,0.028803655426125167,0.021402428527243535,0.039260638057512516,0.04347961685944033,0.019547420595153714,0.033222756640282014,0.04183882626235915
2026-04-27,0.015090794431084206,0.025054574847282875,0.028803655426125167,0.021402428527243535,0.039260638057512516,0.04347961685944033,0.019547420595153714,0.033222756640282014,0.04183882626235915
2026-04-28,0.015090794431084206,0.025054574847282875,0.028803655426125167,0.021402428527243535,0.039260638057512516,0.04347961685944033,0.019547420595153714,0.033222756640282014,0.04183882626235915
2026-04-29,0.015090794431084206,0.025054574847282875,0.028803655426125167,0.02137331492367661,0.039260638057512516,0.04347961685944033,0.019547420595153714,0.033222756640282014,0.04183882626235915
2026-04-30,0.015090794431084206,0.025054574847282875,0.028803655426125167,0.02137331492367661,0.039260638057512516,0.04347961685944033,0.019547420595153714,0.033222756640282014,0.04183882626235915
2026-05-01,0.015090794431084206,0.025054574847282875,0.028803655426125167,0.02137331492367661,0.039260638057512516,0.04347961685944033,0.019547420595153714,0.033222756640282014,0.04183882626235915
2026-05-04,0.015090794431084206,0.025054574847282875,0.028803655426125167,0.02137331492367661,0.039260638057512516,0.04347961685944033,0.019547420595153714,0.033222756640282014,0.04183882626235915
2026-05-05,0.015090794431084206,0.025054574847282875,0.028803655426125167,0.02137331492367661,0.039260638057512516,0.04347961685944033,0.019547420595153714,0.033222756640282014,0.04183882626235915
2026-05-06,0.015090794431084206,0.025054574847282875,0.028803655426125167,0.02137331492367661,0.039260638057512516,0.04347961685944033,0.019547420595153714,0.033222756640282014,0.04183882626235915
2026-05-07,0.015090794431084206,0.025054574847282875,0.028803655426125167,0.02137331492367661,0.039260638057512516,0.04347961685944033,0.019547420595153714,0.033222756640282014,0.04183882626235915
2026-05-08,0.015090794431084206,0.025054574847282875,0.028803655426125167,0.02137331492367661,0.039260638057512516,0.04347961685944033,0.019547420595153714,0.033222756640282014,0.04183882626235915
2026-05-11,0.015090794431084206,0.025054574847282875,0.028803655426125167,0.02137331492367661,0.039260638057512516,0.04347961685944033,0.019547420595153714,0.033222756640282014,0.04183882626235915
2026-05-12,0.015090794431084206,0.025054574847282875,0.028803655426125167,0.02137331492367661,0.039260638057512516,0.04347961685944033,0.019547420595153714,0.033222756640282014,0.04183882626235915
2026-05-13,0.015090794431084206,0.025054574847282875,0.028803655426125167,0.02137331492367661,0.039260638057512516,0.04347961685944033,0.019547420595153714,0.033222756640282014,0.04183882626235915
2026-05-14,0.015090794431084206,0.025054574847282875,0.028803655426125167,0.02137331492367661,0.039260638057512516,0.04347961685944033,0.019547420595153714,0.033222756640282014,0.04183882626235915
2026-05-15,0.015090794431084206,0.025054574847282875,0.028803655426125167,0.02137331492367661,0.039260638057512516,0.04347961685944033,0.019547420595153714,0.033222756640282014,0.04183882626235915
2026-05-18,0.015090794431084206,0.025054574847282875,0.028803655426125167,0.02137331492367661,0.039260638057512516,0.04347961685944033,0.019547420595153714,0.033222756640282014,0.04183882626235915
2026-05-19,0.015090794431084206,0.025054574847282875,0.028803655426125167,0.02137331492367661,0.039260638057512516,0.04347961685944033,0.019547420595153714,0.033222756640282014,0.04183882626235915
2026-05-20,0.01501349586491798,0.025054574847282875,0.028803655426125167,0.02137331492367661,0.039260638057512516,0.04347961685944033,0.019547420595153714,0.033222756640282014,0.04183882626235915
2026-05-21,0.01501349586491798,0.025054574847282875,0.028803655426125167,0.02137331492367661,0.039260638057512516,0.04347961685944033,0.019547420595153714,0.033222756640282014,0.04183882626235915
2026-05-22,0.01501349586491798,0.025054574847282875,0.028803655426125167,0.02137331492367661,0.039260638057512516,0.04347961685944033,0.019547420595153714,0.033222756640282014,0.04183882626235915
2026-05-26,0.01501349586491798,0.025054574847282875,0.028803655426125167,0.02137331492367661,0.039260638057512516,0.04347961685944033,0.019547420595153714,0.033222756640282014,0.04183882626235915
2026-05-27,0.01501349586491798,0.025054574847282875,0.028803655426125167,0.02137331492367661,0.039260638057512516,0.04347961685944033,0.019547420595153714,0.033222756640282014,0.04183882626235915
2026-05-28,0.01501349586491798,0.025054574847282875,0.028803655426125167,0.02137331492367661,0.039260638057512516,0.04347961685944033,0.019547420595153714,0.033222756640282014,0.04183882626235915
2026-05-29,0.01501349586491798,0.025054574847282875,0.028803655426125167,0.02137331492367661,0.039260638057512516,0.04347961685944033,0.019547420595153714,0.033222756640282014,0.04183882626235915
2026-06-01,0.01501349586491798,0.025054574847282875,0.028803655426125167,0.02137331492367661,0.039260638057512516,0.04347961685944033,0.019547420595153714,0.033222756640282014,0.04183882626235915
2026-06-02,0.01501349586491798,0.025054574847282875,0.028803655426125167,0.02137331492367661,0.039260638057512516,0.04347961685944033,0.019547420595153714,0.033222756640282014,0.04183882626235915
2026-06-03,0.01501349586491798,0.025054574847282875,0.028803655426125167,0.02137331492367661,0.039260638057512516,0.04347961685944033,0.019547420595153714,0.033222756640282014,0.04183882626235915
2026-06-04,0.01501349586491798,0.025054574847282875,0.028803655426125167,0.02137331492367661,0.039260638057512516,0.04347961685944033,0.019547420595153714,0.033222756640282014,0.04183882626235915
2026-06-05,0.015273695431369022,0.026518896034839794,0.028803655426125167,0.021843452711722354,0.039260638057512516,0.04347961685944033,0.020029308368038,0.033222756640282014,0.04183882626235915
2026-06-08,0.015273695431369022,0.026518896034839794,0.028803655426125167,0.021843452711722354,0.039260638057512516,0.04347961685944033,0.020029308368038,0.033222756640282014,0.04183882626235915
2026-06-09,0.015273695431369022,0.026518896034839794,0.028803655426125167,0.021843452711722354,0.039260638057512516,0.04347961685944033,0.020029308368038,0.033222756640282014,0.04183882626235915
2026-06-10,0.015616484624391372,0.026518896034839794,0.028803655426125167,0.021843452711722354,0.039260638057512516,0.04347961685944033,0.020029308368038,0.033222756640282014,0.04183882626235915
2026-06-11,0.015616484624391372,0.026518896034839794,0.028803655426125167,0.021843452711722354,0.039260638057512516,0.04347961685944033,0.020029308368038,0.033222756640282014,0.04183882626235915
2026-06-12,0.015616484624391372,0.026518896034839794,0.028803655426125167,0.021843452711722354,0.039260638057512516,0.04347961685944033,0.020029308368038,0.033222756640282014,0.04183882626235915
2026-06-15,0.015616484624391372,0.026518896034839794,0.028803655426125167,0.021843452711722354,0.039260638057512516,0.04347961685944033,0.020029308368038,0.033222756640282014,0.04183882626235915
2026-06-16,0.015616484624391372,0.026518896034839794,0.028803655426125167,0.021843452711722354,0.039260638057512516,0.04347961685944033,0.020029308368038,0.033222756640282014,0.04183882626235915
2026-06-17,0.015859619735019922,0.026518896034839794,0.028803655426125167,0.021843452711722354,0.039260638057512516,0.04347961685944033,0.02040344302205801,0.033222756640282014,0.04183882626235915
2026-06-18,0.015859619735019922,0.026518896034839794,0.028803655426125167,0.021843452711722354,0.039260638057512516,0.04347961685944033,0.02040344302205801,0.033222756640282014,0.04183882626235915
2026-06-22,0.015859619735019922,0.026518896034839794,0.028803655426125167,0.021843452711722354,0.039260638057512516,0.04347961685944033,0.02040344302205801,0.033222756640282014,0.04183882626235915
2026-06-23,0.015859619735019922,0.026518896034839794,0.028803655426125167,0.021843452711722354,0.039260638057512516,0.04347961685944033,0.02040344302205801,0.033222756640282014,0.04183882626235915
2026-06-24,0.015859619735019922,0.026518896034839794,0.028803655426125167,0.021843452711722354,0.039260638057512516,0.04347961685944033,0.02040344302205801,0.033222756640282014,0.04183882626235915
2026-06-25,0.0161538498525516,0.026518896034839794,0.028803655426125167,0.022130769473685318,0.039260638057512516,0.04347961685944033,0.020586892385688126,0.033222756640282014,0.04183882626235915
2026-06-26,0.0161538498525516,0.026518896034839794,0.028803655426125167,0.022130769473685318,0.039260638057512516,0.04347961685944033,0.020586892385688126,0.033222756640282014,0.04183882626235915
2026-06-29,0.0161538498525516,0.026518896034839794,0.028803655426125167,0.022130769473685318,0.039260638057512516,0.04347961685944033,0.020586892385688126,0.033222756640282014,0.04183882626235915
2026-06-30,0.0161538498525516,0.026518896034839794,0.028803655426125167,0.022130769473685318,0.039260638057512516,0.04347961685944033,0.020586892385688126,0.033222756640282014,0.04183882626235915
2026-07-01,0.0161538498525516,0.026518896034839794,0.028803655426125167,0.022130769473685318,0.039260638057512516,0.04347961685944033,0.020586892385688126,0.033222756640282014,0.04183882626235915
2026-07-02,0.0161538498525516,0.026518896034839794,0.028803655426125167,0.022130769473685318,0.039260638057512516,0.04347961685944033,0.020586892385688126,0.033222756640282014,0.04183882626235915
2026-07-06,0.0161538498525516,0.026518896034839794,0.028803655426125167,0.022130769473685318,0.039260638057512516,0.04347961685944033,0.020586892385688126,0.033222756640282014,0.04183882626235915
2026-07-07,0.0161538498525516,0.026518896034839794,0.028803655426125167,0.022130769473685318,0.039260638057512516,0.04347961685944033,0.020586892385688126,0.033222756640282014,0.04183882626235915
2026-07-08,0.0161538498525516,0.026518896034839794,0.028803655426125167,0.022130769473685318,0.039260638057512516,0.04347961685944033,0.020586892385688126,0.033222756640282014,0.04183882626235915
2026-07-09,0.0161538498525516,0.026518896034839794,0.028803655426125167,0.022130769473685318,0.039260638057512516,0.04347961685944033,0.020586892385688126,0.033222756640282014,0.04183882626235915
2026-07-10,0.0161538498525516,0.026518896034839794,0.028803655426125167,0.021843452711722354,0.039260638057512516,0.04347961685944033,0.020586892385688126,0.033222756640282014,0.04183882626235915
2026-07-13,0.0161538498525516,0.026518896034839794,0.028803655426125167,0.021843452711722354,0.039260638057512516,0.04347961685944033,0.020586892385688126,0.033222756640282014,0.04183882626235915
2026-07-14,0.0161538498525516,0.026518896034839794,0.028803655426125167,0.021843452711722354,0.039260638057512516,0.04347961685944033,0.020586892385688126,0.033222756640282014,0.04183882626235915
2026-07-15,0.0161538498525516,0.026518896034839794,0.028803655426125167,0.021843452711722354,0.039260638057512516,0.04347961685944033,0.020586892385688126,0.033222756640282014,0.04183882626235915
2026-07-16,0.0161538498525516,0.026518896034839794,0.028803655426125167,0.021387445044406667,0.039260638057512516,0.04347961685944033,0.020586892385688126,0.033222756640282014,0.04183882626235915
2026-07-17,0.0161538498525516,0.026518896034839794,0.028803655426125167,0.021387445044406667,0.039260638057512516,0.04347961685944033,0.02040344302205801,0.033222756640282014,0.04183882626235915
2026-07-20,0.0161538498525516,0.026518896034839794,0.028803655426125167,0.021387445044406667,0.039260638057512516,0.04347961685944033,0.02040344302205801,0.033222756640282014,0.04183882626235915
2026-07-21,0.0161538498525516,0.026518896034839794,0.028803655426125167,0.021387445044406667,0.039260638057512516,0.04347961685944033,0.02040344302205801,0.033222756640282014,0.04183882626235915
2026-07-22,0.0161538498525516,0.026518896034839794,0.028803655426125167,0.021387445044406667,0.039260638057512516,0.04347961685944033,0.02040344302205801,0.033222756640282014,0.04183882626235915
2026-07-23,0.016389204134089157,0.028121206059097438,0.02960360742901007,0.021387445044406667,0.03446772803312999,0.04347961685944033,0.020586892385688126,0.033222756640282014,0.04183882626235915
2026-07-24,0.016389204134089157,0.028121206059097438,0.02960360742901007,0.021387445044406667,0.03446772803312999,0.04347961685944033,0.020586892385688126,0.033222756640282014,0.04183882626235915
2026-07-27,0.016389204134089157,0.028121206059097438,0.02960360742901007,0.021387445044406667,0.03446772803312999,0.04347961685944033,0.020586892385688126,0.033222756640282014,0.04183882626235915
2026-07-28,0.016389204134089157,0.028121206059097438,0.02960360742901007,0.021387445044406667,0.03446772803312999,0.04347961685944033,0.020586892385688126,0.033222756640282014,0.04183882626235915
2026-07-29,0.016389204134089157,0.028121206059097438,0.02960360742901007,0.021387445044406667,0.03446772803312999,0.04347961685944033,0.020586892385688126,0.033222756640282014,0.04183882626235915
2026-07-30,0.016389204134089157,0.028121206059097438,0.02960360742901007,0.021387445044406667,0.03446772803312999,0.04347961685944033,0.02040344302205801,0.033222756640282014,0.04183882626235915
2026-07-31,0.0161538498525516,0.026518896034839794,0.028921158061982342,0.021387445044406667,0.03446772803312999,0.04347961685944033,0.02040344302205801,0.033222756640282014,0.04183882626235915
