Date,AAPL,AMZN,GOOGL,JPM,META,MSFT,NVDA,TSLA,UNH,XOM
2020-01-03,-0.009769638799495014,-0.012213314472679244,-0.005244897189091454,-0.013284331179486391,-0.005305254013304493,-0.012529834696065025,-0.016135556051927447,0.02920267893223429,-0.010170893884950322,-0.008071748138123207
2020-01-06,0.007936817996956258,0.014775871094842,0.026305026687115957,-0.000795431920940724,0.01865845136124005,0.0025814078636464594,0.004185167088388136,0.019071612174755247,0.006917734161951098,0.007648757334477393
2020-01-07,-0.0047145309140906805,0.0020894360230744357,-0.001933439229895443,-0.017146633324797926,0.0021612685275227673,-0.00915962352903694,0.012033858728144727,0.03806670586808656,-0.006054956746027667,-0.00821801554280793
2020-01-08,0.015958445702839653,-0.007839287338238509,0.007092587022330518,0.007770606809102766,0.010086982091986357,0.015802926371804617,0.0018739159392590636,0.048032568493066904,0.02086506520377626,-0.015195101183377325
2020-01-09,0.021018473384444375,0.0047876954600311996,0.010443093752468805,0.0036447498326536046,0.014209591538040349,0.012415393557075402,0.010922451541090393,-0.022189385476863444,-0.005693899656724743,0.007626706497315409
2020-01-10,0.002258069468055392,-0.009455156242405591,0.006437900407489185,-0.01001790012370546,-0.0011000995276780922,-0.004638028569452849,0.005335201715624689,-0.006649355680979514,0.003088359074773201,-0.008927454536420472
2020-01-13,0.021139299199471415,0.004313262739376531,0.007717071471934449,0.008269988065751233,0.017501697130038806,0.011953090380357972,0.030870988086670804,0.09320702322102203,-0.03194889398336969,0.009500667936987093
2020-01-14,-0.013595236280495561,-0.01162552704635962,-0.006576975611192324,0.011594490557668384,-0.012926251401511565,-0.007068347374030929,-0.018828522944663327,0.024578286172624794,0.008326264383098959,-0.008633413671303403
2020-01-15,-0.004295003426601903,-0.003977024437111436,0.006000505179970927,-0.015099108929554362,0.009495407141825092,0.006455149329950637,-0.006939195024074142,-0.03676981311758122,0.027950347922340815,-0.001590888404409795
2020-01-16,0.012448838209464425,0.008513567549042408,0.0075865816581390695,0.0038688810477758686,0.0027997706104211863,0.018157729907726555,0.013589714894613582,-0.00970946227670784,0.014502349745639154,-0.00391548856459176
2020-01-17,0.011010343060117108,-0.007064556764163625,0.020043654118348055,0.006898130868932149,0.0016669192588476373,0.005581305831480481,0.0014051670993936395,-0.005839913304383257,-0.007576632575726203,-0.0037850158738145304
2020-01-21,-0.006800112684706078,0.014523546068980422,0.0018433809613378424,-0.009889473147230585,-0.003156082261523034,-0.0035969552829352176,-0.005390138201115477,0.06942373110021945,0.0068780813348194815,-0.014397074295022726
2020-01-22,0.003563234468579427,-0.0024024329949914906,0.0010924901040729636,-0.0011700680334485018,-0.0005419945608516975,-0.004816545605877891,0.008714149309113404,0.04004983514491321,0.00019939270970812154,-0.005788019971117797
2020-01-23,0.004804418433827486,-0.0015270766138824048,0.0005522781718097047,-0.0010249254864550228,-0.007073702961954496,0.006136679732953514,0.010934989326456316,0.004624413044606698,-0.0037662314411360427,-0.0062703671245116005
2020-01-24,-0.0028861954960613615,-0.012247117354348039,-0.012552345359287814,-0.025141431115285873,-0.008316160941519364,-0.010127663301129098,-0.009456876175328859,-0.012981499419033645,-0.022456529224725488,-0.006762402117327092
2020-01-27,-0.02984617766290286,-0.018049378179086927,-0.023770035321588973,-0.008447163539402067,-0.014186666069084114,-0.016864838968888563,-0.041906962866733705,-0.01211233185789717,-0.030232932185793326,-0.024112346987328056
2020-01-28,0.027896417235592025,0.013532388730052893,0.013024832688606332,0.01801449205962183,0.013498083282403718,0.019406655705624377,0.031835615700603,0.01578809278786119,0.006245811178627555,-0.00139086435597746
2020-01-29,0.02071646486050866,0.002559818728975466,0.004265364339133306,-0.0014887900995703748,0.024671381626022174,0.015471993885130824,-0.009847756171365034,0.024550664730790914,-0.010443580543015737,-0.008387821495842837
2020-01-30,-0.001450403194514291,0.00680130777131683,-0.001683384562379536,0.012291092174393819,-0.06333567520284682,0.027817341932639933,0.00109888370606032,0.09799952270077929,-0.006809661135583048,0.010550923503456017
2020-01-31,-0.04535151946995959,0.07119570893188107,-0.014873788545632096,-0.026320290216400533,-0.03704486307639311,-0.014868647314688406,-0.03890672331299348,0.015115867923964002,-0.03082845505884765,-0.042083341263392436
2020-02-03,-0.0027502333130647763,-0.002252704013802056,0.034180833558383555,0.0076017845978971505,0.011228777595399288,0.024086393015048016,0.01636095602392644,0.18144500086765877,0.0057457418094844235,-0.022630368151962548
2020-02-04,0.03248046107834025,0.022433811849720944,-0.02540437011460045,0.014293299545885351,0.027246862939555465,0.03238628625343343,0.027901299347361512,0.1286186970285338,0.02458421070459055,-0.012593348730824783
2020-02-05,0.008121364397085247,-0.004792703414039184,0.0004428491253271941,0.01685747528595226,0.0013334257541912694,-0.0012220427384962897,0.014581995264374056,-0.18845037343186985,0.05166192243657422,0.04499540133588671
2020-02-06,0.011629008393715964,0.005065879625856511,0.02047945923783536,0.00014563761793300926,0.0035158158361682907,0.020521737839062137,0.013821660755411228,0.019223358515689692,-0.011119292686629517,-0.013642627122757954
2020-02-07,-0.0136857167849214,0.014069692433392624,0.002125109669008326,-0.0032027206370469144,0.006994619690799977,0.0014149277521575277,-0.010517235406019213,-0.0011890304222132414,-0.011140299402568157,-0.0066479148271768405
2020-02-10,0.004738188264532142,0.025934357987387625,0.019781515821311327,0.00414697143272348,0.003432161507662527,0.025820664787751118,0.0442393360953508,0.030554904345579816,-0.007600906516534239,-0.010617240652774244
2020-02-11,-0.006051538829509189,0.007883866478429244,0.0009274029238760838,0.0018857652267325984,-0.027937534358653503,-0.022834220110612174,0.018536292487786304,0.0040112052857509935,0.013014625910447011,0.009461613537525808
2020-02-12,0.023470094389589663,0.004268347229322045,0.005659257473579074,0.0,0.017083810650199215,0.0014628297375661032,0.01720907970966675,-0.009197828567077742,0.04271470404208161,0.012151334147540471
2020-02-13,-0.007146739561552608,-0.004700848772083054,-0.003456441823039112,-0.0008700277265484074,0.011229189216412402,-0.005428694227940964,-0.006478607639592564,0.04673438827304483,-0.0042269092937738985,-0.005564799209312298
2020-02-14,0.00024640528068672744,-0.007001620314183051,0.003522329040567679,-0.003050642899899948,0.0048674755715263605,0.008887415011938647,0.06784953142762216,-0.004949986662921372,-0.011381660455985895,-0.004606324510382029
2020-02-18,-0.018480008560687256,0.00969583372641929,0.00046747182859119485,-0.01332855280846857,0.016760491369605477,0.01009206006656303,0.0231269930456522,0.0704209168261074,0.011182765754496594,-0.012776866217741692
2020-02-19,0.01437872947216983,0.006726973190216665,0.0035673877361057974,0.013546712930283965,-0.0014243872169217306,0.002994739067122652,0.05933650337790474,0.06649517653196184,0.010437234335284455,0.007652665033350853
2020-02-20,-0.010311792978393708,-0.007919906743473367,-0.005181206656284842,0.0,-0.013470128688907236,-0.015389038589352512,-0.019249786019008123,-0.019826354777620056,-0.010470199140164952,-0.007986640768652593
2020-02-21,-0.022895300168731446,-0.02689219882130043,-0.022351032167378403,-0.012294131489929609,-0.02071837984337235,-0.03212321088486563,-0.04855215052011429,0.0017662480443414094,-0.0023192934610532117,-0.01227012708786367
2020-02-24,-0.04866550481399267,-0.042235023870589,-0.0438188715558668,-0.027243662001262468,-0.04605343202894275,-0.044072505611048966,-0.0733211568855072,-0.07752369493467591,-0.0816727018073394,-0.04797848362685582
2020-02-25,-0.03445931159108276,-0.018357980231590378,-0.023905434292593217,-0.04567018438355132,-0.019875389843231943,-0.01663930918593594,-0.0419614405592132,-0.041482357972054684,-0.053229445896385015,-0.03907897145387829
2020-02-26,0.015739260568033552,0.0034663008478504113,0.002989021421724192,0.0030051586215143014,0.0021828173328948862,0.01241729650039216,0.021145078813738772,-0.026744949535016983,-0.0014816691384836225,-0.022200551769340784
2020-02-27,-0.06760280054194169,-0.04933339043074011,-0.05584308316847585,-0.04250480890241089,-0.03851087058151011,-0.07306441596905175,-0.05727528232622877,-0.1371331162906117,-0.03513502230052518,-0.062063786251292295
2020-02-28,-0.0005851103131071131,-0.0002918893180325476,0.018311024278291274,-0.04430548276038383,0.014232947900371476,0.023924436876507662,0.06687384394206447,-0.01634795032742122,0.004087545932465912,0.03199948034481659
2020-03-02,0.08901857129142539,0.036588515664058845,0.0345430374684604,0.04554086024579249,0.020416817396386698,0.06441867099248362,0.023276774140726538,0.1072570247859105,0.06876796369695932,0.04634343115082954
2020-03-03,-0.03227461524020856,-0.02327866936677437,-0.0356861350765817,-0.03824706449311171,-0.055202094098763144,-0.04910523365291557,-0.03887531810216789,0.0025383850988232293,-0.04382278529590585,-0.04906858792304999
2020-03-04,0.04534084432793036,0.03441420829326936,0.03227564129522758,0.024409074898461842,0.03108961029814637,0.03605676364364599,0.06768588831524393,0.005337746224066965,0.10182696376947248,0.021597167033623785
2020-03-05,-0.03297490257813891,-0.026566581546027906,-0.04958815959761086,-0.050305524894663424,-0.034970458928871115,-0.025415462629859446,-0.040234929641394294,-0.033869376791647296,-0.022573378677981946,-0.04506735553530377
2020-03-06,-0.013369117243423916,-0.011994572145720599,-0.01457219182043091,-0.05306367219409881,-0.02228007258483139,-0.028674234538365994,-0.026886721383987622,-0.029497510135476336,0.0032111188544959573,-0.049499131703124664
2020-03-09,-0.08239513267141699,-0.05430184971456644,-0.063687816563258,-0.14555218326750383,-0.06614138337432011,-0.07017858428277482,-0.08059408726508505,-0.14586457137702016,-0.037434328020167405,-0.13039093889589007
2020-03-10,0.06954637694918846,0.04941384267449439,0.047685321387358266,0.074826362807441,0.04999763137812398,0.0661472647461326,0.06177426564598949,0.059586929551683376,0.023707289462705734,0.03635922896816323
2020-03-11,-0.035348225374167354,-0.03823045590681022,-0.05171564331310039,-0.048214267102467914,-0.04564121321214538,-0.0463600992440658,-0.05758666861034853,-0.01735009892797303,-0.007960229598958276,-0.03349666392616775
2020-03-12,-0.10397753380078092,-0.08253503819368388,-0.08560839128771888,-0.08602666539959562,-0.09720930731965992,-0.09964189208358482,-0.13052795333269437,-0.12349328402408655,-0.10372957440324942,-0.12142217106449886
2020-03-13,0.11315761609584563,0.06264454451479513,0.08838783155455876,0.1656203118036159,0.0974442764712082,0.13292886924332317,0.1074207262139586,-0.02516454136147571,0.08717162380127502,0.024967936281497505
2020-03-16,-0.13770808590712738,-0.0551930111496119,-0.12368477148769658,-0.16210583134630435,-0.15376894631475826,-0.1594533519387484,-0.20397980803959684,-0.20552230217550044,-0.1896708334503675,-0.10006943826697054
2020-03-17,0.043030746992997755,0.0679073394904408,0.04113654978203329,0.05931900036345904,0.023085877210335663,0.0791221610478843,0.10098771704290058,-0.03398134500612111,0.08179112783513161,0.06510017633372424
2020-03-18,-0.024784563374531717,0.012183223280898315,-0.024326199859299485,-0.11123200396200186,-0.016600782782987832,-0.04300784550922098,-0.06882212820696007,-0.17476304366003273,-0.11789563923022345,-0.10563267192348803
2020-03-19,-0.007691380152269028,0.027450380856149172,0.018594538797637925,0.01666796139634731,0.04112698410582827,0.016319428192360003,0.04883243631451974,0.16879451260286096,0.012544425270726755,0.03879118200639016
2020-03-20,-0.06559059568773022,-0.018696493799985222,-0.03987902596920725,-0.021327627767609384,-0.022453590270224515,-0.038282096709268035,-0.034489416632337275,-0.00025720668994270134,-0.06198209045712704,-0.05033066889696793
2020-03-23,-0.021473006986145234,0.03027242280070844,-0.013268545159430618,-0.055019374362183494,-0.010945974525563822,-0.010025011149797675,0.033173695887813805,0.015688043665694176,-0.058454642960453745,-0.0401985859415412
2020-03-24,0.09560590475491924,0.019397213114498144,0.06951064919377024,0.11238392685948607,0.08339244307263165,0.08699930836744395,0.15834002286892487,0.15084593365171223,0.12043673341758081,0.11944209618425228
2020-03-25,-0.005523913217875883,-0.028366146785043376,-0.025444743700641086,0.036638267689376634,-0.030078931132184964,-0.009618432675712447,-0.014389811193406241,0.06562083944686455,0.06469481767361109,0.05088407875143358
2020-03-26,0.05128501670192503,0.036267437779002064,0.05415230491177923,0.06734172272395778,0.04463265961981477,0.06067237402398189,0.046223655759803826,-0.0207800386755252,0.08537894959098112,0.04021018171770992
2020-03-27,-0.04228368526911007,-0.028734293362178455,-0.04633975674705581,-0.07390428221336677,-0.04092668237247213,-0.04192774420117532,-0.017687533538722808,-0.026475805312348537,-0.0519964687828787,-0.04936961280713016
2020-03-30,0.02813844735258657,0.033051285657682734,0.03195376462286058,0.025674235235219472,0.05677930644143513,0.06797719371871422,0.04963208539922803,-0.024064387275638185,0.03577221383383656,0.014775494996702698
2020-03-31,-0.002042850223002041,-0.007271999966000075,0.013551618700225684,-0.03781813405322455,0.005108981620613759,-0.015852422812990326,-0.007521118515329731,0.04263263821287683,-0.007589799970505492,0.01245515792056171
2020-04-01,-0.054051928111953834,-0.021787422792954095,-0.05288224563144168,-0.06505014091135917,-0.04412484098946349,-0.036153731639469375,-0.0810831464235009,-0.08446087652228773,-0.049568291881457976,-0.01165580781519347
2020-04-02,0.016549011884299636,0.005817252037933636,0.013455960904824803,0.03666007645216549,-0.008873808089774317,0.020497316776034984,0.04975534247726939,-0.057898921000518445,0.013061027981100488,0.07368930282656279
2020-04-03,-0.014475697256868304,-0.006399314195321289,-0.022021660196486933,-0.030003451152340516,-0.025676224054829024,-0.009253597965652127,-0.04630543723110999,0.05467504939194526,-0.04661104789934858,-0.029898003314789076
2020-04-06,0.08364001607458021,0.04662517920980072,0.07956256129345966,0.06237987677291375,0.07115254301861439,0.07173254022133735,0.09567873157685743,0.07276481895829454,0.07893939785888365,0.03162900608411076
2020-04-07,-0.011649753136976892,0.006988976113008468,-0.0005327335332342301,0.013103797369596996,0.01961913420521124,-0.010828553380179145,-0.03553440621605837,0.05503939414254686,-0.0012090335859013296,0.018847822373273287
2020-04-08,0.025272477467177618,0.015488887252484514,0.02045646494852335,0.039585688153932416,0.031770910157727504,0.009981315784711446,0.03011764139168762,0.006195761068727163,0.07676262811606173,0.06136617522801025
2020-04-09,0.007190017517334941,-0.00011749136016948301,-0.0003564105818704661,0.08591517171195653,0.005207844538353609,6.075006604293438e-05,-0.015097693177685266,0.043078797207400474,-0.013910948365345904,-0.01655606831275702
2020-04-13,0.019437635967922872,0.059904424788693234,0.003177632000292583,-0.04549174844142024,-0.0022858282767865452,0.0022377559128060696,0.025902323660176488,0.12754711640906993,-0.0023501171392280975,-0.008615927435464554
2020-04-14,0.04926919349647762,0.05142426317898339,0.04429482020680407,-0.027778435910577715,0.019152863229283886,0.0482981599428202,0.05093207472880142,0.0866771798728856,0.026180636550963542,-0.007746966834372202
2020-04-15,-0.00916928241892461,0.01061218674730437,-0.006287448201307724,-0.05057709211903551,-0.00675795888372434,-0.010533271846713528,-0.011013143028658145,0.02770162075738181,0.040499539649671804,-0.04704765347529074
2020-04-16,0.007914472102753558,0.04263271487419671,0.00010327086760970366,-0.03885484177119034,-0.004076683872267668,0.02957928564666263,0.048172807525933434,0.020854428493631533,0.0577638617416556,-0.033408055278814956
2020-04-17,-0.013661517249503135,-0.013877991515518644,0.01700866677920641,0.08607556587464495,0.016822260626113174,0.008772625372367667,-0.008108631806669665,0.011580411041559125,-0.02672523877772632,0.09890328102550056
2020-04-20,-0.02097493304714752,0.007805217491159297,-0.014054571709232596,-0.03713828391583281,-0.005594862343033113,-0.020019584520711755,-0.01819285358346111,-0.010038465581097729,-0.029406848631642408,-0.04835063353154512
2020-04-21,-0.03139864625880972,-0.027741595250859077,-0.03962011774463897,-0.029433474488655898,-0.042637649254011006,-0.042237257849042024,-0.063050758443471,-0.08328137479063692,-0.02858215181502136,-0.005356834303573641
2020-04-22,0.028396495346819404,0.015078276370104332,0.037445199373884214,0.003251087686742915,0.065050692378309,0.03340124110403729,0.059910351268810585,0.06400415510269586,0.010268376362611173,0.02816406425808264
2020-04-23,-0.00388271233188959,0.015100238852103837,0.010088663461576459,0.000559521062972262,0.01551417577814647,-0.01217610462580902,-0.007506745596410951,-0.036839791089286145,0.029556612749278472,0.030850721811402027
2020-04-24,0.028460928732586602,0.004478467862372162,0.004262585350305936,0.014658894285406098,0.026334426494018116,0.01809466848917751,0.019456558649653698,0.02728753098899391,0.02067305178173579,0.006423576453529609
2020-04-27,0.0007062266348981136,-0.014299615622890208,-0.004506392920848489,0.04220155698503466,-0.01361363297465955,-0.0028686272834379523,0.025535618970451295,0.09666945779957149,0.009192577120346594,0.004790517362224706
2020-04-28,-0.016342136806084952,-0.02640620627237362,-0.03057633082142622,0.007055697413687443,-0.024784645152558536,-0.0246626633139909,-0.019441797768683742,-0.037801017814305886,-0.01930194756783898,0.02317087374530504
2020-04-29,0.032317173928744135,0.025020524430829326,0.08517757935255575,0.02661296858575097,0.059842843389456224,0.04389601623999356,0.02407636631747127,0.040002020280935593,-0.002465494891843383,0.05389151208306253
2020-04-30,0.020876851818744102,0.04180350395260793,0.00336189346456537,-0.021692868071322764,0.0527573506477483,0.009982206887354779,-0.02092368193121359,-0.023547759980736722,0.01661752865761369,-0.021080187740928784
2020-05-01,-0.016230379034205957,-0.07901516917994282,-0.022057620971666855,-0.026560726661083698,-0.011991145530075397,-0.026232639291875484,-0.03304325017784387,-0.10873700220740792,-0.027593690712686907,-0.07435645557688392
2020-05-04,0.014049752242518235,0.013016157575810133,0.004226964862408175,-0.011974910343776802,0.014674193127465728,0.02416576843366623,0.029650378241464673,0.0819187203405193,0.010594025493759209,0.03954154658723041
2020-05-05,0.014897615348971426,0.0007812169559819208,0.019552050241921116,-0.001520415976547754,0.00877939056971924,0.010678858169052086,0.008375429263143077,0.009180180665024101,0.018946856650341213,-0.0011146009455803648
2020-05-06,0.010263867599934228,0.014332930141282023,-0.002664780125524073,-0.01898366368452004,0.00673841550977767,0.00979912049079569,0.013693768419640963,0.018533023597782732,-0.014678679803207806,-0.018915062816381126
2020-05-07,0.01029216939127631,0.006929629421755947,0.017571551622720394,0.010359373488038944,0.013294254235118864,0.005789981228340224,0.023496676882955286,-0.003250973870209664,-0.01314123941632652,0.005666617624165281
2020-05-08,0.02352232841831471,0.005055588339379015,0.010938242879754133,0.01620393947324705,0.005146370905409796,0.005865297713363792,0.024719227851662876,0.04925154604829151,0.006992846986966237,0.042917645928032475
2020-05-11,0.01561334255707334,0.012275095742505182,0.01380975242621346,-0.02989231683929857,0.0039009236377050235,0.011092957335378632,0.031870746149500896,-0.009971196406895207,0.005871267958589995,-0.009573487676466463
2020-05-12,-0.011494172192561792,-0.021843256899331476,-0.020448350320809227,-0.03322331660791478,-0.014553144237492077,-0.022912945970876585,-0.03315154767101425,-0.0023199593370761967,-0.003434900770454489,-0.01685626116643447
2020-05-13,-0.01214776958934612,0.004643522716731099,-0.01971811662605625,-0.035078969414296036,-0.024086052758052662,-0.015237792202546162,-0.002887984854673071,-0.02305818093053759,-0.03429727153716229,-0.050911677925534
2020-05-14,0.006124637698176874,0.008800091486279958,0.006306546116281855,0.040693373723038606,0.008302906374726002,0.004330024644270275,0.03169035360615068,0.015518160889563192,0.04436088630473536,0.008785675519668325
2020-05-15,-0.0059296271380754224,0.008723388257937748,0.011868598647465428,-0.01868362980414889,0.01948878288420278,0.014463226413237296,0.055730532184664255,-0.005191880165631997,0.0012037929745742789,-0.00711757691590166
2020-05-18,0.023287790672573784,0.006815562402388709,0.008788324406414645,0.051613602067082404,0.01089451246500433,0.009508941305223175,0.03010502368211534,0.01793204109959487,0.008214663847258745,0.07651983723768047
2020-05-19,-0.005795052190953309,0.009463506026665746,-0.007812837402238159,-0.019875790576759977,0.017160367691196457,-0.0069462408406027664,0.006293886782424605,-0.0069313094591098995,-0.014801302511845473,-0.031364471006700506
2020-05-20,0.019261343098550942,0.0196519053240098,0.024976518172737657,0.02955777294708026,0.05860456561570066,0.013775348931239615,0.018509684127214144,0.00930057241369536,-0.003673753094411349,0.032025951822553536
2020-05-21,-0.007483376936040147,-0.020709907813958355,-0.0017116637112630142,-0.012782375934602744,0.006155865786940013,-0.01208408488070524,-0.02195032341258787,0.014654934735012084,-0.0037567807671030433,-0.018014155811553696
2020-05-22,0.006417533629572403,-0.004037962709445318,0.004602748545847554,-0.0077932507466581796,0.015097891331273868,0.00043604219903168614,0.02820125788831011,-0.013037700356063059,0.010505106579224557,0.0008971581301934099
2020-05-26,-0.006796338826362132,-0.006182687942355892,0.005736095556910583,0.06856780754781634,-0.011603623422327743,-0.010627685864940253,-0.03477558794226057,0.0024330819473817387,0.016928780079645468,0.028948893513067047
2020-05-27,0.00434762034166529,-0.004747292931811086,-0.0007669824990101843,0.056305728711078695,-0.013265737418873796,0.0013209420602752898,-0.022328774837050227,0.0016594670418678843,0.029668338780409205,0.007162398339936977
2020-05-28,0.000439612220328107,-0.0038615979869802697,-0.0014373866771937532,-0.015007944452849198,-0.016190339483553792,-0.002257954355499625,-0.004496441766620042,-0.017736751939729612,0.0006580690248759608,-0.026294429612881566
2020-05-29,-0.0009741689331412644,0.017041909136995572,0.010716307100032903,-0.025867541693844157,-0.00164255793645475,0.010146909168809155,0.044758708339391114,0.035583725409644835,0.0028906819853836037,0.009501989591976078
2020-06-01,0.012223377975666043,0.011670253098244966,0.0009412304859457451,0.013169537754026843,0.029848996810226146,-0.0022942924297259595,-0.007832965397422773,0.07284966703702293,0.0035367569565064117,0.01765701668157938
2020-06-02,0.004618475202864029,0.0005542421239081785,0.005171824691341758,0.003341337736208043,0.003486843866063894,0.011312202260152775,0.002155339505413597,-0.018588326218028313,0.0012413408539475427,0.022011970303635702
2020-06-03,0.0054898261014287904,0.002419803318654912,-0.0021239834085270454,0.05257113481662346,-0.0110615156270358,0.002430875041057848,-0.006337355127943404,0.0015867839932886055,-0.0031392231631434914,0.039984558463805144
2020-06-04,-0.008649626286882747,-0.0072079631824282725,-0.017487528266964897,0.020597933764551078,-0.016957189366772468,-0.013250999891332191,0.0001143240243564385,-0.02126741082055923,-0.024096794722153606,-0.002847134773738566
2020-06-05,0.028083076251740155,0.009062306094701045,0.01802239479726466,0.044018577322990034,0.019604150306887797,0.02312867635734721,0.01735838793453825,0.024320646383694,0.04516053136164994,0.07794099224316371
2020-06-08,0.005894812878196456,0.01640122058468097,0.0055539257446828956,0.019762180685247092,0.0027262535126193446,0.006177254374386498,-0.012976614702595927,0.07004464847857836,-0.007628815544811319,0.03079448295726379
2020-06-09,0.031089925816694643,0.029973414532654237,0.002786111214472752,-0.02598496463518449,0.03093408187062084,0.007616092473953406,0.02700308666037515,-0.00978535494822059,-0.000873021252232273,-0.022539125173190573
2020-06-10,0.025401926999715243,0.01775474019639406,0.008653484934839169,-0.041372347307050916,-0.008161653356048385,0.0364202061637141,0.03484372948004264,0.08590431690632504,-0.011252664590947925,-0.055116408142974804
2020-06-11,-0.04920088812986448,-0.034386807792203426,-0.04382201626940255,-0.08713159496019388,-0.05335641999451112,-0.05519394449100838,-0.06284076629960823,-0.052277046427824686,-0.0747445874112532,-0.09239228836347908
2020-06-12,0.008596399714781868,-0.005071582137180358,0.007830145304532146,0.02699617257222893,0.018322415907149225,0.007860920162248847,0.015371061726037697,-0.03937370329089697,0.0049921433150850346,0.021211046102913293
2020-06-15,0.012291225278295853,0.01080967380014712,0.005519408791767843,0.013723227801291484,0.017004048641457405,0.006371357509887674,0.026649668505885987,0.05776761532071402,0.003954922050314011,-0.0006360198531965702
2020-06-16,0.026157137569181907,0.01641919546995653,0.017948236358553915,0.007967822682351404,0.013457406006919578,0.024209622188237818,-0.011539301030885801,-0.008889888882897297,0.023202603765632684,0.022236919076829634
2020-06-17,-0.0013927182367500517,0.009782656419923274,0.00418756678080475,-0.025603787067374848,-0.0005094339640356431,0.0034552282249842724,0.01830185220557153,0.009787666254598352,-0.0013664778292090723,-0.033114916917173456
2020-06-18,0.000398207149137463,0.004910408831544251,-0.01276229556172966,-0.005443348594869746,0.001739185779420358,0.010651559944115577,-0.001950970114851287,0.012196058432993926,-0.0038349598680813657,0.006200143719883922
2020-06-19,-0.005730902023323834,0.007892706403668376,-0.0066321548449507425,-0.011486840591575283,0.012007055425804667,-0.005977391732243752,0.0046809565537093804,-0.003052506049991116,0.003473919319770745,-0.020237487395630048
2020-06-22,0.025827112759868688,0.014404049034053084,0.018099272168337635,-0.010896579338286937,0.0017991797257337226,0.027394835487460575,0.028264786611374264,-0.006595797039905825,0.004898209329417334,0.009523627316065427
2020-06-23,0.021120551123780463,0.018470070932883553,0.009140160678144963,0.012122863247156808,0.012545223739577772,0.0066585148472039215,-0.00808887778881365,0.007474555771254048,0.016704373398010026,0.006013701351264006
2020-06-24,-0.01780976290481268,-0.010915222785479236,-0.021598103443554843,-0.03396141009711162,-0.034522363097336396,-0.02036325403754292,-0.02295983867541268,-0.04171541244464825,-0.028701093869124724,-0.04825500612724418
2020-06-25,0.013188140198378174,0.007352966946613356,0.005846107864070424,0.034267585857038624,0.0070683233892001405,0.012557119416331086,0.027183746328805256,0.025817844628587844,0.024053306152990978,0.014944098223594379
2020-06-26,-0.031207819725026252,-0.022657517035347675,-0.05605625589037982,-0.056377938851113474,-0.08682612116549532,-0.02021886713951279,-0.03593841023454827,-0.02697370050614223,-0.032038546135528936,-0.03491733456232015
2020-06-29,0.022785266603242958,-0.004648937652200358,0.02509811234933038,0.004418121707828019,0.020883725766277794,0.010689936277839446,0.004903165785391069,0.05039944763683731,0.009989073905567804,0.015920452078680897
2020-06-30,0.00831264904821358,0.02884445591830274,0.014834205166402367,0.011333380756577346,0.02872591262548052,0.025228220307817496,0.03185146014009789,0.06747855280845434,0.017752895177140647,0.008984849625122474
2020-07-01,-0.0018930055354057001,0.04253577590541981,0.01674822377984217,-0.008541281635671746,0.04511975639615527,0.005830376737124062,0.0033900261181411657,0.036213124954005624,0.009381175800941876,-0.02284405338515964
2020-07-02,0.0,0.004021512351305945,0.019183716479857844,0.0032430361838601076,-0.017538753087259072,0.007591999748897607,0.008593638108904584,0.07651403502187115,0.0017783322264293493,0.00842928768456812
2020-07-06,0.026398740184999284,0.056086861548230546,0.020016959353092587,0.024939861647500568,0.02896548287616382,0.02129783096708881,0.02334104080824007,0.12645108117682743,0.015140090327044822,0.0070079076123653735
2020-07-07,-0.0031078851768473834,-0.018794894393650154,-0.006509416972368425,-0.02861622680608664,0.0024110703571005635,-0.01169576854978155,0.003297694448909672,0.01323965619758905,-0.020552540526422646,-0.02624833272157029
2020-07-08,0.023022965739254796,0.026637631211038765,0.009139779921194927,0.010559350061711645,0.01122956752381743,0.02175419739775241,0.034277894767616494,-0.017404076436543313,0.005747653757057024,-0.0023154264960418233
2020-07-09,0.00429112692544019,0.032418003431597016,0.009966263732890859,-0.021888521889520646,0.0037697985721272978,0.006976425279543749,0.028276812828855528,0.02057924378039391,-0.024427686308292174,-0.04213594929799848
2020-07-10,0.0017477158570879002,0.005442909266691453,0.01331102864345394,0.053225300768001166,0.002328616838836174,-0.0030373496362677043,-0.002834986218796633,0.10241918272489342,0.00024050338368087536,0.0307127591690246
2020-07-13,-0.004623711204902225,-0.030459227148096752,-0.01755378206346198,0.014232798552754009,-0.025080421763777144,-0.03137589270056593,-0.04160039926679825,-0.03129417979716158,0.028701749938792404,0.00023464477098393032
2020-07-14,0.016413034827910608,-0.006464146747407976,0.0056903307639165285,0.005718422776834411,0.0030498785173419234,0.006162507263089243,0.031795244840268445,0.013099686323903579,0.028971456884190963,0.03251742474345876
2020-07-15,0.0068537593566621886,-0.02466286482562469,-0.002620261665377883,0.015358500231796867,0.0022914899545536447,-0.0014890589386055465,-0.014535978686184378,0.019074500672006712,-0.014528770507783567,0.012626978628406891
2020-07-16,-0.01238128141551948,-0.002985648858511928,-0.0012930470094674343,0.0028035312133551935,0.002701615987156337,-0.020002536227221614,-0.00908560926609813,-0.02978572748503654,0.01007833863185035,-0.00787325589028683
2020-07-17,-0.002022326260594981,-0.012724365220700149,0.0012733586817831174,-0.018671447340896975,0.004555247052105129,-0.005112812950451419,0.006564588295370527,0.0001332960594379358,-0.0020205538146773204,-0.0173121757593392
2020-07-20,0.020855166667513955,0.07630823511693882,0.030508320005962854,-0.008799709732153306,0.013909276681012809,0.04208281682983268,0.029863691703626384,0.09049888548491702,-0.01006606373977192,-0.023716869360961776
2020-07-21,-0.0138980971204827,-0.018484694634580835,-0.005077393148185354,0.02145369352290914,-0.015066806038348536,-0.013560310382394814,-0.017491498454317,-0.046493332015906566,0.005422544949043364,0.049350499957828566
2020-07-22,0.0028054604112327797,-0.012305027339411448,0.005723034904399163,-0.007269135759021056,-0.0078070789136601565,0.014268702725806106,0.010617830845213862,0.01516786071044045,0.005230356278018906,-0.023567993434597853
2020-07-23,-0.0465850413667005,-0.03725419917985109,-0.031220032127748945,0.0029341934139990936,-0.03077698891481597,-0.04446869408566029,-0.03004820865047542,-0.05105769412846362,-0.01226857216685598,0.0020617204314198815
2020-07-24,-0.00248018539795045,0.007458986752838637,-0.005646388135839463,-0.007096969457743334,-0.008158610450857522,-0.0061412742183692085,0.006372074959602807,-0.06559870288489461,-0.00722165530303701,-0.0061977283848587235
2020-07-27,0.023423682731321414,0.015270459525145965,0.013971490114405804,-0.014141187129995299,0.012020517024935656,0.012588258241054775,0.022022043179282712,0.08298067038819532,-0.007307255426939883,0.014628823812389058
2020-07-28,-0.01656391900932543,-0.018126069617507432,-0.01699944448052731,0.004324912629392764,-0.014581139268725249,-0.009017700068220984,-0.01996456228787241,-0.04185494718429495,0.004444088408693472,-0.011869661434864167
2020-07-29,0.018986919915609034,0.011004699826417956,0.013121241815886317,0.023960468781316923,0.013681360822058168,0.010047367016581085,0.02417802744387843,0.01520390470417965,0.022255924571148646,0.010961708739082556
2020-07-30,0.012027715204422439,0.0060308083157400725,0.009706577985693984,-0.027047978642793527,0.005173256473889475,-0.0007846335863867364,0.014089611741890828,-0.00778145458192838,-0.004739174596499135,-0.050301767791484146
2020-07-31,0.09956313270013059,0.036294147981264194,-0.03332384914792799,-0.003924365840194617,0.0785786476940943,0.005429262780626291,7.04959125978306e-05,-0.038884339639871014,-0.00805918141347768,0.00500287670328272
2020-08-03,0.02488568193022754,-0.01682166001089732,-0.003494300553112286,-0.00560310845698694,-0.006763864811070339,0.05471645730768389,0.03658233466569202,0.03720897247565101,0.0027372419280465216,0.00403178542966095
2020-08-04,0.00665589047338036,0.008619861276316521,-0.006400522283841888,-0.005739739802794956,-0.008489688276597563,-0.015122537795915814,0.019561764335499263,0.0013458747004375454,0.0029272449788831896,0.028466839606357573
2020-08-05,0.003618029439135056,0.020871316739287018,0.003922268870829384,0.017223774052893867,-0.0028459474203240327,-0.0016422251066264646,0.005240848064625264,-0.0013323884879126878,0.025837404315621103,0.008703565933159725
2020-08-06,0.03429435742967333,0.0062115284906952865,0.017332588692497396,0.0003087589524383277,0.06285131143843882,0.01588710181619367,0.004310230286893091,0.0030659693985973365,0.0050757080875266656,-0.004800336559460859
2020-08-07,-0.02299790589609475,-0.01800293843304236,-0.0043817560413600375,0.021768627524741502,0.011841495672934778,-0.018049802372587118,-0.012070277943965212,-0.025063424630081314,0.009412067939069983,-0.004593517861706754
2020-08-10,0.01443017489586595,-0.006111826385309402,-0.0010349108559859724,0.01259883309361345,-0.020473490039238408,-0.020108268588890723,-0.0030854150673436287,-0.023781465364230175,0.006507996385560207,0.02433295909624805
2020-08-11,-0.030191092684731642,-0.02167112480516848,-0.010935986055439726,0.031108887827762957,-0.02646890577772336,-0.023663299086584808,-0.028618595204413975,-0.03163934754750358,-0.011187257081300129,0.010281958730471333
2020-08-12,0.03269385591861975,0.026133573522779383,0.01787326063425096,-0.008512564395552655,0.01457326111956123,0.02816686792394357,0.05297282689202641,0.12331118921207428,0.021072533674085882,-0.000226903276596482
2020-08-13,0.01754293097437647,-0.0003859062604570367,0.006223756209948139,-0.005552576400100005,0.005410746526062636,-0.0023452307893869467,0.00024015888786226033,0.04172205380429948,-0.002330089492539355,-0.024800171892922756
2020-08-14,-0.0008918124875950265,-0.004121037907113718,-0.007956842243487042,0.0003909696653177135,-0.00022953378819251977,0.0009577082043881704,0.010518828838038908,0.018162259872136134,0.006757400770766688,0.004407470094941742
2020-08-17,-0.0026143438080464187,0.010865072977043023,0.007686408012174456,-0.026718586643469173,-0.00030632349638783405,0.006584475931900813,0.06470598057384991,0.10618769683979797,-0.009903429047115215,-0.013047475257779226
2020-08-18,0.008298425305156155,0.04006138810950659,0.025743564172812417,-0.014038431148758327,0.004508167722475717,0.005737957154191621,-0.006199831790896964,0.02764276800974182,-0.011611363009263369,-0.004937215696834427
2020-08-19,0.0012540212694706532,-0.015825714532805114,-0.007205645401278665,0.0023364594752295436,0.0009526618597559555,-0.006085882229880235,-0.010021093425820806,-0.0045463782503080055,-0.004460554140114272,-0.011138770930908105
2020-08-20,0.021947072449560463,0.011250743012291311,0.020277119146613707,-0.012045890348655348,0.02415452490360354,0.02300514608423771,0.00020622292139427256,0.0635722137952821,-0.006584701735659682,-0.015370206208679625
2020-08-21,0.05024852992580027,-0.003843813244746528,-0.0004312740884945741,-0.0005135376940087553,-0.0074625000362039005,-0.007296669239944723,0.04371381480455012,0.023768211540485355,0.0025817978882529224,-0.007530431492954437
2020-08-24,0.011889168563645044,0.006899163550113672,0.006061765780570269,0.027765378222168534,0.01627096639391331,0.0031401872809442453,0.002893163601179879,-0.017607920006301417,-0.017015345658290396,0.02907815778892121
2020-08-25,-0.008237671703700022,0.01173146611135582,0.01297425103068638,0.004387794759985157,0.034156732614273023,0.012925756904202642,0.002336037552975396,0.004527486632740915,0.01088461129004912,-0.03225334515591354
2020-08-26,0.013507525024846393,0.02809711446991023,0.023557985067418435,-0.014129191954811295,0.07901795061665925,0.02138908400098706,0.001802143178639382,0.0621915738853809,-0.01094943401306425,-0.02151171383021026
2020-08-27,-0.012026418874304777,-0.012233678809977448,-0.009539597693732043,0.03236966725293565,-0.035808566336980506,0.02425690556728514,-0.011397087283398168,0.03897652873348478,0.009186560856700212,-0.006770861652433187
2020-08-28,-0.0016212511181884805,0.0005292501453169122,0.006676960952180013,0.004095434760901664,0.0014996217037387155,0.010230915845017573,0.04031424164028984,-0.01138789608941323,0.008625661856292752,0.023623973353706366
2020-08-31,0.0333499432488774,0.014347795491567642,-0.006057048748180681,-0.025425330082552444,-0.001567763427000036,-0.014875880190391745,0.01709946392873855,0.11839534141276628,-0.005806359836439557,-0.01860397603115646
2020-09-01,0.039059636815512416,0.013858994770032553,0.015557646139080079,-0.0004992573827833437,0.0076107624616699844,0.007685540634687932,0.033138175182183476,-0.04782238606695396,0.0008956663952918143,-0.012851371552839963
2020-09-02,-0.02093610334752068,0.009197048337934825,0.03695647402252994,0.01496657523775964,0.023615585989542904,0.01908897224870357,0.037316772234494235,-0.060034084286439256,0.023410521843513443,-0.006105221800593826
2020-09-03,-0.08344758916127086,-0.047389460231042485,-0.05252630680486963,-0.0031529553390346144,-0.03834564619610415,-0.06394866383102012,-0.09736500397284979,-0.0945727929773044,-0.0126010098484419,-0.0020435098452407188
2020-09-04,0.0006614547401195826,-0.022028208040287028,-0.030089004524695942,0.021382202093487984,-0.02924346595073759,-0.0141353567865958,-0.03065987539118982,0.02743348445504921,-0.013466405310720223,-0.0007675188510245452
2020-09-08,-0.06966633262248405,-0.04493916629572862,-0.03711427144148496,-0.03539484417254848,-0.04178294228563277,-0.05561358945292803,-0.057850789101585656,-0.23651789445767657,-0.015341093482834656,-0.023298988648979852
2020-09-09,0.03911170592832122,0.037013109131374684,0.015390232940651243,0.009462632384543077,0.009396311438648497,0.04170181183993119,0.06515203137068157,0.10366923114657202,0.015405038775166042,-0.00604212212054548
2020-09-10,-0.03319060446160213,-0.029022560577017922,-0.013783712666300303,-0.010363619890340065,-0.020782840492479013,-0.02841868956201374,-0.032228198454803444,0.013720031040026988,-0.02406748099406961,-0.025351688166298052
2020-09-11,-0.01321564857630688,-0.0187214757293059,-0.006765752550364839,0.01234428774292658,-0.005535889459798628,-0.006546171368329444,-0.012032151409561716,0.003709375196707332,-0.006183934201313372,-0.0027063442770051908
2020-09-14,0.02955865347482481,-0.004261050710177225,-0.00458242010483273,0.013756860112609438,-0.0017268492766867257,0.006741235923246117,0.05655212864786749,0.11852211424147725,0.0232451932002046,-0.006525253379354626
2020-09-15,0.0015590604229373532,0.016986906487693396,0.017274259115165443,-0.03162610570276646,0.023285063973941016,0.01627288390073799,0.009182731742938438,0.06936453038904387,-0.004352042815003732,-0.010695475034427833
2020-09-16,-0.029957777266364324,-0.02503409881608985,-0.015115868901670926,0.00422145250833549,-0.03321589999534016,-0.018027332242839596,-0.037368811553558916,-0.017947393738460667,-0.0023136071474360834,0.041582782881151616
2020-09-17,-0.016092545997686385,-0.02279449983567252,-0.016705463441271832,-0.011499961599855823,-0.033571681834372216,-0.010491396088129898,-0.004083621205749411,-0.04237854336559032,-0.005037033261674729,-0.00026465547576978347
2020-09-18,-0.0322340585801793,-0.018049831297685878,-0.02447245129187004,-0.0021328671077508886,-0.00902748097311892,-0.012497026649622876,-0.022249910763290012,0.04326101937694436,0.009918721438186607,-0.01626917073895034
2020-09-21,0.029875208841428205,0.0018798451658920037,-0.014542639164323301,-0.03139782568123268,-0.017496782082608506,0.010672144715565778,0.026553394763450415,0.016241895082045352,-0.029085747261790373,-0.020647112365926274
2020-09-22,0.015593456155723646,0.055362197019776946,0.020540669232144978,-0.010971991078089134,0.026249375721553853,0.02380793661086671,0.00958079250137602,-0.05761528541471742,-0.016615000986765997,-0.025015311700363467
2020-09-23,-0.0428513157295809,-0.04214463095521935,-0.035156028008779795,-0.01636288917047587,-0.022749376467676746,-0.03348260183194607,-0.041522146785958045,-0.10915761260898606,-0.007230687665966225,-0.032611573457695185
2020-09-24,0.010216527027097116,0.0066217097971920415,0.009512041634769966,-0.0008628126162499721,0.002045847099228871,0.012878680768596214,0.018327460172423007,0.019345803747202597,0.0017783167578631046,-0.0020374231833384204
2020-09-25,0.036829495514733496,0.024642604582375296,0.011321279565230996,0.008703644011044504,0.02097841670262131,0.022530988486410254,0.04169647931894224,0.0491842305281949,0.0330697837000738,0.009280354972165693
2020-09-28,0.023588499230353485,0.025178461064278568,0.013527915634336436,0.028372458051813904,0.007818035772633606,0.007764814400624005,0.012447649392098886,0.033459528236176775,0.002410179223557981,0.019157453546679228
2020-09-29,-0.007596470273613828,-0.00923261654532486,0.005033192338048577,-0.008459137799768052,0.01916728877978071,-0.01046325434701089,0.014527555825156116,-0.005069748902601041,0.003029408784697616,-0.029604038727722132
2020-09-30,0.014963227588996658,0.0012233973846267278,-0.00028649741460864405,0.009602799518515904,0.00041973108199291247,0.0147037492251575,0.022780695441548617,0.023442192423042928,0.024744606752221714,0.0014573623259985804
2020-10-01,0.00842637860912163,0.022773457377156782,0.01510072616508703,0.007244702280936691,0.017899364459497285,0.010075871857127267,0.006189183269177103,0.043670173422939704,0.004161125248410253,-0.035580236845800625
2020-10-02,-0.0328125119607666,-0.030338326155417573,-0.021947360537605612,0.009442763265539646,-0.025411259403129792,-0.029955471931655542,-0.04140927084520075,-0.07665503512528221,-0.0034879541151820693,-0.004537943783286689
2020-10-05,0.030326387015551546,0.023466537334268914,0.01853423212952114,0.02091593498765653,0.017957394122685506,0.020117198931357817,0.04346368484555925,0.025192518630920653,0.019584456453336736,0.022782702496562373
2020-10-06,-0.029088278658319186,-0.03151160525254176,-0.021685695964199853,-0.010352230104618295,-0.02289366239771867,-0.02147625276950815,0.006866603392331583,-0.02787018407731412,-0.011698226583793358,-0.010427556661927387
2020-10-07,0.016824618075255853,0.030413812448158245,0.005580409939876973,0.01729507232234029,-0.0020899025176547275,0.018858561178914338,0.016426126889519468,0.026977120398229415,0.02735352532438506,0.003288978380478472
2020-10-08,-0.0009561118720766898,-0.0016097349459189387,0.016509773673373397,0.02034700398773765,0.02161492392260547,0.003568056247424621,-0.009009983662570251,0.0014567215247855486,-0.002354365111892976,0.05120377801389067
2020-10-09,0.017246152418052454,0.02967554216621051,0.01805065813466994,-0.005714943152925873,0.0026128205725263454,0.024532486003399273,-0.005507166481633611,0.018793074176697643,0.01670149970335338,-0.014857488124699402
2020-10-12,0.06158472717899153,0.0464540159772508,0.03521615363056168,0.012178710511491263,0.0418422253247605,0.025572734257555886,0.03310583995136551,0.018943822515122916,0.006476150972838136,-0.003171325838547613
2020-10-13,-0.026885557389699655,0.0002033158031418585,0.0015837192016011905,-0.016337610817453024,0.001413629637697012,0.006572737185851828,0.0015627361491785572,0.009786884708723409,0.004384658534481886,-0.011910169422430325
2020-10-14,0.0007429493988896073,-0.023481628688544316,-0.0023189671062695343,-0.0055718918978728766,-0.015768070604600514,-0.009014712668256993,-0.010796289432094278,0.032273287618783654,-0.0293012256276825,-0.0020475551693377673
2020-10-15,-0.003968660034517805,-0.007478033616218114,-0.005110760227206708,0.014856082474638202,-0.018940776289350043,-0.005448138316539601,-0.008925505854283552,-0.02729299577407529,0.008415922077796737,0.008746284102917527
2020-10-16,-0.014099339361224478,-0.01994812848396483,0.007831918302408255,-0.00206670104530092,-0.0029662599952295287,0.0,-0.011410494067931492,-0.020731092265373598,0.016288026986972275,-0.01021154779851023
2020-10-19,-0.025873878357953243,-0.020216949722746604,-0.024374826722831543,-0.016989122460556384,-0.01718121549471193,-0.025077231724335836,-0.022978732188017992,-0.020310891071385614,-0.017367092455380387,-0.02014291986607899
2020-10-20,0.01310573732086865,0.0030508956211158598,0.01371676246686955,0.005695434461316887,0.023292183629507326,0.0020052206488117247,0.010886730967944085,-0.020850455371877373,-0.002501356581986495,0.00834344930811339
2020-10-21,-0.0054612857859778485,-0.01001890884724982,0.02225712794916033,-0.010013334630354235,0.040899579052491905,0.0006984395014987689,-0.00888828498001008,0.0016576578966101716,-0.0019189168399620688,-0.016153533401508435
2020-10-22,-0.009629373335677866,-0.002684886825932588,0.012948740935503068,0.03471302714325542,-0.002190953904511081,0.00041888940106531977,-0.012181486566166515,0.007425427859397711,0.00906709063100503,0.04999560340360145
2020-10-23,-0.0061530683267325545,0.008776346822349299,0.01624910654786171,0.008999132743406827,0.023699506760669307,0.006216518934047551,0.01701273516503894,-0.01219258008931434,0.014840145544007964,-0.02028461184129767
2020-10-26,8.704101012482952e-05,0.0008235515832760146,-0.030270288946028616,-0.025068392153577507,-0.027337689830034283,-0.028854512313129244,-0.03359663517383704,-0.0008324460631960825,-0.023070944598946264,-0.023997601031287497
2020-10-27,0.013382282615506036,0.02442300268945314,0.009166967586890524,-0.01904645452221049,0.022056527811259594,0.014976884472977344,0.01925603160497335,0.010414737676610572,-0.007924656995885472,-0.01601977594957435
2020-10-28,-0.04741848348308281,-0.038319991707740156,-0.05666412441499857,-0.028489949116682966,-0.0567158284812357,-0.050836726035715006,-0.05917468837920416,-0.04493353448533056,-0.03981355977584488,-0.0388307635862282
2020-10-29,0.03638017219415736,0.015134134911874026,0.030044747591281704,0.006504285721936201,0.047994285339661984,0.010014687625320847,0.030956419073797332,0.011777078527549948,-0.014125402876129357,0.04339055825840975
2020-10-30,-0.05764827300430219,-0.055995337191590895,0.037337920479444356,0.008913660019789495,-0.06517727479270573,-0.011051482939021034,-0.03834869619899768,-0.05707106115006527,0.0047961218553985024,-0.01067231898430935
2020-11-02,-0.0008268448600417123,-0.010485731675678473,0.0050674161514647036,0.022291438155295655,-0.006673450754746191,-0.0006915037786835647,0.003722649746420047,0.03163027338080621,0.022553123920915446,0.04114061268641331
2020-11-03,0.015236695352790989,0.014515652838803237,0.01305219636836236,0.031034702492394706,0.014962490734086046,0.020061214746532503,0.03428041485115607,0.05675891678442002,0.02920726778818604,-0.017211044287319937
2020-11-04,0.04002500118547326,0.06131112770815112,0.05910028491789029,-0.031034702492394737,0.07994422005382507,0.04712111982000781,0.05780365797186611,-0.0069123197353376745,0.09834641991353686,-0.00540211097933455
2020-11-05,0.0348780111336044,0.024635765802841537,0.009491416166074238,0.04008366532462021,0.025084631368813982,0.0313889604577461,0.026169148928848803,0.03983908014025376,-0.00045136980479151844,-0.0018070122524787716
2020-11-06,-0.0011364258354629806,-0.0032050668056014093,-0.0015727001021336514,-0.013410119903754514,-0.004318853867470579,0.001923847511903514,0.02799434864867089,-0.018755444602258167,-0.019776221635021976,-0.01182763370419224
2020-11-09,-0.020169969019372617,-0.0519488297063862,0.000959805541916183,0.126978280288107,-0.0511843677825989,-0.024112805107164355,-0.06608722715960838,-0.020418708541599162,0.007283274894808108,0.11920588942118687
2020-11-10,-0.0030135375447666287,-0.03519509049367411,-0.013546379022390103,-0.0032558588745031105,-0.023005189647669788,-0.03437685701896936,-0.06522954590758208,-0.026215382510501505,0.010487775620314096,0.021942792923738
2020-11-11,0.029901153396021837,0.03317322672809136,0.005457860738650272,-0.015045657277201986,0.01475688224795957,0.02591591493664111,0.049498600754568335,0.016363110813065698,-0.005642284033541548,-0.01036278838101205
2020-11-12,-0.0023462477434081884,-0.008678484699991355,-0.0025272427633623346,-0.012360405438809795,-0.005076537792625303,-0.005139054859397261,0.002883816108966668,-0.012957330573612593,0.007675772698795094,-0.034866401532882
2020-11-13,0.0004193861659886718,0.005939975842648188,0.016750973583356536,0.006243166453992813,0.006774937393451625,0.004954174123802496,-0.011942570541618791,-0.007948653293047676,0.0035492061653948238,0.023840836315313717
2020-11-16,0.008682716181134495,0.0007187867984453675,0.0009982336834458982,0.027834632423472606,0.007231271878102225,0.0033200496612689834,0.016280116788446236,-0.0010042223136041864,0.0032276943022533605,0.0560490881735239
2020-11-17,-0.007593121412560381,0.001468143007621713,-0.006997117868811469,-0.010196939811215553,-0.01429734248753901,-0.012833409403136108,-0.006904832700050438,0.07893944622909929,-0.013316119091758774,0.013276123530792132
2020-11-18,-0.011456645167338247,-0.009677888280344956,-0.012003605787393764,-0.0074340634254075775,-0.011079025072634223,-0.01327140361658116,0.00048427128784702485,0.09709745318946535,-0.021791778413322662,-0.03848637115401933
2020-11-19,0.0051547320629944755,0.003715583547472407,0.010248006352789595,0.002686220082379355,0.0035601943483812883,0.006328323565093622,0.0008560326814690723,0.025622441945055478,-0.022040189866913883,0.0050931632422405145
2020-11-20,-0.011018009517528968,-0.0056688516272875725,-0.012698562921019816,-0.008603786815604036,-0.011941747816734639,-0.009602452054854979,-0.026577272179900715,-0.019537882465358328,-0.006848625487303674,-0.012375647735068851
2020-11-23,-0.03019381010552073,-0.0003259651773973119,-0.005092326272869002,0.028396208521741836,-0.004720047037804113,-0.0013317000108426136,0.003984204615041108,0.06377098448424992,0.0010750475680406221,0.06345498244468332
2020-11-24,0.011527252201643688,0.006328425701275153,0.020817292956037868,0.04520027482753362,0.03113830998038403,0.017690324983747098,-0.013966823022768278,0.0622723727366544,0.0028312219133811746,0.0644433810624888
2020-11-25,0.00743978384076704,0.021263218006347694,0.0001302901523388942,-0.010515767512933998,-0.004814284274049902,4.669264544533801e-05,0.021151825608388217,0.03297682427747412,-0.00842806791521531,-0.028266380403648268
2020-11-27,0.0048145426704986755,0.003219256968037136,0.012891828054753822,-0.006659962120289623,0.008023205536835713,0.006338971699390054,0.0020003450952628655,0.02028074420821668,0.01415567279384125,-0.015308771637265151
2020-11-30,0.020880059799171444,-0.008580433078829422,-0.01842273061933465,-0.02793971355162285,-0.0030281729576427346,-0.005404380239490703,0.010520429565154735,-0.031493184788437205,-0.0047456570308911815,-0.0526166171306717
2020-12-01,0.030361910804471356,0.0162931356533559,0.023078635902062286,0.015655499580469294,0.03400386859871802,0.009947298406914913,-0.000858651993518934,0.029784568093447848,0.014316822113184842,0.009656730302457691
2020-12-02,0.0029292411391644816,-0.00515287341781244,0.016358286125436505,0.019026260332372754,0.0033792459648151222,-0.0038927604680921604,0.011472315215744024,-0.027637417933142765,0.018497767831999135,0.03672022800491876
2020-12-03,-0.0011382187455745054,-0.005257991204430573,-0.001716613249699971,-0.006576860414555991,-0.019917278857840035,-0.005260567409874575,-0.010728736573393868,0.04227093212295036,0.0032172183221338083,0.0067371962837331255
2020-12-04,-0.005628384930687012,-0.007607189417695092,0.0010532977881742168,0.009032155001434998,-0.007657533250730454,0.0005599958297876874,0.012038942721101257,0.009493325730045684,0.007055543562277573,0.035905450239495026
2020-12-07,0.012195466337267702,-0.001449259101838023,-0.003697167315224465,-0.0037673553846050713,0.020804538744729248,-0.00032674436494270384,0.003570666467831234,0.068886056292822,-0.005818565277924683,-0.018891016793056884
2020-12-08,0.005077932467708657,0.0060897673194401595,-0.0031419869650202116,0.00098418890035253,-0.007662721825338976,0.00799459163944339,-0.019049548263135305,0.012573321033348567,0.0,0.03223736453639637
2020-12-09,-0.021125220772164683,-0.023272568006966705,-0.018650812157125718,-0.007817356308199457,-0.019526082080329386,-0.01968231916293495,-0.031908291226840906,-0.07241913725041024,-0.009967581076520836,0.0131704549732593
2020-12-10,0.01191746224968349,-0.0008734778193995013,-0.005759400363214989,-0.00646445615222929,-0.00288265486212784,-0.006061651413575634,0.0032044121299483175,0.03668958724599977,-0.013917094751281223,0.027878811422308938
2020-12-11,-0.006757468565824279,0.004802302959357711,0.004036725852695474,-0.0059209670715071345,-0.012966269955386698,0.012931264644819114,0.003155621175021614,-0.027615591895456065,-0.007624777747286734,-0.004783141834206028
2020-12-14,-0.005159993683859131,0.012927776593180737,-0.012781374372892122,-0.010594364377547377,0.0023369930615404215,0.004398102937625065,0.02245365276788564,0.04775997018342951,-0.0027929053978801846,-0.03673951987258595
2020-12-15,0.048875967484088505,0.0025782705182143205,0.0050208122508296074,0.016931030007675922,0.004947631110246942,-0.00032683902348324323,0.0038808990606979546,-0.010337277993335172,0.01047666377320925,0.019235723304811308
2020-12-16,-0.0005474631833131386,0.023678659082595685,-0.0022111895434754622,0.0029047693543507763,0.000435740732338617,0.023765924298904575,-0.008871188585480751,-0.01668801318404443,-0.0009717960507215653,0.015218183767330976
2020-12-17,0.0069391503197081825,-0.001506881775001751,-0.009537834064818078,-0.00832178734075391,-0.004326381996887868,0.0006385912193349815,0.007429404422360752,0.05183107739238684,0.006842833768405082,-0.005046966030764682
2020-12-18,-0.01597736521416689,-0.010696397444651836,-0.00824414328473452,-0.004942333689021296,0.006970595499876062,-0.003790237122019871,-0.005204326656413947,0.05790353852575283,-0.009675835436410951,-0.017400081949449097
2020-12-21,0.01231899755337267,0.001413904523066775,0.00481976533910008,0.03685026265256955,-0.013146743007314598,0.018133915211756967,0.004529446142081765,-0.06715493498509616,-0.006820627634572141,-0.01842239435297161
2020-12-22,0.028066663705778178,0.00010602891458408637,-0.0083015340770431,-0.0153335421429839,-0.02111674177276079,0.006046590892970507,-0.004058443215247914,-0.01475762913420309,-0.0031886131499068247,-0.017069886018548336
2020-12-23,-0.006999988577472801,-0.006649178948489452,0.004645489121691016,0.02756132444788022,0.0038117328726179167,-0.013124902394705875,-0.02046683731568757,0.00876920991536227,0.007671483951442986,0.012769501706350696
2020-12-24,0.007682781827559904,-0.003957235360226408,0.003425447780432689,-0.004407380911501466,-0.0026515930949053074,0.007796714625187086,-0.001192199235218153,0.024149533626973363,0.009434415836418315,-0.004078016788182512
2020-12-28,0.03514089279277582,0.034470151618254896,0.022691211470153076,0.006563743783829339,0.035271798460309096,0.009872799733082869,-0.007241316350456736,0.002897106734780491,0.015027948270791474,0.0033597888361885223
2020-12-29,-0.01340436773659541,0.011517048584034767,-0.009174048758670441,-0.002636186746014155,-0.0007945166541525872,-0.003607262485208083,0.003347058237879145,0.0034595328945029335,0.0040387175334791,-0.011324225677033674
2020-12-30,-0.00856335463445892,-0.01094170357368153,-0.012312750421659524,0.002795873063949025,-0.017898922769329986,-0.011080694961380646,0.015524299393864113,0.042320582323576904,-0.006817709110102264,0.007964436840844994
2020-12-31,-0.007732281328200769,-0.008840331459923346,0.009395659201117734,0.01354843867893078,0.004733834512085779,0.0033327954148584826,-0.006927323114255712,0.015552413007484785,0.016358727594528586,-0.009176708473478406
2021-01-04,-0.025030047065238707,-0.02182109847190733,-0.015241320991197951,-0.009488389227388736,-0.015569601384760923,-0.021495520728678472,0.004471020126301398,0.03358173995604568,-0.003370531769800651,0.00676984737689693
2021-01-05,0.012287901250230665,0.009954646073317086,0.008031824954896353,0.005426451667782535,0.007519809910552448,0.0009641013900349093,0.021966720560826245,0.007290726849836652,-0.013539082725683759,0.04706741855199307
2021-01-06,-0.03424109612110081,-0.025211776834210834,-0.009916424698830388,0.045886787340322095,-0.028675852858112545,-0.026271419665669028,-0.06076189600042823,0.027994766442436515,0.041109633871887506,0.02519703243689721
2021-01-07,0.033554017987032295,0.007548565530855581,0.029431292945764912,0.03231144950033977,0.020412054382369055,0.02805960944896929,0.056219904157472717,0.07644846869014829,0.015905559998952268,0.007815496892942139
2021-01-08,0.008594130437368194,0.006474509430722278,0.013151857718747998,0.0011034894611154336,-0.004362716492894913,0.006074473229456898,-0.005052436508188257,0.07548123816080572,-0.004502859067097611,0.011059745987244369
2021-01-11,-0.023523394041861188,-0.021754382256951105,-0.023376857516416036,0.01481417979961169,-0.04092818975143831,-0.009745659986513345,0.025634919124047778,-0.08144231364811663,-0.00729173846025838,0.02990456888983427
2021-01-12,-0.0013964619892771995,0.002123540741920703,-0.010796661453143678,0.015596587856776353,-0.02264184403888217,-0.011840610418216876,-0.010089976600466354,0.046075003355075396,-0.009413257840734377,0.021960438254674683
2021-01-13,0.01609639446581337,0.014335165650269394,0.005636227906996589,0.0009266250652932938,0.0021879913221472948,0.006538551511598803,0.003479217064050575,0.00583390055163722,-0.006541134518242869,0.011214646459948173
2021-01-14,-0.015242542406982496,-0.01220978211670719,-0.009390183366899544,0.005825431079611727,-0.024132445868166937,-0.015464960229371619,-0.024803089297083334,-0.011074621019438693,-0.012784512899847047,0.03829096629062462
2021-01-15,-0.013826049854299728,-0.007452299659631569,-0.0019083386598782149,-0.01808415462065827,0.0230192077039583,-0.0017386960779304133,-0.02615276838410907,-0.02254816438492574,0.002194338567430057,-0.049296917744342084
2021-01-19,0.005412678051402223,0.005304424924284414,0.03237684434995257,-0.004337168549700457,0.03801724191112733,0.017665873944008786,0.01280687380715692,0.022015499815695363,0.002530313845955112,0.019642693880572753
2021-01-20,0.032327961281430034,0.044686981065348005,0.05218743610718244,-0.01510928094455435,0.024141558070895613,0.035849465213819195,0.025805817635017738,0.0069617088412489295,-0.0038405811346281667,0.014028976004381945
2021-01-21,0.036001788500033174,0.01327491862890803,0.002167889135686312,-0.00841942107235491,0.019950461311940348,0.0028044143159340847,0.03685261137899671,-0.006440854103183004,0.011787678525789115,-0.029088296643224664
2021-01-22,0.015946113614977983,-0.004473303364494828,0.004453590691720492,-0.007743339565275945,0.005955782828276683,0.004346519188402381,-0.011240350738416997,0.0019507385857469443,-0.021209324804460597,-0.014235434341331715
2021-01-25,0.02730801702371971,0.0005374909810066927,0.0009083183702916927,-0.012560869957156823,0.012705662296833809,0.01571994104485593,-0.004330277242392974,0.039555086200732434,0.0007478066826257878,-0.01123707422940763
2021-01-26,0.0016777954967700495,0.009706872588035214,0.007190685933551258,-0.004095416345935479,0.014427462487270094,0.012125015423161163,-0.016095465662325757,0.002596544878530684,-0.013605415481526838,-0.022206407630263762
2021-01-27,-0.007713570144944581,-0.028528919404602372,-0.04777555010042006,-0.028679338057891496,-0.03576771304343978,0.002450598938411272,-0.03927964329828251,-0.021669174678462418,-0.029938439503793452,-0.01140097497291212
2021-01-28,-0.035611829115191,0.001557905206109897,0.018660052184676763,0.01744445162743288,-0.026586947851935168,0.025561280775622117,0.010262336325221128,-0.033811459334112025,0.015377071519391343,0.01553482030787035
2021-01-29,-0.038138684938917464,-0.009752051571646207,-0.014041605151586988,-0.011129341360112429,-0.025491759369070124,-0.029605604970612574,-0.004704163089602666,-0.051455133708131096,-0.013606832015426642,-0.026844386045473886
2021-02-01,0.016385168061847324,0.041746274050055085,0.035327542039439434,0.007356266042987255,0.014144770500672619,0.0326144865142127,0.018855467893685477,0.05668432585298431,0.0012582638044123552,0.0017820911656158704
2021-02-02,0.006316607072104165,0.011043015400718599,0.01366683658565842,0.030317825738313004,0.019165503985560318,-0.0005844018058544681,0.02386859136687525,0.03851924269165984,0.014032873946278418,0.015682375169093658
2021-02-03,-0.007808863587451708,-0.020163489626646183,0.0702954949156265,0.011386375145857467,-0.0016114655736816324,0.01446647381462005,-0.0019382175468737207,-0.020956118951172036,-0.0024532847674033176,0.03847873652550328
2021-02-04,0.0254318519897109,0.00556035766663457,-0.00255318714201223,0.02275218147912341,-0.000600189960753108,-0.004082389943679666,0.009836510259747251,-0.005514295631595512,-0.02569072216928553,0.01900861728108073
2021-02-05,-0.0031029090253590344,0.0063293425623789645,0.016995130045732512,-0.0019548206319378145,0.006023530052735037,0.0007846702637773657,-0.005374878095524715,0.002631883215661463,-0.014713733837749427,0.03296993457181721
2021-02-08,0.0010960148299868167,-0.008751967758836224,-0.0020655058255110623,0.015533289033285467,-0.00568579948113148,0.00111411081159096,0.060507501872678414,0.013044842106937113,-0.0005237920011852459,0.04214246635022218
2021-02-09,-0.006595218953485609,-0.005413479034808956,-0.004389564609890467,-0.0040040871089591385,0.010708516796096464,0.005347406389781757,-0.012229233655724247,-0.016300455142510474,0.01617820382175091,-0.011781028790976008
2021-02-10,-0.0045686548942379225,-0.005588994815406755,0.005329228100894653,0.0005730576068426413,0.008941137601745938,-0.0039047577764396643,0.034522340304032444,-0.053982110546516617,0.011372349597606017,0.009631605012517894
2021-02-11,-0.0019224914552440125,-0.007467083315264711,0.0010875190574670234,-0.002796597952049717,-0.005458596270711469,0.0068538550986737504,0.03241990589369064,0.008462878423046197,-0.0009902824443248752,-0.025357920302449533
2021-02-12,0.0017744532652940479,0.004764600739063575,0.0030020816334313566,0.014117056540046698,0.0004064977542931676,0.0020429209991236464,-0.019164922056509475,0.005479859012751231,-0.014607586911285357,0.013551298952035874
2021-02-16,-0.016235045879099144,-0.002676197092374675,0.007451751176126414,0.023785512647068702,0.012746836851558902,-0.005279270772045277,0.024364194076953703,-0.024685864957400563,-0.011089566700566414,0.029643566851720714
2021-02-17,-0.01780154334858932,0.012068471325383062,0.0037452649285885276,0.003106234303073327,-0.0014610693142350156,0.004349969181131707,-0.028064096208110755,0.002420934399335105,0.006876607762906362,0.015444953869201744
2021-02-18,-0.00867396394530033,0.005903355134450001,-0.006064615008436128,0.0033714026882687522,-0.01539739696033906,-0.0016802925795561627,-0.005178909881636948,-0.01358555824881115,0.004730529096372766,-0.015829335975657104
2021-02-19,0.0012327136230134742,-0.023816428691007405,-0.00810574013424309,0.016552866147606135,-0.029496327970236463,-0.01163469407852138,0.006553287832570236,-0.007751801260508434,-0.01173088112521596,0.00670544798740752
2021-02-22,-0.03025211869863612,-0.02151030634661799,-0.016679008338438397,0.009346531972068783,-0.00471402512712016,-0.027174077680074,-0.03898757089659235,-0.08937612559287707,0.00938372563989631,0.03619003654209589
2021-02-23,-0.0011115383461433252,0.004316729031036398,0.002848581694023786,0.007999666208180488,0.021019846113319536,-0.005301817535453911,-0.015001309475425315,-0.022161184525391956,0.005691303306237651,0.01371782980288735
2021-02-24,-0.004060326635531074,-0.011007327640787778,0.011433849236738108,0.01744214935016141,-0.005847284274153869,0.005472284559688341,0.024930246700259288,0.059954347975619854,0.00816051546588205,0.029532474676609733
2021-02-25,-0.03540208496401039,-0.03293690001850802,-0.03310744105766363,-0.013664682403722945,-0.037075235784480805,-0.023990428461424823,-0.08575155762076579,-0.08402401628244044,-0.010104764675897784,-0.01671744555487774
2021-02-26,0.0022293132742572976,0.011632467716052848,0.002952125582506234,-0.026882424366100808,0.011438336218167313,0.014695620399994851,0.030125723213154227,-0.009898985904473094,0.010135067381749947,-0.025244162145660682
2021-03-01,0.052451227732839535,0.017057488725899683,0.023341737502451117,0.022374414822493444,0.02790466207187273,0.019432818275626203,0.00923578769078358,0.061615106636751404,0.007287836413013949,0.03665663101021039
2021-03-02,-0.021115109720167287,-0.016540301818484742,-0.0025060925521582724,-0.003261466127468369,-0.02256219473361821,-0.013041615826452644,-0.03196854727340667,-0.04554943930628858,-2.9781833033944707e-05,-0.005868322980086045
2021-03-03,-0.024760514741187185,-0.029358478249911932,-0.026042362966598936,0.019147672229126445,-0.013957956278762059,-0.027351315261086393,-0.04590478507072173,-0.049635467535242055,-0.0053035518091582206,0.007993658848732314
2021-03-04,-0.015938124346852763,-0.009170074897274566,0.011134149372289896,-0.015487461462096282,0.008693220626004214,-0.0036540248662644405,-0.03452171364784479,-0.0498440101928223,0.0028196157866069833,0.03801559606246473
2021-03-05,0.010681079512950187,0.007658083796422065,0.030570998410783534,0.0023217841677967534,0.025445714539197244,0.02125177416442508,0.007349571585952931,-0.038532236280416896,0.03904135794282327,0.03711558036435988
2021-03-08,-0.042566785283979884,-0.016299583149453855,-0.043650922516720224,0.01316567729429947,-0.034530506028797446,-0.01834505466970783,-0.0722208514649197,-0.06022747806878108,0.008805739831398667,-0.0009853461131405009
2021-03-09,0.03984517674093768,0.036879873274693574,0.016235982042647878,-0.0070877757200514735,0.0400399999079684,0.027713845027343507,0.07726928312623502,0.17932714140524914,0.005155458366832648,-0.015563229883733962
2021-03-10,-0.009209001708809438,-0.0017024656850275469,-0.0020457492146461584,0.02150204737388902,-0.00316616367383794,-0.005834466133080994,-0.004161878285298931,-0.008228833280182578,-0.00678474115628317,0.03024069394218658
2021-03-11,0.016368089529226398,0.018133028189585527,0.031114076779630545,-0.005235250578806498,0.03333787391695827,0.020062557788734954,0.04126387010181092,0.046130766690605556,0.009961752175957229,-0.007474929322397312
2021-03-12,-0.007654634120431128,-0.0077703841773409145,-0.024354678526792625,0.011788789596818927,-0.02021182136497321,-0.005836659644527629,-0.010638581387735822,-0.008425900400429927,0.011782082151378269,0.010707495760904386
2021-03-15,0.024162470098865844,-0.002531144890792291,0.0021634191512449183,-0.005007952886992738,0.019736908589224892,-0.003995314905972276,0.02574309328736932,0.02027649657712319,-0.006029017542586387,-0.025826785628789053
2021-03-16,0.01266232350069304,0.0032979661178309406,0.014233098247124473,-0.012043411518667465,0.019999293818779195,0.01227487059373396,0.007551888916934467,-0.04486533694757759,0.0020324793920177813,-0.021423636709588224
2021-03-17,-0.006471401019776987,0.014089129048404545,-0.0008016836968522311,0.010239882490398325,0.016794871471736205,-0.002822717558627903,0.0037550954216652526,0.03616869761350537,-0.006848277028893661,0.004388961086913833
2021-03-18,-0.03449334749329341,-0.03496292546552067,-0.02967402096747899,0.016371552857714192,-0.019160599683011845,-0.027023878977794378,-0.0474886703812913,-0.07184055905976212,0.02764002731461664,-0.04407649580290398
2021-03-19,-0.004490114975101584,0.015392830040768038,0.002776513082177745,-0.016049331969182023,0.04041122964571519,-0.0016051846390658703,0.009640862646102043,0.002614584056873359,0.009702832307138151,-0.0056489801462410215
2021-03-22,0.02794154641905968,0.011610547696605156,0.0018384974756466734,-0.027246797165470533,0.011753877968573535,0.024189623417031545,0.026161611587229273,0.02284097771296026,0.003495271716262813,-0.01032023598776237
2021-03-23,-0.006912582628317357,0.008523856571831514,0.005225887527131955,-0.010052145448155612,-0.009962850088612507,0.006715065869353727,-0.00879768109015506,-0.011770465503008509,0.004460488322916986,-0.012418184735254722
2021-03-24,-0.020195948191303135,-0.016203881085462144,-0.004320022861370596,0.007731284914575397,-0.029647732978275658,-0.008963388736810962,-0.03327313897214225,-0.049358942535190804,0.005682606433251423,0.020079797011728392
2021-03-25,0.0041548311007330455,-0.013307791454017294,-3.4537380127899025e-05,0.012732131810559114,-0.01212402585768353,-0.013339336520722002,-0.008559269665569566,0.015929083234572167,0.0013211246952447727,-0.002844188900059689
2021-03-26,0.005128255476868872,0.0018923206745425616,-0.0038105182560463783,0.016513304999959646,0.015238319119176703,0.01766195904394806,0.023962323310331747,-0.03444071328935919,0.014420462447576688,0.026869752888526964
2021-03-29,0.0014840212031331877,0.007735312514846097,0.01034753382206761,-0.015661485972193818,0.027186901730515148,-0.0052572638796759595,0.008453928045879203,-0.012065159218404021,0.0068294984198248145,-0.005386004610485471
2021-03-30,-0.012350647153006955,-0.006667777807782873,0.0003323889595316068,0.011720468008763469,-0.009744214122033135,-0.01451585777841738,-0.0059257863016862035,0.03902942452340498,-0.014615967324457784,-0.012446760756460748
2021-03-31,0.018591976240086076,0.012616087083554913,0.007812120597198987,-0.014672319119938392,0.02242045486657884,0.01676634835975025,0.03635036771588186,0.049582426993429185,-0.003996429542742868,-0.01528618004752488
2021-04-01,0.006934511576883822,0.021397878158709596,0.03209016398361173,0.009675307887467753,0.013925168824821598,0.027526153113487464,0.03413433804201406,-0.009295525767170772,-0.013529548633115908,0.027558551667154978
2021-04-05,0.023303535764984756,0.020580800847156144,0.041019921494232024,0.005286767173150143,0.03374394525701264,0.02735087263594602,0.01264453709680968,0.043324388497766333,0.008436882945003667,-0.015629627824291885
2021-04-06,0.0024592949056684633,-0.0009022971624071701,-0.0043810568323834325,-0.007055404304200676,-0.008615428789738467,-0.004869809484583248,-0.00904906721582595,0.0008244361718844317,-0.015819554376922132,-0.002835542416859413
2021-04-07,0.013301456449917832,0.01709045911872312,0.013385266139206353,0.01554673615376272,0.02205615632448272,0.008196764312002723,0.020140102359475096,-0.03031223705748461,0.003479331829230084,0.004427396554807947
2021-04-08,0.019051333237393803,0.006052887214350471,0.0050786147485408235,0.0012255384691888368,-0.00022372164439923452,0.013316317019067755,0.012192600866981273,0.018941076007001657,-0.002053247359803642,-0.010480537443523468
2021-04-09,0.020049011945433865,0.021855051421528913,0.008953563943890058,0.007450623531498236,-0.0017904935008167305,0.010214323031021,0.005780301260598518,-0.009964638245883606,0.030790638734269102,-0.0023240578207447877
2021-04-12,-0.013321206568942536,0.002129852126864464,-0.011538648041479449,-0.00211412153093413,-0.0029487072579482522,0.00023436552443175884,0.054659455577166324,0.03620406408291566,-5.305067838353859e-05,-0.006644680697611229
2021-04-13,0.024015949616925897,0.006080225513606812,0.004360876406419998,-0.011998554868315777,-0.005729708684247966,0.010031171857459947,0.030466470260959406,0.0824615371588127,-0.004741746395969571,0.0037766991058587676
2021-04-14,-0.01801428356009841,-0.019902668921269934,-0.00556892634826622,-0.01886720512974841,-0.022659301821597852,-0.011282443667746802,-0.026005594459254038,-0.04027179907894106,0.003012905340753629,0.028489917742937784
2021-04-15,0.01853483417433201,0.013733669660684043,0.019147071672664676,0.006328931864989876,0.01637644923484536,0.015182186766751779,0.05478211537936536,0.009000306677510112,0.03756753196624125,-0.005949260330564112
2021-04-16,-0.002531415474350147,0.006004280530908502,-0.0010945039697323822,0.007398036773849886,-0.0053421620101412135,0.004767006474699283,-0.014025578235382075,0.001257911412789418,0.002561083551702677,-0.005631914101830117
2021-04-19,0.005056089889200728,-0.008101740463144907,0.003066222811295839,-0.004248870305251239,-0.012951656956140494,-0.007700183209144026,-0.03522438816312015,-0.034587909254449344,-0.0029969749949668926,-0.003181806421482503
2021-04-20,-0.012913004854924762,-0.011129268476364956,-0.00470587137576423,-0.02239080922674114,0.001355727728915489,-0.0018567248032469008,-0.01247842852867724,0.006082481415169929,0.017015534662478172,-0.021294821990856076
2021-04-21,0.0029255004198725136,0.008162267510845943,-0.0002896171072009928,0.008471905893075673,-0.003906651695186243,0.008943026517074907,0.012397172844162039,0.03435484924604316,0.005733406877952193,0.01275992451429227
2021-04-22,-0.011754182019960438,-0.015883879438343667,-0.011402067852855063,-0.0212823028966483,-0.01655577644420587,-0.013172402085315626,-0.03378248091530493,-0.03338171795091616,-0.0057084465993672675,-0.013121369515707502
2021-04-23,0.01787797221452965,0.009576191314045886,0.02082921490617879,0.018954784952956598,0.015427346640021001,0.015357247191176829,0.027562192084231607,0.01340170287553056,0.00946247561317693,0.005413144273930885
2021-04-26,0.0029730445485993645,0.020184691912166108,0.004338600948431307,0.002460368686309068,0.006322841383078307,0.0015306523935995243,0.013840617008810655,0.011992516455123831,-0.011178680323911299,0.0019775538959440273
2021-04-27,-0.002452184586415865,0.0024698649221989518,-0.008237736824338555,0.004572346029412082,0.0017474307852013528,0.0016045607946694688,-0.0062378251155170185,-0.046385859854230806,-0.003441440372493091,0.013025377426993843
2021-04-28,-0.006045513539563884,0.011946146532530181,0.029275173763518042,0.006458314531195014,0.011561189581530792,-0.02869341361945209,-0.006849812306097862,-0.014780794025162398,0.00022780960402441522,0.029691171790955876
2021-04-29,-0.0007491532415693441,0.003697092085053035,0.014192814904669955,0.019257840885901344,0.07043323186987983,-0.008085753225352588,0.0031370622920592877,-0.02537683713134589,0.017484985546102956,0.014182349726714736
2021-04-30,-0.015249034464318799,-0.0011212645540177846,-0.016544000720174888,-0.008932063661566767,-0.013535436088102605,-0.0013077640130562482,-0.02078585734241165,0.04680461290993818,-0.00687194089745972,-0.029267037663290175
2021-05-03,0.008181863905716784,-0.02361686640013657,-0.004437127395790627,-0.00292996185752591,-0.007720055161497689,-0.0012697279273242608,-0.011576139767536247,-0.035203052789871056,0.017646968756592298,0.02722913383635428
2021-05-04,-0.036026640366587606,-0.022280927908247625,-0.015592083966226562,0.013728910296010682,-0.013168329088942284,-0.01629171620186499,-0.03327012732581094,-0.016636360929421768,0.013313252713332977,0.006270409414804835
2021-05-05,0.001953627715760805,-0.012557955081461925,0.003436027500008988,0.013035437507730794,-0.010546846163233129,-0.005341325590387901,0.007445599635822477,-0.003956776807325929,0.0028158267182997834,0.029629386713145047
2021-05-06,0.012721161732133087,0.010895826077640012,0.00970743553833377,0.019924736242369505,0.015747486597579945,0.013139992183957762,0.004451018139692989,-0.011090612633393284,0.005970246600606485,0.00946786087698741
2021-05-07,0.005313144761975695,-0.004474051509126132,0.00621835019881387,0.003416794655268968,-0.0029417559260189875,0.010872800519534829,0.019720884223657618,0.013219694470214068,0.0064373299241420635,0.014196258217816253
2021-05-10,-0.026143203503323637,-0.031202294199865952,-0.025920405752356636,-0.00012394271834326314,-0.041954614317277164,-0.02113623527431175,-0.037593073493886034,-0.0666139869184463,0.007727996535632453,0.0023997376299979903
2021-05-11,-0.007437893011240214,0.010420336143649124,-0.009509508461457717,-0.016763096424356878,0.001828537610441249,-0.0038507389120758365,0.0028348621434569534,-0.019001672485714622,-0.022076693311230845,-0.03231582458847465
2021-05-12,-0.0252546707343285,-0.022576744303825176,-0.031235227506759614,-0.006898993608485944,-0.0130690408464244,-0.02980253812866706,-0.039039520524031576,-0.04525703659502094,-0.015494942825516314,0.005344047992771099
2021-05-13,0.017760915275056185,0.0030189822880309276,0.01300009206022882,0.025397184001302264,0.008917293061895593,0.01672137422458946,-0.0068006072456696254,-0.03133918628539079,0.007838662553192433,-0.012401742856075365
2021-05-14,0.019650643603705564,0.019244482527551766,0.02189362410710708,0.015422141806839249,0.034388372118545854,0.020848493376046294,0.04140935987342606,0.031084853734470938,0.003030482655810083,0.02448703712443896
2021-05-17,-0.009301902662841307,0.01462764646007257,0.004615370770389132,0.004016311701907329,-0.0015204584118614598,-0.01204078720855585,-0.005455994347769096,-0.02213414578006038,-0.0028589536824601947,0.02309775797762733
2021-05-18,-0.01130935053674561,-0.011721487581113643,-0.011622942766592804,-0.014189134270946991,-0.01758862229390922,-0.00860203044302059,-0.010627859546496114,0.0018013224952045325,0.0042734751842425376,-0.028708319402184563
2021-05-19,-0.0012823336710822465,-0.00014852585753418506,0.003983278358186349,-0.007667182513474764,0.011643105984856043,0.0024710392806177326,0.003561127947529953,-0.025252562795766022,-0.0021467846720494487,-0.02428731438291487
2021-05-20,0.020794350997589642,0.004901676923524499,0.01548595607837982,-0.0017394060575381318,0.015881539091975913,0.013725701022570818,0.0381347031433533,0.040553601408475165,-0.002102469325625283,-0.002376543181312492
2021-05-21,-0.014877106510423259,-0.013828021471269424,-0.005572705824856775,0.011314180558464363,-0.007497991978467052,-0.005328992057777217,0.025622471282569136,-0.010105809239520404,0.007290442772878701,0.0013587385588054233
2021-05-24,0.013226168679723595,0.0129993563234214,0.028748496404751807,0.005395658953416251,0.02621616856321796,0.022624262701098758,0.040539869412067685,0.04306162202970284,-0.0016532379600444724,0.011642865571486524
2021-05-25,-0.0015746481499620425,0.004323491452926749,0.0007748681379907641,-0.01038798148298478,0.009687135205995392,0.003741239519185264,0.002287298595426089,-0.002889839951081735,0.005097102127296056,-0.022907784191038106
2021-05-26,-0.00039417327945172846,0.0018730010825371592,0.007353799776528563,-0.0001233681262387207,-0.00039669681616109626,-0.0009141568537390585,0.0033335310277506653,0.023599290742317446,0.00038720742911926473,0.011604275847026047
2021-05-27,-0.012454018424161278,-0.010792589148289969,-0.007434198072597112,0.015451784369459204,0.015414953416651578,-0.008706138858059185,-0.013595114727269104,0.018752900206065452,-0.001235070836312431,-0.00646811463502241
2021-05-28,-0.005362294452615394,-0.002181807353604432,-0.002470738152836002,-0.0006693384348359527,-0.012154838165759784,0.00148291249529593,0.04768913499279531,-0.008964584890580655,-0.0018914718918862919,-0.003250011591665047
2021-06-01,-0.0026519418777496725,-0.0013723560569097765,0.010270205184707872,0.010960125523081158,0.0012161487008371466,-0.009173610679060341,0.0012304022159211024,-0.002113500469111133,-0.012704405963041596,0.03518001266599634
2021-06-02,0.0062565366969823365,0.004754641593085972,-0.00445725349819338,6.022305469172095e-05,6.0890217808887735e-05,-0.0004041147110921251,0.03109834944742347,-0.030563287475861584,-0.0021413247404087933,0.007907805621848958
2021-06-03,-0.012228699987491917,-0.014633490299348802,-0.00975386392597214,0.0006619003523622348,-0.009493561079127683,-0.006450282801793489,0.011348587212267091,-0.05482031154624073,0.0051854961088065275,0.003930688879232377
2021-06-04,0.018843734252635896,0.0060095641643640885,0.01940090271981786,0.0016237879084406688,0.013132657399366393,0.020463978083184814,0.03523014628497884,0.04473860632554938,-0.005703038243589944,0.004403353724545359
2021-06-07,7.933632029917783e-05,-0.0025639767739557943,0.0036406965393429424,-0.004697128903110667,0.018683114176324227,0.011969953468748705,0.0023157173165231264,0.01009827208586457,-0.013376777884326403,-0.006530388721890845
2021-06-08,0.006649792024688925,0.02045844509486988,-0.0016080502156817155,-0.003992156070870529,-0.008653414698781883,-0.004897462876671482,-0.009237206117409816,-0.0025481655598922595,0.0037158289513667757,0.017535639361332775
2021-06-09,0.003072532923083628,0.005206770515708458,0.003953021070201646,-0.012563546571199765,-0.010332335681638358,0.004030349099214251,-0.005443539770250503,-0.008000903407653626,-0.0015943447964300523,0.008334757216044271
2021-06-10,-0.008055788867385326,0.020661910893956897,0.011228457645098049,-0.015711660090111226,0.006669341127193279,0.014290695616715072,0.0038378836537367633,0.018761400839628444,0.0009717366410325675,0.001594836398555144
2021-06-11,0.009784647121785273,-0.0008421810689315857,-0.0020264409836958023,-0.0006857187999555565,-0.0036158661253515027,0.002523714571054156,0.02271036565830708,-0.00037708912038201647,-0.009007025138673946,-0.009286117625354801
2021-06-14,0.024280902548460607,0.011006334685231454,0.0076695234605358145,-0.01711479465618401,0.016496643227517493,0.007725202943524984,0.010796566157403337,0.012708130416930218,0.003186768118280957,-0.0016096528549926314
2021-06-15,-0.006458629444353154,-0.00021872359760794925,-0.008414484205851442,-0.015284256165187655,-5.9512434116799544e-05,-0.0059044384614234,-0.01286057300638939,-0.03012429716067012,0.002802054653262267,0.03576344074623515
2021-06-16,0.003926143511755513,0.009449397061352359,-0.005343057566674691,0.006999784608204775,-0.01698057506650834,-0.0038004322690482553,0.0012220651731538771,0.009151155788618984,-0.00759843876004386,-0.0035821397142347276
2021-06-17,0.012522280011115945,0.02143330072900694,0.00800774377242745,-0.029284928845038256,0.01626779619384572,0.013583398619185021,0.04646054277955036,0.0192069740346885,0.00025147874346028213,-0.033470965865582715
2021-06-18,-0.01014314295038346,-0.000670883305820527,-0.013500035464934366,-0.025628910728755068,-0.020566153067032803,-0.005650063940011869,-0.0009920743664447351,0.010823457790849946,-0.016631306775289133,-0.02598405833223443
2021-06-21,0.014005655389984027,-0.009491708765252797,0.014066736492666543,0.01682626152430107,0.007946202986072383,0.012259473729899583,-0.011412128043158514,-0.003986737073227453,0.022097767933251414,0.035616503608366906
2021-06-22,0.012617972443032565,0.014794678093753032,0.004243386654964948,-0.0014632471314897642,0.020080724931863327,0.010906404851015334,0.02462987364631795,0.004628256702323365,0.0015561582731010793,0.018990929082332603
2021-06-23,-0.0020917746036735315,-0.00046229652298874693,-0.001664929483422463,0.006039535639988291,0.004590709753270375,-0.0009045477698145458,0.008986891662529785,0.0513438209840323,-0.007881678566684463,0.007340875641395027
2021-06-24,-0.0021714348008581856,-0.015746270765313524,0.0030495337763043725,0.009156140916761146,0.00757556425462346,0.005338482492921232,0.007749412504239974,0.03479874196476401,0.008333069823081608,0.004037990406994248
2021-06-25,-0.0022511345563809002,-0.013902758645549816,6.936526014625837e-05,0.010046944365820985,-0.005288088248224061,-0.006281415305907987,-0.009127577568195318,-0.011763228305736263,0.015128098511137292,0.0021673370951323357
2021-06-28,0.01246785809545624,0.012396928694551673,0.00022458728255064496,0.0018160035237949625,0.04095215174339541,0.01386446803535937,0.048912794471177044,0.024769941961746585,-0.008655634659820971,-0.025849402763547188
2021-06-29,0.011434395783583714,0.0012332733462509843,-0.0021527721353757526,-0.0012320412067406575,-0.010600328424893854,0.009923977636781494,0.00208711960085761,-0.011624991064810086,-0.00840469201589887,-0.00620872210319716
2021-06-30,0.004610888994743868,-0.0023169853895690052,-0.001497755772901307,0.00904151235956769,-0.011950012947008468,-0.0018438657988654864,-0.0012118856534944831,-0.0015582931945794674,0.005860733937048115,0.007319313026188565
2021-07-01,0.002260745024772721,-0.002092189192267082,0.0029034465663691496,0.009852299731724927,0.01902922425560781,0.002580437754625055,0.010419058295277166,-0.0026222581937176714,0.01105157511928566,0.0028493625126707364
2021-07-02,0.019406906998392214,0.02246941064938596,0.02271375962903237,-0.0009606251891454534,0.0008745639568679119,0.0220310560218669,0.01351440680698507,0.001444593124038416,0.010979197109634414,-0.0014238124894365176
2021-07-06,0.014611205533221405,0.04585930904650017,0.00741706639871258,-0.016934109040348283,-0.005427825589763539,3.5914654163605265e-05,0.01027062973528486,-0.02887058319813403,0.002196130348775083,-0.028908334996029066
2021-07-07,0.017795811394049153,0.0056535525885647525,0.0022479684023001037,0.0011723806869611787,-0.0065125895000363405,0.008141962942861175,-0.015912226353688087,-0.022895747206025715,0.0034067440010970454,-0.01576642731363858
2021-07-08,-0.009242168306013288,0.009378115281815287,-0.011370983129023989,-0.017404095763320297,-0.01390542887071709,-0.009006797333465535,-0.02329117696852247,0.012578594031283601,-0.004162415144814512,-0.004479713524424889
2021-07-09,0.01297051112902857,-0.0032399471675578434,0.003787481058632899,0.031498048059937396,0.013705758137896195,0.0018725577741264513,0.007383526095245529,0.006321812249023811,0.005255109742781193,0.01796233106358418
2021-07-12,-0.004212563467332295,-0.00021237069203424127,0.01154097220078599,0.014214524758423283,0.007788887420495605,-0.002232762506627059,0.022793047442651426,0.042832279170544864,0.00949112875653779,-0.0009804607578403908
2021-07-13,0.00785842556523512,-0.011138754050319846,0.002878317159197595,-0.014985129775882764,-0.003034514469481831,0.013110961618154981,-0.012879925849277534,-0.02534398967789309,0.005990796066104208,-0.0047520633023582295
2021-07-14,0.02381454803776243,0.0011740849089997769,0.007007580306566225,-0.0034108218747825967,-0.01274794659803868,0.005430566912545697,-0.020378958293593243,-0.022937323111711275,-0.009120434781623757,-0.02242443725774517
2021-07-15,-0.004502282220462515,-0.013806009042966375,-0.009653574292700796,0.002189453685143469,-0.009160782037560506,-0.005252227407055204,-0.04511459119872151,-0.004263873629526309,0.01272198355599275,-0.009790717764003047
2021-07-16,-0.01417598092907488,-0.015981254351190344,-0.0002755449956164971,-0.023100526922661548,-0.009626570856393521,-0.000996864253428624,-0.04338468362655531,-0.009854715165981515,-0.0008336214779795497,-0.028039972391126912
2021-07-19,-0.027283276943105318,-0.006749758546577603,-0.01901896093183531,-0.03305950871077404,-0.012416899319041077,-0.013411092907760684,0.033502727239031915,0.003099673103658058,-0.025678320414193188,-0.03497295661849921
2021-07-20,0.025642294174830178,0.006626609097477396,0.013011356342732115,0.0184715450525974,0.013881560939819043,0.008304486787426995,-0.008972612556371865,0.021857165705963834,0.00951299406827415,0.010960400111376861
2021-07-21,-0.005144849853603885,0.0033554749445127334,0.010557451318655769,0.020822204110818084,0.013287099016232918,0.0074191156660882995,0.04198189765664161,-0.007919294852611359,0.00403586608984899,0.03165920796822735
2021-07-22,0.009582679094686228,0.014628121323518116,0.0068169070035328915,-0.012706122967959815,0.014224055549045291,0.01670413152031606,0.009435149769462452,-0.00924460786068585,0.0027214091084352917,-0.011316955395902792
2021-07-23,0.011917982478089478,0.005102345801164657,0.035144295468005175,-0.0019232089584787135,0.051608047695031904,0.012260972111782325,-0.0018389565965818715,-0.009097683584931696,0.004631145204159054,-0.0012264343460337253
2021-07-26,0.0028901346372802203,0.011739458318775493,0.007639149172325311,0.006682158011734605,0.00719429413435819,-0.0021425815283902788,-0.013590347138886405,0.02189168871378688,-0.010009122348674111,0.02493186337916939
2021-07-27,-0.015012413466188135,-0.02004647134574264,-0.016057181372476255,-0.0013195967132988904,-0.01256308316768366,-0.00872148334534974,-0.00446747216265621,-0.019718078031379663,0.003765251033414185,-0.011177078230091581
2021-07-28,-0.01227092549644997,0.0010831503488784933,0.0313018604872838,0.001649423469456927,0.014762253907850019,-0.0011172583291883319,0.015241557020046268,0.0034062276545409947,-0.014388892156040287,0.006721258650711813
2021-07-29,0.004542090486236324,-0.00840919910387896,-0.002328212241131173,0.008533012090990846,-0.04090228533718348,0.0009773773812122677,0.008119398214032708,0.04587275846182953,0.007086894936196615,0.01212121061425951
2021-07-30,0.0015091348828115496,-0.07866330887549154,-0.007770724826787761,-0.008005720524321708,-0.005653614608415725,-0.00556493647344042,-0.008324523440267032,0.014437208664382839,0.00033974699401538404,-0.02334856441016024
2021-08-02,-0.002333514790824652,0.0011683541547145397,0.0009494074397684978,-0.004027195166611668,-0.012283782843908627,-0.00031594550365097275,0.012790049499619647,0.032174725947111446,0.008093916784791282,0.00017375205913470942
2021-08-03,0.012564996855743983,0.010379692962522098,0.005734345222053442,0.011313842260645175,-0.002019566527489201,0.00804284635706565,0.003286098207574142,9.862134908680057e-05,0.015117295521143296,0.010710046999346788
2021-08-04,-0.0027863095647486327,-0.003428109147843768,-0.0037265780515401675,-0.010850901103084716,0.02162998861181636,-0.0021266031190993106,0.022899983370325335,0.001661168327351945,-0.0008536744462412321,-0.023645153276768163
2021-08-05,0.0007484985217220491,0.006320347457217287,0.008298359356815386,0.012549840369938553,0.01122065177536683,0.010450645975589134,0.01774606914074104,0.005205072568156722,-0.024859235588121264,0.006313470718246339
2021-08-06,-0.0047785618427857515,-0.009239891315900388,-0.003772375405280134,0.028007425619150372,0.0014864779585157743,-0.00020733862135769313,-0.013218524415839964,-0.02197113034608947,0.009512183010677945,0.011472562500974035
2021-08-09,-0.00034250717188201294,-0.0009181548153357011,0.008615617193377306,-0.0010797289456472734,-0.0052403351302040095,-0.003911491301689729,-0.003492469161143738,0.020752939609055845,-0.010290875173907315,-0.01147256250097402
2021-08-10,-0.003359333275439876,-0.006361004973165342,-0.0007743163142669715,0.012192607922834995,-0.0013282172251276511,-0.0065763680845405716,-0.01784735250982561,-0.005295892009324611,0.002212340287229976,0.01698793044013966
2021-08-11,0.001784046524101886,-0.008640868502137664,-0.0038670453672199926,0.011859591388180775,-0.0032452763908290033,0.0017788932528081012,-0.011959178727420113,-0.003061037245157465,-0.009859557275336432,0.002917619354973862
2021-08-12,0.020560580270574114,0.0034538388189029033,0.006691684128636326,0.003901696543004145,0.007445302249865961,0.009917396118069638,0.010403079391102441,0.020181504916966016,-0.004375088763838295,-0.002263996888573408
2021-08-13,0.0014093800164164685,-0.0028889970825907705,0.0038812076138206313,-0.01125090867258698,0.0014605789704926753,0.0104351835012532,0.014117216555068613,-0.007058409103322423,0.009097468709553557,-0.010164980959131278
2021-08-16,0.013456971581313159,0.0015227871766333222,0.004216752774919094,-0.006584645308724194,0.009263495768927446,0.005958031039005952,-0.011858994680085557,-0.044187544712866594,0.018237704146465014,-0.014728277380046239
2021-08-17,-0.006173231846648397,-0.017438191452478862,-0.01198685595882805,-0.012154420297813669,-0.022373029299036756,-0.00517320420081726,-0.02497049714315253,-0.030271235169467253,0.010894020944006799,-0.00681605683643835
2021-08-18,-0.025831827201024348,-0.012646113476257194,-0.008911654484246447,-0.009149204978715552,-0.008404479470455748,-0.006138090825848311,-0.02171636252557284,0.03437259258571844,-0.010630617203276512,-0.021283277509193885
2021-08-19,0.0023205102913714344,-0.004216696494284563,0.00170367319925051,-0.008391023848996386,-0.000928978451836409,0.02056275285129892,0.03903845340108668,-0.022783267048393733,0.025012927201858968,-0.03099599141567872
2021-08-20,0.010105690069206355,0.0038198497898503034,0.012811832097379154,0.0028479061018497217,0.011896593509753622,0.02525368348701477,0.050141150264833186,0.010031571629142373,0.004244598065160889,0.00018980119459352044
2021-08-23,0.010204715696716054,0.02039103748353467,0.01882802846099086,0.01271609675904641,0.011014200626925442,0.0009522589456065114,0.05340969838250523,0.03756503320848816,-0.010174826468308902,0.04032126216157783
2021-08-24,-0.0006014503978473177,0.012146253464241655,0.00867384541364738,0.006170926747003944,0.005927019312939381,-0.006685669836812941,-0.007542866597370229,0.0030958501857260845,-0.004594765786122875,0.008161726363310641
2021-08-25,-0.008456929125530845,-0.0019985098458953207,0.005770481238050409,0.02040326939535954,0.007848662029026014,-0.00201771222225815,0.019088806897034995,0.003817748987326931,-0.008705693448283508,0.0018048244584660353
2021-08-26,-0.005542217844013666,0.005085305152845157,-0.004504112233334136,0.005144758266467244,-0.010944978859531858,-0.009715793494438345,-0.006548699787313606,-0.014217568331421201,-0.006909078279826225,-0.0136153851056657
2021-08-27,0.0071586753353776,0.010090674197310714,0.017961844035069556,0.008004733796092737,0.022388800353870857,0.0021043382776974625,0.025412780893774585,0.015229452832627464,0.004571759231915093,0.019189395272811754
2021-08-30,0.02996378527286079,0.021249618004886027,0.004064635559515903,-0.01613678682933472,0.021320496627554666,0.012829288002791895,0.002294422097224997,0.026324794631828158,-0.0010993062185026335,-0.0109980379935198
2021-08-31,-0.008460424760778254,0.014282714711431693,0.0007396708238154285,-0.0030586231424524217,-0.0033680101794795643,-0.0056483448050174585,-0.013268542836254239,0.006559274920001271,-0.004864801481369633,-0.01167036737924444
2021-09-01,0.0044687030500821815,0.0023626160329893353,0.0035736729630711696,-0.0014393348483427992,0.007012910381327139,-0.00016559849355856612,0.0024982880549333925,-0.0022179812627514755,0.0025911939531040947,-0.013851850434156533
2021-09-02,0.007447223118645971,-0.004574927931495782,-0.013369196636395438,0.004622759607041021,-0.017879059157766504,-0.0022554787164043473,-0.0020072050138289998,-0.00231847373209337,0.01512399534176534,0.024070910382310427
2021-09-03,0.004221444794148626,0.004301820154126882,0.0031527647269707715,-0.006063518593751233,0.00260797207962577,-3.326113906612246e-05,0.019762430847322907,0.0016098361025145228,-0.002007919561652098,-0.003819868374373593
2021-09-07,0.015370430391000667,0.008941925919554996,0.0037567574394993743,-0.0017573310460264704,0.015611237796707643,-0.0031930407456387286,-0.007955237314270279,0.026035942688487673,-0.0038385363096773875,-0.005849082042271104
2021-09-08,-0.010134825072788714,0.004608538783881409,-0.004094277571665994,-0.004469507286732595,-0.012135519217086716,9.988735405284764e-05,-0.014355307824723737,0.0012609548743898497,-0.013984838405435103,-0.009208068602291428
2021-09-09,-0.00672741714447339,-0.011795296134862758,-0.0010442378522412651,0.004343834353904695,0.0011381661159062773,-0.009908685116671397,-0.007278329264561972,0.001312369553312357,-0.002024228399906746,0.0007396191374438778
2021-09-10,-0.033662015299411346,-0.004317307606338972,-0.018740706174113348,-0.011562199179422208,0.0018236435179265066,-0.00519424356061162,0.01348146779395407,-0.024935356375548032,-0.022497654679472272,-0.0020358177413811363
2021-09-13,0.0038856617861408923,-0.0034592661286029646,0.010285883306253484,0.01576220812844868,-0.005773207338900829,0.004319129975183543,-0.014609456062297159,0.009099139444443169,0.025929112613521963,0.025424349311595273
2021-09-14,-0.009607992666435505,-0.0020761346389200496,0.0014881979591920627,-0.017606869021902956,5.306447117828372e-05,0.009383724500224582,0.0040544728348694764,0.002003341828722264,-0.004787998382215432,-0.014370275027978538
2021-09-15,0.006125087268104544,0.007447589064120205,0.013137420614944766,0.006915610146515892,-0.0069556916571332636,0.016639507686310357,0.004441443363743298,0.015117058319369686,0.011999129179169215,0.0331561903231797
2021-09-16,-0.0016119997431002123,0.003575505609499879,-0.005690237967002687,-0.00044268155067870343,-0.0023027571991920755,0.001311354326566826,-0.004441443363743189,0.0015335851645735571,-0.0016297282397692537,-0.01069147570484407
2021-09-17,-0.018518437550442295,-0.007400637151307249,-0.019760895504691057,-0.0025968231510773935,-0.022609232369471433,-0.017683711922094104,-0.01549558836829069,0.0032970919669145526,0.007933221800020143,-0.011894263847988609
2021-09-20,-0.021592383712646747,-0.03132736193754281,-0.014886396315484975,-0.030390910065169606,-0.025042305408104516,-0.01874957625450842,-0.03659758840118803,-0.03936976129858423,-0.017914886418268917,-0.02701132448260542
2021-09-21,0.003421850289488455,-0.0036122637458179565,0.0022571895464364826,0.00013056508985007017,0.0049917117983461394,0.001697378776784615,0.006279568815908743,0.012534643183807646,-0.0008725578472244751,-0.0009315435632795943
2021-09-22,0.016731690885610374,0.010833453848678572,0.008954119742850474,0.01897171146960501,-0.04073710342245933,0.012740986434984523,0.03218819810718325,0.01684451236014587,-0.008866970783866954,0.028848918207991105
2021-09-23,0.006697027724281664,0.010579777062858911,0.006625346800561817,0.033242740935006086,0.007980785797554093,0.003276999867523361,0.024358133911627257,0.002258262820491851,-0.0016407621524387674,0.033309941761987566
2021-09-24,0.0006127687758704693,0.0027829969154169873,0.007049144172093284,0.01147364126550904,0.020031553156853586,-0.0007016825802980209,-0.0179976736332669,0.027160841972020323,-0.0023307301443394692,0.008894897370527259
2021-09-27,-0.010606543455822012,-0.005773469524888403,-0.00806946199878762,0.023878813902781702,0.0017550925924265026,-0.017455475472356607,-0.019250077134443964,0.021677401377557137,-0.004456532673138979,0.029260427401575122
2021-09-28,-0.02408863789058941,-0.026732621677354657,-0.03786638050499329,-0.0054047099332538056,-0.037254213856320634,-0.036875180840457066,-0.04538179611784674,-0.017592195347548873,-0.016544930881728908,0.010401034279851092
2021-09-29,0.006461819797190433,-0.004485396155336227,-0.010929556247442334,-0.0007828722623427112,-0.003057651310687164,0.0016914359057674003,-0.00883183270696326,0.0048111864344248965,0.004480881142237441,-0.000667708713652126
2021-09-30,-0.009355378667585238,-0.004882981617736262,-0.00505560948871729,-0.013712521443003882,-0.0006479024849161077,-0.007350608573500194,0.009652630560751293,-0.0074897880450971975,-0.024447011771296608,-0.017860681841652962
2021-10-01,0.00809455770666269,-0.0005420246980202862,0.02122081825840428,0.02079796926523659,0.01060966142707418,0.025149181786394463,0.0012542912787910732,-0.0003353450129375683,0.004315920463568996,0.035243615033737005
2021-10-04,-0.024913573357770342,-0.02888485808454832,-0.02134393160270467,-0.0010778669797214065,-0.050156891495018764,-0.020937182014078407,-0.049918789249210116,0.008106673348889787,-0.013907548505897833,0.012882606971673803
2021-10-05,0.014059198136595655,0.009739950346903852,0.01752824626501065,0.016198522852833533,0.020419529402408616,0.019760694587687404,0.035790287521031604,-0.0012035741082394261,0.016452443337751966,-0.0016216199251462382
2021-10-06,0.0062873830432113595,0.012651646071788683,0.011272734232259964,0.002132295626958958,0.002040364441249177,0.014951493756415121,0.012101762417571969,0.002763320999873195,0.0020823791636254262,-0.01850849370666451
2021-10-07,0.009043677913492074,0.012315060502089633,0.01199450984872635,0.006310423443839439,-0.013336461897137272,0.005919100003884452,0.017953815131078146,0.01377889392912291,0.02616081734103904,0.002806460990297407
2021-10-08,-0.002725621745179965,-0.004190573462060326,0.004017988118300107,0.0007641990750276062,0.002518060715690113,0.0,-0.01164516746640614,-0.010284539562274665,0.009247516156200768,0.02474901061332831
2021-10-11,-0.0006302314274869335,-0.012952121105274618,-0.006254219661120983,-0.02125604973179191,-0.014035444021788019,-0.0021049809695180112,-0.006550235220602169,0.008177997401230774,-0.008531529361405735,-0.010021095446180465
2021-10-12,-0.00914474561602721,0.0003172241904451794,-0.017903965119754083,-0.007710813362449712,-0.005175641112507713,-0.00459866845495934,-0.0011605815164101032,0.01725061613832015,-0.004330387963562784,-0.0052119990509503136
2021-10-13,-0.004248980805228205,0.011314351840536129,0.008268997543728241,-0.02672071357933334,0.0023757197627813057,0.01164314551892569,0.012881739781014383,0.006630349593761303,0.0007685165072283701,-0.0027796213370121815
2021-10-14,0.020024021691121725,0.004732543058962018,0.0256101178678372,0.015225407042424827,0.012219157750902227,0.02150114318955323,0.0378161785441182,0.008886865672994949,0.040811174536471574,0.015113675025439867
2021-10-15,0.007484477042852053,0.03254486320029431,0.0015362547129321785,0.019026212687255357,-0.011541524385487702,0.0048107046481629485,0.0053204485380694885,0.02974907491710917,0.01817506371580797,0.009471059754259995
2021-10-18,0.011736929282885831,0.01100400576947037,0.009924602485578932,-0.0003604275743925566,0.0320583539485935,0.010073686930135,0.01633271037830819,0.03161711443997285,-0.008091876542038719,-0.00047935559372050055
2021-10-19,0.014967659465273161,-0.0007517249304827118,0.0032097714409943553,0.012055808747486517,0.01377128262825626,0.0030544915248881662,0.003055361906107753,-0.006734486474692475,-0.0005653668060523292,0.014913775128989958
2021-10-20,0.0033553816118710345,-0.00848206698962188,-0.010301707374725006,0.013376175349369043,0.002320959097774782,-0.0026638296625873803,-0.008424876560373364,0.0017687488821671587,0.02492343204189318,0.005496645805597513
2021-10-21,0.001472871467013652,0.005824760045406363,0.0008249112358622714,-0.007874587331952072,0.003222688127274684,0.010838450512534598,0.026299311408480783,0.03205181901693134,0.01639038164585606,-0.01833441165326864
2021-10-22,-0.00529896935522024,-0.029382296136388146,-0.030916406458272105,0.013361711176721922,-0.051835515389288184,-0.005161829152231869,0.0014969951035337884,0.017387072543931938,0.015435941668436762,0.0068355641125852845
2021-10-25,-0.0003365270107836967,-0.004561377086082202,-0.0008690797431962036,-0.004901930526189536,0.012490726568277467,-0.0033371912853205656,0.01917620310492767,0.11921843486746743,0.0007343649918470135,0.019299185994671134
2021-10-26,0.004564389440825281,0.016636110939323188,0.013452507308349704,0.0026873067390251635,-0.03997430831711544,0.006405124418900808,0.06480545189055179,-0.0062938149592970775,0.011392186451530416,0.022890444983266985
2021-10-27,-0.003152430064822669,0.004851848967382222,0.04840427956427578,-0.02104845048815861,-0.011432791167387078,0.041251394611386036,-0.010820042537463328,0.018898727534898532,-0.0025542600084627024,-0.02631513130847584
2021-10-28,0.024684466051287806,0.01581542696620515,-0.00252353062229265,0.0149624878517739,0.014941511895839693,0.003644773113557534,0.019842017359235145,0.03705562944417333,0.004312432242873838,0.0028027464548420152
2021-10-29,-0.018322568621507093,-0.021745984346714802,0.014951500581567936,-0.0027627171030773423,0.020765973509906843,0.0221666079179419,0.02478922017661329,0.03374062327713504,0.010983730107593346,0.0024849484505475015
2021-11-01,-0.005623004519923774,-0.01623822909338356,-0.031209118018010216,-0.0005297929190264804,0.019616626905423803,-0.00680811441290114,0.010118150761018315,0.08149724419582528,-0.013908109135482852,0.017832833479550912
2021-11-02,0.007090779152753621,-0.0016167159617979095,0.013397926943678404,0.003938036981602714,-0.005774450447194806,0.011351278963486979,0.02198136790279453,-0.03074274797958024,-0.004568891718529976,-0.012418524609789814
2021-11-03,0.009750973081746963,0.021279781969291613,0.007982099804405339,0.000351536038155672,0.010732072973553467,0.0026081828554369254,0.007434146281557709,0.03509368755165895,0.011634605005266583,-0.01382556544001703
2021-11-04,-0.0035046506221065522,0.02711146442608225,0.011323855665715204,-0.013222514399453328,0.01267489430947082,0.007278553655306175,0.11370604573606807,0.01313564628546233,-0.0012470693528930374,0.007480221415803008
2021-11-05,0.003575903068728812,0.012004091021206855,0.003934644529619023,-0.0014270576471561935,0.015599012645071693,-0.0011297929033933613,-0.0016457813730977084,-0.006378469186125081,-0.002082032512425322,0.009425944017144569
2021-11-08,-0.00556811279496144,-0.008564519878774466,0.0012017276265861069,0.005991961568866737,-0.007384947161695245,0.002763261179794269,0.034748462576704026,-0.04961124617557858,0.014829898156453811,0.01070838880307261
2021-11-09,0.0024562637086272643,0.024699674045048896,-0.0007550583296896632,-0.007600018721174046,-0.009644231229977245,-0.0030907964354665884,-0.004783702830029433,-0.12772318728902385,0.003732564923873654,0.009691107199447217
2021-11-10,-0.01934918348128341,-0.026687971077505174,-0.02052259113451274,-0.000953832961531946,-0.023318893236249118,-0.015448379192365663,-0.03986152938864036,0.04251283809069096,-0.009629381258522899,-0.019897255479283116
2021-11-11,-0.00033810298985528304,-0.0027463665972794556,-0.0008707802900534119,-5.95806842879513e-05,0.00030504668357368876,0.00491536762069082,0.03111411365122071,-0.004166195376866496,-0.005472738796747208,0.0018678725271424298
2021-11-12,0.01423519458677809,0.015048234458080111,0.01977707607128868,-0.004484776579687659,0.03933931087147256,0.012822564337504188,0.0,-0.028701065279561472,0.003492027085401063,-0.007648593116471144
2021-11-15,6.665304447529979e-05,0.005806911669058077,-0.0015214316429945868,-0.0017997020064727711,0.019377383278910688,-0.0019324017257553558,-0.012083294580336874,-0.01957254315692035,-0.01800482839560918,0.008581118133900688
2021-11-16,0.006644417196621954,-0.001405473377029005,-0.0038875942682026557,-0.007230541660787516,-0.013323432035419712,0.010183995263819369,0.005910890482901943,0.03998366090579434,-0.002620790834046479,0.010047039354496166
2021-11-17,0.01635579918537231,0.0023413880700420314,0.0011557938738428176,-0.00539670170864482,-0.006406219925164292,0.0006784230921804169,-0.03168577126863886,0.031984216103858806,-0.001491176620850249,-0.010979564371925814
2021-11-18,0.028136425887517857,0.04060149725970322,0.01202827556358235,-0.008671326443038353,-0.0061223364299921494,0.006319959107200008,0.07927221955964997,0.006744812791821567,0.0011574437625949128,-0.010944343727813827
2021-11-19,0.016833435455599097,-0.0052870662112904825,-0.006105202608970551,-0.013149572153735894,0.01932819265479414,0.0053770666732466344,0.0405253306201669,0.03643213445735007,-0.021294353807674266,-0.04732151381634981
2021-11-22,0.002923339929586825,-0.02869509488188082,-0.017779866984768113,0.021090947289812492,-0.01250162346619644,-0.009605576577609963,-0.03169315939446634,0.017272096909531555,-0.005606763669927864,0.01375033462214254
2021-11-23,0.002419137062036844,0.002088774763957146,-0.003560602910892361,0.02363126679448733,-0.011087294073838374,-0.0063468248635333594,-0.006593144799550465,-0.04223229344871564,0.02168125829746504,0.025996467984882164
2021-11-24,0.003278081477272537,0.00010331000315118602,0.0023157966150469085,-0.007875222802428816,0.011233984439311322,0.0006810411585577679,0.02881282352208268,0.006265105659810634,0.006753931961469321,0.005528856329043416
2021-11-26,-0.03219100932857778,-0.021412317856405228,-0.027313191751885447,-0.030590369059430106,-0.02355562345896496,-0.024657541851413486,-0.0364968246489962,-0.031013582803841335,-0.02303307634999319,-0.03576121677552628
2021-11-29,0.021637791401035538,0.016136535670027943,0.02327077283981755,-0.004331853624542249,0.01463174311901999,0.020862219805863665,0.05775423993484655,0.04964715675134432,0.027112126051341497,0.005535838476000717
2021-11-30,0.031089220264236574,-0.015420562086679022,-0.025280650362276908,-0.014997697658307484,-0.040972394719658446,-0.018105418646911425,-0.02119627350882638,0.006810578672784683,-0.017362257512229255,-0.028825316029804694
2021-12-01,-0.0032113422041182577,-0.018228623739821467,-0.005979876980020594,-0.005935730762887907,-0.04365645908423396,-0.0015437915097853887,-0.03859635340580106,-0.044440653310942796,0.0002701352901029187,-0.0008360046187089565
2021-12-02,-0.006148681070422354,-0.001848596514633391,0.013481669414605409,0.020809220519611406,-0.0006762028711523942,-0.0017891921235920114,0.021743564730961985,-0.009543130353379798,0.003773581926097407,0.02461518385997567
2021-12-03,-0.011793825164991468,-0.013935728778151546,-0.006769336901709483,-0.018278922091293524,-0.011503155771719618,-0.019862614422230276,-0.045630834785492826,-0.0663521763056877,0.010627978866290237,-0.006384682642523365
2021-12-06,0.02127499349671146,0.011025217696555534,0.008090409358602888,0.011744241072322335,0.035315984166584095,0.009796682552094394,-0.021604671977232027,-0.005889394805839068,0.02373002881671829,0.011268336623493323
2021-12-07,0.034832719351883736,0.027602038798318594,0.02833629604702953,0.014935613611819479,0.015421442289573463,0.026411537380845805,0.07656126370971175,0.04148581070093519,0.009991204485512056,0.011142486658925418
2021-12-08,0.022527166177944178,-3.689939734869626e-05,0.00620723797435356,-0.011507197389202466,0.023724243156811396,0.00014943991095899844,-0.018707679438592858,0.016230761245708623,0.008847504197593834,0.002886547281820658
2021-12-09,-0.002974408865257817,-0.011343741238858878,-0.0037047858953070906,-0.0015567582375793547,-0.0022410197306250044,-0.005598421169677685,-0.04288474835522807,-0.06289341727027524,0.009467471970500546,0.002558644559698127
2021-12-10,0.02762806040124593,-0.011311296797986634,0.0024556411609500334,-0.003996525940044436,-0.00021218550731242022,0.027945743943072893,-0.009623128377888923,0.013093827482800639,0.010320113686837525,0.0063685069936972915
2021-12-13,-0.02089103723321152,-0.015475202151186945,-0.01480485374432067,-0.011959938146613974,0.014271984883251378,-0.009209044059589196,-0.06983763066605893,-0.05105377592462954,-0.0001882299017890285,-0.022144399216246866
2021-12-14,-0.008055624950089279,-0.002811076756339546,-0.013250120729379086,0.007633097188293636,-0.0022446392436489106,-0.0331296948799142,0.00623032270754055,-0.00820817327099987,0.0027568615245886284,-0.0014614714635498849
2021-12-15,0.028110536891022248,0.024670732493370397,0.017455188295115328,-0.007506519421569159,0.023453899633716604,0.01903563894091611,0.0722130506583827,0.018072325435531507,0.03064405688650536,-0.004397273652650025
2021-12-16,-0.04005540356395634,-0.02597563931621664,-0.01372379108049008,0.015518329365113688,-0.019984165637860374,-0.02956773389893072,-0.07045005015084016,-0.051585055672323236,-0.0030792719531290195,0.0016308996305144444
2021-12-17,-0.006523115293288537,0.006766260845510533,-0.019010126205988874,-0.023017475990790546,-0.0033197562155303107,-0.0033917474564842307,-0.020859285367492354,0.006076947341899706,-0.011714810377254033,-0.022076703754502828
2021-12-20,-0.008155062749495434,-0.01743466066061881,-0.0008331322160188452,-0.01815299679475331,-0.02530338468192575,-0.012086152666066365,-0.0029538767371667086,-0.03561605979548491,-0.006983503487015313,-0.01459866097652862
2021-12-21,0.0189069036740025,0.01978169533389277,0.013087888154943078,0.013869915228215794,0.026530862471817213,0.02280698292113702,0.04776055219483634,0.04198665654283043,0.007168331649484249,0.022397600827654646
2021-12-22,0.015202716893920672,0.003631503982249459,0.020301595428895012,0.0039004409015335377,-0.011284317301001,0.01789630680037571,0.011115910523396584,0.07227140942458773,0.014103430608267716,0.008066555841994946
2021-12-23,0.0036368628620287616,0.00018411946479317587,0.0034194024230811285,0.003567380614869662,0.01439111309471969,0.004461747879704563,0.008130135305219851,0.05602002567418564,0.0025264294992477943,0.0004917887589631044
2021-12-27,0.02271490476843189,-0.008211646321395375,0.006715878844211756,0.005706575119737494,0.03211242533416724,0.022921153250747395,0.043086686268785424,0.02493491640225309,0.008282420642269224,0.014156875999252184
2021-12-28,-0.005783654462754248,0.005826710732445391,-0.008279283689146422,0.003030373417413274,0.00011569041737447074,-0.0035105885156792313,-0.020337988532288513,-0.0050128185500082694,0.006863322123912986,-0.0032368456935158284
2021-12-29,0.0005017348283434711,-0.008591725101779567,-0.00021820482172291088,-0.0005044972158345327,-0.009518956512418792,0.002049263393742932,-0.010642842677295825,-0.002096907250306926,0.005235345029005155,-0.008791784943666206
2021-12-30,-0.006599950442328513,-0.003294427727342962,-0.0031037842683751026,-0.000504534942644412,0.004132071257520628,-0.0077208696435813965,-0.013929418265117842,-0.014699782732613053,-0.0022770627158457696,-0.0059045014555131215
2021-12-31,-0.00354130265314933,-0.011495217795266778,-0.009266590261695467,-0.0008207246664841298,-0.023535350530693812,-0.008880655768794378,-0.005932492803209615,-0.012749774874751605,-0.004550035220315877,0.0065583288490953795
2022-01-03,0.024696423295875843,0.021877258953900566,0.0009627034704076682,0.02093543705657094,0.006489948441717573,-0.0046790818488052464,0.02385383603710222,0.1269116289226746,0.00027872160399374006,0.03768583765061938
2022-01-04,-0.012772564709702734,-0.017060289689663746,-0.004091322850271403,0.037208239112281015,-0.0059550166812565855,-0.0172958653332808,-0.027976490274959187,-0.04273287830059682,-0.02291731826210852,0.036923918020489235
2022-01-05,-0.02696017643879704,-0.019073846316683307,-0.04696190550304885,-0.01845115515387673,-0.03741915308772827,-0.039144001901956604,-0.059285417896315605,-0.054953895352910696,-0.002467879603715655,0.012360652038368374
2022-01-06,-0.01683457326577856,-0.006733601858714689,-0.00019957606355865918,0.010567943072943703,0.025251295383991654,-0.007933103855352449,0.020580802430665342,-0.021758379841487693,-0.04178489085065162,0.02324862814105004
2022-01-07,0.0009880124869903533,-0.004296997177475961,-0.005317375173401875,0.009859547658348585,-0.00201699422516218,0.0005092207016602721,-0.03359797243451197,-0.03609004895021842,-0.023809278548869203,0.008163127032586327
2022-01-10,0.0001161299197522404,-0.006591854785116594,0.011988579082270872,0.0009568872289843265,-0.011275345705353806,0.0007322893015339662,0.005599348927771437,0.029890740749494566,0.013858856802568547,-0.005970196620265549
2022-01-11,0.016644588606195374,0.023718602439306714,0.0076614321203688895,0.001015346121913987,0.01902113196102946,0.0022567390662915454,0.015104361741168812,0.005917481776156395,0.008565562544068248,0.0412015650304424
2022-01-12,0.0025671479666096466,-0.0009377696670975312,0.012053317062457866,0.005655928625023024,-0.0033253038889802487,0.010390900052932537,0.006521593825301201,0.03853754612843837,0.010013515484245433,-0.0029474800961848714
2022-01-13,-0.019211736572805064,-0.024466534551061184,-0.020309954907266677,-0.001247656365774497,-0.020554082687167647,-0.04324434014381982,-0.05219787334061664,-0.06987655465675016,-0.013366657889922558,-0.007194907248826746
2022-01-14,0.005097855152449584,0.005715124523055335,0.006426436483779455,-0.06343340912819885,0.016464885290312804,0.01756165916736385,0.013715429956360927,0.017346435457551865,0.002691941818381968,0.01740400088878276
2022-01-18,-0.01907516048688937,-0.02006265472349509,-0.025284610603768125,-0.042832153991065616,-0.04231086285235958,-0.024640394218531078,-0.039327561592755335,-0.018364847454341894,-0.01656517536220196,0.016695706811365195
2022-01-19,-0.021248783467780797,-0.016614359071245203,-0.006502670742996607,-0.015590010797555016,0.004516035926063553,0.0022442997379742645,-0.032806593211366385,-0.03441330009854252,0.003313267559027278,0.00041050770192512366
2022-01-20,-0.010400997961095658,-0.030080217077818206,-0.013478922465816593,-0.008564205723388939,-0.009525958794675193,-0.005719562603683306,-0.03726769905969331,0.000622510083264904,0.00103737909602162,0.002186165599074763
2022-01-21,-0.012847169993162141,-0.06134555364691525,-0.022423991457212435,-0.017626715384715747,-0.0432189818349308,-0.018640968274325664,-0.03266022621242816,-0.0539980722931419,-0.00396014936316726,-0.015126832954685658
2022-01-24,-0.004876292333338756,0.01323896043083007,0.0034654434118851613,-0.0008965229498073958,0.01810827317381737,0.0011477662549643482,-8.571013533346343e-05,-0.014835635717323473,0.002382237508259749,0.008554068980263374
2022-01-25,-0.011449837813459462,-0.03204163984338447,-0.030024913312234627,0.010840861445553792,-0.02811983989549279,-0.026948108452533842,-0.045876357631902696,-0.012551567227813773,-0.011815858593540752,0.028975723656546222
2022-01-26,-0.0005635926632955052,-0.007986135126473034,0.017941886835128422,0.009441756110299163,-0.01856224869651625,0.02809477279731055,0.01986960435207602,0.02048773822340817,0.0034743385152892167,-0.010194421238138313
2022-01-27,-0.0029474294586188782,0.005493528624727967,-0.0017658280643042374,-0.017802266708933263,3.406281392185293e-05,0.010493620308933266,-0.03703809624634884,-0.12277997465910719,0.0068910942794939,0.01272700478511502
2022-01-28,0.06745083167437065,0.030610731040560255,0.03313369033223974,0.008906659907044449,0.023711913740420257,0.02769484604755965,0.040019659891242385,0.02059221036289143,0.009615519068749663,0.0021277320766038763
2022-01-31,0.02579024415797429,0.038127433338896885,0.014535609709562344,0.013482257753587116,0.037567451068551236,0.008785018975976154,0.06958803520858182,0.10145138741776683,0.01387167084770876,0.008991953932412117
2022-02-01,-0.00097307221449411,0.01077253018259915,0.01715014275570074,0.017014383549776742,0.0181576827886827,-0.007164525114160463,0.006188611601903334,-0.005856643341232021,-0.008841812720618045,0.06214161132138322
2022-02-02,0.007019511457637304,-0.0038501180924552735,0.07254167443084285,-0.00803737436388099,0.012461027723624653,0.015107725842085345,0.02421925321007089,-0.02786380690498876,0.023983515220898814,-0.0026012845731491125
2022-02-03,-0.016861213131867094,-0.08134849507057183,-0.033738521017081864,-0.008304478685612023,-0.3063905559928599,-0.03973129353140359,-0.052624287590302604,-0.01616240587443527,0.01856440127965091,-0.011728273945977216
2022-02-04,-0.0016805417387116145,0.1269489157684572,0.0014178028412784873,0.025627039151669164,-0.002821823314256655,0.015448562304276724,0.015373020211373998,0.035474386816493036,-0.011523605064815708,0.021479717292670085
2022-02-07,-0.004243698329928528,0.001875974577811346,-0.028972521942875355,0.0033376446590052556,-0.05273957087091512,-0.016445250336331915,0.01667830469876657,-0.017458706575610557,0.0010965110400126825,0.011965959235267618
2022-02-08,0.018298317495180717,0.02178265381683596,0.0014212738013680516,0.01863993513856626,-0.021254870983420878,0.011924266325842203,0.015250235709276467,0.016028052271245364,0.019875565116418442,-0.02619280663386468
2022-02-09,0.008259449734792437,-0.0013886979453967615,0.015609439557560426,0.004159200786366742,0.05229182708473242,0.02159970058066063,0.061664209166250636,0.010787525285489406,0.009460354824283769,-0.004798699920596941
2022-02-10,-0.023881682270259216,-0.013654506185153747,-0.021213517854137446,-0.004159200786366862,-0.017084677931065866,-0.028783327024314194,-0.03354644055578721,-0.0298952129692807,-0.02311180996942511,-0.009666813075580809
2022-02-11,-0.02042538741627841,-0.03657177570139793,-0.031790483577027545,-0.01310234863118958,-0.03807259707676114,-0.024573654621626067,-0.07537754396022038,-0.050505215210130634,-0.01780636262036854,0.024867032887727722
2022-02-14,0.001422024682142193,0.012147601490993106,0.009217743654694674,-0.009333851808450764,-0.008462016110600672,-0.00013534354742329447,0.013190788235036333,0.018159773032297852,-0.00783167611231365,-0.015453049503943715
2022-02-15,0.022888363632797865,0.008621083638872947,0.007955758759295065,0.014517866404795694,0.015044791793999203,0.01837232774729864,0.08783861672152198,0.05191932445845771,0.008040738044713799,-0.012614358284459067
2022-02-16,-0.001389643316660385,0.010107783346743868,0.008234012768181585,0.0018079259052087263,-0.020387402242073294,-0.0011681586185026695,0.0006035470701201007,0.0010402120327626255,0.0037985375601281173,0.004605378559890413
2022-02-17,-0.021498720316137514,-0.022050230393006458,-0.038476510535487944,-0.023301544202018416,-0.04163245392701585,-0.02971921984069905,-0.07860092218696083,-0.05228610180162916,-0.02043447109102377,-0.0015326951748320932
2022-02-18,-0.009399897150508735,-0.013350682834785058,-0.016247226813130088,0.004677579170505011,-0.00749049398358942,-0.009677731849640617,-0.035934085822131964,-0.022350967561475237,-0.005393478066916367,-0.01118340051115181
2022-02-22,-0.017972635714513286,-0.01587889987657254,-0.004530624196205655,-0.0017762379347352481,-0.0199888155200247,-0.0007292892823391763,-0.010716170442984714,-0.04224617718140919,-0.0113941743677399,-0.011702007471371862
2022-02-23,-0.02620488298527007,-0.03641116014436802,-0.017292547150097027,-0.021161114150560205,-0.018126420370234993,-0.02623456936108893,-0.043828249331071656,-0.07254830168258311,-0.006268133916186861,0.004046079345913881
2022-02-24,0.016542677097906175,0.04410800497645022,0.03921669905628306,-0.028238240590633817,0.04507594617027826,0.04983145550338528,0.059018145573631955,0.04695367409397792,-0.008148583151016246,-0.012715654881862779
2022-02-25,0.012882306478502753,0.01593036537376894,0.013240181628834172,0.02338409083124313,0.01377743843302975,0.009190465017355907,0.017075676783816482,0.011299945777284081,0.04264101077234779,0.026557124478769307
2022-02-28,0.0016364059787240643,-0.0014673390183547882,0.004433690783274874,-0.04259187152705981,0.0026097379337369103,0.004965608358485031,0.009394058166651847,0.07211363413565586,0.00025224910953745833,0.007423703021658189
2022-03-01,-0.011696058660247711,-0.015891148369833387,-0.0073982998638238515,-0.03845939725518873,-0.03638337258194463,-0.012934735991922812,-0.03794678221776486,-0.006986492144572377,0.0007982651018399867,0.009518217763499238
2022-03-02,0.020379335623191285,0.006006111112644554,0.003797167457933974,0.02052801819635627,0.022449874961394455,0.01760941840130324,0.03132764725885595,0.01779600470296842,0.018989149439286444,0.01703244513366016
2022-03-03,-0.0019834268431761694,-0.02769967430173762,-0.005006239285090217,-0.007133388116241165,-0.025008624733140583,-0.014326431886263827,-0.021113040597116425,-0.04724057511561311,0.002489766200668184,0.006312987059321812
2022-03-04,-0.01857966285524529,-0.015381483821486462,-0.014996266961387446,-0.028532639024967263,-0.014440893191188176,-0.020691165645241594,-0.03335796120516613,-0.0011922300504741562,0.024482651844005266,0.03694472965511352
2022-03-07,-0.024003431751751108,-0.05786267214586164,-0.04281187020075589,-0.039381250383300107,-0.06499859984257002,-0.03850882207038976,-0.07156232741658955,-0.04104369101185902,-0.02390727570309979,0.03539899579245678
2022-03-08,-0.0117446846670415,-0.010520594620232346,0.005728155687099148,-0.0070676900723988184,0.01493041672684977,-0.011031871512793726,0.007558509456037731,0.024335419149005895,-0.027929797410274484,0.007547226309119799
2022-03-09,0.03439885169816488,0.023717698424230754,0.048492661870664026,0.03928064487298518,0.04223982059540483,0.044837906070315035,0.06739884713761744,0.04107819387010212,0.025256047067297626,-0.05852656271925679
2022-03-10,-0.027562568064887095,0.052711186532696214,-0.007451749294673574,-0.011911054025915769,-0.01671308235494914,-0.010138015875105717,-0.015589698969469622,-0.024358017786858904,0.012016311738455528,0.030570408085999777
2022-03-11,-0.02419892607351974,-0.008845856240147519,-0.019512555395346153,-0.022781626271503992,-0.03971057934336844,-0.019517526518469972,-0.02493528752480559,-0.05259370365966602,-0.014637714250994303,-0.005167984698857864
2022-03-14,-0.026921678282514034,-0.025553208143987614,-0.03064501664631206,0.009881957334351377,-0.005237277385774135,-0.013046022358734132,-0.035463162684878535,-0.03711720154932235,0.01040412566053119,-0.036454931520694095
2022-03-15,0.02924552448330337,0.03813139923769891,0.025453160649225433,0.01759054272323663,0.028523667447302274,0.03801108313283006,0.0742050997029424,0.04530634609366675,0.020268004409034243,-0.05859615107856384
2022-03-16,0.028602381876809947,0.03819476755459102,0.031109918552122327,0.04371642307135367,0.05865302213266801,0.024900885234258364,0.06419032934734777,0.046704219074345354,0.0007026877897264967,-0.0037625890019753047
2022-03-17,0.006433136911859198,0.02664947618554765,0.004181637344487457,0.012565046138769492,0.020463873552989773,0.002815319927449866,0.010961749073128475,0.03665493442277862,0.017428393725047873,0.026299040137623065
2022-03-18,0.020703128795670264,0.025192147663773066,0.016939780644234043,-0.0003568450872031785,0.040775761773240306,0.01749393639631108,0.06589792365800134,0.03803519751155836,-0.001776534546687696,-0.003933089951903288
2022-03-21,0.008501625320773528,0.001493436589994942,-0.000176432029113873,-0.0032172878216924546,-0.023366459157966618,-0.004236424838635446,0.010566732721755113,0.017268009913468576,0.003037978272456577,0.043893303112967026
2022-03-22,0.02058702352356973,0.020820051155123028,0.027298211788408806,0.02104452599848479,0.024105216245970302,0.016246503823155314,-0.007886289916588006,0.0760832835953988,-0.004619817530828648,-0.004389094642351171
2022-03-23,0.008199954932293089,-0.009022396175222974,-0.011451184057657174,-0.02011381037025999,-0.014833619165851807,-0.015143857742062346,-0.03413037630849283,0.005147863044765912,-0.004144685050048846,0.015639399848078748
2022-03-24,0.022424767944812837,0.0014768099843156708,0.023560395310781784,0.0064890455068529656,0.028221681785829032,0.015275731135046293,0.09362757672120858,0.014714339594958641,0.020124726324960894,0.0030031094248538447
2022-03-25,0.003726915312977728,0.0068448147304497955,0.0007130593972969556,0.008704605877792662,0.010195057651368937,-0.0013822010567241453,-0.016403620645157165,-0.003240181703986614,-0.0008376939473045155,0.021592828875680436
2022-03-28,0.005024152180228475,0.02527066880086216,-0.0015363186036674084,-0.007426110284242988,0.007947711131520362,0.022853138020983325,0.018851702145437996,0.07728050710253655,0.0003311500821066459,-0.02845262408006268
2022-03-29,0.018953706676600724,0.0019184362663260243,0.0073954172941432415,0.002198163626696459,0.027656500589261137,0.015045713480504243,0.015367454505233155,0.007054913567225325,-0.004824652053905235,-0.005327549102383145
2022-03-30,-0.006671897279095608,-0.017961531171231216,-0.003986588081547587,-0.004543524877118965,-0.008782730767375275,-0.0049263442272295555,-0.03429135105274856,-0.005087674440050588,0.019563862903356925,0.01697304604129962
2022-03-31,-0.01793559162680408,-0.020064520292900095,-0.020434422863317345,-0.030486936537107212,-0.024389989397836515,-0.017841236744156132,-0.014697774977085696,-0.01509517416561853,-0.021052932053385074,-0.014305831069884565
2022-04-01,-0.0017196787303842345,0.0034450322821231614,0.007757234593780271,-0.0074368286467441785,0.011136021679994586,0.003593721123267527,-0.021260798112975633,0.006465651918934319,0.005124478794819261,0.0063971603115179155
2022-04-04,0.023417202068047344,0.02884445449723015,0.019928560306703733,0.004424529388637231,0.03941719201467608,0.017777700360688667,0.023969160335168542,0.05459557817973847,-0.005026337447587213,0.00048063246351077505
2022-04-05,-0.019123804849157874,-0.025822642256601212,-0.016790425576364214,-0.011705463437065543,-0.008803555200792887,-0.013070158945792675,-0.05364297410038456,-0.048464637280470575,0.015061648679578418,-0.0051838782143683
2022-04-06,-0.018623013316371576,-0.03283328123701215,-0.029178853607300444,-0.013971614352969106,-0.03753122914735332,-0.037292960238049774,-0.06056908493927367,-0.042589069768463106,0.026661703598503155,0.011058999964487339
2022-04-07,0.0018023017875048073,-0.0061382328144399005,-0.004841266152792881,-0.0030465428057553164,-0.0015686329669657917,0.006224664708633465,-0.008186782207854695,0.01093679078037125,0.009731873682221174,0.016597928508829126
2022-04-08,-0.011980355764301278,-0.021291810941382657,-0.01932648492018833,0.018142587887210692,-0.002784793486671683,-0.014707780755130576,-0.046028481490741346,-0.030510186068030958,0.016640269500463923,0.02082804194053169
2022-04-11,-0.0258468921824893,-0.021850949776512304,-0.034064919332949174,-0.003677682217630244,-0.026756958429982235,-0.04022989510183998,-0.0533920610036752,-0.0495349318175134,-0.015728325184768882,-0.03503755657980344
2022-04-12,0.011457317246041805,-0.0022158166719546393,-0.008646050715999531,-0.011038180668408405,-0.010775769112306684,-0.011281423468169573,-0.01902364103824756,0.01122853693277581,-0.0069644720063743795,0.020655445066808185
2022-04-13,0.016210480659491322,0.031037763445815297,0.016921571981110335,-0.0327644029718078,0.003961532005492366,0.019520474290579494,0.031988237109772534,0.03525937358618689,0.006145369310040334,0.014036527555442078
2022-04-14,-0.030447342826926835,-0.024961650159491106,-0.024660023609345768,-0.009312768064470043,-0.022627204698643634,-0.027457856945806304,-0.04349412258087716,-0.03723709338922126,-0.00406772850685698,0.011681448685782745
2022-04-18,-0.0013317589694150144,0.007084013688019547,0.007440866241803314,0.018383891197904907,0.0028032109945278255,0.0024628598170784535,0.024396809256249926,0.01939443951963136,-0.0013844493985241116,0.008164476817059245
2022-04-19,0.014016581792814143,0.034294010908479985,0.01810370040097959,0.02049540334663207,0.030557457365858794,0.016896177076653862,0.018872319781147995,0.023480261839117743,0.0067548607218247975,-0.008961997713409373
2022-04-20,-0.0010161922109792941,-0.026386116801539967,-0.015260821271107625,0.003502253352090145,-0.08090978791396405,0.0037083597740444015,-0.03278683521592972,-0.05082502163771987,0.015336538044180318,0.0022763838315598573
2022-04-21,-0.004855174294241788,-0.03772931062801116,-0.02551396660569057,-0.0077824485912778305,-0.06360109803547663,-0.019571456756172802,-0.06237489142428778,0.03180563608534816,-0.015820118164289923,-0.010629240048198456
2022-04-22,-0.028215606096459584,-0.026969363430673157,-0.04237910737496205,-0.029142853545262644,-0.021280549085299225,-0.024440979336058277,-0.033657274450638604,-0.003704429607069112,-0.03118219324902815,-0.022073459569362637
2022-04-25,0.00671448970524288,0.011872429325306142,0.028336192749210877,-0.0003154265899865244,0.015521514786811774,0.024120583631087423,0.019637124186071157,-0.007019222592886596,0.006372006015780821,-0.03429440799327884
2022-04-26,-0.03804259280086228,-0.046830397470919216,-0.036607757054967334,-0.030027470677768873,-0.032834168926712606,-0.03812154773879133,-0.0576020821611837,-0.1299278575282087,-0.02021181720758354,0.0003648033501863055
2022-04-27,-0.0014675891176804629,-0.008819827903123646,-0.03739963661556874,-0.013091311629802784,-0.033720614001572835,0.04698784532909749,-0.02005273761117136,0.005790878918745771,5.8372240952956165e-05,0.028157127514852887
2022-04-28,0.04416576673671771,0.045483928748159326,0.03632445650534222,0.01568895422965546,0.16206431891651032,0.022380232740048907,0.07160693946470725,-0.004548029513557434,0.02043937087614002,0.029797455701525623
2022-04-29,-0.037291924442641615,-0.15139791287665308,-0.03794431300413089,-0.032800647243727984,-0.025899979792902643,-0.04271145413369729,-0.06446473034958472,-0.007721957937068309,-0.030729386685475656,-0.022616008160551086
2022-05-02,0.0019645494774147053,0.0017565476902947816,0.021445014724435343,0.009090545092751066,0.05180957609488853,0.02473484147664788,0.05179742227228005,0.03628977282780161,-0.014658045455884219,0.013514935890167841
2022-05-03,0.009576872706209343,-0.001981867083020741,0.00642104368955297,0.021193660559577852,0.004253574415638654,-0.009501056894197803,0.0035263480198404213,0.006963974902024329,-0.0030577571145910193,0.02039029989663018
2022-05-04,0.04018946209465035,0.013390415419768674,0.04113349091320824,0.032545901992725834,0.0522808472960619,0.02868528439230165,0.036662817140114545,0.04659599279666411,0.015885406961443617,0.039028630547837014
2022-05-05,-0.057327994354965085,-0.07862161321968106,-0.04821966354793734,-0.025338038405710955,-0.07012532076418362,-0.044531588306385046,-0.07609972949065777,-0.08695990905101429,-0.025741221721421553,-0.015274134576001224
2022-05-06,0.004715759135061102,-0.014140750847553027,-0.006536010619356982,-0.0016151687293379704,-0.021891466984295203,-0.009491553427019695,-0.009008860930054029,-0.00877557365586079,0.009855814759978085,0.015165283771885347
2022-05-09,-0.03375270488294762,-0.05354166033985849,-0.028351320701801914,-0.01514805341937883,-0.037806224279985604,-0.037645024622853,-0.09691797107541317,-0.0951126361970946,-0.026775217972086682,-0.08213544504497935
2022-05-10,0.015983558945769607,0.0006432376717787577,0.01660615874891126,-0.024674160908248508,0.007312171998810456,0.018424437551827322,0.03734691048702358,0.016293707630266798,0.0032632549986344977,0.006608530555664049
2022-05-11,-0.05323303231073636,-0.032556515700991315,-0.006951617229254439,-0.0063282899769683525,-0.04612733408416728,-0.03377365365156784,-0.05640630078140849,-0.08615264955046516,-0.00381859656237779,0.020605031244909366
2022-05-12,-0.027262643381901014,0.01468209351950873,-0.00669929457100306,-0.000846949578138129,0.013158716232640767,-0.020159467154433904,-0.027741766597613033,-0.008207980246495447,-0.01523423742789671,0.004529313087105509
2022-05-13,0.03141755825129544,0.05569537333818581,0.02801921464334564,0.00885604182101428,0.03786439314811213,0.02234488120336332,0.09043679914100702,0.05555683158900242,0.01369034925078196,0.0292324231709046
2022-05-16,-0.010729239393183234,-0.020052883582188548,-0.013931248881158004,-0.006993899492566575,0.00712366269570984,0.0014542736609777472,-0.02528017294494732,-0.06055559591829793,0.007838971128999362,0.023247725381671365
2022-05-17,0.02510462161865633,0.04030980601090871,0.017565149256879183,0.0326097345831534,0.012815187328004837,0.020139651652166586,0.05153367642657173,0.050132289582274676,0.0067431621092929215,0.012673922830429219
2022-05-18,-0.05807317698864969,-0.07425163860523787,-0.040058273652466184,-0.017253940833876484,-0.05258771530340507,-0.04659836834750381,-0.07059750658575444,-0.07043726926027942,-0.04389084328363562,-0.015977758989107776
2022-05-19,-0.024950221766034092,0.0019259973748420684,-0.01363597083494061,-0.014933160488316038,-0.004954132585922806,-0.003706309993402804,0.010921815069788655,-0.0005496144580126333,0.01509602924856347,0.005390919992204033
2022-05-20,0.0017457421453240995,0.0025313230136678384,-0.013461644750306168,-0.008232509094682917,0.011693658459323759,-0.002293995489661017,-0.025432046920755687,-0.06631616117599509,0.014892309724631118,0.0078687136249979
2022-05-23,0.03933553334693515,-0.00031610064973083124,0.023413435093905928,0.060032892508024766,0.01380321575039855,0.03152973097549395,0.012146002290703275,0.016432950581559483,0.012988230634191028,0.02185813389188217
2022-05-24,-0.019402999678329567,-0.03266897126205667,-0.05076096920338374,0.014026326577171193,-0.07924470958856333,-0.003959561201701106,-0.04502732574894782,-0.07176955888757142,0.011075061284779067,0.005417504575383604
2022-05-25,0.001139104463697956,0.025371870055026394,-0.001558345582101289,0.006940069891499259,0.013968535377320889,0.011108159885840707,0.04957385169227021,0.04762508488803092,0.0010645236695643707,0.0199272461356509
2022-05-26,0.022934581397016245,0.03950431937060653,0.018610597278639108,0.01714246607295584,0.0415552673512332,0.012792779675447442,0.050317535860385176,0.07164265445291097,0.008277522917429118,0.003524316939816941
2022-05-27,0.0399479543662841,0.0359770770988458,0.04111248670604145,0.01403881095213348,0.018099473241181094,0.027230465965259104,0.052382498966116256,0.07076881859385181,0.009669722853653221,0.009782341153698438
2022-05-31,-0.005360426879342701,0.043030852834664374,0.012787679136971543,0.0072863040629049846,-0.0076651112551609476,-0.00502628195415946,-0.007416636517459784,-0.001805191767721895,-0.020580795392843437,-0.016426843281775978
2022-06-01,-0.0008738212673837198,0.01219142464906909,0.001142179167954935,-0.017700716600963035,-0.02616036575278385,0.002020923110468247,-0.019031762828201973,-0.023876273341224562,-0.008551234491018238,0.018985308064270404
2022-06-02,0.01667166614301158,0.030965911805553418,0.03222974935321254,0.01595985883160171,0.05276043168740005,0.007897405579195662,0.06712811177394062,0.04571303469577831,-0.0005889106272041205,-0.0017392630521859292
2022-06-03,-0.039318777832795956,-0.0255076393596147,-0.026547412371481567,-0.01403731219370011,-0.04147995146410736,-0.016746491891491796,-0.04552904013356739,-0.09672413884722543,-0.01360106313871383,0.014434135080098784
2022-06-06,0.005214156074668276,0.01974655443905197,0.019705625389307684,-0.0033091639960205637,0.018025033635108465,-0.004714617144699751,0.00351944933541096,0.01591980642197778,0.009366711219617409,-0.0025259721879792468
2022-06-07,0.017432955615116003,-0.014447976483889591,0.002812218461305992,0.002617459890955707,0.007181303981696094,0.013857143077115148,0.007424864462186452,0.002542820180630796,0.014018584631460617,0.0448124433603253
2022-06-08,-0.005055900877715001,-0.014907309337206952,0.0003799526418720939,-0.01604249781796901,0.005047465882273107,-0.0076990408382756215,-0.014586547954917626,0.012397350726358317,-0.007207622837776956,0.01173300667004766
2022-06-09,-0.03661832899871578,-0.042394573681651705,-0.020329926631052982,-0.021239665389549266,-0.06643905102907557,-0.02100245312233356,-0.03270393462702107,-0.008970671737446728,-0.008342079717731802,-0.02184485399639267
2022-06-10,-0.03939469572974659,-0.057588983573757455,-0.03251677544268202,-0.047055985092513485,-0.04689783168858452,-0.04558700161973813,-0.061352069602386386,-0.03168770531986072,-0.009855811253952025,-0.018443511724608588
2022-06-13,-0.03903644164073919,-0.056080729107119705,-0.04384899108189216,-0.030230636005336608,-0.0665873904196514,-0.0433384823830754,-0.08140367174572759,-0.07366972655880115,-0.03129150245702046,-0.0469752723102218
2022-06-14,0.0066503277685003815,-0.013205363644664271,0.0030313184082127707,-0.01677919361889805,-0.003231741450291384,0.009162960999222352,0.012006673460248578,0.02360632235719876,-0.01707054812252078,0.002605123929195892
2022-06-15,0.019911702456987018,0.05106358079343476,0.028170888987827925,0.011766223777453746,0.03374883747698569,0.029301662222419672,0.042709519148054605,0.0533736162801124,0.005571779832583477,-0.012670976661781541
2022-06-16,-0.040459157256177464,-0.03795462873180655,-0.034582264325924414,-0.01730515797921346,-0.051370853320729506,-0.02734056009855236,-0.05766038599553925,-0.08927688581957352,-0.014345384477289471,-0.037582396083913026
2022-06-17,0.01146750635782039,0.02439607839682275,0.010414108096925391,-0.003532537159513861,0.01768312256929115,0.010880845277349015,0.01772545667193705,0.017029157609637944,-0.008875480125478863,-0.059394421819041816
2022-06-21,0.032235408567082964,0.022895360879700146,0.04025001533320191,0.024470161160616333,-0.041715750750657095,0.024293742490243724,0.04229219894975049,0.08942411634475661,0.06063770815149002,0.06037881325888352
2022-06-22,-0.003834151208875054,0.0024812460138330314,-0.0005065528435708123,-0.005627438689169329,-0.007670259862845683,-0.0024070321765579847,-0.012513382196271147,-0.004015858661335937,0.019299680983596273,-0.04037575669944885
2022-06-23,0.02134398224298217,0.031530734371298275,0.006744666066935183,-0.010999584282205419,0.018436735489994457,0.02238414681129291,-0.00828596035733687,-0.0043156097521520964,0.020475824464403634,-0.030625749608610645
2022-06-24,0.02422137878183523,0.03512809079637107,0.04981534117410678,0.02940874124333597,0.06940850181836788,0.03357965035922927,0.05404443866291938,0.04425503260828766,-0.008378030758072499,0.019638957936913098
2022-06-27,0.0,-0.02821501915746544,-0.01831875158107503,-0.008044577090796643,-0.003945162659511285,-0.010552280464633131,-0.01511982221990559,-0.003206786761701394,0.020014619871447616,0.024215404594264935
2022-06-28,-0.030242387037889836,-0.0527726431080026,-0.033587994879082726,-0.004823389880440342,-0.05337901545554079,-0.03226405101660809,-0.0540149377217179,-0.05133914578061633,0.0054825954634822255,0.02736580855380423
2022-06-29,0.012939695818920195,0.01405345471235089,-0.0027357322421458627,-0.00449970064486192,0.020085739082156072,0.014630452395900046,-0.027916926607461593,-0.018100003611393377,0.014197492555711412,-0.03763940344686741
2022-06-30,-0.018191946850778365,-0.0251953932810785,-0.024821630842751793,-0.023606979638168483,-0.01654472082969589,-0.013266642394515048,-0.0249516382037579,-0.017735577471772915,-0.004041496128084709,-0.02854742920586075
2022-07-01,0.016035169836734538,0.031054064397665036,-0.0020717281322773055,0.012706354607029229,-0.007594666583834106,0.0106501831999341,-0.0428608162904911,0.012352524133575366,0.007313274803168834,0.02205783567620405
2022-07-05,0.01875353386131126,0.03533051481031728,0.04077583843170681,-0.0038107689089124956,0.04973295098840439,0.012519107751014108,0.029913795897259024,0.025215114905161356,-0.023782870574044768,-0.03179670247636104
2022-07-06,0.009561301078015935,0.007286182647943523,0.011490881755281067,-0.0065030251165425065,0.009350424371609475,0.012701797345723069,0.011032102564867013,-0.0057372284664808535,0.019696288972275336,-0.01820515838020654
2022-07-07,0.02371577041791423,0.017341975999450154,0.036094852656681324,0.02497792087768531,0.014153802133226158,0.008192747629317864,0.046994645055863815,0.05380522947187815,-0.001767538069682045,0.03144120997850591
2022-07-08,0.0047034602441071785,-0.006814197291832041,0.004791356646542823,-0.00314286246618603,-0.007636800237733572,-0.0027606542435011246,-0.0012619613195546976,0.025117078284842168,0.008228335980840244,0.0016277686861804635
2022-07-11,-0.014867406260127487,-0.03335256478334072,-0.031292060986801346,-0.013203191217515538,-0.04794772188875139,-0.011838536485119202,-0.04427978894222437,-0.0677223141456021,-0.0032445463780711977,-0.005124953484322993
2022-07-12,0.006810143479585128,-0.022900025593117632,-0.014419347010472351,0.0009741075412915623,0.0023913925835270505,-0.0418447848681567,-0.0046304238375434355,-0.005448427397798375,-0.004906135989422579,-0.01340068477511127
2022-07-13,-0.0025395113742197137,0.0107459397638012,-0.023668461476358617,-0.009427339736057475,0.001346515543849001,-0.0037523243288347698,0.005422143484861074,0.016890005886123306,-0.02595499001720118,0.004015380049202614
2022-07-14,0.020275135323354256,0.002081127555719166,-0.008893973632240619,-0.03556383942419191,-0.03384045263970898,0.005367196964550717,0.0136234780680285,0.005357484236889209,0.0023713637610107887,-0.020241158146856206
2022-07-15,0.011385110787134025,0.026052020207380393,0.01269436283958841,0.044814146027467,0.04121423932366326,0.010336925831037168,0.025054403684607676,0.007330299130864308,0.052948854423991255,0.016699068451620162
2022-07-18,-0.020859120043225644,0.0018476894058664548,-0.024887138126999966,-0.010323347506811277,0.015244315139134946,-0.009667953949811132,0.021279394255413923,0.001997430616818738,-0.019788754384978156,0.0182843204329632
2022-07-19,0.026371128224424965,0.03837171118403459,0.04290735530179575,0.024476816165862485,0.04986328269791086,0.020553990399510415,0.05386100491570023,0.020505045463666282,0.026748952404948997,0.024891062962227532
2022-07-20,0.01341963775842675,0.037849962832112935,0.0007904928457895044,-0.00017472261361963157,0.04074455297640948,0.010502316475578729,0.04684914235645419,0.007991447618970264,-0.02655634647813574,0.010928988343614492
2022-07-21,0.014981099138499893,0.015036666950921374,0.0038556096262704442,0.006786850762489467,0.0004369120291080988,0.009751242431225519,0.013554231979090958,0.09331246499887616,0.005739285545589923,-0.016837395698233844
2022-07-22,-0.008143526875890131,-0.01789158533462613,-0.057971690423624676,-0.00486782421230988,-0.07891956673101089,-0.017060388319470383,-0.0413415765104426,0.0019732780255828208,-0.002011641563439905,-0.007664477122360775
2022-07-25,-0.007426113404265624,-0.010510843951367733,-0.003620877933259717,0.004000397157517223,-0.015599395670750936,-0.00589391413281644,-0.017180190716228103,-0.014093787954092982,0.015339857424558031,0.032760100609348045
2022-07-26,-0.008865415852583792,-0.05366832967343505,-0.023433149971347947,-0.015745820905916308,-0.04604872606754627,-0.027139322088896405,-0.02926553569427306,-0.0363152186530825,0.003995846063005126,-0.0038974596770791543
2022-07-27,0.033661854201664745,0.05226402422174644,0.0737678062945719,0.015919293579043675,0.0634776310526901,0.06471227085213284,0.07327795774722878,0.05982904612856656,0.0056650701608328404,0.021413654000795482
2022-07-28,0.0035652998882903693,0.0107708959770675,0.010207953579579213,-0.003738506789399895,-0.05366085567169679,0.02814115903607577,0.010845943696771792,0.021882347827174065,0.012786990216442848,0.011617437281658627
2022-07-29,0.03226707754600845,0.09859082981024253,0.018218469909129398,0.0047792214222597395,-0.010130773701370258,0.015543369876980883,0.00990421911783311,0.056238328890716484,0.001568737211873622,0.045267942981641114
2022-08-01,-0.006172771258408144,0.003255181148895761,-0.01263107481877321,-0.010018926348656847,0.005203056057837807,-0.009771818052597837,0.015189936364266122,0.0004262206792024022,-0.012916519272731727,-0.025600776649465806
2022-08-02,-0.009330706798449166,-0.009126353187385704,0.002347903167371539,-0.01570785064583426,0.001624484639743626,-0.011540846002013175,0.004598487125258322,0.011072869479979633,0.00014951705558458207,-0.004349188132983802
2022-08-03,0.03753424680294188,0.03917484597170419,0.025300574219758655,0.010440620525863304,0.05235406892256265,0.027456031494474648,0.019616437959449232,0.022402858626649376,0.009646157293489499,-0.032959828233005695
2022-08-04,-0.0019279564355467664,0.0216251677554199,0.00093106018051372,-0.011063463443898872,0.010431192788971111,0.0041686696764916265,0.016899906553677,0.004014952135593356,-0.012844799020169743,-0.042989721701455194
2022-08-05,-0.0013897940487001023,-0.012492693140300751,-0.006110492495767087,0.029811060776613007,-0.020493524276277597,-0.0026122614819368926,-0.011831454888836725,-0.0686033118290163,0.0024513243520091752,0.014347824041886172
2022-08-08,-0.0029072057176421926,-0.009921207364734218,-0.0014481346333862408,-0.012255301654975981,0.018615605736566586,-0.009196974397882187,-0.06505501831975402,0.007789020718917544,0.0028741773496880002,0.005637098711043428
2022-08-09,0.00030293969189281117,-0.011398203042398835,-0.005728331303054202,0.008967050127595555,-0.010154109606238778,0.007038727409913385,-0.040545338228498484,-0.0247155543645267,0.0012291435525052772,0.018269095274538308
2022-08-10,0.025857496729703087,0.03465340706112098,0.025982062233257497,0.02575349568569797,0.05657801588407072,0.024009868434006952,0.05748668629985836,0.03816806100817755,0.0008558462426359647,0.009448701996696408
2022-08-11,-0.004441324568587848,-0.014471032455294032,-0.007210550877231859,0.014673271430806566,-0.0047775129788394195,-0.007428339004939562,-0.00860188218026352,-0.026599955270312267,-0.009079394686635923,0.02851743573060782
2022-08-12,0.021199189766943946,0.020479998229218345,0.023616615752316036,0.01642845055345386,0.016816494668782673,0.016893756220208538,0.04186029959833531,0.045690263130780645,0.02013900795597612,0.008654350379006939
2022-08-15,0.00631370483141077,-0.0025808990121560286,0.003281857282054014,0.00269825163058625,0.0021582024232815757,0.005329828225276578,0.01711706432454841,0.030493897831355556,0.0017273533754465866,-0.018034100742315002
2022-08-16,-0.0009246436784030903,0.011112811619446402,-0.0031174672545479835,0.0095089414934796,-0.007880877150551422,-0.0025930761214700143,-0.008071481080121838,-0.008952025876518947,0.0027139540339914075,-0.009358910569352282
2022-08-17,0.008746443804804051,-0.018684262378250237,-0.01782424511793511,-0.008447817188833511,-0.026079720279036222,-0.0026396511937474853,-0.02923849101661124,-0.008407578354357605,-0.0020531280885742863,0.008058701213898681
2022-08-18,-0.0022943219753528863,0.0014064484864398943,0.005172624011398371,-0.0077795428471302015,-0.0010872855005929093,-0.003955525456364323,0.023607931260583113,-0.0037131047703819653,0.0004033049589855885,0.023368602716333762
2022-08-19,-0.015217056624237828,-0.02901859297383289,-0.024940267222838475,-0.02505636189929996,-0.03911520594945619,-0.013950794819126993,-0.05047230142240818,-0.02069451464936621,0.0056700297020014,-0.003183307726365815
2022-08-22,-0.023298661992440593,-0.03691702741982209,-0.02566561198772801,-0.016660237615070957,-0.029668894754404356,-0.029794778600175136,-0.04673594996926057,-0.023027123255798403,-0.006862683466309326,-0.0007444912158198558
2022-08-23,-0.0020312278064793994,0.002998007806707862,-0.003331835137377522,-0.009905655221204679,-0.01196962819401318,-0.004727588592021891,0.008592667821709534,0.02230781558771273,-0.0162354481711658,0.04156620838914787
2022-08-24,0.0017922335200350112,0.001346256547678855,-0.0014941505234865075,0.0024210431419896795,0.01325667664882006,-0.002353907373875814,0.0023835925638161118,0.0021677745650455194,0.0012307938394651395,0.005901005883894961
2022-08-25,0.014812704184387413,0.025676456345101635,0.025702410253690897,0.02347012273586612,0.033252017185164046,0.011033969063990906,0.03933896175895002,-0.0034616690754643124,0.009480577277790699,0.005160050905542787
2022-08-26,-0.038428459983601976,-0.04873552390255167,-0.055611422007815554,-0.03327630696844401,-0.04235856177556548,-0.03935112812375481,-0.09681829374902128,-0.02732301898385137,-0.0230114728655772,-0.0123884102121462
2022-08-29,-0.013784696342491302,-0.00736939497405998,-0.008372933401343572,-0.0024448568283168505,-0.016264769713142,-0.0107253079663339,-0.028635056987900937,-0.011415491099770154,0.0009820561200731175,0.022729482260702198
2022-08-30,-0.015423840983533943,-0.00820055348874808,-0.0043962343435166055,0.00017487822862049076,-0.01270825744056026,-0.008557476810719446,-0.02129984878041182,-0.02531598923616216,-0.013167428690921107,-0.038797410698034766
2022-08-31,-0.010691867968903996,-0.01534276001209404,-0.00663112326149786,-0.005961309931493857,0.03605617415269847,-0.005720453031058808,-0.024476142065590217,-0.007554668468041173,-0.006735970014033673,-0.00750417530029988
2022-09-01,0.004695710289721031,0.008248627364462172,0.013947643586061154,0.006834949002004835,0.014804239181367116,-0.004100578111101832,-0.0797501696244197,0.005608200169827373,0.008952132924563934,-0.0181569352489955
2022-09-02,-0.013704696505207338,-0.002428212185707112,-0.01737250637193515,-0.007010799015332492,-0.030952990176698683,-0.01680707110844902,-0.02102737722738432,-0.025395567131662106,-0.014706879374358193,0.018156935248995403
2022-09-06,-0.008248910471258497,-0.011040262841267405,-0.00968990629384571,0.0002635786635693592,-0.011165026264503435,-0.01103484196542194,-0.013425885860780157,0.015460425583855752,0.002572374407278159,-0.00671754616236938
2022-09-07,0.009211655643562178,0.026371849253352748,0.024416360557444627,0.018812828420996526,0.011601597501662066,0.018931313098606874,0.01862053027197399,0.03325755641840769,0.007697130816276931,-0.008567296547375147
2022-09-08,-0.00966458284179912,0.002622535962612139,-0.009824298525221967,0.02302869867007027,0.010358154694268212,0.0016646941236974407,0.019925476487171905,0.019408586563541073,0.01111351191927482,0.008146113923209932
2022-09-09,0.018664444491047556,0.02622824562673727,0.02072861290352022,0.004794599422085675,0.04281913096932936,0.02271699465777153,0.02798226549876314,0.035389242849343666,-0.002894587451131185,0.016613657220306017
2022-09-12,0.03778490355910465,0.023581047138634757,0.0018960638720761202,0.011762381026506724,-0.0011238543035134102,0.00824702344479733,0.00816839173561196,0.015693156705112052,0.013092288242169868,0.011436992923975797
2022-09-13,-0.06047154409673605,-0.07318946892343868,-0.06080507014587543,-0.035366686524584114,-0.09837458750680966,-0.05654754317756808,-0.0995176762714311,-0.041209445573060305,-0.03308729102821333,-0.023635367509996796
2022-09-14,0.009510242621961748,0.013549201586232946,0.006497209142860459,-0.002322680370463626,-0.010899573018533377,0.0009122311838258849,-0.00022835103420074947,0.035245873940170286,-0.008185841052377007,0.024249829348785404
2022-09-15,-0.01911139067183443,-0.017816303428596674,-0.020105549734582114,0.01495812539492798,-0.012757028782696965,-0.027493797076260696,-0.015274521551069797,0.0037601953268899466,0.0254497248190172,-0.029508468378616773
2022-09-16,-0.011020894784916883,-0.02201762235626526,-0.0010694521082415137,-0.006724754995368877,-0.022039672301965407,-0.002611477805970863,0.02059240850544608,-0.0013177201460770078,-0.003620926948727521,-0.017230683120062693
2022-09-19,0.02477355249516488,0.009106029090597056,0.0026229120670552466,0.0091822469562002,0.011756620768623592,-0.0008993071532927584,0.013845218211360167,0.018680537647816527,0.0048441712199514654,-0.00010750104408610239
2022-09-20,0.015544035495353969,-0.020012830448643784,-0.018902634005291664,-0.019916191797350897,-0.0131246929329183,-0.008501631423090206,-0.01551340930439167,-0.001100668054834369,-0.0014334804943956123,-0.008187802581872572
2022-09-21,-0.020475818691648037,-0.030326766225786016,-0.018561467139044312,-0.02925924161814973,-0.027551416873596107,-0.014541174009373145,0.006430359160834326,-0.026021592607865372,-0.020718160206132593,-0.016250106338753435
2022-09-22,-0.006395686049386638,-0.010430481377003647,0.00862505236399418,-0.011443888479538224,0.00491344989968203,0.008459578194497688,-0.05423065157617909,-0.041438568478665415,0.010451369970569845,-0.004186756716138128
2022-09-23,-0.015239367574164255,-0.030553234112175812,-0.014079077122554228,-0.018789053128650594,-0.017018399203815517,-0.012779410442159547,-0.003588929611782395,-0.04703665354268194,-0.007468185407954597,-0.05468696244503332
2022-09-26,0.0022577159894329115,0.011968890924047326,-0.005789433031493073,-0.021766926911247843,-0.029194754175871005,-0.001977539121497506,-0.023279476049809813,0.0024668028538151034,-0.010274345565709166,-0.020857472604415457
2022-09-27,0.006544694784954865,-0.00644711979642255,-0.006848340360149258,-0.008841364992511485,-0.014551346506467637,-0.004389397246040552,0.015015677438295993,0.024797737333229056,1.9791946670358058e-05,0.020740923037472152
2022-09-28,-0.012732081407695333,0.030980865018271533,0.025817765994135898,0.02001557430422638,0.052256339762845196,0.01951987566803232,0.02568864588120421,0.017065662059063694,0.010896983051324005,0.03574267031160839
2022-09-29,-0.05036656926419588,-0.027577874271049487,-0.0266385684086906,-0.017091325143447918,-0.037411786608485396,-0.014919941363488454,-0.04135878384153872,-0.07053030781738909,-0.009992644756624109,-0.0020277750106803896
2022-09-30,-0.030499520683065873,-0.015803691756381223,-0.0183358038126938,-0.015760153830567197,-0.005365905361501934,-0.019558323101868974,-0.006650411963676916,-0.011097446407076914,-0.007476181528272155,-0.015569309705880541
2022-10-03,0.030289205084407893,0.025167330486858045,0.030781027391291866,0.0304411494941438,0.021364849614818868,0.03310854361191176,0.03026470155019765,-0.09008354847845322,0.02051904982028254,0.051453600879442285
2022-10-04,0.02530031791165979,0.043978891324203705,0.029960384076468914,0.04572201438354381,0.011976370843669194,0.033253024620023816,0.051025347071859385,0.02862918608137619,0.01474957860819748,0.035796265048334504
2022-10-05,0.0020511725799279928,-0.0011568286989315974,-0.002068238326005184,-0.012423488091445277,-0.009310371121458326,0.00128490261741885,0.0031847661663282306,-0.035210184423729744,0.007427171559594419,0.03961637424371763
2022-10-06,-0.0066477610773745,-0.005388563475942685,-9.857986192910779e-05,-0.020592972926655646,0.0006474879234660098,-0.009717919275363151,-0.005998748812790754,-0.01119146713261551,-0.015179456467674338,0.029229612315477802
2022-10-07,-0.03740993018254719,-0.04888996644735069,-0.027388117363259613,-0.020176283676111444,-0.041250626031964,-0.052191525968516964,-0.08367970332587783,-0.06533110715825653,-0.027892795591334226,-0.010143332049458623
2022-10-10,0.002352920991691771,-0.007799184311071454,-0.008344376691631725,-0.009385370681264646,0.0025442694599611265,-0.02153311992998845,-0.034198540187807165,-0.0004932430962923407,-0.011935705091547158,-0.02191515486129925
2022-10-11,-0.01030774170164849,-0.012927390072384172,-0.006972911121980448,-0.029284560831439262,-0.04003099268335653,-0.01689207270605271,-0.007223840112515324,-0.02940186584357689,0.0019023578716471322,-0.00853504701595065
2022-10-12,-0.004615583626614699,0.006130377153208065,0.003902518939246149,0.01605346321819686,-0.008123821094213678,0.0015071581317898947,-0.007450470799811135,0.0034122110102537424,0.0003000797033416723,0.004378163958462914
2022-10-13,0.033060430729370156,-0.0032826427568259787,0.015258314231656436,0.05410271569291217,0.021646283246504756,0.036918034504251414,0.03922051491129183,0.020412571604412393,0.01970615349763326,0.03435190874042883
2022-10-14,-0.03277135286157473,-0.05132600960921381,-0.025561314221760854,0.016503787654605265,-0.02746711684143723,-0.02454746088185073,-0.06324591307178816,-0.07845410579918485,0.00629514856826854,-0.02666002761724212
2022-10-17,0.028706491413460166,0.06246082010978991,0.03470571419808501,0.04114211850140286,0.05584269084839447,0.038495152271039675,0.057208039188211914,0.06770743117966105,0.016908376210208114,0.014313651412083005
2022-10-18,0.00936552954541418,0.022334186457693587,0.007970552780202292,0.02539540012854349,-0.009293769172448146,0.00407532998205036,0.006623315768660949,0.0038221656467326303,0.0006320640094229772,0.0017872790852130139
2022-10-19,0.0007648369263518624,-0.011148202689094493,-0.011377463040698943,-0.019800885869863984,0.0032324701970381344,-0.008505648996474843,0.006994731819398018,0.008366694500343838,-0.0036257265645886125,0.029231271705723014
2022-10-20,-0.003272343228308406,0.0015630456934787908,0.0034069102604966832,-0.0032668718471149188,-0.012841955375084669,-0.001396459012953383,0.011796408982439045,-0.06878698522005931,0.0010757537324911103,0.0013479356127290042
2022-10-21,0.02669967550028428,0.03470527521216521,0.011536663832457392,0.05119430736790947,-0.011623644295433187,0.024966407978312746,0.02206078946738124,0.03395945997966481,0.024370069983159277,0.018399929361465533
2022-10-24,0.014693973813034656,0.0041816570199037775,0.013651026202023112,0.00122649407085455,-0.0022330899016378258,0.020966480057677192,0.010612444851451007,-0.014987724107085643,0.014637910129125605,0.0069659682582987785
2022-10-25,0.019152924194811162,0.006488657531862419,0.018937827756981232,0.0026111869520653295,0.05831844924665065,0.013697408022327396,0.05121008625685777,0.051525211920993325,-0.0025516273059971615,-0.006777179314165261
2022-10-26,-0.019822162983344115,-0.04182438724790477,-0.09585590690363452,0.011426131039003628,-0.057547801663518396,-0.08029530722201995,-0.027910281007000364,0.009931639962148882,0.0054463587276205,0.011829969575175708
2022-10-27,-0.03093900906758698,-0.04148511663717591,-0.028962740617311057,0.003940347243548772,-0.2817938154329881,-0.019954071036952015,0.02147992184616607,0.0020011878357876823,-0.0025255505983280044,0.0038195918802323603
2022-10-28,0.07283412214029421,-0.07046806314523207,0.043187420966078346,0.011807898542301654,0.012782885916709204,0.03943279619951162,0.04873231567276268,0.015123446596271505,0.017273437265919275,0.02886799419182406
2022-10-31,-0.015530147425567343,-0.009424419446504316,-0.018658777595708484,-0.0015875108678955808,-0.06281939025379274,-0.015983266572819583,-0.024661925726424703,-0.004297734947230934,0.007067889888552771,0.0009930916323143415
2022-11-01,-0.017698260013579083,-0.056733592543970986,-0.04368728490759851,0.01787243629399728,0.021661394692921804,-0.01720667356884594,0.0034022818907436863,0.0012298580156588981,-0.014223096712788513,0.009878058127383713
2022-11-02,-0.03801873015069563,-0.04945158785215427,-0.03945516573170965,-0.009250657298686247,-0.05018816151920009,-0.036008820073041216,-0.024214570251434652,-0.05801089494975568,-0.007114254705274222,-0.020766383973937118
2022-11-03,-0.04333029255886617,-0.031090582711074753,-0.0415553021517306,0.001809911105151605,-0.01816707359073326,-0.02693848993463694,0.015165334769908575,0.0015338580999043428,0.00033104163183976363,0.013501958193001309
2022-11-04,-0.0019493130010940565,0.018638216982674413,0.037060893826915506,0.026990847774172065,0.020924330555822365,0.03278219298796496,0.05331806009871059,-0.03709208198225595,-0.010057544987423844,0.010832299803874597
2022-11-07,0.003894609974000094,-0.004958465035960488,0.02182078384016574,0.005266214501789661,0.0632713189164526,0.028849514236812,0.010190926884082466,-0.05137700982212229,0.012648122597521627,0.011772748412462236
2022-11-08,0.004166339388961813,-0.006093813282808144,0.004622488065545598,0.00060870176562131,-0.002588226502835356,0.004378972813713704,0.020829034461782525,-0.029766854567743133,0.01462566285181415,0.00316283565776218
2022-11-09,-0.03375306946948885,-0.043613588180190316,-0.017932650797028906,-0.01309408319557922,0.05053118326704721,-0.01923388881892929,-0.05823072888382815,-0.07436539035358274,-0.022657634752152878,-0.04576844619912189
2022-11-10,0.08523660513468342,0.1149153510471296,0.07307673726293357,0.04033463117592399,0.09757425696543177,0.07905887130002431,0.13391244960225088,0.07132888823212645,0.006471083137786807,0.01458542900391581
2022-11-11,0.0190853974712296,0.042149929862782536,0.025953785792854175,0.0016275728297078507,0.010227266358379209,0.016854454647658567,0.03597995958483787,0.027155202242509627,-0.04144070457882461,0.030744226203084438
2022-11-14,-0.009531103721767147,-0.023084154958510558,-0.0073917782924903756,-0.010326584252722636,0.01056153790453554,-0.022757194368918262,-0.001962014783401208,-0.02594999483044167,-0.016084062776233015,0.0029152247532252943
2022-11-15,0.011799789895795845,0.004558631983396615,0.028228873466458394,-0.0072701952986002644,0.024731006550797453,0.0017372052471544908,0.022512409507278366,0.018009160285334423,-0.02112687171730562,0.006681202473431297
2022-11-16,-0.008366172446433695,-0.01856627488370557,0.0041564658091214806,0.001353260858250118,-0.03343602113050359,0.0018220038555460778,-0.04642271912620271,-0.03934004993858786,0.016776619781832945,-0.010747049927784738
2022-11-17,0.01288805907725297,-0.02365067529774173,-0.004969349083112946,-0.004366591010351594,-0.01584528011889736,-0.0002068566077376311,-0.014753281608083353,-0.020266034660649707,0.007382012944299617,0.0013276121837669148
2022-11-18,0.0037745653155335235,-0.007513650804188213,-0.009500079901319432,0.009760523822728035,0.005369305245662033,-0.0019051563515649031,-0.01724275406511802,-0.016402810087859467,0.02810828729430954,-0.008705763231212929
2022-11-21,-0.021918632245797657,-0.018006920831346168,-0.018961228003152128,-0.0059199137598536225,-0.019738586853115955,0.0034348179963567087,-0.005988524782718147,-0.07082202204033466,-0.024466638555185025,-0.00995302368686829
2022-11-22,0.014554711342276507,0.007971580289157953,0.015053412653407431,0.014845955229849018,0.014279572656999034,0.01223611023892181,0.04599745064935144,0.012079065403443036,0.01134345535869878,0.02851630192715827
2022-11-23,0.005908813038259167,0.009929087433161404,0.014424052487455772,0.010607010005360146,0.0071530512887606,0.010353457041003506,0.029550438174886385,0.07530952893106566,0.012575959637187602,-0.005004627915981466
2022-11-25,-0.019788088349061938,-0.007678331291085061,-0.010208260505007552,0.0019031466262198532,-0.007422226436409209,-0.0003637629978434948,-0.015188551490170402,-0.0018575995078744564,0.014822432037275473,-0.0035271875540203905
2022-11-28,-0.026615497097536824,0.0057642482872482335,-0.014573134724228788,-0.017632945229739516,-0.023889697927148915,-0.023424710993780403,-0.02760541889986759,0.0003280527056264311,-0.010001077087181643,-0.030492798608337937
2022-11-29,-0.021374683756454294,-0.016419307746887702,-0.008993980227373487,0.01631571642366048,0.0062317564874578586,-0.005932250277387389,-0.011949492169039448,-0.011491515256992131,-0.008054761474879683,0.00662577963779289
2022-11-30,0.04744988951463188,0.043614054085946284,0.05914653991834268,0.011793118614716918,0.0759724137711016,0.05979927885900785,0.07916178886756992,0.07390252318127676,0.03674088768434203,0.007211226182299456
2022-12-01,0.0018899010204223897,-0.010831192229061232,0.0,-0.01413903597025288,0.019620075100329128,-0.0017654809481750572,0.012449328313534132,0.0,-0.02000675873815151,-0.004861738502073533
2022-12-02,-0.0033770778094793902,-0.014449471106160716,-0.005460892284394293,-0.007958680345959574,0.025008504993822827,0.001294871515077818,-0.015230827796866374,0.0008214584254523483,0.0016800336518405271,-0.008520116799805874
2022-12-05,-0.00801543100727588,-0.03370736231877902,-0.00960397858356115,-0.028441608288978536,-0.008620751407735588,-0.019081281804745918,-0.015887181186785237,-0.0658052089735389,-0.0020908654399539356,-0.027780894822795776
2022-12-06,-0.02569727151165305,-0.03079571824833874,-0.025452011178561204,0.0016732448777303781,-0.07028886753438235,-0.020512705973823528,-0.03822917324914767,-0.01451975486845227,0.00796739323248992,-0.02818939658575478
2022-12-07,-0.01388080556218677,0.002376766277155038,-0.021259439395130076,-0.0006842054612260948,-0.00166644402961032,-0.00306443973833983,0.008284701699143962,-0.03267127201155782,0.00663431436383425,-0.002216634657654105
2022-12-08,0.012059773190566806,0.021140538059143867,-0.01304024075761644,0.010439864681283073,0.01221346698230775,0.01232307820011826,0.0630449499092996,-0.003453386948248274,0.009185934583787135,0.0074014840066179794
2022-12-09,-0.0034407294500350175,-0.014043946522882085,-0.009435078603082427,-0.005433384503169781,0.004930121363489898,-0.008035474349311945,-0.009833253174243349,0.03183338116095202,-0.016042730247568027,-0.008462979857496132
2022-12-12,0.01625677989365548,0.016255164405059457,0.005157288960701056,0.01539243164368904,-0.010320620458369735,0.02847991769833956,0.030926704328433932,-0.06477309340338366,0.012276031655458266,0.024329241745410426
2022-12-13,0.006759792524736421,0.021198289437405628,0.024559351813216945,-0.0009690587942532252,0.04633384807438289,0.01731379903619957,0.03016484307456954,-0.04179828130131225,-0.014095424448287708,0.010874948466373827
2022-12-14,-0.015657790210343053,-0.009887580246293281,-0.00587293958115482,-0.005009609820996922,0.011913726349668318,0.0011672630349702866,-0.022269144525799495,-0.02612261140486262,0.00025996861888777877,-0.007393161554261408
2022-12-15,-0.047987348051848726,-0.03477554111983294,-0.04529367506219649,-0.02512360927969067,-0.04577222854363039,-0.032439005093329705,-0.041708842576402054,0.005533102257132837,-0.02003736331180113,-0.009627190840888405
2022-12-16,-0.01468645667959158,-0.006692740608663019,-0.006625467171284055,-0.006245642068654297,0.027848050891350354,-0.017500990300443952,-0.022732002129955364,-0.04833680500131505,-0.007570783624017102,-0.007043128682975861
2022-12-19,-0.016037560766850666,-0.03403503022155705,-0.020370181520427782,0.00593808331350941,-0.0423304572131086,-0.017479789323466964,-0.01931482144306767,-0.0023992055582815475,-0.00019111508346456463,0.004479224509147417
2022-12-20,-0.0005288348926116772,0.003174469440173832,0.006536744338921606,0.004832236519757358,0.022542741846935273,0.00559877349930212,-0.010452081804799854,-0.08396483835074355,-0.006495434464709356,0.014349203967813223
2022-12-21,0.023530587502814747,0.018376816404560806,0.006271087768192478,0.011185168486639157,0.022546950454552506,0.0108179826866833,0.02553391519409179,-0.0016704490129968075,0.013991916427332197,0.012759135872621306
2022-12-22,-0.024059702209752072,-0.034947221566029855,-0.020526234362915494,-0.01141475537756675,-0.022290634061453065,-0.0258602531011569,-0.07302226693474782,-0.09302311928148893,-0.0008530802269589229,-0.020380285580469622
2022-12-23,-0.002801947928329791,0.017274436611979943,0.016611458619540338,0.004734074515183579,0.00782446530134721,0.0022643880558241014,-0.008708554610553471,-0.017706675474399133,0.007974489404668071,0.026101530678665497
2022-12-27,-0.013975530222259907,-0.026265685720911106,-0.020836556687153424,0.0034977725441939353,-0.009875850623110576,-0.00744166623784645,-0.07402706482151004,-0.12113825810398889,0.0012788349124127842,0.013798385700210136
2022-12-28,-0.03116604317989376,-0.014800721671305868,-0.015801001822458485,0.005450281514848173,-0.010838745428792805,-0.010308018557799462,-0.006037501380566296,0.032553261278161744,-0.006676354964357193,-0.016562604515498836
2022-12-29,0.027930724001942905,0.028435658196292006,0.027857636416966487,0.005721341789836359,0.03934712219346471,0.02725490718272461,0.03960149810830971,0.07772640277207259,0.0027024325049547046,0.007537505128930126
2022-12-30,0.002465811662403852,-0.002140568124387558,-0.002490170650539295,0.0065839626778202145,0.0006649094868017895,-0.004949680067895831,0.0007530017622368599,0.011102159833173808,0.0005658890035857978,0.010023035156732276
2023-01-03,-0.03812219251330378,0.021435277164066735,0.010036580006716691,0.007577121471973828,0.03591060124312987,-0.001001414112830744,-0.02067209300737399,-0.13058999220665155,-0.022006645760594676,-0.03496526092290224
2023-01-04,0.01026134569531935,-0.007955122776173124,-0.011738391076404281,0.00928216543053664,0.02086457170227505,-0.044728540727850645,0.029867343837905333,0.04997884108534127,-0.02764214946256282,0.0029062213856494335
2023-01-05,-0.010661408299708266,-0.02401157339665977,-0.021575268030243976,-0.00022165683934185324,-0.0033815615512766653,-0.030086006037650846,-0.03336632718685525,-0.02946907696009933,-0.029244104199877146,0.022127654429095978
2023-01-06,0.03613361089735275,0.0349917378504728,0.013138391509715115,0.01895481957957096,0.02397371981350259,0.011716529057953916,0.040796809230446006,0.02435215499827936,8.175252342111201e-05,0.012014126855395862
2023-01-09,0.0040805411430671545,0.014760401298199752,0.007755462763916054,-0.0041409441721946515,-0.004239206277229138,0.009689353894530352,0.05045848418252517,0.057654579278002285,0.00012248291213675454,-0.018813293341695785
2023-01-10,0.004446280511932754,0.028326693248784427,0.004534215411143719,0.008914233488464367,0.026824910922611758,0.007588269657483404,0.017820893163154577,-0.007711027963739906,-0.008319368383420397,0.014824600610876343
2023-01-11,0.02089274459435091,0.05645956080731301,0.03445926220774514,0.0074037828975319605,-0.0007523869360410062,0.029789909802700416,0.005766106483804292,0.036109204525613114,0.0151116021318787,0.011559952184262848
2023-01-12,-0.00059936599348447,0.0018911574433712077,-0.0042703183151231875,-0.001003029498407634,0.02834049069371792,0.011554683370457399,0.031375597666894184,0.002755462798387791,0.0045902236139245085,0.01647470884178005
2023-01-13,0.010067964668531312,0.0294763168996709,0.010804951053130169,0.0249216228360007,0.0019726211794919846,0.0030141558633690686,0.023227652775654455,-0.009432465746952078,-0.012382962434375876,-0.0006185337730323292
2023-01-17,0.008718153109464308,-0.021322326395198862,-0.009050857924394987,-0.015574239300624708,-0.0118966818512013,0.0046707321144420335,0.046423299925031365,0.07163646233055776,-0.009213607400011151,-0.0019461412095265445
2023-01-18,-0.005384335169294636,-0.006161619000101003,-0.0018639845614318883,-0.030502967497519393,-0.017438715070440428,-0.019069934695035196,-0.01853037133157193,-0.020825332244057446,-0.01839191307809823,-0.020757612469110242
2023-01-19,0.0004437470328903119,-0.018822579439957077,0.020959785713617875,-0.01341602765020734,0.023257839780009094,-0.016590897488924346,-0.03585413017759506,-0.012580752996881195,0.016906488276171187,0.00639836818631003
2023-01-20,0.019038255764796203,0.037400259951453026,0.05203445484618258,0.0024456237256941698,0.023374947049153525,0.03511982662676594,0.062093707862280335,0.04797727392320404,0.004860584890538723,0.01807139332633324
2023-01-23,0.02322840127957538,0.0027724682514327437,0.01789656656231392,0.0160827439878072,0.027598970953052165,0.009776306440324076,0.07315875480840836,0.07457364612008015,-0.001871358353584638,-0.005218719469871203
2023-01-24,0.010013085054808038,-0.012381472357830799,-0.021166595138923418,0.00855948805586352,-0.0009080566461019887,-0.0022285393012406425,0.003744244835998768,0.0009734348560736818,0.011847808009938938,0.009268664766872268
2023-01-25,-0.004711834412524848,0.008888953725914,-0.025711434154953416,0.004827503956513214,-0.011523519156329858,-0.005925627737606426,0.00300628774200712,0.0037457958683397114,0.0018289051919045498,-0.005285899445040348
2023-01-26,0.01469480752688666,0.020774687057825685,0.023867407054299756,0.006162521474604528,0.040171517689888775,0.03025136893193895,0.024486729394450547,0.1040650092615062,-4.040256479215198e-05,0.03940429488830594
2023-01-27,0.013591581693257436,0.029983350559053976,0.018792854524743104,0.0024260298001745942,0.02969763704234865,0.0006449310677793304,0.028034823039831038,0.10436164069972145,-0.013142514113810056,-0.01842615263868521
2023-01-30,-0.020282512502550948,-0.016667823165641346,-0.024758063246054614,-0.008516741737419176,-0.031328114076920044,-0.02220638926058933,-0.060888573402724425,-0.06526572943550507,-0.0005349572420666458,-0.017891078396149337
2023-01-31,0.008980327971719763,0.025335155126435763,0.019410154976839438,0.005948314424954393,0.012904266351041787,0.020794935034643185,0.019380940197495353,0.03860663902242871,0.027210317394010728,0.021345020400114455
2023-02-01,0.007869827708970807,0.0193976149644124,0.015958528424210423,-0.0026473197888163846,0.02747700340373665,0.019738547791919112,0.06949429629317766,0.04619721319012761,-0.004396770868626222,-0.011007712401002638
2023-02-02,0.036392248595208135,0.07120315696615197,0.0702600257197876,-0.00466721079332925,0.20930741579492754,0.045818400903711816,0.035922439192919285,0.03711744228973266,-0.0540928567219088,-0.03178803214170404
2023-02-03,0.02410710151999927,-0.08808283393109906,-0.02785806769051769,0.015355506224382,-0.011937199734461973,-0.02390395722649535,-0.028453925904083528,0.009041655543147504,0.0025240892119436,0.0069037006282383125
2023-02-06,-0.01809154247944359,-0.011772272805910223,-0.018105156289708053,0.005865922951604672,-0.0025228994436465022,-0.006134484286791735,-0.0005213377265045588,0.024849222136681948,0.006798630042261988,-0.0016990864199228541
2023-02-07,0.019061843577471305,-0.0006852973444615529,0.04503463240070647,0.012115761977377371,0.029444946925180106,0.04116300270414383,0.050123736561471795,0.010470780820742305,0.0034450608966341647,0.02815095534417623
2023-02-08,-0.017810451863795963,-0.02038057801277048,-0.07994205429526335,-0.007055580934808895,-0.04368108753485702,-0.0031068226602161244,0.0014419823109769485,0.022507837028282126,0.013207014086770812,-0.008739724548980053
2023-02-09,-0.006935519398645599,-0.018256648878253772,-0.04486810035295845,-0.01568598336632349,-0.030499208726407347,-0.01172819024988573,0.005927300839591231,0.029516907690852447,0.005180956370463588,0.003767403047458405
2023-02-10,0.0024532300022742635,-0.006433489213979846,-0.004641865298456995,0.004405769560640164,-0.02141684651551851,-0.001974535623730723,-0.04918207894529236,-0.05161833459581209,0.01738849887276491,0.04128704391855921
2023-02-13,0.018631986212466013,0.019579629188155288,0.00042289404262188117,0.010789349759134119,0.029868261970466842,0.03076486416754834,0.02429659250379102,-0.011493498714308886,0.0022231255120466874,-0.0038973077678933123
2023-02-14,-0.00423371461758769,0.0016060637303955492,0.0007396548389789761,0.004409126360924842,0.00027842623994630747,0.0031278271243241553,0.052873399370818766,0.07237801403011461,-0.005100170945338827,-0.011783968157377886
2023-02-15,0.013807511373420648,0.014537811644538115,0.023589353523759855,0.0041810230426834755,-0.013010332811270068,-0.008025133337842915,-0.009052377436173757,0.023567198213512965,-0.0032112587830169614,-0.003010878944078205
2023-02-16,-0.01048419766433374,-0.03020652173405669,-0.014861392523689758,-0.01386448348150998,-0.027004001732509032,-0.026983232936902735,-0.03404683746694458,-0.05863124321363247,-0.007970505480779636,-0.002933553785734561
2023-02-17,-0.007575232212407896,-0.009726256199159627,-0.012219506918121407,0.0029571094257037633,0.0025484673429252568,-0.0157247106938725,-0.028303239903161272,0.03056167870629532,0.02378378650729884,-0.03921043524313349
2023-02-21,-0.027042124358442093,-0.027324623494127544,-0.02750806807295157,-0.01851983351509677,-0.004638280346999336,-0.02110798223065637,-0.034872862597775486,-0.05394722804913013,-0.015691109741361012,-0.0009888261915540141
2023-02-22,0.0028916636743589394,0.012712248376870747,-0.0015262342625541557,-0.007692628051862143,-0.005594430598312079,-0.004601581105605229,0.004781815203632731,0.017528035977254008,-0.004937693330200572,-0.013037759843147709
2023-02-23,0.0032853139529981906,0.0003131233176392935,-0.008327059307757316,0.00797902321755537,0.005361830098639522,0.012878460863220358,0.1312159328013524,0.006006057267467722,0.005710876883536849,0.009162341734987131
2023-02-24,-0.018169339615635615,-0.024509991975448668,-0.019553993398800307,0.008980891052195716,-0.009636984111626017,-0.022025119624163803,-0.016102789124891208,-0.02601977738759486,-0.01508211720045313,9.038129275748125e-05
2023-02-27,0.008213641336771401,0.002776912318089041,0.008268222505747479,0.008689912261447079,-0.0050009785565743176,0.003764685026686596,0.009190814719303678,0.05316324215501689,-0.002087440023891867,-0.0018077081705938833
2023-02-28,-0.003453832570286613,0.005000289230826088,0.0021120361956972985,0.008335852944198018,0.03135401806339852,-0.0029625846899455337,-0.012201292819065635,-0.009290230436857878,-0.015387058497894145,-0.005805929625501891
2023-03-01,-0.014348471216181997,-0.02210395970404292,0.0033254918848787825,-0.005596383850949985,-0.008726699536753214,-0.012709683971712264,-0.022564874131029658,-0.014395089751065942,-0.0015140413402216165,0.008876806285192966
2023-03-02,0.0041207053060713745,-0.0004340848307001873,0.01798690552256179,-0.010436126478429862,0.006380275275601415,0.0194626820025264,0.02677719079689748,-0.06032265409146769,0.005205021900136558,0.00458862842070397
2023-03-03,0.034488553881932144,0.029623128385877155,0.017775772599666593,0.018192852577987927,0.059609690985831826,0.016508999293754174,0.0244059736970657,0.035456129089512615,0.0017987821884732707,0.012577642749814285
2023-03-06,0.01836948738775126,-0.012192056844170188,0.01567998452862323,-0.005864272180835452,-0.001891215256397819,0.006169956967791509,-0.014164367098331418,-0.02032754273314507,0.004628053887446625,0.008825354799927231
2023-03-07,-0.014602453759321439,-0.0021355795087460443,-0.013440036896299867,-0.02984893072318145,-0.002111513964928591,-0.010645399096776859,-0.011187598120741086,-0.03198003067013698,-0.014455556514008528,-0.01951969231323564
2023-03-08,0.008342208344060485,0.003947251242114644,0.004146451375365916,-0.005932947450780652,0.00249014312134151,-0.001772259331762301,0.037628872824474094,-0.03089156736881823,-0.006945739840787561,-0.014712012475671736
2023-03-09,-0.015026881703785668,-0.017941053663252313,-0.020690145413143526,-0.055656949269746646,-0.017891639788701216,-0.005454352333075962,-0.03129383828030073,-0.05117763786639216,-0.012164506135807298,-0.007758862714592281
2023-03-10,-0.013975979028394881,-0.016614182739941783,-0.018475542519373618,0.025078135233665068,-0.012071123844880342,-0.01489308469810775,-0.020301816709051117,0.0030026831172517087,-0.006344835977026476,-0.012447662576916523
2023-03-13,0.013178816957177574,0.01856350439768763,0.005282488471208353,-0.018120561197722682,0.0077134718266262375,0.02121419460501115,4.344250023744492e-05,0.005978365078895034,0.0072509428540454765,-0.011571800233667334
2023-03-14,0.013990622023986503,0.026161301723076753,0.030908003943911536,0.0253519644522469,0.07001690461927741,0.026696203622602926,0.046660585567163015,0.04909578215581386,0.0019391275655893264,0.003747696170867728
2023-03-15,0.0026179723212255324,0.013816419647147053,0.02251764666292538,-0.04839638346825183,0.019042178883340154,0.017673405021710695,0.006833566839694817,-0.015452165385496756,0.001828006429317149,-0.051027763449044965
2023-03-16,0.018521724109820645,0.03914078921242471,0.04287193699485241,0.01922752133326712,0.03566490852564543,0.0397364351891775,0.05277604165725006,0.020188342220549882,0.014059582345913908,-0.005822603972725388
2023-03-17,-0.005469059603923326,-0.010955473953869642,0.012875290655108123,-0.03851424608234189,-0.04654562214144659,0.011626594460204892,0.007178242600133207,-0.021963216854791676,-0.00535294802501462,-0.011848848035376254
2023-03-20,0.015365306908154618,-0.012610742620752562,-0.003944152884176632,0.010515959830079814,0.011184242113542481,-0.02610447357628817,0.006779647327431475,0.01717250122413543,0.015764243135840787,0.02580603929943372
2023-03-21,0.011873236581792538,0.029247763784060337,0.0359018716914263,0.026467666635613514,0.0217523417342583,0.005677319560845305,0.011478263972456474,0.07529223411697607,0.006561914584999096,0.04382766976515282
2023-03-22,-0.009145124341476766,-0.019166746850565648,-0.014883447519462233,-0.026153010874416745,-0.01169232405970568,-0.0054570393063280475,0.010215236185337243,-0.03308514667181837,-0.009585598475006295,-0.023154691345477714
2023-03-23,0.0069453930186704855,0.0001013336349731114,0.021343548304801768,-0.002676952734167948,0.022124474477890954,0.019529714041475132,0.0269495046272081,0.005582127533771847,-0.011867621102879164,-0.011346099362898817
2023-03-24,0.0082712163482887,-0.005893146925693609,-0.0015162863605233511,-0.015332992733973158,0.008433236270069512,0.010426019567670199,-0.015268012825172553,-0.009460894526444722,0.012855442580579673,0.0011596739979628798
2023-03-27,-0.012369327885563925,-0.0009175342309669643,-0.028669630360091663,0.028257718552085476,-0.015507323555875011,-0.01504670598054979,-0.009303980183140466,0.007325624786097459,0.012339945972422928,0.0216890908946172
2023-03-28,-0.003988271189003944,-0.008193440518932924,-0.014054782454328842,0.0030306713834375707,-0.010705932029532161,-0.004169521132837444,-0.00457113723733275,-0.013753472002494754,-0.019529662368870035,0.012399264217085917
2023-03-29,0.019597446646392198,0.03048493870739539,0.003556873859379847,0.002015292785483355,0.02300447696942323,0.019002224714267973,0.02150121945528604,0.0244876221590413,-0.012756203913925342,0.01703109043025189
2023-03-30,0.009841200934976278,0.017305747097592427,-0.004943577306175569,-0.003024624842164705,0.012052630008808261,0.01254103213920672,0.014678315160457601,0.0071949836717746535,0.007409616193046842,0.00485241182875805
2023-03-31,0.015523228682506844,0.012567761597929928,0.02776057362376695,0.012043739726738785,0.019534694819311985,0.014851087703369695,0.014285922596286336,0.060504162532241994,0.0053678062734171085,0.0015515598958841016
2023-04-03,0.007672128985691833,-0.008556175035560798,0.006054973533905392,-0.0011517496521198526,0.005317460785873603,-0.003718273047874472,0.006745366398717038,-0.06311918518816914,0.044691859675690865,0.05732550413270571
2023-04-04,-0.003255075833282952,0.014925585099441844,0.0034437209454373035,-0.013458264684482283,0.007714098236650748,-0.00017419683970159927,-0.018478081969341073,-0.011307735857578445,-0.0019038872682546582,-0.009604320913287265
2023-04-05,-0.011354439311588202,-0.027799874012425067,-0.002390246851459244,0.0014899486583466526,-0.015204552150903185,-0.009938237663555545,-0.021055682940931898,-0.03734894534323159,0.031883519191939845,0.016982395214747776
2023-04-06,0.005480937437562095,0.009450740780884159,0.037112563116302,-0.0010977635988928484,0.021611005403923272,0.025212377390618226,0.005786406059028052,-0.002482632348555218,0.007005699218481672,-0.016721437520865256
2023-04-10,-0.01610136223927873,0.001077222967143844,-0.018431017831832923,0.003289489652247362,-0.006266671983955581,-0.007607690949585039,0.019848297932930963,-0.0029764508462146334,0.004610991743273313,-0.004442952547098868
2023-04-11,-0.007620280179149316,-0.022268227189569913,-0.010293322566551149,0.00491400222133212,-0.004199801505817347,-0.02292938896966955,-0.014978071032386273,0.012281322445656238,0.01117606012984531,0.007046860934170073
2023-04-12,-0.004362491637709305,-0.02113855030607884,-0.006762239317037041,-0.00015561228308458004,0.0007011929453214218,0.002330916884170597,-0.02512047117778875,-0.03403263254550459,0.00042223938826186855,-0.0010407052721340098
2023-04-13,0.03353481983102502,0.04565543032053212,0.02631353300077792,0.003806024420877961,0.029241181505349895,0.022152114448525228,-0.0012085148379246775,0.029256539212836878,0.00962364569491853,0.0046753707778486725
2023-04-14,-0.002116015340317931,0.0010736481279814353,0.01331512546552083,0.07279468532309728,0.005160273358074927,-0.012847980145751496,0.011085872107437654,-0.004853036816821199,-0.027823918683906924,0.002415767100188012
2023-04-17,0.00012079719971687154,0.0022411286119837716,-0.02699855198400658,0.007898024658246395,-0.011945096441126882,0.00925312095707005,0.009077420386133125,0.010966636750077955,-0.012663147678840062,-0.011701276473301468
2023-04-18,0.007476907337069635,-0.004291801457498827,-0.013968937793431817,0.011165109486189534,-0.004442010675788456,-0.0014900598155791719,0.024329596053751186,-0.01470335251106692,-0.0017230415261276443,0.019341083742378105
2023-04-19,0.006943902142555985,0.01936168847711433,-0.0030669440958587266,-0.0012738253072266349,-0.010101834349954104,0.000277659188020474,0.009496841038089348,-0.020389861131667346,-0.036908062742127684,-0.0031690380529527315
2023-04-20,-0.00586351848454803,-0.00470910957902097,0.010598409941552927,-0.002907484923581713,-0.012267784341774637,-0.008145742574481541,-0.03005611742687252,-0.102540365251667,0.0025880866227206826,-0.008010089659927461
2023-04-21,-0.009828786268155981,0.029892642547029304,0.001139104360268669,-0.0019191297686988662,-0.0008451650186471009,-0.0012235871449884253,0.0005535374546463168,0.012741333042302827,-0.007495180258571984,0.0031943359921703446
2023-04-24,0.0018767632431910793,-0.007036666520682404,0.00529836758746895,0.001350891232200012,-0.00046979672971125743,-0.014061473537479005,-0.0028434809540225114,-0.015444550452118741,0.01052668215349326,0.018701805677372986
2023-04-25,-0.00948069046875421,-0.03487276836944828,-0.02020838614226504,-0.021983747706315903,-0.024933472601218563,-0.02279384812516581,-0.030068227274706774,-0.011633104865311444,0.006076408420861336,-0.0143153219359244
2023-04-26,-6.0982573206988195e-05,0.023224398457013323,-0.001349096980990729,-0.017882444184114284,0.008874084271081537,0.06993150917896436,0.026882953000991677,-0.04402465397224694,-0.0184029437138429,-0.009225318670370818
2023-04-27,0.0279996802945055,0.04507277127081395,0.03672905810403472,0.01336884293041016,0.13037447766589075,0.0315254542523827,0.009966427817010534,0.041032719267455574,0.01545077234510273,0.011882536704041281
2023-04-28,0.007512642577811359,-0.04060578108740084,-0.0023261255354485293,0.00864542695367167,0.007350563524992687,0.007940131554253438,0.019027393070583733,0.025394246651119615,0.0032975901497613817,0.012841776056016658
2023-05-01,-0.0005305825077410621,-0.032773958824064836,-0.0013051326407057535,0.02118608659385663,0.011830456322858632,-0.005548108506671024,0.04098768733955314,-0.015208459761728233,0.007309258783332608,-0.03150329997873132
2023-05-02,-0.006210713547127215,0.01536391753200235,-0.017693018887392793,-0.016278891194388738,-0.016334609150050472,-0.0004912163854540704,-0.02451088895003031,-0.009436987371174365,-0.004670877345360891,-0.04066956072894898
2023-05-03,-0.006488339264907711,0.00019301691085360208,0.0008543344952990009,-0.02139061238143512,-0.009280532216048104,-0.003312350684474974,-0.014568597776561951,0.001869644402715088,-0.008038154661817627,-0.01990594898014966
2023-05-04,-0.009962762839257856,0.0033710455381283566,-0.0068540241740811195,-0.013772852394701721,-0.014918994596728406,0.003312350684474984,-0.008669984477545556,0.0036667412660127767,-0.004422968140911397,-0.017666548800385103
2023-05-05,0.04585925729848199,0.015835527254169667,0.008370595640702784,0.019346258990853356,-0.0031739599865518208,0.0170120350583224,0.03976201870922172,0.05350549046047228,0.014263302835996325,0.024591326968462095
2023-05-08,-0.00040347031481715543,0.0016076240119395433,0.020625020246516,0.002410368660227684,0.0021029051643463997,-0.006459283352974585,0.016289266350041794,0.01012145995502574,-0.00336417624388445,0.003948809609603582
2023-05-09,-0.010021303952465657,0.007437086747609702,-0.003904774833251131,-0.00482644092612897,0.0004284276802892558,-0.005359770202469784,-0.0200969725710961,-0.015486902413259212,-0.004557398160273405,0.0002749337418375895
2023-05-10,0.010367145616553178,0.032935033500925935,0.040169789338683475,0.0005129390010057206,-0.0012433029208806594,0.017148255918705908,0.0109301881172052,-0.003612788634512576,-0.0006323129658339034,-0.012910599015814686
2023-05-11,0.0010940198592504283,0.01789855614458502,0.04222769957024393,-0.0031555920378318167,0.011559802184426322,-0.007069247870859799,-0.01068531487768004,0.020786425091438347,-0.002676795186894587,-0.01826486272534628
2023-05-12,-0.005432301807462136,-0.017263494264582263,0.008031434808993576,-0.014436709282149353,-0.008432712816756624,-0.0036828837481906033,-0.00836288645531954,-0.024114596337054404,0.005041088449614584,-9.470000502433536e-05
2023-05-15,-0.0029017493258003796,0.008489121836596263,-0.00854620034842697,0.008391175086610747,0.02136879900567388,0.0015849051882734716,0.0213994929709049,-0.009750860107846383,-0.008935978851820226,0.0019053863115380452
2023-05-16,0.0,0.019591050376757332,0.02542294729532377,-0.006751710578497432,-0.0001675650628445553,0.007340552234716,0.008940071392240888,0.0010214088288270423,-0.014773981634551044,-0.024568894512960928
2023-05-17,0.0035968857537901633,0.018349125212474244,0.01106720628529426,0.030283842138908862,0.015250317586696675,0.009407136900905244,0.03249936728168314,0.04313493317739194,0.010554395732159305,0.022186634308768532
2023-05-18,0.013573636204338825,0.022684486585828632,0.016334070815247015,0.007555411551404183,0.017820418587393257,0.014292086283436374,0.04850914650697855,0.01727768584344739,-0.011576380441094132,0.009022425811445014
2023-05-19,0.0006280912829632109,-0.01621197208021114,-0.0005701561765545095,-0.002296635248945451,-0.004913861828526575,-0.0005651674023889077,-0.0131551713658263,0.018206255962432197,-0.0008559541974767555,0.004622035863325742
2023-05-22,-0.005495752930277322,-0.010723944788673759,0.018482443556693935,-0.00829668816199094,0.01085121633204463,0.00888179368678475,-0.0028185931819384585,0.0473245988875953,0.003752357767684026,-0.01221427908051846
2023-05-23,-0.015270913177114199,-0.00017395019575132932,-0.02011303044563246,-0.010487320200302375,-0.00638305576718628,-0.01860415753213624,-0.015776889759911712,-0.016549549453013596,-0.0024582434214727848,0.013530877994533105
2023-05-24,0.0016307704982642516,0.015189747065966132,-0.013636875595703764,-0.009193862920825295,0.009960776827823934,-0.0044823197440744264,-0.004900003336018376,-0.015569850375931848,0.0028949334642268077,0.011121967023780996
2023-05-25,0.006669942822223043,-0.01510276818575663,0.02111540860323557,0.0024352720449123044,0.013867468581823078,0.037736804384628383,0.21808811080914245,0.008547333224801211,-0.006530724460007435,-0.01810101003173773
2023-05-26,0.014006121412657396,0.04347586628475364,0.00910956352523055,0.009317646309870501,0.036333874553091235,0.021160004092504823,0.025116305051963782,0.04608376548838008,0.007964743565596427,-0.006551834986576425
2023-05-30,0.010603037677041372,0.012822304345733589,-0.007572022612744101,0.0037900809889045033,0.0018301383216554185,-0.0050595148952923665,0.029474592283656603,0.04053000876950061,-0.0034741727338654235,-0.008899174963792006
2023-05-31,-0.00028172337493161305,-0.008916850747085097,-0.00648984325227503,-0.01281278965006587,0.008345154170776158,-0.008550571588127274,-0.05844256876302018,0.013676132280176286,0.01528317890678839,-0.018039435715246636
2023-06-01,0.015895398081061076,0.01799921060282327,0.006893938973823915,0.013685410465315462,0.02936966521841299,0.012678473869409417,0.049904728387886045,0.017450979367424006,0.01302957402945351,0.0114819916903433
2023-06-02,0.0047641223481220485,0.011983006127262639,0.007649301100012721,0.020788000985374762,0.0,0.008443487840723667,-0.011201746950687548,0.03060808282755737,0.011981421055340159,0.02295423679663142
2023-06-05,-0.007600068780108469,0.008415221280893044,0.010691160452248303,-0.009872382956611924,-0.004485193039980216,0.0016087009997041192,-0.003974558353065977,0.016868648629117584,-0.002786130544819067,-0.004453816100005292
2023-06-06,-0.002062275026675751,0.010400614095252173,0.0102637901879032,0.001795668927505801,-0.0009954479313050452,-0.006750310703569941,-0.013286125050967355,0.01685994991971048,-0.021547746368209133,0.008134709399255232
2023-06-07,-0.007786654848539247,-0.043421904903774046,-0.038514084951817726,0.009641891143741354,-0.02812880610222492,-0.03135410795126563,-0.03087289702821083,0.01462307267215519,-0.011220060062266482,0.02217343415516866
2023-06-08,0.015346781395493189,0.02460606952762862,-0.002943090326933268,0.00028435705173155475,0.0037108493087672574,0.00579677641773353,0.027243852498146145,0.044802099330861545,0.016660875651238017,-0.003137712752462123
2023-06-09,0.002157416074635841,-0.006621468748440394,0.0007366637366951676,0.001987540202651176,0.0013976265417628162,0.004692691723874028,0.006728910453440224,0.03981660778824774,0.0068913261249931605,-0.007422025044431268
2023-06-12,0.015517778735450129,0.025121316164936732,0.011469466383780474,-7.099873811450065e-05,0.02276197153672956,0.015365371672028899,0.01819796106478408,0.02197449156261295,-0.002088819977787987,-0.009073385336689081
2023-06-13,-0.0026150387687471025,0.0007108476079609743,0.0015356150113916144,0.007208172076183562,0.0009958184850663912,0.007325813598055073,0.038263654473129245,0.03492701634188564,-0.0026018515907074167,0.0001878290678062935
2023-06-14,0.0034850606019642774,-0.0018966774409431106,-0.0012929173148291963,-0.0037389760825070027,0.007453977540623201,0.009082366479267355,0.04702195053059227,-0.007449046704933148,-0.06615328116936066,-0.012098324696444297
2023-06-15,0.011136460037215962,0.005443175548084132,0.011416666729963778,0.011244985202460069,0.030550838080779612,0.03139876870508995,-0.008032715808051791,-0.003471944208969137,0.017124143966682756,0.006917761797745713
2023-06-16,-0.005876975852876572,-0.012826801009233037,-0.012549365636856817,0.0011870804960044086,-0.002949308635128623,-0.016714878656222745,0.0009137819400342302,0.01796971375181672,-0.016011256706418498,-0.007202988981353541
2023-06-20,0.00048652143623556255,0.002308282311188502,-0.0034870341525710027,-0.0051085097096315426,0.01178091496529446,-0.012581197523778747,0.025805086344788022,0.05201270640767318,0.02349568661632014,-0.023190979289176947
2023-06-21,-0.00569145444916318,-0.007581513078945958,-0.020932433853755532,-0.001474495169675701,-0.009505810780823598,-0.013371196410138335,-0.017570546715445508,-0.05616662426467672,0.015558213733252581,0.011133370851811776
2023-06-22,0.016390214598487746,0.04173475821321792,0.021338462830047776,-0.019440082049355423,0.011438475135950822,0.018269535576152598,-0.00046458825470019176,0.019654473293680905,0.004812783577098895,-0.005502748637731778
2023-06-23,-0.0017125498785494633,-0.006320292959406817,-0.00659906023816151,-0.005243665667398177,0.013423785432288553,-0.013902216383473337,-0.019147908753609368,-0.03073851253541729,-0.004288493076609914,-0.008750697384951468
2023-06-26,-0.007581809171240652,-0.015585135619426043,-0.033242161731710906,0.002445592537648637,-0.036181661673495076,-0.019348856520543,-0.038077598708820375,-0.06251408245574486,0.004309339481248893,0.018288715877394703
2023-06-27,0.014946745340055105,0.014424567940817595,-8.449286350934716e-05,7.21577538595098e-05,0.03034597756181418,0.018004908765866346,0.030156930300067553,0.03729619858071868,0.007279420140475874,0.002490000642681644
2023-06-28,0.006307802968311894,-0.0010843421189455317,0.015513355160012154,-0.004391994996368773,-0.006150141687949345,0.003818640625899505,-0.018291261722283098,0.023813875097039847,-0.016949040307437716,0.00809726392393354
2023-06-29,0.0017950154321196591,-0.008873661272556729,-0.009027169905227717,0.03432712800159011,-0.013267178712211856,-0.002385104493325692,-0.0072003115064607215,0.004905252914132209,0.004185531533169938,0.012258551184696577
2023-06-30,0.022839726739065716,0.01905113813636069,0.005025072871696341,0.013916391930737812,0.01917373023388556,0.01625292113324263,0.03561314019765302,0.016446493545468958,0.008776826260413274,0.005141335447855295
2023-07-03,-0.007815239181879577,-0.0010745214685311468,0.001669578289673628,0.008012557729816348,-0.0033509558791342446,-0.007516319330239808,0.0026202455054229424,0.06668035183063045,-0.005758874909199308,0.001956200873254756
2023-07-05,-0.005888581532818255,0.0012279637641415527,0.01531157543996494,-0.006683934261880379,0.028775850019874295,0.0004733608695613429,-0.002265671371210876,0.009461225032650612,-0.014034662876983652,-0.005131420769937983
2023-07-06,0.002505480480119714,-0.015614479950363446,-0.013561724582520534,-0.009935923240327178,-0.008118034862135155,0.009184243159534955,-0.0050698317067970535,-0.02125228365266279,-0.003955010684911582,-0.0380352610913929
2023-07-07,-0.005908677220901024,0.011001878790426247,-0.005259087489470143,0.007859666654390859,-0.00501273361743771,-0.011938206517877033,0.009455418252551865,-0.007659314226953743,-0.016714668549838354,0.002329092669254284
2023-07-10,-0.010915101672027876,-0.020630536429565176,-0.02568689897229372,0.005595860982405858,0.01221306581055421,-0.016112852259631036,-0.007628588661578714,-0.01771977662648564,0.0031794522157710834,0.014722437431001859
2023-07-11,-0.0028139578749499217,0.01289534927354134,0.005907752932829992,0.015518152656844496,0.01414645361604579,0.0019267203220182914,0.005320311346654949,0.0006674942605875906,-0.00034527086071385767,0.012152310377577755
2023-07-12,0.008945368916000106,0.015563949723523061,0.01516530077940692,0.004939533827305133,0.036374684326444105,0.01412691535442765,0.03469346106217788,0.008121354742896705,-0.024471175555920606,0.004895156859164815
2023-07-13,0.004049238557681074,0.026406663898050423,0.04609192464335871,0.004848139401171447,0.013071360368952746,0.01606234526858407,0.04618163345208715,0.021496049775542363,-0.008783377659850891,-0.018481315355691808
2023-07-14,0.0007871591352144241,0.0028254136578632553,0.007041120062667916,0.006027415747334075,-0.014591790605099275,0.007501022375911409,-0.01111047585029616,0.012444771516691934,0.06990521124462565,-0.035043462544268204
2023-07-17,0.017157454920610122,-0.008350743114511814,-0.006158271734547679,0.023817631865389963,0.005649742649661763,0.0014185031764139446,0.021582289226491237,0.03148434056863512,0.008109914291140989,0.004349447896170154
2023-07-18,-0.0013413097101235682,-0.005480667866621605,-0.007165679668927367,0.0018239625293761203,0.004593197002425315,0.039027966050094655,0.021990117987934897,0.010141906463636843,0.0323579059485158,-0.0045475964525583945
2023-07-19,0.007046833372067483,0.01886777143765127,-0.014077255979203894,0.003832323460240272,0.012610358989950018,-0.012343119010400104,-0.008818787706747575,-0.00711596075110357,0.007372870532912976,0.006912111067870123
2023-07-20,-0.010148529076430792,-0.04071113790508541,-0.02346419273252304,0.012242452682245154,-0.04362643664391246,-0.023393217028723625,-0.033632886178811695,-0.1024426640636013,0.0010714049955861172,0.017461376353676544
2023-07-21,-0.006180765387423859,0.000307687993656272,0.006855617042259998,-0.007714553011882054,-0.027683710116295532,-0.008977118418061734,-0.0269638780918954,-0.011015199637560409,0.004531218441726991,0.0046310231364136275
2023-07-24,0.004211097308191124,-0.009273613091557636,0.012502804495009507,0.019492380449406887,-0.009046512404125781,0.003890324482397658,0.0068149623593862585,0.03417588510139714,0.00423558185141757,0.015567675053224385
2023-07-25,0.004503495289298074,0.002558849307688174,0.005579694046581764,-0.007496130098104169,0.00975976845437015,0.016866297178378266,0.023635979583242994,-0.014148526638195588,0.0044134491039187936,0.0015154078174306463
2023-07-26,0.004534581179183082,-0.007618281489535843,0.056162366384331294,0.005975893550795062,0.013827460736455202,-0.03836410954546237,-0.004981934555605264,-0.003511861575139069,-0.005751062923736045,-0.005598694693295572
2023-07-27,-0.0066027246203494245,0.0007800788687019062,0.0010050468620066122,-0.011090622166930004,0.04306882265481928,-0.02109303583737087,0.009808445863138181,-0.03322998965193553,-0.005467759954103718,0.0031353518391121302
2023-07-28,0.013417438862316593,0.030410134252966122,0.024277886529116752,0.005688207166750007,0.04322770323142516,0.022867699612177883,0.018349041771296613,0.041105070589749985,-0.004602475185959605,-0.012024157900905007
2023-07-31,0.0031611655690101277,0.0110572111941032,0.0010557109839022666,0.006669559617588445,-0.021364588391640692,-0.007266974520999212,-0.00044943615165170595,0.0037087357528333273,0.006856254478388742,0.029140839565190924
2023-08-01,-0.004284956645704328,-0.014998135236778893,-0.008854849239708319,-0.004950161280107636,0.012817680042477327,0.0012495926716014245,-0.004762051579399247,-0.02406922380883306,-0.0032240866931128884,-0.005797951575025936
2023-08-02,-0.015611471083545915,-0.026781097330387048,-0.024392313444451582,-0.011389348389213587,-0.026374317928138328,-0.026634508543866148,-0.0493180477084628,-0.027021352113565888,0.00011896337181930234,-0.012552680781375147
2023-08-03,-0.007348431392128072,0.005444917932495522,0.0005450837882090266,0.006094558154304073,-0.0035695598210885838,-0.0025680492485769717,0.0055414635302347805,0.020295602012260324,0.00011882077396743362,0.017231227097136904
2023-08-04,-0.049211293218601314,0.07945180513430172,-0.0026505262624949726,-0.002112815269321229,-0.007885709134375264,0.0034226340532127883,0.003699963349310805,-0.02127991218642005,-0.004228032680129967,0.0027966412815186798
2023-08-07,-0.01740426188992221,0.018808843040995626,0.026345734285263045,0.0047319495125307505,0.018588482372061847,0.007083041345454157,0.01636046634045617,-0.009538785882980405,0.01580743030173929,-0.002050205501310746
2023-08-08,0.005297695990015536,-0.016161386274731373,-0.0009888800694880888,-0.005629667947727076,-0.01246048724982357,-0.012374924181670402,-0.01671879087423108,-0.00698396541730477,-0.009600699794129195,0.00493195113671422
2023-08-09,-0.008994677489404216,-0.01504759501753799,-0.013330421957375129,-0.013498312445875038,-0.024052520717025565,-0.0117851985220701,-0.048394004021490446,-0.030537632908455258,-0.007440650102782755,0.016844144766012193
2023-08-10,-0.0012358057525620621,0.005137245447970533,0.00023137138457075845,-0.0014968155694646472,0.001735118537380113,0.0021699753992914864,-0.0039083475076305925,0.012922436522360333,0.0027247233500376404,0.005098424756621459
2023-08-11,0.00033764807169507524,-0.0010831058272496987,-0.001002798156676848,0.005779279427485238,-0.01350088821187723,-0.005963029150438902,-0.03683623410133453,-0.011024937980288016,0.008957170551397563,0.01540920266490864
2023-08-14,0.009349556264611595,0.015485316080358403,0.013569005594525915,0.0020697120134811186,0.01497172159865431,0.009394413959162858,0.06853085992058403,-0.011981650600334395,0.005731404506604461,0.0008045103697182383
2023-08-15,-0.011263591087294888,-0.020846133672850414,-0.011872532923965102,-0.025787043226941742,-0.013944396719278607,-0.006750495402351347,0.004265005824201552,-0.028771606269163908,-0.008333182149372603,-0.02600861334852922
2023-08-16,-0.004971649425818567,-0.019066286976507706,-0.008356620305079348,-0.004252082397648125,-0.025695882064994856,-0.0024312937199575213,-0.010386285087818652,-0.032103247149655095,-0.006196531553335279,-0.01697027227717264
2023-08-17,-0.014662108513221792,-0.008102713606702033,0.009434858848902945,-0.010441210643113206,-0.03176083310701792,-0.011047095940446392,-0.003270579906769854,-0.028687749322523545,-0.019248230852000288,0.019186671718831184
2023-08-18,0.00281247949866201,-0.005688597043229265,-0.019116337581794048,0.002285152673390048,-0.006474775190789458,-0.0012630818831569585,-0.001038697321967285,-0.017161267109647226,0.0090286457280787,0.015015914670948335
2023-08-21,0.0077068840010590155,0.010899633762398327,0.007113938709017725,0.0034176950287476463,0.023205996646049554,0.016918984888572897,0.08131563449041401,0.07071456218373605,-0.0015259554323719805,-0.012160213495208037
2023-08-22,0.007873710148435447,-0.003197806521519639,0.005515876791868113,-0.020956606476387907,-0.007965375482820771,0.001800050838591202,-0.028047481419901654,0.00822448994977978,-0.010787758314839344,-0.005627046782904129
2023-08-23,0.021711641604736962,0.009415529041193322,0.025168447433050984,0.006740354607302456,0.0228251912663618,0.013981159685392722,0.031215020930786347,0.015615669490355368,-0.005907516642530805,-0.008827139091323242
2023-08-24,-0.026519012214026923,-0.027530224045928062,-0.019760163895966285,-0.0009503249060055911,-0.025785132198254644,-0.02173311086230695,0.0009969748608850118,-0.029216074210292504,-0.0027417442331928725,-0.0074942094951546325
2023-08-25,0.012563809477965777,0.010713027528748599,0.000770238206013251,-0.0012235390469709506,-0.0043685721716653905,0.00936331316389901,-0.024577038837426245,0.036493404628287436,0.0020874071859878474,0.017707942544807148
2023-08-28,0.008807184455846093,-0.0009008643247144191,0.008662499265354937,0.0034622424634465922,0.01653526618975278,0.0022267571058533857,0.017598061414650933,0.0009635784854130897,0.004406475766999972,0.008371450271697566
2023-08-29,0.02157582857627907,0.013206715007284348,0.026811139325732508,0.008099348210895835,0.026282366470740243,0.014445649859228051,0.040771663727162566,0.07406603958973092,0.0031501111586388695,0.005936671541783356
2023-08-30,0.018990980033723237,0.00118530020246871,0.009687453595460725,-0.004041474197680585,-0.009745424606045933,0.0011565284642823198,0.009791164701250183,-0.001089320005828064,-0.002641323005336793,0.009696955505285397
2023-08-31,0.001171501250442116,0.021532889699268778,0.0021321434005404927,-0.012428295802476825,0.0026734427964371023,-0.0031375558075611236,0.0018455857344434475,0.004582681990043304,-0.03088751082280506,0.0027919942096388036
2023-09-01,0.008427874576003006,0.0007967306725371615,-0.003752395518766913,0.003343036827024332,0.0016546981124483686,0.002742026828482201,-0.017289916312830774,-0.051970558729417304,-0.0007134615754662281,0.02073851203010785
2023-09-05,0.0012658139185172128,-0.006173016781758742,0.0008106809783842597,-0.011095512939760202,0.012639937545163382,0.01476904998975313,0.0008038296937746766,0.04579063580383233,0.009550169668996047,8.803382610882382e-05
2023-09-06,-0.03644963081900626,-0.014011920021062172,-0.009695681075782779,-0.001654025544293201,-0.0032704689343855745,-0.0020107971916727375,-0.031026078725739484,-0.017978069897591802,-0.008081536674066624,0.008595082762594953
2023-09-07,-0.029685671831059038,0.018228281379293984,0.005931982378213021,-0.008591054488677445,-0.0016727532116176979,-0.008962296689058633,-0.017577716180249364,-0.0017083203640210316,0.016366441985363772,-0.004902352326536009
2023-09-08,0.003485687055799334,0.0027527518216119884,0.008246460553448052,0.0007652498505953655,-0.002614834700212072,0.013129175368976113,-0.014573460256899703,-0.01196040362366727,-0.004482745660269179,0.01446259141544675
2023-09-11,0.0066007268579242355,0.03462479564658769,0.003951549521821169,0.0043704103166207296,0.03194587809348395,0.010919651883321653,-0.008683216188210234,0.09615118904304938,-0.002895353266993884,-0.012621290361096233
2023-09-12,-0.01720786768005543,-0.013153992385327589,-0.011606708494300231,0.012930176223588559,-0.019369509005227492,-0.01842663052565983,-0.006840737363565047,-0.022549196320499374,0.0010840816790163195,0.0287520513502493
2023-09-13,-0.011925761349450328,0.02530902952298205,0.010071855958660532,0.0004781652088398217,0.01120768421835433,0.012847796368371151,0.013613150903181877,0.01418033641106544,-0.00012498755272843164,-0.00897700929005528
2023-09-14,0.008744250091669667,-0.0008979168301894522,0.010116123696505393,0.019211952153858913,0.02159695934809031,0.007825159898753934,0.0021082810057538675,0.017320639037477315,0.007805328857840998,0.017705657320952327
2023-09-15,-0.004162351137879518,-0.03037658988565322,-0.005081793801319524,-0.0029525194433791036,-0.03729015818596549,-0.025355812042599693,-0.03757660177970709,-0.0059953082833390835,0.0063898283018266055,-0.015475266188557745
2023-09-18,0.016771629371952434,-0.0029247348968620985,0.005878045732203265,0.0020809594319139255,0.0074314459714166945,-0.0035189960859076342,0.0015021760363430304,-0.03376463807907184,-0.0013157548007226478,0.008022678811698698
2023-09-19,0.006161830268635047,-0.016930564270193287,-0.0012307473017921051,-0.0012750012323072873,0.008294651088847263,-0.0012467108307228946,-0.010195873845869915,0.004588376260533905,-0.011171985057814518,-0.002638639965131007
2023-09-20,-0.020194645552669335,-0.01714838747973992,-0.031646001728366596,-0.004239067923847089,-0.017859403836788506,-0.024268948810495447,-0.029876623570080873,-0.014780377139554338,0.02358281324279224,-0.007957953401525239
2023-09-21,-0.008929243672056044,-0.04505328140436448,-0.024984154676935325,-0.007852577071101399,-0.01323488515869825,-0.003873147375765088,-0.029357493018546243,-0.026588996104119158,0.01814260421531316,-0.014189536091130814
2023-09-22,0.004932348338464664,-0.0016251248796010811,-0.0014578596307568627,-0.009629028782537775,0.011264093869736785,-0.007917887942589772,0.014354100540378476,-0.043236555785455495,0.009848782045058636,0.001567207467906428
2023-09-25,0.007353424800393256,0.01651413665688319,0.006581151582563949,0.004928338009370548,0.00583414178802261,0.0016704178406875031,0.014600853363179905,0.008579557642105126,0.008225256644281356,0.011160782576609775
2023-09-26,-0.023676707950595705,-0.04113311252209692,-0.019563058366673446,-0.010433257223455254,-0.006235356969881017,-0.017152023163078192,-0.007393274607869411,-0.011687984544271047,-0.00951048000499399,0.0015475464565618538
2023-09-27,-0.008937235472750217,0.0,0.015206108827388567,0.005847902664609599,-0.004089270331433151,0.0020803580363920327,0.013202682662461673,-0.014939798128788435,-0.00340872899575212,0.032038553912778184
2023-09-28,0.0015243021468052634,0.0,0.013467939786126327,0.012339505784995094,0.020675419917368584,0.0027137551205201763,0.014516956104903635,0.0241549898062297,0.01256640332948136,-0.006091679707956721
2023-09-29,0.0030419224472301425,0.009008352994332959,-0.011019606675457367,-0.017566446739547485,-0.01241375031139513,0.006704814644941524,0.009470125362478357,0.015465456415727708,-0.01165365002948154,-0.015946639019693856
2023-10-02,0.014726604968855254,0.018240461143240468,0.024979538962792078,-0.008656755028629913,0.02177902752850579,0.018979530807695322,0.029068284311425045,0.005500013317317833,0.020378543155167052,-0.016723440866546205
2023-10-03,-0.007800040976067183,-0.0373007704408456,-0.013053405482743693,-0.007400384702388329,-0.01935028751151538,-0.02648180315405538,-0.028654550195306796,-0.020356864105244107,-0.009960725811890767,0.0017283674420831244
2023-10-04,0.007282146472250986,0.018115851921521226,0.02099682377950858,0.004474680662139894,0.015300400702183067,0.017617209351039557,0.01196920696549024,0.05764957536105983,0.002254786961330563,-0.03809926401401269
2023-10-05,0.007171941597458738,-0.008222697494164894,-0.0012580206157791693,0.004207372160592903,-0.002588558080215542,0.0012533650102866784,0.014584049472870241,-0.0042593870629195184,0.010926738421691248,-0.022768405131119808
2023-10-06,0.014642842075107399,0.015753318962097584,0.01841256682761643,0.015278331768097737,0.03431382982116392,0.024435884821391262,0.02374909599851345,0.0018441397469999051,0.016484048607455625,-0.016839789446722618
2023-10-09,0.008415567360450129,0.0023417029658428425,0.006086820839982076,-0.0022768826304038745,0.00924618052903124,0.007792345372211544,-0.010743248538658955,-0.0033063672235030548,0.003233755851057968,0.03439298022814097
2023-10-10,-0.0033578718302035375,0.00946698516860395,-0.002603879158801237,0.0060597969993764576,0.010871807486032479,-0.004345232021630985,0.0115296506685786,0.015097007960672728,-0.004320635743920781,-0.0042461936561999
2023-10-11,0.007873247295723558,0.017986831598422272,0.017874771923942954,0.003427172299232282,0.01840997331963277,0.012197406957568838,0.021770969199939122,-0.0023926822540326844,-0.0002099875068847227,-0.03651197164049687
2023-10-12,0.005048420702998392,0.003785588962598881,-0.011305350271900674,-0.0023289723494644195,-0.011227374162925578,-0.00379779529443438,0.0029652905252846437,-0.015789985181823882,0.0026867036533839714,-0.0001877958110764112
2023-10-13,-0.01034613027370981,-0.019381108651019514,-0.01165269075022058,0.014907794689110762,-0.02964922659127181,-0.010411445331767164,-0.032121780119492155,-0.030395093236742683,0.02603116663670704,0.031434844925787166
2023-10-16,-0.0007273044031439414,0.021042247787508333,0.012587729646262234,-0.001013868003890403,0.02032031734042365,0.01487074306478873,0.013849600018081946,0.011088356477393282,-0.0025431970722052223,0.0007275875333425068
2023-10-17,-0.008823463441752489,-0.008181257764936053,0.004447410625031844,-0.0021668134257225844,0.008835131805437458,-0.0017453845796035453,-0.04792478739974007,0.003655911168542643,-0.0025682181857659267,0.01301199511280538
2023-10-18,-0.0074222972892414845,-0.025733286363791553,-0.012676568012022622,-0.011041336369015707,-0.021936312473672705,-0.005889813422941528,-0.04045442920970373,-0.048931487841958825,-0.0011001222781684495,0.013907576461545506
2023-10-19,-0.00216345122847888,0.00210493209093831,-0.00152338500932835,-0.0042585934965859214,-0.013211031723114058,0.003658943760230757,-0.0022536366120134393,-0.09761624872658325,-0.008298379550696173,0.0006194800627058164
2023-10-20,-0.014813426899689263,-0.0254775450093018,-0.015731189596305147,-0.016236699686709797,-0.013388301302982486,-0.014134179492902741,-0.017104827409310127,-0.037588294506417,-0.00869024078783487,-0.017314030346653624
2023-10-23,0.0006939383513960261,0.011043686017449744,0.006615354141522108,-0.013734919656042222,0.0172171262143904,0.008079252682390953,0.03765177363679681,0.00042444095402800134,-0.010413942144695949,-0.014783037565229239
2023-10-24,0.002540120557913486,0.015679217710014463,0.016781525075738123,0.0012050025745643119,-0.004660492111322855,0.0036677049617721445,0.015882489410304564,0.020719371046622158,0.006554717936232688,-0.00973175492672653
2023-10-25,-0.013583557146072506,-0.057387204557163146,-0.09992436408927458,-0.005469650977304358,-0.04254983318080851,0.03021671233507705,-0.04410745573093682,-0.019117503387764197,0.009874999627936573,0.0018433983186446944
2023-10-26,-0.024913205355782904,-0.015106526502479031,-0.026868342586328448,0.0025610398571045702,-0.038039647149725325,-0.038236072104207264,-0.03539721970863548,-0.031855023921114264,-0.00349536341969824,-0.009158745673800048
2023-10-27,0.00793785095936787,0.06609496003096173,-0.00089990426407046,-0.0366834417187435,0.028647671826305385,0.0058384767982205005,0.00430554069234094,0.00745661981088352,-0.007027225088562931,-0.019235704369842652
2023-10-30,0.012230018586850477,0.03816941562949805,0.01857087803515151,0.012668965047544176,0.019787355670062394,0.022485694716603614,0.016189276737683552,-0.04913755884950848,0.010107543397526224,0.003121414815748145
2023-10-31,0.0028148924020217556,0.0028592165427562357,-0.0030578856920351984,0.011863565017138937,-0.00460318837102801,0.002369039288290497,-0.009299545544453721,0.017479077618859314,0.010454707226344949,-0.00028336994413937676
2023-11-01,0.01856519145846419,0.028955362245697565,0.01892043408514863,-0.0008632667965158434,0.03451557922250507,0.023269783729949613,0.037186319364539706,0.023715784675123197,-0.007421455776959035,-0.0019857614576873133
2023-11-02,0.020482008476471355,0.007779930147075702,0.008190971094999368,0.017691935906011782,-0.0031475737957035914,0.006480558247491561,0.027520967535647003,0.060607417331922916,0.008485314712091262,0.032319406330014004
2023-11-03,-0.005194477122377675,0.0038312748175106013,0.012549537501897315,0.011110578132238914,0.011927303040956405,0.012779635557457527,0.03387472032144227,0.006613987223154421,-0.009802777723389298,-0.012264500457034092
2023-11-06,0.014499476936828612,0.008191461641482902,0.008868087835269194,0.0075241491718642806,0.003807081264145391,0.010517111576090109,0.01643994706388793,-0.003141875517400063,0.004810146850236071,-0.017880169179075693
2023-11-07,0.014347277063873565,0.021031053723631822,0.005512704688308339,-0.0004860475416924822,0.009517393004015964,0.01115675362480084,0.004449024509033422,0.013183964542986846,0.00815833709566571,-0.01580387124090895
2023-11-08,0.005867798513355199,-0.004424354026475328,0.006620638410090874,0.004918080549843116,0.003006633166495534,0.007378537145967371,0.013379790611603002,-0.00031507378994064173,-0.0020471330914770443,-0.012358980295370735
2023-11-09,-0.0026280211568915075,-0.010471269344291862,-0.012209932388251762,-0.002975642645559122,0.0024050381598386852,-0.006934662105307638,0.00804079244596759,-0.05616048965858237,0.004220483759273312,0.0002914076436899043
2023-11-10,0.022954562198325226,0.02083402648617425,0.01788276080528059,0.01472238602386272,0.025319940066371383,0.024591729517015184,0.0290727004450088,0.021996498496030515,0.004091751617276398,0.0076436023176640585
2023-11-13,-0.008620774967731731,-0.006779695661997966,-0.003778268848582179,-0.004448974863467126,0.0012769772022585108,-0.008121346359955595,0.005879039248813613,0.04134183399945281,0.0025096404449726365,0.010451287105705786
2023-11-14,0.014184625574958639,0.022262486894446033,0.011516468305852134,0.018082405189392182,0.021398059408783865,0.009742943627367452,0.021084223833207898,0.059438019477541446,-0.003896259523459702,0.0038429332807851605
2023-11-15,0.0030364752624731065,-0.017993607290294027,0.007456160320187891,0.00871973031211547,-0.010761938818022058,0.0004060638073530757,-0.015587207223273922,0.02261415546906529,-0.003800515558387406,-0.006059261194621835
2023-11-16,0.009001413855642541,-0.002587108521031568,0.017013899045737937,0.011354839956226397,0.004438502142484815,0.01743028890249248,0.012036558849100449,-0.03883534904080814,0.002615658022874191,-0.011643733087919772
2023-11-17,-0.000105597940702351,0.016319176713110995,-0.011901609929688084,0.009005094935763392,0.0025399270850403814,-0.016943482710229746,-0.003685006822041735,0.003034932397664385,-0.00656105184447724,0.02410683064084292
2023-11-20,0.009235673163252264,0.006522368493262836,0.00692306109904616,0.003070748233557273,0.01460763777572355,0.02031413616367361,0.022286243325197016,0.005533119144943252,-0.0022212848554900373,-0.004392240676943301
2023-11-21,-0.004239944179650344,-0.015378098422388055,0.005270468913157613,-0.0020897310994700572,-0.008833849384028869,-0.011645626289829479,-0.009267354193461926,0.023490974516940342,0.008356066594283392,-0.0003829062857109664
2023-11-22,0.003508296530003534,0.01933932343605667,0.011036066433630164,0.0023507330370415493,0.013294796454095118,0.012731214579849517,-0.02489498395898389,-0.029408274734311717,0.007698242087538873,-0.0043170468547409375
2023-11-24,-0.007028944549951649,0.00020445580612358505,-0.013082312425915798,0.0013686957868885325,-0.009592371234222529,-0.0011122620597838126,-0.019484057550678544,0.005280386261856706,0.006123551043185774,0.005369427238820154
2023-11-27,-0.0009479351399523939,0.006723903692254734,-0.0020504417018676283,-0.002282236699596935,-0.01049142882521982,0.003121528663943157,0.009706777551656604,0.0026721746625813217,-0.006436151722367566,-0.005850438824667109
2023-11-28,0.0032088071652930845,-0.00474961512561893,0.005774502094076475,0.0022822366995968336,0.012736091740326248,0.010744923759741917,-0.00876536637131922,0.04408335693193017,-0.005645080730290412,-0.0005773588786092674
2023-11-29,-0.005424183762801155,-0.004840585148378569,-0.01623906296039759,0.005067418784873929,-0.02023342198477594,-0.010111139430198347,0.0066487006234172506,-0.010512266581044115,-0.010321067971961157,-0.015128155703908477
2023-11-30,0.0030581022497441906,-0.001573209061844679,-0.01839160211507515,0.011340079484952446,-0.01531842580622507,0.0001581159947824705,-0.028871333648154834,-0.01676961998268328,0.033074461253298486,0.003900779417675624
2023-12-01,0.006768290897164533,0.006413794210223246,-0.005068492412135039,0.004857551490047914,-0.007147711363436632,-0.01167999824691081,-0.00010697072840797623,-0.005220199323597404,-0.007156773367320708,0.0024304346518005744
2023-12-04,-0.009509749905091784,-0.01500697967354326,-0.01983735509120669,0.007305714834814055,-0.014887574682493097,-0.014442436751124004,-0.027203217184272634,-0.01370144313218934,0.0020450088752742438,-0.005452188700132699
2023-12-05,0.02084450291516351,0.013986300502114904,0.013217724049561503,-0.00012669445528990802,-0.005420464812672378,0.009114601944596179,0.023026511520788807,0.013240755825754019,0.0036047385810188954,-0.019619171696389756
2023-12-06,-0.005703315034778939,-0.016198024273178,-0.0074325596599911425,-0.010564022371106175,-0.0026425414326141203,-0.01003631896131216,-0.023092352018009115,0.002719129460769398,-0.001327820416989689,-0.013330136263788527
2023-12-07,0.010088297486687492,0.016198024273177868,0.051781613706805105,0.0030661706985099313,0.028385010389945356,0.005813077191841743,0.02373652552312774,0.013568409275163597,-0.002295235212411219,-0.006986457791967351
2023-12-08,0.0073850153535828175,0.003669683224747049,-0.0142693284779585,0.010973306764849644,0.018685920318801136,0.008803341590678564,0.019341255651540466,0.004933396614923965,0.0027319879179474107,0.011416309364085268
2023-12-11,-0.01301149602436349,-0.010432734440314026,-0.012673499495529615,0.0036523940944909647,-0.02270518868460537,-0.007860521307565737,-0.018676187408752383,-0.016957231787828677,-0.011139017872231118,0.0007028348308748061
2023-12-12,0.007888767508426278,0.010839635496016388,-0.005793490397642645,0.008885474320154225,0.027113223139984367,0.00826097582754211,0.021849892196661683,-0.011452714531076777,0.0037450157511074098,-0.015885453607192925
2023-12-13,0.016553674364226334,0.009179334477907091,0.00037734655210219114,0.0033583558297671156,0.001554557540378872,-2.6475510154686507e-05,0.009003013819376699,0.009573866272891411,0.006010590139450335,0.008833933460150588
2023-12-14,0.0007574423239385969,-0.009586235533609468,-0.0047637908117844465,0.018028589338724386,-0.004701156400405509,-0.022802626646973297,0.005433408625641342,0.04797595720291628,-0.027271426448014703,0.026535114927933763
2023-12-15,-0.0027293095983306117,0.01714963889276147,0.00498996788268977,0.007533110967310571,0.005238752338988414,0.013032081530333152,0.011106766110472522,0.009711688394547188,-0.005857111794865871,-0.006716682399356272
2023-12-18,-0.008539725344101244,0.026971809898698733,0.023846026749933382,0.006033922810810216,0.028550783373496993,0.00516556405380494,0.02398895800507183,-0.0056173183184346845,-0.008641592085884886,0.007405558660089254
2023-12-19,0.00534583895036309,-0.0018191003361762064,0.006239586006279976,0.013266617738041853,0.01651883688080173,0.0016353629748718033,-0.00949041394969993,0.020185249870892544,-0.004778497109506624,0.013096339215694051
2023-12-20,-0.010771698067268827,-0.01091834083412718,0.012291581693323178,-0.011343228386736503,-0.003087359828605612,-0.007097839506887359,-0.03056051269318608,-0.0399767793773106,-0.015596914502988262,-0.016841776363054162
2023-12-21,-0.0007701988020125493,0.011243426514228085,0.014923643927317855,0.0056875045117816435,0.01367722282074266,0.007847767462474533,0.01810529650504633,0.029345860784192233,0.007626980276120445,0.004532096793145636
2023-12-22,-0.005562980454342339,-0.002733830879625901,0.007590982053795887,-0.0005971636643556502,-0.0019786874662605382,0.002780271723599146,-0.0032714255989521298,-0.007731210565404946,0.0008267814263018538,0.0017678885896371514
2023-12-26,-0.002845059865203766,-6.514686816695571e-05,0.00021202845438185946,0.005896556880483056,0.004066350498280529,0.0002135792212094432,0.009153241687381184,0.01598774007390915,-0.0005381750612153477,0.002254425450991032
2023-12-27,0.0005177333792001838,-0.00045644547960358643,-0.008159258265865835,0.005980056098608693,0.008419104334216035,-0.001576001415558231,0.0027964148462683784,0.018647455510860632,0.005293340491353537,-0.004710484275874498
2023-12-28,0.002223850436607484,0.00026087992298881607,-0.0009980376924909559,0.005298829007215917,0.0013686394939671526,0.003229508649085726,0.002122576307491584,-0.032104151730159784,0.00402787963027032,-0.014565643502075325
2023-12-29,-0.0054388006892140545,-0.009432812028151797,-0.00385820753095951,-0.001175125187748041,-0.012242633659833751,0.0020231784548731006,0.0,-0.0187383270737913,0.002986561112862409,-0.002098055134290743
2024-01-02,-0.03644272726408,-0.013317252487412825,-0.010940852509950819,0.01157307461112981,-0.02190718800509022,-0.013843966636504317,-0.02772217938517641,-0.00024148746074566403,0.024151970562707157,0.023525649563369746
2024-01-03,-0.007515798371680254,-0.009785543802100045,0.005413418732100604,-0.004367935575621288,-0.005269515586650252,-0.0007284151232126168,-0.012513560734434232,-0.04096122279932548,0.004974913982982203,0.008366628993984685
2024-01-04,-0.012781461643750467,-0.02661905587134582,-0.018379602352093953,0.006614009320664325,0.007663333243942654,-0.007203266343226268,0.008978036193736055,-0.0021831499656647054,0.006234823242099067,-0.008757460614286222
2024-01-05,-0.004021128693797964,0.004623714384981175,-0.004850856764081181,0.005004911612010704,0.013818606555307174,-0.0005166249853553875,0.02263866223521844,-0.0018509415250830851,-0.014850696735041163,0.0030252417701140915
2024-01-08,0.023887248568234383,0.026229678338986727,0.022654510730766752,-0.0014523539777359816,0.01888572256779381,0.018695782230119536,0.06229933231392052,0.012386614576639058,-0.0016015374726700824,-0.016802224106707512
2024-01-09,-0.0022659356009030636,0.015109875810597672,0.015083074236741894,-0.007937527276547306,-0.003435430651839673,0.0029314276648943964,0.016832695433235356,-0.023096839566935645,0.0034424480994573597,-0.012463386764321276
2024-01-10,0.005655448251258219,0.015470650615520465,0.009391536809619133,0.0021073958464740868,0.035833013184188654,0.01840374070104938,0.022514711765779283,-0.004350632806278706,-0.0013572252088143626,-0.009881042223569184
2024-01-11,-0.0032277196910586114,0.009387897135060054,-0.001406560067071706,-0.004219242190813324,-0.0021615708815351333,0.004847667242595795,0.00864685937361553,-0.029145966144498332,0.0037873674631230866,-0.00020283278586306398
2024-01-12,0.0017765847833412709,-0.0036152239546972612,0.004003993875086792,-0.007366946071273358,0.012954230126182893,0.009933952513196603,-0.0020450628346192225,-0.03734939877742937,-0.034247916155933734,0.01288929664862313
2024-01-16,-0.012393795019758642,-0.009487311793446907,-0.0011222991875031244,-0.0062900560163862695,-0.018950653625169272,0.004622898464025044,0.030103445719195286,0.004649070658851297,-0.004535631824102863,-0.02287081278102963
2024-01-17,-0.005186934814842566,-0.009512302504832145,-0.007184229479564425,-0.00537188958973533,0.0024735405783054376,-0.0020519302220355774,-0.005852195005647161,-0.020025473044372716,0.011091205733822057,-0.007294480043029715
2024-01-18,0.03205181236199134,0.011729719012639512,0.01410801846322636,0.0019731539481914794,0.020846946631845123,0.011234182512568034,0.01862892541500188,-0.017172815629643214,-0.016518630590382343,-0.001857929104259638
2024-01-19,0.0154134354131478,0.011915672389449407,0.020010226169785213,0.01711447088156358,0.019274345346079982,0.012113041740612968,0.04089831275877078,0.0014620115002590317,-0.025062564916865537,0.0015483417547026278
2024-01-22,0.012089780660811298,-0.003611493461086361,-0.0026676016769363003,-0.00117494083070495,-0.004364692035517695,-0.00543286826317433,0.0027361856907285992,-0.016105240597581734,0.018553500958186604,-0.0013416771924407165
2024-01-23,0.0066315267859143635,0.007979485588611064,0.007166323310243211,-0.006605721294253991,0.008918152546875162,0.006009455530567336,0.0036645329178925535,0.0016270106278732431,0.00491976410070729,0.011195190253064948
2024-01-24,-0.0034902278631068423,0.005433174197432314,0.011226342597977734,0.008895748462449156,0.014177311500013143,0.00913331537319239,0.024564982796435004,-0.006283434610725192,-0.00445203454524795,0.01711329576223362
2024-01-25,-0.0016980681347455713,0.005594095679664069,0.021093817436998414,0.014209571904306079,0.00632742440796855,0.005722036893975893,0.004147048714352976,-0.12925817170128795,-0.03940391964110083,0.02508435723566033
2024-01-26,-0.009053612362048519,0.008647102438040672,0.002104930106939712,-0.003823788973902861,0.0024387758247949114,-0.0023244256015751506,-0.009555824032598548,0.003389065826718794,0.019667533417289888,0.008482519104016843
2024-01-29,-0.0035923363983041017,0.013359331333490848,0.008636053550421581,0.002608540599356223,0.0173050994501687,0.014232253093939985,0.02322443767939612,0.041055489597857625,0.002659423805208442,0.0012613082564718497
2024-01-30,-0.01943350199995664,-0.014113732972622603,-0.013444251609103846,0.02028733033082018,-0.0023968084991765524,-0.002761649016989586,0.0049345892607661765,0.0034508226289791306,-0.0018450026560141181,0.01654044363376591
2024-01-31,-0.019547417874677734,-0.024189614134501332,-0.07796495596322561,-0.010894899637954848,-0.025108817283889567,-0.02731606696293343,-0.02006490051863293,-0.022699471099276638,0.016014558856145465,-0.019648293612186188
2024-02-01,0.01325246951386743,0.02594906400632865,0.007537480856694732,-0.003619663689254931,0.011822922937119274,0.015474155202211964,0.024087207155335293,0.008347821172369478,-0.009029607685339305,-0.00409333845082819
2024-02-02,-0.005419768296059422,0.07572554877189726,0.008605628859571862,0.0057396333461309885,0.1849650795922505,0.01825801843582914,0.04851279026681967,-0.005042858776994779,0.00607448504146233,-0.004110326403597615
2024-02-05,0.009798542399803595,-0.008768909348284514,0.009089065660766286,-0.0013170587044468135,-0.03335054412924813,-0.013637655355533136,0.046830543881022924,-0.03713468972636411,-0.014351040126522305,-0.004127455259238183
2024-02-06,0.008594709748723312,-0.006834432372405122,0.002918770506343076,0.0034322680744695846,-0.01026134017611728,-0.00039456099645510464,-0.01612470358781385,0.02206779799027196,0.015213117979107151,0.006869440405678694
2024-02-07,0.000580990359774323,0.008125368023266808,0.009943419718543598,0.0018827013853719918,0.03217816210190334,0.020890673411276976,0.027126688479834606,0.013309178288648946,0.01693139124753116,-0.00029346557013218655
2024-02-08,-0.005771347042629748,-0.0040544313336464575,0.002539115403932418,-0.0035973628653125883,0.0008725948578193025,0.00014467491338901171,-0.006555113052331649,0.010500153377802503,0.001346953439584048,0.016975241807151643
2024-02-09,0.004085519680443826,0.026781354306300166,0.020956378159906086,0.0012004981619141988,-0.004029292158786173,0.015431743997172327,0.03515817677337892,0.020933657774970457,-0.003602168169661878,-0.02138701757843657
2024-02-12,-0.009042636629907286,-0.012168901576895616,-0.00991505421284969,0.004447110388265871,0.0016862562708578061,-0.012658292072278704,0.0015928453342171761,-0.02850600281752684,-0.0011197858002972732,0.013662452720048807
2024-02-13,-0.01133843916614479,-0.02170298682855135,-0.01633239699207173,-0.008741778387518608,-0.01890216394530377,-0.021763905237976222,-0.0016621432446903002,-0.02208876860591097,-0.001527385002852561,-0.008646049153401433
2024-02-14,-0.004821455840081492,0.013780303876272836,0.005496573755391214,0.010106094569381949,0.02819985315443588,0.00961898224639613,0.02427066627145759,0.025167010147113134,0.00017411422235850588,-0.0049461476707901
2024-02-15,-0.0015760040267954894,-0.006925273760105457,-0.021960402943642474,0.02157991842535649,0.022459607805069386,-0.007180945851010727,-0.01694957864477615,0.06035334314528131,0.007592916199444797,0.02825646307452421
2024-02-16,-0.008465950387434773,-0.0017094021256489145,-0.015885226299679787,-0.0046810059874629086,-0.022375114980030752,-0.006168137854637168,-0.0006193450503273408,-0.0024975038337594173,0.001285461168548122,0.0
2024-02-20,-0.004122446995249206,-0.014439139136134756,0.004260765419788056,0.003902343482021022,-0.003322513484827148,-0.00314790476084976,-0.044508047414798496,-0.031447068575791895,-0.0009398330091034775,-0.009492565689761076
2024-02-21,0.004177187759038624,0.008996959517601153,0.010082138020697804,0.006488626728278429,-0.006856313736112868,-0.001515672400067557,-0.028923381781211482,0.005199145723306659,0.0017447898293259522,0.020231930328582833
2024-02-22,0.011181226150571169,0.03491338968982024,0.010745141723210635,0.011924323178351508,0.037943641884796896,0.023273834386039128,0.15187006917276327,0.013463405650618309,0.008641282227462254,-0.0008587872887163155
2024-02-23,-0.010084757852946841,0.0023457610294128446,-0.0009023220492968921,0.005012777679741258,-0.004329243411570906,-0.0031875751255281345,0.0035460084472089533,-0.027943686650054752,0.0014045426640878647,-0.008820836169448464
2024-02-26,-0.007479070138508732,-0.0014869599257995307,-0.04540278675818631,-0.003429973135102095,-0.004742312054613013,-0.006847018557135744,0.003483037151448147,0.037973710740030475,-0.0036484468686666933,0.003940606088978414
2024-02-27,0.008081543847299427,-0.006833819221537168,0.009477529943626802,0.0004904916272845204,0.010962275048715652,-0.0001471941237388553,-0.004955848564076346,0.0016536061675660274,-0.022913292126175603,-0.002112575606717156
2024-02-28,-0.006647344016457765,-0.0021920379551390117,-0.018165145445058133,0.005056934172820639,-0.006240548610412325,0.000588799155290882,-0.013277071527919107,0.011499231283567918,-0.029932071025519782,0.002783816693863814
2024-02-29,-0.0037000430598350567,0.02057680546309288,0.01513616938849752,0.009070237266612298,0.012544421867893216,0.01441544098713823,0.018485778604705662,-0.0007921787106965236,-0.009436696410880551,0.0019152510113978353
2024-03-01,-0.00604860891857308,0.008225899848415687,-0.009579153725831686,-0.004147054776270506,0.024526857076778267,0.004486593938484646,0.03925138613665288,0.0037575170226514664,-0.008279721565216707,0.012550124617437597
2024-03-04,-0.025708898684944352,-0.0035975271186564546,-0.028024897267236035,0.007473930886991826,-0.00821591218558083,-0.0013969142408175575,0.035319603106054406,-0.07424463938175002,-0.01577131779249154,-0.014082158596823593
2024-03-05,-0.028853374629985152,-0.019676533274039055,-0.00511231646454238,0.009967184982405735,-0.016127371462628253,-0.03001801226416521,0.008539910840814603,-0.040126798433230214,-0.018261969865755467,0.012190816624942894
2024-03-06,-0.005895434258584303,-0.0035094856867787733,-0.009618946980564402,0.005183974933397198,0.011903088817450126,-0.0013919285712756125,0.03133132904513607,-0.023512123304642838,-0.001163036908206001,0.010639901538148592
2024-03-07,-0.000709851842310726,0.018897104445031784,0.02242564410520695,-0.008796945196078433,0.031938338788004075,0.017381687963980385,0.043774023748679634,0.01188110874296599,0.01299179442402687,0.005603788869813483
2024-03-08,0.010184591231674202,-0.00834829600574499,0.007635742621858117,0.0018613038113999291,-0.012257773668848898,-0.007162524901934694,-0.057075343734116324,-0.018701625030085045,-0.0006921711232908711,0.009362795506789966
2024-03-11,0.011762182910683327,-0.01952208072253206,0.016552012604809912,0.00037167457504504886,-0.045200538689002354,-0.004193622257385884,-0.020242713117920367,0.013763678693560029,0.02605452810489932,0.005887758424595195
2024-03-12,0.0027746357741707723,0.01975013161880721,0.006010832256509384,0.008198248403108782,0.03287058473424059,0.02625164118254581,0.06912655053281393,-0.0012947061441473569,0.0004088602342477783,-0.006441424212371162
2024-03-13,-0.012196471094827238,0.006648685830772736,0.009271038980821173,0.008079655381042153,-0.008399360810113365,-0.0004335640372525431,-0.011214522528197293,-0.04646099727496628,-0.0027625798657668604,0.011108624803546584
2024-03-14,0.010868028332861768,0.012327433453265669,0.02340243667577722,-0.017978776359183383,-0.007575525529683107,0.02408714781495347,-0.03292770034054212,-0.042056898779332184,0.002047112239878924,0.017556912754430887
2024-03-15,-0.0021990264454091633,-0.02452200827324045,-0.013508103289074463,0.012319476965425,-0.015841500612057,-0.020912084675189187,-0.0012173826683706237,0.006563076277915342,0.0037149065316413746,-0.001795804621940225
2024-03-18,0.006352233639965627,0.00034392410567333365,0.04501189894679828,0.012325235616950108,0.026258116004570044,0.0021587859541936745,0.007011161363183365,0.060664152342604714,-0.00771069761829318,0.009214262085233075
2024-03-19,0.013493537309247622,0.008105519638180665,-0.004410810815078363,0.005848112973270819,-0.0014899955374117868,0.009752887465278038,0.010604329590601097,-0.014372034891457558,0.012791292628284313,0.0070099593487554695
2024-03-20,0.014602025491414141,0.01271024074657137,0.011563106550559473,0.0130217559905191,0.018527814764182582,0.00902411669023335,0.010836124179525607,0.025017133837829976,0.0018430423666890156,-0.0008844906665775808
2024-03-21,-0.041715520375260724,0.0,-0.007693966805499424,0.013809310040913039,0.004421380060760006,0.009688779346162904,0.011693698401382683,-0.016299696542812377,-0.005152657307551756,0.0044152335021710705
2024-03-22,0.005296132557137255,0.004033399915744371,0.021249670692702487,-0.012333409903379725,0.003577942047062971,-0.0014684368712350184,0.03073642315116185,-0.01158171211632812,-0.003300127166134861,0.0
2024-03-25,-0.008335096591697684,0.00468522019633587,-0.004653748033845061,-0.00919675568893983,-0.012956992001334308,-0.013809497222346945,0.007533257371107434,0.010481683435756076,-0.008586539978164635,0.010169275040539204
2024-03-26,-0.006694848794057972,-0.007876935918428052,0.003990163803983539,0.004660055461874361,-0.014275758039453919,-0.0028656203863525903,-0.02602997359378439,0.0287772826285837,0.013146795476320354,-0.007529156886232092
2024-03-27,0.02099068287906428,0.008544428374293455,0.0013263202657882304,0.019178489879521945,-0.004102117518652229,-0.0005217979163373715,-0.02528427949692873,0.012084083617363902,0.001603409879368857,0.010316613431129768
2024-03-28,-0.01061520958288242,0.003053793447902987,0.00039775728261340533,0.0039017088471553388,-0.01690780117879674,-0.0016863009824742148,0.00117385726173821,-0.02272190773999231,0.0032396352388172293,0.010985658141794618
2024-04-01,-0.008491712077255072,0.00326551461029285,0.029765315675159307,-0.0068130957631529765,0.011812504912459838,0.009109419473787184,7.747518197212624e-05,-0.0032477284143495326,-0.010158636327165035,0.006431364888979215
2024-04-02,-0.007023479703257429,-0.0015484091821309372,-0.0059988725562197314,-0.0004021529710190548,0.012177534169831816,-0.007399421340894048,-0.010132695511846672,-0.05026651935105258,-0.06661810188355168,0.019385412081065496
2024-04-03,0.004785998523487128,0.009474051539763172,0.0023264247004138516,-0.002819932662060396,0.01866381739572351,-0.0023520020533481308,-0.005470405626154673,0.010447544054431742,0.003486137431463778,0.00016756053111400686
2024-04-04,-0.004904224696140272,-0.013300069884865783,-0.028746417345284353,-0.007637729670062058,0.008215033573531245,-0.0061311851876623795,-0.034989792540901454,0.016083269202606634,-0.009528772960943272,0.0035143034111472537
2024-04-05,0.004491529652545118,0.027777320574842966,0.013001975153214572,0.009158170726289435,0.03163243958011306,0.01811764663050725,0.024185837650245175,-0.03696743555877544,0.0007902895236272362,0.013687994326524672
2024-04-08,-0.006685634205008227,0.0006481667921116775,0.015292414380488421,0.0052030089043685075,-0.015460023239594717,-0.0021879215335190993,-0.009992217164567684,0.04783676362708771,0.0005702475808235354,-0.006778986893303568
2024-04-09,0.007216340717309359,0.0025885563003378185,0.011237781057368343,-0.006723531056240403,-0.004535824954359216,0.00397250820813299,-0.020628348975135984,0.022295607975213145,0.008124856982541373,0.0052123980220937565
2024-04-10,-0.01120174948430704,0.0015069094018642995,-0.0029415859868169914,-0.008557964696037043,0.005652316462695462,-0.007109829517714573,0.019548998542886917,-0.02937344256551801,-0.021259057846341987,0.008381989488062389
2024-04-11,0.042360796936221315,0.016533742520170792,0.020726345901797026,-0.00020474793600663168,0.0063852544800837895,0.01097291026725422,0.040274367054479655,0.016399556773736196,-0.018682416055937155,-0.0033608630134833437
2024-04-12,0.008589763185604908,-0.015566165935951603,-0.010594713742258177,-0.06686408620964701,-0.021757823255095374,-0.014191263399500526,-0.027182603322520177,-0.020541749097701737,-0.0057212562934769355,-0.011727814409503077
2024-04-15,-0.022106226173913706,-0.013577002419975346,-0.01836331032179159,0.0005466912201769979,-0.023061304714462442,-0.019772197576107906,-0.025089248630251876,-0.05757465973833702,0.014534129087719177,-0.005748967004276687
2024-04-16,-0.019353293973412372,-0.0016350785294987403,-0.002974886018985742,-0.011493345560993748,-0.0009400037774425075,0.002269789860529002,0.01630808905573857,-0.02743506868222295,0.05087910343997203,-0.008306318381804057
2024-04-17,-0.008180789918515572,-0.011190509048215303,0.006906230642728143,-0.003990361984552213,-0.011248442309126737,-0.006631098006021587,-0.03943350974913168,-0.01062208397137564,0.021311483485094297,-0.0005057685235983282
2024-04-18,-0.005730759665437109,-0.011428682278624262,0.0034673807557581916,0.0064762874817465696,0.01532190152377015,-0.018551804238795207,0.007539618161553872,-0.036155647217109545,0.02919457361088485,-0.0009275584536196521
2024-04-19,-0.012287582237327016,-0.025944630354616176,-0.012383342355195162,0.02479341827619434,-0.042188728849604916,-0.01282074205096835,-0.10541152518052085,-0.01939578390268632,0.015991392523073772,0.011409500845912015
2024-04-22,0.005077661344890142,0.01477882204751945,0.014112386851736183,0.01924313179930669,0.0013710421632095583,0.004599468851462683,0.04262198438879009,-0.0345935559693179,-0.019953184764114767,0.005656234013887246
2024-04-23,0.006371640417574198,0.0129496869735391,0.012589808357204125,0.014310297426036159,0.029393702772486416,0.016351081171494683,0.03588098174788636,0.018345226676437152,-0.010333505553493466,0.003891012888116255
2024-04-24,0.012622126911638885,-0.01656734624660272,0.005482404617729362,0.004880332458147744,-0.005254675243092084,0.00364905775130015,-0.03388347383909667,0.11387415621830609,0.0023009380322512344,0.0001651379458789313
2024-04-25,0.005134076969681487,-0.016673704471388103,-0.019865397463245324,0.0015007921318447716,-0.11161665640250829,-0.02480003825219519,0.036416082465125434,0.04845814470471284,0.013372158454737541,0.002310435039725246
2024-04-26,-0.003478856282971418,0.03368654484295438,0.09734774793577144,0.0006204931123042225,0.004317939701867987,0.018079233597469734,0.05992398024707898,-0.011168015552988686,0.0030126079139908,-0.028168484562074474
2024-04-29,0.024505323638816134,0.007432568410519159,-0.034312933631653074,-0.0010860123419035909,-0.024364390654323904,-0.010067196664414036,0.0002505840769067147,0.14242723171122051,-0.012840743657677402,0.014141655226952442
2024-04-30,-0.0184398018777864,-0.03349007554568368,-0.020491293090390484,-0.007999444695563055,-0.005679252323553476,-0.03264656654622555,-0.015560829473588111,-0.05710084205665045,-0.010958932875177681,-0.011517158883262971
2024-05-01,-0.006065521761029665,0.022599831917240992,0.006612829349363662,0.0006255995445980185,0.020751691420179214,0.014306710525801486,-0.03967645738260215,-0.018113707174260838,0.0008471598028256324,-0.019121400366136035
2024-05-02,0.021792780788157683,0.031455365813882176,0.016703222054504453,-0.0010431058935315657,0.005653316673085218,0.007316062018766646,0.032882814434444955,0.00011105007606901516,0.018136263967384176,0.0018083217816033492
2024-05-03,0.05809536221221067,0.008033933494385928,0.003714487162206431,-0.006018290187446091,0.023008182889081255,0.02192738782711749,0.03404564131111777,0.006533843535574036,-0.0010554805631716525,-0.002066757726857112
2024-05-06,-0.009148336797510708,0.013283331052944075,0.005128987591404391,0.0077907817841510575,0.02990500906867435,0.016776962110612262,0.0370463470180364,0.019511437908751133,0.003911658971834161,0.006444698728395472
2024-05-07,0.0037901367977907197,0.00031790155490542276,0.018565350204219584,-0.0013028717428783562,0.005482211602936674,-0.010208282879622443,-0.017362710757614815,-0.03834210509362041,0.013221719836241425,-0.004980327945937344
2024-05-08,0.0018622198793114822,-0.0040343749269230785,-0.010979568679322543,0.020134757439635224,0.009268441561943602,0.002927268835127229,-0.001569349728782434,-0.017530851194269642,0.004481351352419089,-0.00017207555397521227
2024-05-09,0.009964456521568082,0.00794706169253194,0.003418240966659528,0.009411339476190514,0.005949223712707377,0.004326344966297417,-0.01858747184555034,-0.015864649448707812,0.007562587171881103,0.019524035382046237
2024-05-10,-0.006913968251925251,-0.01071687425686526,-0.007737592079507673,0.006409749716184318,0.0016394117522471664,0.005852025518784858,0.012663541111803364,-0.020562350450525728,0.011335253222741907,-0.004060990642828984
2024-05-13,0.017491617394462998,-0.00486560722449323,0.0029013592619659316,-0.0002012679080531148,-0.017348401487931892,-0.002462382891109539,0.005780049003942463,0.020097034145307512,-0.0020887957643297463,-0.0004239245466589806
2024-05-14,0.006154296293368259,0.002676374471979152,0.007069485511020899,0.013891942364009402,0.008171468797713416,0.0068412110222474815,0.010530738831755164,0.03239754278801776,0.004173112769876548,0.006052108017241981
2024-05-15,0.012144074484540229,-0.005789979151338446,0.012658841346583634,0.0029731646240209702,0.020328303873381963,0.01733288002046082,0.03521071762735015,-0.020254418706909572,0.0071163827667093,0.007703564340630644
2024-05-16,0.0006320625558668001,-0.012770048240180923,0.009633937626989868,0.0017795543940383096,-0.01740789812422492,-0.004952295258742456,-0.0028680432343446303,0.004873391179277019,0.007162053780945905,-0.006005455027393792
2024-05-17,0.00015805464942777702,0.005809980560830076,0.010735707278339097,0.01139343292235648,-0.002793126581029946,-0.001854546382111215,-0.020125009783527197,0.01487402019069651,0.006425114524250875,0.014904881432248631
2024-05-20,0.006143275254174371,-0.006300279871404103,0.0048726688538635165,-0.04601557487926149,-0.006526805556258954,0.012134341872512692,0.02457677081272617,-0.014245067870223688,-0.014205616369819594,-0.008140650180363182
2024-05-21,0.006833757975105513,-0.002127134911413819,0.00524303772985426,0.019945000557712044,-0.009020203715461562,0.00866134960149785,0.006373447523818284,0.06446711975223281,0.012144823054501345,-0.006933919438943966
2024-05-22,-0.007566824695787942,-0.00010914608364288576,-0.00829981119959509,-0.00608312110767599,0.006756695326451567,0.00344358541032686,-0.004581406414766717,-0.035399542384592496,-0.004210933307173313,-0.020315313383527732
2024-05-23,-0.021282941098384654,-0.011423056748417279,-0.016174860475066003,-0.007033975818546174,-0.0042846521215843,-0.008209743563972374,0.08910593920858878,-0.036007818288810785,-0.008707612147963652,-0.01720633642564094
2024-05-24,0.01645199858893079,-0.001658392028660058,0.008263052667283591,0.01906363174592013,0.02635751306567358,0.007373133253851205,0.025397476705947122,0.03116576011599187,-0.016897925107580442,-0.0007932104610328203
2024-05-28,5.278395855377857e-05,0.007715628907514878,0.008025088226423357,-0.006046865550580168,0.003548464497173886,0.0003719533102534735,0.06747583560788391,-0.013989415788236143,-0.008874882830428364,0.012616264469555263
2024-05-29,0.0015776103682988325,-0.000713895324699002,-0.0028383177891033035,-0.006991790925598966,-0.01165291531695807,-0.0026759758071970437,0.008079559358867587,-0.0031733327174769638,-0.038369733808595693,-0.010766465950000758
2024-05-30,0.005241442537696619,-0.0149446344900467,-0.02178190198197375,0.006139294922082846,-0.015530154482894633,-0.03437012708754212,-0.03839377106926909,0.014648923152829736,-0.006353631625055756,0.0031632262437333862
2024-05-31,0.005005886950369425,-0.01619107105787046,0.002263394018849952,0.016419778157701553,-0.0004711007633203316,0.0011086880593759068,-0.007877019816174748,-0.003978997402597566,0.028087130299451923,0.028282931227873932
2024-06-03,0.009216211103321513,0.010710931098535235,0.0038766066451450037,-0.004005288967225372,0.022578082262827898,-0.0038858729650112145,0.04779369067186443,-0.010102569596006488,0.004169962950375906,-0.024255649310617022
2024-06-04,0.0016478315013140907,0.0055916049316681584,0.0035737972158451734,-0.013267792840755572,-0.0010477162225723253,0.006147637746296702,0.012418154314414816,-0.008659479988969872,0.016053311943863276,-0.015674855678689634
2024-06-05,0.007790586238345328,0.010759365441920877,0.009278490068988144,-0.009585860892522424,0.037183310682637985,0.018903599450256076,0.0502708894547548,0.0013151256990527008,-0.004699529151217246,0.003986081611061443
2024-06-06,-0.007121932019251623,0.02031303453242799,0.007497037629251348,-0.0017759321149743573,-0.0026293124883076326,0.00120199180119359,-0.011847203117353353,0.016660454613497404,-0.0023879355548516454,0.007486099557920288
2024-06-07,0.012315992190391246,-0.0037909438439048654,-0.012927640722380345,0.015320603908650714,-0.0016215485579722435,-0.0015793349124177992,-0.0009094554157067214,-0.0025885260992180074,-0.022628129496578737,-0.01076241450734021
2024-06-10,-0.019333456078404306,0.014864526720523909,0.00429459880874402,-0.001701717236783742,0.01936659352805297,0.009439753821060251,0.00743377120984094,-0.02101026729322036,0.008745067928061775,0.0029225828821454647
2024-06-11,0.07013125334203704,0.0009083768397987709,0.009157451575105263,-0.02665358741696118,0.009643041386144096,0.011178954697204197,-0.007169670937182708,-0.01817434057762428,0.0024616618431582355,-0.008079987478481257
2024-06-12,0.028177749300585683,-0.0018175795783647649,0.006602511133223165,-0.014667434251746854,0.0026959335063290236,0.019182555213557096,0.03486595332030631,0.03811347747393242,-0.0063681523208017465,-0.011116267845276157
2024-06-13,0.005476123916850362,-0.016508777761010902,-0.01490316396355904,0.011059600903439203,-0.009358867032088528,0.0011781992930467071,0.03461752039241169,0.028799010597446485,0.008542194463225834,-0.008055250849189967
2024-06-14,-0.008201803005765044,-0.0009251853303780781,0.009262545544438335,0.0006193990954087444,0.0011113319092948956,0.002239484000982432,0.017362485298583974,-0.024746085007725318,-0.0003618832982634749,-0.008487490934819975
2024-06-17,0.019480325550696568,0.002175536021534634,0.002542372484023724,0.006173472951311496,0.004887260029900592,0.013020058058086297,-0.006847738066163694,0.051619109593938894,-0.01176539532518829,-0.006897604666030398
2024-06-18,-0.011045228424801379,-0.006814429382413544,-0.012204683653301839,0.010306763795008013,-0.014193411483959696,-0.004537598899869855,0.03451728213153884,-0.013860022086213543,-0.016861513561692104,0.009369009444855258
2024-06-20,-0.021747663354685736,0.017836847681061675,0.006886980351560146,0.008441484774951576,0.004414729638097173,-0.00143503585025963,-0.03604544268793313,-0.017957490517488288,0.0071875005533340985,0.021346840446875716
2024-06-21,-0.01049921791294587,0.015886019163884733,0.018712175069608955,-0.01200104558471916,-0.013888955429047427,0.009112457238266878,-0.032720999942027075,0.00789947152070122,-0.003991395548079308,-0.008809023692034882
2024-06-24,0.003127623323629884,-0.018738006784044702,-0.0022851501600543557,0.013057448538741792,0.008312348773958735,-0.004702096116657732,-0.06917921785807928,-0.002352322975826024,0.015197164118347905,0.02927113686330751
2024-06-25,0.004458195193813493,0.004140733544431425,0.0264845918870418,-0.004081206941543595,0.02316086844522559,0.0072999601231086755,0.06537958230075987,0.02579011465212662,-0.011247216240531557,0.0028019245094890355
2024-06-26,0.01979600186861469,0.03827288718411035,-0.000815234574282923,-0.0032364932910271234,0.004923186742208262,0.0026797371045414234,0.0024555767814349967,0.047022052078928164,-0.0009497473888951927,0.000349599610936744
2024-06-27,0.003978037682854068,0.0216633691270863,0.008286230385143948,0.008774756031574803,0.01247257692974321,0.0015248274295469216,-0.019250580909539034,0.005332819818052439,0.004945917204473034,0.004273829704765314
2024-06-28,-0.016387648359524033,-0.02352451121310847,-0.017739182411229387,0.015395278314519749,-0.029969538131130884,-0.01311419745255717,-0.0036358438127209523,0.0023273813203096337,0.04584524078374635,0.0019127537156714552
2024-07-01,0.02868910136995925,0.020233739225558187,0.004601150178621173,0.015648809848656332,0.0009118373580792946,0.021645627674935455,0.006133019884037028,0.0587798336030084,-0.029108401586337998,-0.0013908538699947772
2024-07-02,0.016109416412326223,0.01409893985494711,0.01222071416517904,0.016317715276179413,0.009505312130102788,0.005567574256196183,-0.01320024896538676,0.09710195030947966,0.007231605288669475,-0.006807903638141166
2024-07-03,0.005794370468100179,-0.012123208336190783,0.0031260958942398733,-0.0006705068206550396,0.0009023319330514776,0.003238987026462525,0.04471761340708853,0.06337304899541417,-0.01690103275658086,0.005066843743526471
2024-07-05,0.021389903870428675,0.012123208336190851,0.025398600978995246,-0.013339103455019248,0.05707031197469552,0.014628709575426427,-0.019283706184216393,0.02060688228437289,-0.0038449046451629124,-0.012186243855099683
2024-07-08,0.006517520448754539,-0.0035563498917093785,-0.008271239614931796,0.0018537999878623778,-0.019809339582791997,-0.002827126636481474,0.018659786812256912,0.005629789876539415,0.0027215098458233523,-0.010552118171478579
2024-07-09,0.0037678178262196414,0.0002508745118111371,-0.0002644840954594097,0.011918676107997205,0.0012837463671740252,-0.014474498096210221,0.024502279456940966,0.0364508858978897,0.005644750450421957,-0.011115197092618894
2024-07-10,0.01862890720007585,0.002254890139097774,0.011573961431907632,0.0008185907974113313,0.008810297135331975,0.01449581258185517,0.02651418471786473,0.0035389720904070512,0.01776404102516937,0.008794867387015773
2024-07-11,-0.023494597390054113,-0.02401082970854252,-0.029782997105167196,-0.0016858305503831793,-0.041996405874822736,-0.025083952332653106,-0.057276262248051685,-0.08822077208547265,0.006824052597278216,0.01181329063876101
2024-07-12,0.012966429292909126,-0.002875175499739089,-0.002698263971078858,-0.012173048312177257,-0.027345426242962063,-0.0025325194002193364,0.014339360780720962,0.029434316513726,0.014115881345978647,0.0001767247820197987
2024-07-15,0.016604652386522947,-0.009142411458262677,0.007858082577337713,0.02462829971426633,-0.0054470152115024435,0.0009036293310687992,-0.006209209198173348,0.017609829570940913,0.007478854012457402,0.016982162828491253
2024-07-16,0.0017902568375297656,0.00155546797310713,-0.01409127441819412,0.01685308984774898,-0.01292158306982981,-0.009828626759599363,-0.01632688422800776,0.015396997777534508,0.06297636155027227,0.007178388594683162
2024-07-17,-0.02562140809738045,-0.02672431851841202,-0.015893344754637356,0.015099306430792023,-0.05843360307229263,-0.013437501421424436,-0.06853513804978363,-0.03191970033228875,0.043512918246650066,0.013694197825745182
2024-07-18,-0.02074856300365335,-0.022493376002440963,-0.018566976017655504,-0.032285664758077016,0.02955942915124042,-0.007127600801630131,0.02593415861974191,0.002933302220995548,-0.015717594768447706,0.009812368836423882
2024-07-19,0.00057963832137675,-0.0033798282769946274,-0.0001688444737411603,-0.0009529488782189208,0.001973558652587756,-0.007430386708712243,-0.026442716262785885,-0.04107613843938718,0.001752800675716167,-0.023248040334973432
2024-07-22,-0.0015614207046382588,-0.003172184996925187,0.02232011450157113,0.0023806338402954227,0.0220089852673741,0.013249426952328105,0.0464737614577542,0.05018271902171053,-0.012101255913782348,-0.006916276714564486
2024-07-23,0.004677240830304998,0.020924443707583142,0.0006604772479955053,0.00023769905612188192,0.0026432094234739587,0.004302705915325703,-0.007719691167285854,-0.020607648987956702,-0.006880859891982878,-0.01626761351397764
2024-07-24,-0.029175699469085235,-0.03039119500388646,-0.05170173825883561,-0.008307152321796957,-0.057744764294030665,-0.036513286243766624,-0.07045624891969687,-0.1316429436033912,0.009062743638222476,0.014009554321517702
2024-07-25,-0.004816259242825232,-0.005434169444389781,-0.03148145000663101,0.0003834938562240156,-0.01718675538445983,-0.024785734666847206,-0.01739341608996532,0.01953112906763447,-0.00012503334048563047,0.02082324971666319
2024-07-26,0.002158752577234271,0.014626968944213104,-0.0016752729547919944,0.016963829351198712,0.02674483100380233,0.01628615792761359,0.0069229047981932785,-0.0020452089625195087,0.017779728167414625,-0.0008520502374928674
2024-07-29,0.0012837576077404757,0.0038282625594168156,0.015036055111932949,-0.006570886273907138,2.144016490407469e-05,0.0034274847783980823,-0.013087088918460341,0.054450283723543685,-0.005226611957249456,-0.010538474691065001
2024-07-30,0.0025627928779154486,-0.008166388972744573,0.0044731219390937065,0.020374407019578544,-0.005425736519743524,-0.008968719155464907,-0.07304016186149506,-0.04170207944562903,0.016762146898447534,0.01767241486970386
2024-07-31,0.014879580369378191,0.02858958980412218,0.007313503420863627,-0.011168498736389513,0.02481955943409258,-0.010864580615915971,0.12055345934994556,0.04157282172336867,-0.0002949735509232378,0.003547940927813506
2024-08-01,-0.016892534268798415,-0.01568547657831172,-0.004557509010959741,-0.023007127403427675,0.04712087516909249,-0.0029684665668978567,-0.06907223864812448,-0.0677870949965208,-0.005901094657363456,-0.01392570626834971
2024-08-02,0.006845777984690051,-0.09194763210362274,-0.02430319861350519,-0.043337712874513525,-0.019475589950568424,-0.020882448738086628,-0.017923667156258094,-0.043301714320780456,0.02934994138531936,-0.0005988142982885772
2024-08-05,-0.049365550520730835,-0.041839920325843556,-0.045480522033409396,-0.021521385891994795,-0.025751764382815723,-0.03320207084561264,-0.06568877639937805,-0.04324862022379944,-0.03426819523068805,-0.01821767199582627
2024-08-06,-0.009796214210234066,0.005635490449044775,-0.0060465827983431815,0.02752928171547405,0.03786716855884224,0.011223579731218998,0.0371317664259567,0.008810602088580683,-0.0028288568352136736,-0.005328897994545655
2024-08-07,0.012420769935133255,0.005174089797253657,0.004098129201381905,0.00029947715512334373,-0.010518689885423448,-0.00295705722241289,-0.05258160906433204,-0.0452676929224409,-0.004001752924718449,0.013226633588967064
2024-08-08,0.01649663349832015,0.0184440734555928,0.019254661225776955,0.018098615286489022,0.04148608284854299,0.010635086577820908,0.05946430304141107,0.036255901329012616,0.00028252100274785526,0.018924232649642714
2024-08-09,0.013642368945163845,0.0068522199395901024,0.010070829978704005,0.00849093929319117,0.01584604021960165,0.008235365283751751,-0.0020980077503768946,0.0058169037389324395,-0.013297994032455698,0.008110122725065498
2024-08-12,0.007104648603491133,-0.0008389728264874979,-0.00846756773503218,0.0018931383519514631,-0.003521261419337253,0.0019439566054165098,0.039954827464121226,-0.01262938858524463,0.011618839025336327,0.001261299102404708
2024-08-13,0.017046742960359105,0.020354930507755713,0.011456743692263302,0.008451459997539493,0.02410849936267105,0.017543752706762845,0.063264938343604,0.051032468678537876,0.015708397837146938,-0.009625817342632534
2024-08-14,0.0020318197960313878,-0.0007639034445704183,-0.023357927821864508,0.011000313238122339,-0.0033730956879527113,0.006860300898901552,0.016566113471988664,-0.03152675190710158,0.009411671685256374,0.009205607004533805
2024-08-15,0.013439927776034004,0.043090966761615855,0.005782328613547471,0.0062115332745443655,0.019867377892525233,0.011754486638466705,0.03968305527861738,0.061436309145650216,-0.00010344022477899003,0.0061674732291450915
2024-08-16,0.005901044390120466,-0.002988857651035908,0.01023894502431141,0.011374353476945591,-0.01861549192959581,-0.006098773230447143,0.013902530247579314,0.00920378250292453,-0.0033354242363218137,-0.00472783078383411
2024-08-19,-0.0007082102877689756,0.006530104639669463,0.022510931389595548,0.006893170030314868,0.0035205096064845993,0.0072856907877834,0.04258641534308336,0.0300815962441386,0.0019024645119702043,0.0030418502813325385
2024-08-20,0.0027409905181452194,0.0036964682293246748,0.0030552103352978707,-0.004325969824486135,-0.004829554131012157,0.007727373263684008,-0.021380801723366795,-0.007300267158314843,0.003225730370129103,-0.033892753249839404
2024-08-21,-0.0004858050908311314,0.006852561474421805,-0.007987224925184824,0.00037282075642118095,0.015877553264652487,-0.0015546209605091046,0.009775403364560894,0.00976670507756732,-0.004453503495206966,-0.006391498289231344
2024-08-22,-0.008293973611452808,-0.02234539227075752,-0.01243751875093866,0.009414946168397666,-0.006053700084372532,-0.020460882446202748,-0.037746549538671466,-0.05813634375381778,0.0011240635092609687,0.007699751287875438
2024-08-23,0.010235576050047969,0.005153271352930898,0.011049755723766166,0.007725314495701315,-0.007415644887537696,0.0029796705602230414,0.044494101005274525,0.0448355914315171,0.009955247853796085,0.013763404761701532
2024-08-26,0.0014977052099940057,-0.008736614913990125,0.0032552043585637037,0.003931658736427255,-0.013115909163744456,-0.007949184609254171,-0.022750588176345673,-0.032803441227522996,0.004472189673820926,0.021180522465082587
2024-08-27,0.003734579882406219,-0.013654075452589952,-0.008946971674640833,0.004597608416358222,-0.0038839175262036525,0.0008461368768247907,0.014445360424479387,-0.018939062709292416,0.0003745896886804236,-0.009556380803459616
2024-08-28,-0.006776461020365121,-0.013491668231426824,-0.01117455114965312,0.005028755725133257,-0.0044792412515199075,-0.007859900816479241,-0.02118949139720624,-0.01667672472989858,0.002023835018959005,-0.009906225972307179
2024-08-29,0.01446507713017269,0.007698580379841969,-0.006592242463708778,0.004148823317248048,0.002782534707654905,0.0061185122238402966,-0.06597801854514852,0.0025726237078790366,0.005135273178769125,0.013722804886086749
2024-08-30,-0.003443781956253181,0.036396721617948,0.009841457481686706,0.011588303503668398,0.005945250930745001,0.009683950892318039,0.015024028948001512,0.03725544123667223,-0.0023185046479357665,-0.0016097140372871496
2024-09-03,-0.02758207156789019,-0.012685159527315687,-0.03754280094727985,-0.020220893523846158,-0.01848924346525955,-0.01863168889549238,-0.1000966600727433,-0.01652927582030035,0.014265794762686104,-0.021165200303131237
2024-09-04,-0.008656091584931871,-0.016706139175178974,-0.0057994656897730435,-0.004412833514853466,0.0019131583124771488,-0.0013197796474809737,-0.016713045686887293,0.040981513663141275,0.009144917698160141,-0.012286156953606
2024-09-05,0.006903804273627132,0.025968075788917713,0.0050367040216663566,-0.007781080231544742,0.008003094669103875,-0.0012479671709117119,0.009371310506825256,0.04787601603580388,-0.014487510894467412,-0.00783348968624811
2024-09-06,-0.007039668329516154,-0.03722372046282126,-0.04102337591071709,-0.02404269799321736,-0.03262401924841874,-0.016517151843107276,-0.04171226386039831,-0.08824048544582787,0.00233141656947986,-0.004694317823421207
2024-09-09,0.0004073278524046628,0.023127387297091972,-0.013425618396262008,0.020267692307014827,0.00899456400534412,0.009957815666343916,0.034785968087533384,0.025949973905266994,-0.004668496304213617,0.020822232302921916
2024-09-10,-0.0036279672771145606,0.02338469252840609,-0.00033638033086121034,-0.05328339921680368,0.0,0.02068573062190859,0.015193483766764892,0.044759273955983725,0.0082640865692138,-0.03711178546073328
2024-09-11,0.011518562906501105,0.027304144175285646,0.016677049152428715,0.008091319199507977,0.013850007888734568,0.021117832271235815,0.07834773804902426,0.008628742512625562,-0.015612906888109792,-0.009975618764111707
2024-09-12,0.0004940321590296814,0.013350735010507413,0.023084279334154256,-0.003044663088095469,0.026547833462670922,0.009317251766879744,0.018980388129862528,0.007337206636805016,-0.0022578428135618797,0.013668526701050478
2024-09-13,-0.0012128906242661372,-0.0027309690556897217,0.01774827217284337,-0.011097234310015039,-0.0018661293212922983,0.008372224443557915,-0.00033587920159958205,0.002086485160728214,0.00997675152698558,-0.0007195758588027709
2024-09-16,-0.02816826893274261,-0.008616597457795857,0.003803201227850756,0.017177471630726842,0.017325956000451594,0.0017404383886496873,-0.019671613289849867,-0.0153589759450266,-0.00521415496515026,0.013937515693935773
2024-09-17,0.002170464219143854,0.010705675426824473,0.00794012276138217,0.006664863394753228,0.005684332641341412,0.008794116234307883,-0.010242419262076124,0.004794890315022082,-0.019159167660306474,0.012958021813364213
2024-09-18,0.01782978205694947,-0.002410931547252041,0.0030708310186467443,-0.008253820586087241,0.0030346040222862425,-0.010023747500267114,-0.01939258311154507,-0.0029445960609886415,0.004643688871405071,0.0034971840403207528
2024-09-19,0.036395071010196824,0.018283807518041345,0.014474592507672902,0.014114751067658703,0.03856280163139165,0.018125976049981028,0.038925528491873085,0.07100962175825201,-0.006184701935852246,0.01231692343562953
2024-09-20,-0.002931729016951908,0.009070295653554335,0.008903117581011817,0.0028939451698143047,0.00401601662770877,-0.007826571520868712,-0.01599218032899616,-0.023519752638904136,-0.0035935245723778416,-0.006313221738773874
2024-09-23,-0.007609970769750912,0.011829538769620705,-0.010693387509607674,0.0016567843425999516,0.005436315097992023,-0.004051677834328151,0.002238966322359697,0.048140375327935025,-0.002769248273933639,0.01796903487901331
2024-09-24,0.003966222310784786,0.00041255068996117736,0.0027148621531890116,0.0007090929226473078,-0.0019149548429276244,-0.010061643655703938,0.03888650839311806,0.016935793509053217,0.003099503487873017,-0.0026448768988890483
2024-09-25,-0.004407795667316113,-0.007400007450933529,-0.00494157371307722,-0.0066385677172792965,0.008801270609412522,0.006826949287683937,0.021606521130754286,0.010757148762662677,0.001945239949000397,-0.0196711934524764
2024-09-26,0.005067373642518301,-0.0071411865336607,0.007649085340915893,-0.0019525725889342309,-0.0008273091131478953,-0.0018531157144436791,0.004281983094617081,-0.010953821465680538,-0.002605970174521837,-0.017313621189891576
2024-09-27,0.001185874968014115,-0.016828410744614587,0.007469266064361035,0.003426344137525854,-0.0008458463701797158,-0.007657152754405725,-0.02151332582358308,0.024249227064234113,0.012173134226889025,0.026420832203057708
2024-09-30,0.022614367908669664,-0.008763077056375612,0.011522114026014501,0.0017086288534484803,0.008913839943897625,0.005312703270857486,0.00032957973344594567,0.004482044837533062,0.004851830226856517,0.012015300777889735
2024-10-01,-0.029574689353939528,-0.006460997690134298,0.006850280070478695,-0.018282394872688394,0.007015607908457756,-0.022586393913490505,-0.03724645706714451,-0.013894251852425751,-0.0023630847838580615,0.02285577122739329
2024-10-02,0.002516638572107298,-0.0020006515450769115,-0.006789913143240793,0.0012068164944852135,-0.006369289406176255,-0.008498300139679855,0.015688201226470223,-0.03550382703625739,0.015328470235919505,0.013170487784577743
2024-10-03,-0.0049066645838774115,-0.015270736231763055,0.0,-0.009987436944328736,0.01723861340317113,-0.001415468298479406,0.03310196605298028,-0.03414806745440706,0.0007427666901433948,0.008685066874946518
2024-10-04,0.004994862304227056,0.024697907897679776,0.007209061836236944,0.03487821535713581,0.022347295200215618,-0.0011530864692817755,0.016709387424789935,0.03839570976808356,-0.002618405660287445,0.0181889879083425
2024-10-07,-0.022788576385824977,-0.03109336265970453,-0.0247256260128586,-0.0013739289984613622,-0.01890423248455013,-0.015794763324454626,0.022166834224785457,-0.03768957599969925,-0.013007112559897099,0.004316618113960392
2024-10-08,0.01823692945477982,0.010563468311108654,0.008553404208594444,-0.0008536382734528228,0.01377316129527419,0.01254490200691183,0.03968140734058667,0.015124010919583781,-0.003398778788625577,-0.02692055757813022
2024-10-09,0.016560248685436953,0.013319379012842232,-0.015449102028622664,0.012589414068118174,-0.004022328793931516,0.006609203061286959,-0.0018076260383813859,-0.014210915403026646,0.016439577201258736,0.00040963384458861683
2024-10-10,-0.002180567555697614,0.00796086049904925,0.0013583157913361964,-0.0027212900608508486,-0.011376720999334615,-0.003887964462124854,0.016152535222737536,-0.009503630132407265,0.010900893393004069,0.008563378709423215
2024-10-11,-0.006526560607963632,0.011559046433524522,0.0071313593906414535,0.043442027894007,0.010428100019255121,0.001153546904282466,-7.42563075264571e-05,-0.09192353886888893,0.000585431665606695,0.0038095588083160463
2024-10-14,0.016345492116142904,-0.006802098901968148,0.010481525082511198,-0.0036504806260474784,0.0007961077472858073,0.006750743320296378,0.02396855761292921,0.006224848869363441,0.012215132021993548,0.003795035572518358
2024-10-15,0.010964352355533486,0.0007995584839864811,0.0030265075378168196,0.004100250290155632,-0.00705364671280556,-0.0009548376746772194,-0.047993846437371125,0.0018690482583790414,-0.08459988331095625,-0.03052233791619886
2024-10-16,-0.008891163927747737,-0.0042714734594326426,-0.0018147493453877942,0.005605047930179176,-0.016302205250394518,-0.006276369861786749,0.03082679750253985,0.007983687088569507,0.02669497513425594,0.0025725149453269254
2024-10-17,0.001594991458429626,0.003418620886077508,-0.013594184119656686,0.003481713851149091,0.00024273165921545066,0.0014407750546578592,0.008875924116821083,-0.0019899714413276278,-0.009337570174817822,-0.0025725149453270455
2024-10-18,0.012201790808261342,0.007755306570388279,0.0030030817050050395,0.004224204652485847,-0.0007975856772245546,0.003449666305965528,0.0077838258243526455,-0.0008605378505268966,0.006304839625748247,-0.0028290940074776833
2024-10-21,0.006278146717696215,0.00042322292512559934,0.003969540845767216,-0.010571729309093487,-0.0022752226322455124,0.0014814977205003296,0.04054382964619079,-0.008417707909120924,0.0032601128332279267,0.0005830833033439015
2024-10-22,-0.002625278410799939,0.0033265052557146266,0.006500405310311141,0.005009827307284263,0.0118395379402911,0.020632032801574798,-0.0008354647318082838,-0.0040291472851928115,-0.002821437130937377,0.005149953271402163
2024-10-23,-0.02186014177231584,-0.026656796914304174,-0.014394080917577884,-0.003172974322200655,-0.03198318876890702,-0.006830131049975376,-0.028467286539112447,-0.02001831071853799,-0.00920224762242167,-0.003568971612086778
2024-10-24,-0.0008238026728189443,0.009000562616286057,-0.0003685456434443794,0.007002872880678373,0.007229647873372426,0.0003060802801730216,0.0060720217520949405,0.19818699146920754,-0.006806069860377518,-0.005669994657987235
2024-10-25,0.003636488391029159,0.00774968161813032,0.01554955478202593,-0.011938734102610822,0.009587814153876023,0.008019871894526685,0.008015632664506103,0.032891334056112616,0.006664299723624962,-0.0008364367901414218
2024-10-28,0.008562709354567575,0.0029769707636567114,0.008735054302350146,0.014247382677650978,0.008528591712347851,-0.003650155047104278,-0.007232596982339709,-0.02512824530239814,0.0012038431619158401,-0.004949829977362297
2024-10-29,0.0011562144016839257,0.01286871001658346,0.01759858400051024,-0.011596913489045478,0.025816131782682654,0.012486396273910055,0.0051815815969045815,-0.01145548515134625,-0.00551725444058659,-0.013718633516910519
2024-10-30,-0.015395892863044106,0.009907234588807516,0.02778139394462093,0.00675148852688701,-0.0024980742356987442,0.0013418559081776293,-0.013614328493164187,-0.007619899978935549,0.0014754749545788993,-0.005043408933322921
2024-10-31,-0.018377249820004563,-0.033395354035536236,-0.019388970460361185,-0.011157751241384604,-0.04178687672077642,-0.06243688508007259,-0.04837410230040139,-0.030353066395916374,0.0027317646023905834,0.0007709654151945562
2024-11-01,-0.013368657279617936,0.060018526321249224,0.0010514243587502292,0.004585546530367164,-0.0007402668024920348,0.009844348239530856,0.019690361553806386,-0.0034882074251497285,0.00540592988493872,-0.015794544044571295
2024-11-04,-0.004045739590803406,-0.01092182223034851,-0.012040135889367988,-0.01427554386059732,-0.011491009770449917,-0.004665082395465662,0.004789111636954438,-0.02496977961188871,-0.017399525337345484,0.03134363164202603
2024-11-05,0.006465391253624277,0.018822662731709527,0.002950081150938069,0.007750476535719188,0.020739720658265574,0.007317725510250185,0.027977080972444206,0.034801627017114346,0.016465461030084626,0.0029464802439604296
2024-11-06,-0.003272339653004405,0.03733922736991464,0.03910949375685191,0.10925385514342534,-0.00066380991986281,0.020971353584178253,0.03993230295097754,0.13759466024737685,0.05098544416148897,0.01700312235182505
2024-11-07,0.021146913161772897,0.014192148444279072,0.023737556195240723,-0.044190647192721595,0.033773462603151505,0.012417255396036598,0.02220896417441543,0.028630012464395397,0.014574342817388394,0.0012390173347715317
2024-11-08,-0.0011889140373881894,-0.008942557238934116,-0.013367118720244302,0.0025351148969980407,-0.003996581524368454,-0.006816318768595003,-0.008431654418616083,0.07869717552417867,0.016966423996154775,-0.00033026350196857426
2024-11-11,-0.012101462056794224,-0.006457525082191674,0.011151523568566593,0.009700442681426438,-0.01052452761734029,-0.01077871574891345,-0.016183798650895066,0.08580690404849912,0.01521304588928906,-0.005298428985124852
2024-11-12,0.0,0.009958024917574623,0.007017145738068795,0.0011276823622106572,0.002825373292241579,0.011937798332350485,0.02064444252601546,-0.06342678815128278,-0.01706600495055439,-0.0009966475355699647
2024-11-13,0.003961227260456902,0.024539669362855586,-0.01520130897172998,0.006656693248180416,-0.008275990427301785,0.005116419333009911,-0.013715568501128726,0.005313266949669512,-0.01441999794681808,0.009263193878171686
2024-11-14,0.013676558918351138,-0.012312812938838414,-0.018620430182169884,0.002939712791084527,-0.0049086446874017945,0.003966815489808993,0.0033443144811491085,-0.059448133931949705,-0.021218174328682473,0.0006638150623169255
2024-11-15,-0.014209705038315017,-0.04284745921407231,-0.017755480639523494,0.014122369639070395,-0.04081027291061119,-0.028247881399319382,-0.033112254779601565,0.030196972790488486,-0.0015522286514408113,-0.010422425736894385
2024-11-18,0.013332890302858228,-0.004501522120521958,0.016159478620187923,-0.0011420593927410007,0.0005774902571950108,0.0018298447029149393,-0.012973058291958618,0.054664350493325395,-0.004365878797715597,0.00834657239849956
2024-11-19,0.001139628516370541,0.014324301331484211,0.015958708807999208,-0.007948971140281017,0.011994875825678743,0.004870550761076375,0.04778738376240157,0.02120595242401374,-0.021687163282933422,-0.014062460763402838
2024-11-20,0.00314906075523618,-0.00849103584511627,-0.012087163371437884,-0.009548079500341733,0.007864239496606246,-0.005520415565755313,-0.00764771921376297,-0.01154032611298051,0.03992048133678538,0.014145478444070839
2024-11-21,-0.002098159514320617,-0.022430287385072762,-0.04861109152430496,0.016394427150616824,-0.004306365695209413,-0.004326048547070253,0.005332530784487842,-0.007012172684276001,-0.0050249266896150524,0.01329224804526996
2024-11-22,0.005890118998824846,-0.00637175235688548,-0.017269409969133197,0.015366027568842427,-0.0070395198409019194,0.009953379375014193,-0.03271045536092185,0.0373345373484672,-0.011141622917748603,-0.0011487700715296036
2024-11-25,0.01296632752542461,0.021728540914003922,0.017388766650503335,0.0069761347597060265,0.010620519025923989,0.004283442701837073,-0.04267304050457943,-0.04043088853449338,0.025003454562862702,-0.01505656787669592
2024-11-26,0.009360522697987624,0.03132358260823768,0.008729899835443984,-0.0012791934392307348,0.014807275778926923,0.02173012399756939,0.006594949435241287,-0.001063755153845317,0.0015833684174950556,-0.016811307248325445
2024-11-27,-0.0005532492019868327,-0.010251516694207487,0.0006500970518287142,-0.0007205230703119142,-0.007595836806284423,-0.011751226216577511,-0.011606644920912157,-0.015914020837727676,0.002617003967019314,-0.0026312410347525115
2024-11-29,0.01016416250187591,0.010395828320660513,-0.001655847611014537,-0.0002801784403175147,0.008954950253737175,0.0011104618943540707,0.02127337253396075,0.03619593916712737,0.002987087494605671,0.0025465011579111608
2024-12-02,0.009477405374097839,0.01347372166869659,0.014922239434350261,-0.013993094402352713,0.03172094451852675,0.017602782790475825,0.00274500266141855,0.03397975234247804,-0.002757131218225229,-0.000933023652243135
2024-12-03,0.012690926475756339,0.012872961773847143,-0.000875147651346955,-0.005823918518119762,0.03451689598381253,0.0005102584300479699,0.011689217651780666,-0.016005713052796626,-0.005421313679202265,-0.0015285215728215523
2024-12-04,0.0014825202795866687,0.021872981158047995,0.017529492070345723,-0.005817065998467598,0.00021195115520450657,0.01432181482952482,0.034200876209872694,0.018355288553428408,0.00914469475666821,-0.0292324637295015
2024-12-05,0.00012344947444362737,0.01089568506430313,-0.009970795841499342,0.008509293201172372,-0.00793335594132295,0.011817745785723553,-0.00048226578855631004,0.03178623389945424,-0.053502418643186396,0.004365627132095095
2024-12-06,-0.0008232634079286868,0.0289577215747153,0.011918854689915836,0.007629333672270118,0.024078423872081853,0.0021440918669180255,-0.01822645641816173,0.05202108959673976,-0.05202371026875999,-0.01059780242942188
2024-12-09,0.0159728526957526,-0.004149028072046192,0.004915972179169151,-0.014455595931339497,-0.016487472898345915,0.005508147432285895,-0.025814993494586966,0.0014634148953150045,0.023644275833621452,-0.005916958636522155
2024-12-10,0.004125335897300901,-0.0046549995431563376,0.05437632966192577,-0.003904157482090104,0.009328035138665869,-0.006049461917364002,-0.027312691889504383,0.028328310501358537,0.008118784645111612,-0.002039247862736694
2024-12-11,-0.0051794900677476,0.02293094704166927,0.053774445177567666,0.0027550677455344453,0.02134245796546778,0.01268619633097442,0.03090825170916927,0.0576113551148347,-0.05764642545374977,-0.006678931846485885
2024-12-12,0.00594596647154306,-0.0056180854522786755,-0.017761768991119073,-0.008246465826795233,-0.0029916054431500445,0.001268703979620931,-0.014241909844281612,-0.01582716714006912,-0.03387395314027986,-0.0008939282174904667
2024-12-13,0.0006854307148722756,-0.006616567663893641,-0.011210657151384806,-0.00660483596408991,-0.016689217189451686,-0.005106774803950836,-0.02275584086138682,0.04244899941747966,0.009109949924714646,-0.008802682743304745
2024-12-16,0.011659379140599202,0.023763519526408726,0.03540001301422856,-0.00150154181576472,0.007057396481549712,0.00961216036972365,-0.016902029406532425,0.05960057359180242,-0.04314793511981529,-0.021614045040990872
2024-12-17,0.009672590806588202,-0.007671123770165903,-0.006325309344194361,-0.005105107375249435,-0.007719125004877866,0.006335214997484733,-0.01227177625408211,0.035724138195772255,-0.02638307768160608,-0.004249831407404536
2024-12-18,-0.021654426962140313,-0.04707841093326951,-0.036583630911262585,-0.03409554575767427,-0.03658062548154668,-0.03828456158985239,-0.01141563428242536,-0.08642421525210743,0.028827475945869898,-0.01483027623886055
2024-12-19,0.006990221749266729,0.01248293187603738,0.000583571526291184,0.011180102509140867,-0.0027163358419392335,-0.000823454305174846,0.013637133152473621,-0.009038042516689774,-0.02117432320752036,-0.008587848738466297
2024-12-20,0.018641036928622748,0.007273430311082978,0.015266760785834303,0.01972182476420735,-0.017479588506027054,-0.0009844067701321902,0.03029851814395633,-0.0352567708528249,0.02199445028791474,0.003406242273422728
2024-12-23,0.0030601580732349458,0.0006222471909635992,0.016682642109763335,0.003319446326282013,0.024640219198029258,-0.0030968634080699134,0.036232395722880506,0.02240426356053564,0.012340299471731066,0.004053396350697441
2024-12-24,0.011412728025814072,0.017573311182246233,0.007575226090082129,0.016309897740190916,0.013084193902390757,0.009330276186860746,0.0039302246608490955,0.07099116636191981,-0.000473986902582285,0.0009401750003581027
2024-12-26,0.0031706612920804583,-0.00877006267142877,-0.0026037581028347423,0.0034194807458774626,-0.00726635322552814,-0.0027809570019999624,-0.0020704187342730253,-0.017787254049436575,0.009928735872778068,0.0008456524236020664
2024-12-27,-0.013330625341669195,-0.014640913829901727,-0.014625933441211797,-0.008135305328203902,-0.00588420549101934,-0.017452855000880004,-0.021088412374471833,-0.05074526160258332,-0.0022720295852072113,-9.402710086185564e-05
2024-12-30,-0.013352273327109662,-0.011010096307821616,-0.007916618505026382,-0.007700515995074647,-0.01439119170533071,-0.013328063281199778,0.0034973419256118647,-0.03356928885086787,-0.00430343770325161,-0.006784747660687831
2024-12-31,-0.007082816856418671,-0.008668295678212696,-0.010196188325730486,0.001628240716718987,-0.009738704621251692,-0.007869199410981303,-0.02354960955637037,-0.03305021011916344,-0.003827668207433245,0.01696941378781496
2025-01-02,-0.026586203709362627,0.0037760870596221323,0.0006865525797872122,0.001209204051645223,0.023178933646981634,-0.006951738382486065,0.029496033840789675,-0.06274403546918701,-0.002672338226223283,-0.0024198967247553533
2025-01-03,-0.002011436163035764,0.017866865271653997,0.012381354488879788,0.013574073018942666,0.008954371786821064,0.011331182920603807,0.0435743586509182,0.07895504556688626,0.016688230680923084,0.00511217651460141
2025-01-06,0.006716401892926027,0.015139723199454355,0.026142590346137216,-0.004887436319928078,0.0414207926569277,0.010573448349415317,0.033756097968553084,0.0014850709586745647,0.001305076719341333,-0.0011131394286313493
2025-01-07,-0.011453086178668505,-0.02446088330127337,-0.007034405033647789,0.009586442055879333,-0.019726773778790146,-0.012890962936655525,-0.06418618889875241,-0.04145067133894495,0.0011286139710419201,0.009330765909873579
2025-01-08,0.0020209133301735496,9.006065292212719e-05,-0.007908831721912273,-0.00016455747025737367,-0.01167200897136183,0.005171606874846644,-0.0002140784332443731,0.0014697002488740785,0.0197740000751671,-0.016877287372220818
2025-01-10,-0.024399057895536078,-0.01446508722386957,-0.009896682771715237,-0.013499070357979629,0.008381120160249595,-0.013301688112413444,-0.030434734849957693,-0.00050656522430214,-0.007328830140183099,-0.0036539365441642193
2025-01-13,-0.010397946612852217,-0.002194768679336334,-0.005377954464138578,0.0179314216214528,-0.012302093974115495,-0.004209867923551758,-0.019916107113052483,0.021478195369560783,0.038523341446634565,0.02548434291246808
2025-01-14,-0.004789576547470826,-0.003209448470719685,-0.007092716122983028,0.013260753698240228,-0.023417276125994205,-0.0036500819986422573,-0.011094959199039352,-0.017382638722844804,0.00479321763759995,0.003926876441881154
2025-01-15,0.019484857506042487,0.025346561447878273,0.030583158827647408,0.019527729636479165,0.03776316930785419,0.02527506458520857,0.03343612993800147,0.07731423282838396,-0.0005888576413867798,0.016182591543100245
2025-01-16,-0.04123901374109996,-0.012117003196939351,-0.013592417665492084,0.0075796868418878316,-0.009475669430981612,-0.004066353561445211,-0.01979244486418121,-0.03420597069137606,-0.062315614870661104,-0.0017053638646353836
2025-01-17,0.007507099436849205,0.023646416176010977,0.01589105681344913,0.019048948613252344,0.0024019225716420942,0.010426453968682723,0.030524293657518412,0.030181252561434033,-0.0016268056977408684,0.008942977421972639
2025-01-21,-0.03243626204422239,0.02089205157407654,0.010404730608155194,0.014822581416399505,0.006003815316318896,-0.001236095393797355,0.02240342366215413,-0.005713813715474756,0.02943925688975523,-0.007596403543057841
2025-01-22,0.005330651846216455,0.018466503377704703,0.0016144070929170783,-0.0007227866201157818,0.011355222543898112,0.04047655564335462,0.043355306092807584,-0.02135504315494337,-0.010089072252062571,-0.017557084920519113
2025-01-23,-0.0007598037872330465,0.0017431021503980866,-0.0019679402319262708,0.011762976458426801,0.020557168461758573,0.0011423517199528512,0.0010195334947002786,-0.006598243859181292,0.019152881875584872,0.0056446532514067985
2025-01-24,-0.003942292486275984,-0.0024241067445139475,0.01120088474066832,-0.004182432194248876,0.01719732542666591,-0.005950001829027908,-0.03174452284628787,-0.014164587635274254,0.005158571188490424,-0.013619287985804831
2025-01-27,0.03128569621418259,0.002424106744514067,-0.042861677850795143,0.003806266346203998,0.018954808102042628,-0.0216255679575644,-0.1859461295769258,-0.023466650856007368,0.020464823553907552,0.013800922110434021
2025-01-28,0.03589207525000086,0.011529556411484978,0.018031604314240574,0.004840546926381335,0.021661479518758308,0.028671928113374948,0.08549732233247516,0.0023640734639690623,-0.001915306880432716,-0.019523124605411526
2025-01-29,0.004606230989137714,-0.004545214548106087,0.0005631951094596803,-0.0020985276066447945,0.0031981166958895677,-0.010949855451480688,-0.04187561123168072,-0.02284170549807513,-0.008106664023691272,0.005814120517530318
2025-01-30,-0.007422196765913969,-0.01030306500192206,0.027557918011328158,0.006170472111935493,0.015416635269325733,-0.06380168557778264,0.007650487335505543,0.028327903495885404,0.013786430413061341,0.008247860467502819
2025-01-31,-0.0067147921188153836,0.012872778270920829,0.015560191120015048,-0.00347312275065,0.0031680640270326525,0.0001685446050650951,-0.03743493636017858,0.010734640646320742,-0.005661305536134478,-0.025324731487127276
2025-02-03,-0.03444225187030727,-0.0010944834258047257,-0.013769543198259064,-0.0018349000592511383,0.011942831477988252,-0.010024453435059266,-0.028811057646716737,-0.05309008706919777,0.010434196468251418,0.0024307564474124518
2025-02-04,0.02079024483569272,0.01935490231141661,0.02527062061045135,0.004226255570999769,0.009602955123685763,0.0035225066373576223,0.016914177070847556,0.021988536096152256,-0.004992727972406102,0.026447046660533935
2025-02-05,-0.00141852715339146,-0.02463374228856392,-0.07571953283827111,0.00925020153178368,0.0009653285208271581,0.0022285100794791173,0.05077489362772395,-0.03645352337012321,-0.01039381323135738,-0.0007279027405326624
2025-02-06,0.0032209720557260426,0.011200132499427723,0.0014101975311406087,0.023643330025919042,0.01005036282928127,0.006102862634272356,0.030375613771208253,-0.010232799351092567,-0.01826500437554347,-0.013284001435787075
2025-02-07,-0.024260656362246894,-0.04137522511569357,-0.03321783637121148,-0.003980563963282254,0.0035470671066252617,-0.014705218194864051,0.008974412689748327,-0.03451714290429049,-0.005694760229369137,0.004233553140582317
2025-02-10,0.001186765468910829,0.01726234455405173,0.006078319304697627,-0.01740949229758217,0.004022590637269705,0.0060099118270774635,0.028322793927100964,-0.030577195209388917,0.011957940339150827,0.018921595660194735
2025-02-11,0.02159680703554707,-0.0016312726853762412,-0.006186242408266698,0.014468180556131622,0.0033398990360630535,-0.0018939914646242731,-0.0057812795125245005,-0.06547989008634725,0.0010303849223776984,0.006288216680372089
2025-02-12,0.018105291346614014,-0.01659160821196502,-0.009270179573965276,0.0016715838755450819,0.007722169981546353,-0.00585008743922451,-0.012578836101394356,0.024091057420887543,-0.012286572154474816,-0.030548638892332388
2025-02-13,0.019482232835002895,0.006270442838655877,0.013685091680140113,0.0031534362862241498,0.004374423850778217,0.003660228480323709,0.031155074127870386,0.05613428883532556,0.007141598647375618,0.007239672629875723
2025-02-14,0.012630497431350524,-0.007363076447512864,-0.0049007930684431536,0.000976563577270147,0.011069988642537798,-0.005152788043950874,0.025973566179412162,-0.00028100285016493403,-0.014544732342119504,0.0010167073110469744
2025-02-18,-0.0005316465087881559,-0.008916663909923328,-0.007913205324588017,0.012074801244019237,-0.02794320903160088,0.002958274124807595,0.003953279599679705,-0.004873623368530301,-0.04448910965500158,0.017401400291210237
2025-02-19,0.001634846288649014,-8.819720145905549e-05,0.008129227559572688,-0.002503578931578016,-0.017745104433331382,0.012445356019941579,-0.0012203107487286792,0.018050813649058695,0.020380916636041677,0.0014516682674733
2025-02-20,0.003912785711978928,-0.016685221316839496,-0.0038397076942105627,-0.045608194684184825,-0.01276994939877429,0.005276655491934729,0.00630062254391456,-0.01723217010242546,-0.01701155360755578,0.0152948134385748
2025-02-21,-0.0011395912221459537,-0.028673529284667792,-0.026908457021262395,-0.009641381456490357,-0.01638201312792727,-0.019215938320070784,-0.041384173100420404,-0.04797223327197698,-0.07434983211843815,-0.011765171107590644
2025-02-24,0.0062924693847840555,-0.018030235415601108,-0.0022845987627203527,-0.011035629386150457,-0.022816889336612568,-0.010366975449722692,-0.03135766041650483,-0.021756545199510743,-0.010561182358555255,0.0052259387681589786
2025-02-25,-0.00024283857785364847,0.0004230045694208501,-0.02159849898527199,-0.015190982854095425,-0.01603797122430205,-0.015214119271269366,-0.028416632996102375,-0.08762494178787733,0.01901548587836795,-0.013936719333862087
2025-02-26,-0.027412579159716153,0.00725744971005982,-0.01545343514305694,0.005385693642448366,0.02434011083395561,0.004588705113281663,0.03606330147835485,-0.04043677756749929,-0.014540317995953535,-0.002463574451562442
2025-02-27,-0.01281242899623868,-0.02652073681079169,-0.024793859038490216,0.0010040208124067322,-0.02321522452673659,-0.018176341018283866,-0.08859173609693981,-0.030905910133740465,0.010663626566639484,0.006283794614436911
2025-02-28,0.018951085890643083,0.01681666750153105,0.010508487617865098,0.021387176374280108,0.015017827502636125,0.011298079300958634,0.03893263107714531,0.03837459125197188,0.013566399631215108,0.010655637314555336
2025-03-03,-0.015879650717306876,-0.034798596014760694,-0.019390615964946345,-0.015344917124711964,-0.01987606162318344,-0.02164364108972872,-0.09094889967224491,-0.028844050845269347,-0.016794257236851594,-0.0325921709491525
2025-03-04,-0.008861547907772136,-0.0059684204315927645,0.02314198686994124,-0.04060281053315771,-0.023243354308393006,0.0003087185601920009,0.01677937434987482,-0.045311188236941684,0.01605712992192536,-0.0020436693460858233
2025-03-05,-0.000805666320020764,0.022128220043401252,0.012211807555446715,0.005101831118425128,0.025408795609744583,0.03143514657779929,0.01123075839094003,0.025621016692865903,0.002882402290681089,-0.0197207675664466
2025-03-06,-0.0017406857767680698,-0.03745611520958073,-0.003879993295630345,-0.02003799105418826,-0.04444815686118107,-0.010352090647104926,-0.05908587863761449,-0.05770651942025788,0.024365689964527978,0.0204643763673566
2025-03-07,0.015767594068686323,-0.0072509229263983,0.008722981799346871,-0.01743015538678993,-0.003621724496243354,-0.009061112944979808,0.018991795688078728,-0.0029651004058366417,0.011740783753627951,0.012924875464238537
2025-03-10,-0.04969414825738698,-0.023922554740530594,-0.04589505280371931,-0.042408936884325545,-0.045233008901460856,-0.034005927581197665,-0.05199885786190871,-0.167545740677576,-0.02297342555184794,0.025180340050812645
2025-03-11,-0.029623809451318296,0.010482560161564325,-0.01109403867972084,-0.013351924297594183,0.012827456830197996,0.0007625896770629634,0.016501844852471987,0.037245079838722016,0.012046643714617318,-0.023896963795113357
2025-03-12,-0.017633238021959693,0.011631581915007296,0.01854210713718618,-0.005426299291832283,0.02260799186678878,0.007384891913979165,0.062294685249707854,0.07319368705023727,-0.010195083370258137,-0.0002748915122650863
2025-03-13,-0.03422268431660869,-0.02546092021137873,-0.026375655927734373,-0.011962487069128006,-0.047802773835075446,-0.011810616318085087,-0.0013834199585296947,-0.030323348875332203,0.0008518183511622881,-0.004224076209784244
2025-03-14,0.018007453235031515,0.020723473340341268,0.016634083352063917,0.03168769035897514,0.029199352676013424,0.02551855776802238,0.051349506075918684,0.037912677650069934,0.014698723033746967,0.02928995728654538
2025-03-17,0.002386162759461339,-0.011227182074080435,-0.007277549104226753,0.006389766218261513,-0.00445347503220144,0.0003602961045283744,-0.017745041757320636,-0.049068231054900005,0.02099973854198786,0.01648531583548766
2025-03-18,-0.006140428339723995,-0.015030126840267867,-0.022280737474250353,0.0044359269440507965,-0.037974552529749225,-0.013416164380462722,-0.03490315686595081,-0.05483544563443539,0.009533168254169134,-0.001055445440245499
2025-03-19,0.011918036343686754,0.014007778521538292,0.019842977020507663,0.017465946714364765,0.0029149602780776857,0.011149582225986963,0.017944239750659657,0.045761190368065634,-0.001191595096986144,0.015455474914102398
2025-03-20,-0.005310465964745333,-0.0030218279679656837,-0.006673026614373625,-0.0004183991512593572,0.003316201250054885,-0.0025301404157238396,0.008557532266214028,0.0016944590202751025,0.01596869352265694,0.004236712337804334
2025-03-21,0.019289597898125593,0.006442448675219972,0.007283187574583299,0.010902310231549134,0.01734007657607589,0.011361204100165565,-0.0070270460654743025,0.051354715813140585,0.010796234646074421,-0.0034571782699026996
2025-03-24,0.011207406057225274,0.035300372234540224,0.022251824150376666,0.026262984453868984,0.03720287482500067,0.00464079056594905,0.031034323089008616,0.11273547481030481,-0.0006774742344650145,0.0025940208280007568
2025-03-25,0.013588997507271801,0.011981521917604297,0.017029721502325113,0.01230005199270108,0.01198256995941993,0.00527754451456487,-0.005947987191630208,0.034423463077927825,-0.005961573364785403,0.006798895228826058
2025-03-26,-0.009971301926914259,-0.022515953159889142,-0.03277809152325519,-0.0003983064545836693,-0.024781258219336827,-0.013220881220635165,-0.05913432079483433,-0.05742390273973801,0.009247662808869147,0.014306723777052308
2025-03-27,0.0104182984450265,0.001142864416179142,-0.017232326748157237,-0.011659982809724502,-0.013843836447341376,0.001562956824926183,-0.02069428080485336,0.003925268964187849,-0.004797400763951099,-0.0032182596028595195
2025-03-28,-0.026940121499928256,-0.04385598921751466,-0.049983543791598535,-0.021468469940010126,-0.0438287674623077,-0.03062443412386086,-0.015920810278033142,-0.035704833212183235,0.0006203438283672582,-0.0013580755645383918
2025-03-31,0.019226652685573595,-0.012846835734262143,0.002006680614761715,0.010037986814134592,-0.000659219417550704,-0.009042844245645049,-0.011832338692772849,-0.016797411271064034,0.01483023809739286,0.010141162090953388
2025-04-01,0.004760596951724679,0.0099888585095992,0.015591686618391963,-0.006708183792437938,0.016587560186039928,0.01795238019301857,0.016199519385009103,0.03525624951763979,-0.0012036686665290793,0.0009244902655503073
2025-04-02,0.003131449965822007,0.019785262896237093,-0.0001910045077213219,0.008825732095664762,-0.003538771290622301,-0.00013080204333222706,0.0024482095624450565,0.05189662060946535,0.0001530334172895037,-0.0031130403700494404
2025-04-03,-0.09701327725574928,-0.09408135739928593,-0.041076748357617966,-0.07223209330019403,-0.09385222388247423,-0.02391393226399924,-0.08128113662142608,-0.05630172235818194,0.03241980906951749,-0.05401565082903974
2025-04-04,-0.07568039686961289,-0.04242073641032032,-0.03456054459469499,-0.0777867615988934,-0.05190526852380491,-0.0362137085552935,-0.07642284060203691,-0.11003572551557192,-0.028890140441363576,-0.07467615684479953
2025-04-07,-0.037425894428438855,0.024606997782102066,0.007867307529268284,0.01958996836954124,0.022567398048419417,-0.0055175678544593905,0.03469986265602213,-0.02597878190231111,-0.0006668300469952869,-0.013508378411991276
2025-04-08,-0.0511019067487591,-0.026597259717812963,-0.014067967747294522,0.01126812775839192,-0.011298402585789956,-0.009264287875948546,-0.013818794195566116,-0.050235731001905815,0.05267607324406999,-0.0213056632558225
2025-04-09,0.14261742992966572,0.11312358861813517,0.09241615392602397,0.07747490486919889,0.13763471252054985,0.09652473588824646,0.1716206145941036,0.20449058000160122,0.04493588943473966,0.04870985049568803
2025-04-10,-0.04331860027158277,-0.05308511365514066,-0.037818018244718477,-0.0313385242908456,-0.06977751816933798,-0.02368473614430447,-0.060947224933162604,-0.07552202857803939,0.027113794829309215,-0.05708049213791787
2025-04-11,0.03979205201326046,0.019941079422269643,0.027876389854704486,0.03924442309370429,-0.0049912810085314605,0.018446924330860537,0.03075760220810597,-0.0003566259450701537,0.008493441217276647,0.031617314465031764
2025-04-14,0.021814438723068853,-0.014987065296594422,0.01220721269328613,-0.006285639096966508,-0.022492962283752735,-0.0016489968814464057,-0.0019852374012843607,0.00015855643290671638,-0.020918878574904935,0.0024209951901037184
2025-04-15,-0.0018781629607928306,-0.013989329016472998,-0.017503266619157503,-0.006797078552836505,-0.018917884393061087,-0.0053777568602021725,0.013368825843533143,0.006950209565496565,-0.005928208163468295,-0.002808957867889482
2025-04-16,-0.03971163515171121,-0.029726389380639047,-0.019248531013854178,-0.015214015174744022,-0.0375302518486933,-0.03729283092115596,-0.07119163198776939,-0.05069074290399683,0.002481425292882484,0.010516850597491237
2025-04-17,0.01385326961736306,-0.00991534732389348,-0.014253571240405816,0.010182722582224383,-0.001653686954136861,-0.010360046045597416,-0.029131124884456797,-0.0007454979855451015,-0.2533407580777855,0.025864624275400178
2025-04-21,-0.019583173582889205,-0.031126527586896723,-0.0233590047423015,-0.01288657637040385,-0.03411624519337691,-0.023828313138229806,-0.04617743203453541,-0.05918076725792799,-0.06547421022002749,-0.014792690343733964
2025-04-22,0.033497600908839256,0.03442328337941731,0.02540762340611101,0.028414652798813552,0.03172040015501791,0.021214668131957215,0.020225301724121302,0.04499438204493094,0.004340172640155207,0.027616987263745885
2025-04-23,0.024040339983121523,0.041953201051518486,0.025293074533903087,0.022205904403166107,0.039180114316140595,0.020426802573044366,0.0379013387731925,0.05227194715975201,0.001824195788934932,-0.008624248548356693
2025-04-24,0.018258318888437167,0.03236098252849648,0.024982996190434044,0.015488827460771704,0.024454919745647223,0.03390151593881499,0.03557797705384787,0.03437870754426389,-0.008706697035965012,0.011666719833604143
2025-04-25,0.004357856364999782,0.013048475365695443,0.016685723140924726,-0.004465402528273779,0.026139238489699314,0.01167964775446588,0.04213303026634233,0.09351849398026,-0.013311567415934054,-0.000552542097898634
2025-04-28,0.0041008034494880476,-0.006849205339079859,-0.008370396774210052,-0.0013559303218743958,0.004503127868029759,-0.0017625420429888503,-0.02075268445051165,0.0032583903115033577,0.0032433372099977638,0.0005525420978985309
2025-04-29,0.005079081126148733,-0.0016529240033086564,-0.002805583352231381,0.00573957349089162,0.008513242255547834,0.007335833623205081,0.002663558641263587,0.021284373105168935,-0.025977400408961737,-0.0024885520638616124
2025-04-30,0.006088971378046705,-0.01597624814818092,-0.00852786684708199,0.0,-0.00986021086835761,0.0030912622204117227,-0.0009176939191680513,-0.03438223363024816,0.005385836630816763,-0.025516710110538087
2025-05-01,0.0038515413756799494,0.030860378884021808,0.015620399712381517,0.009236954927443163,0.041407731045534336,0.07348611547742391,0.024397036741896447,-0.005829314402079844,-0.02649996751656046,0.0014190361379598961
2025-05-02,-0.03807762521706469,-0.0011573530932638618,0.016783482966359536,0.02250791075315291,0.04244449126698593,0.022959640924329193,0.02556424074860387,0.02356864125337387,-0.0018985648298464014,0.004056934442375999
2025-05-05,-0.03196397223700487,-0.019292122294797282,0.0010965998897592634,0.00019800019864706612,0.0037618057854481696,0.0020426343995849886,-0.0059566213731137895,-0.024495847170982712,0.01215321173737514,-0.02807143896598183
2025-05-06,-0.001912397416584479,-0.007216810697897855,-0.005985740439409423,-0.01319245971353123,-0.020159628982427902,-0.006578732332859598,-0.00246293434382987,-0.01767474071206643,-0.025773250217560557,0.013847723432359498
2025-05-07,-0.011450203516695227,0.019801632738363474,-0.07536710846685259,0.0005614869555109479,0.01604599000847935,9.23431826733342e-05,0.030531372534669164,0.0031546161942166075,-0.008783501702465939,-0.0009554442459200034
2025-05-08,0.006298605131348461,0.01770048072706834,0.01897594140947399,0.01622762020425285,0.00200882470924315,0.011061304887676215,0.0026447494428833156,0.030659773437438274,-0.014190210011264259,0.013860114056511264
2025-05-09,0.005252289200209628,0.005089047328857853,-0.009966540612784605,-0.001539827801498134,-0.009273694707150424,0.0012770742226299793,-0.0061534195598592,0.046108194570086934,-0.012816772829692251,0.011622514950271725
2025-05-12,0.06123262724825964,0.07760926703827985,0.03669961114484308,0.02716825512553586,0.07624324252168821,0.023717562455697692,0.05300639191595005,0.06528003118679684,-0.004977773989822755,0.017092932890631247
2025-05-13,0.01010106235867937,0.012999853383055317,0.006729941516736186,0.011318163815433656,0.025629319997799663,-0.0002669673066138986,0.05481143911457764,0.04810492051681205,-0.19586230353737083,0.0027445478453984587
2025-05-14,-0.0028217713493744537,-0.005312830342904736,0.035953386916818875,0.009950110856945077,0.005063271290366972,0.008424979885695592,0.040794333884640196,0.0399319216619113,-0.010881704876852341,-0.008993439049795998
2025-05-15,-0.004153083573271982,-0.024458403999516362,-0.008562939326427425,0.006939862203038388,-0.023757253194432417,0.002253533281869858,-0.003775565279316689,-0.01407694599861275,-0.11572770093965609,0.010089386061630422
2025-05-16,-0.0008989652784504231,0.002044981599618388,0.01350918436993748,0.0002617849837399496,-0.00551304536575865,0.0025126157651852565,0.004218720774885204,0.020670491941373468,0.0620409329007912,-0.0035982690536243023
2025-05-19,-0.011808497154382657,0.0027687076543828405,0.0021037447107229413,-0.010066993682173208,0.00014048178960927117,0.010075320252864658,0.0012549174991100046,-0.02280219175263177,0.07894854663480647,-0.016025614515482775
2025-05-20,-0.009238837244430798,-0.010189475975831036,-0.015490993967462221,0.0030158031976454808,-0.005213323462612248,-0.001526713133381187,-0.008816764945795705,0.005044436283555748,0.01785212466622676,-0.014379299017031895
2025-05-21,-0.02332908328372771,-0.01456138756787949,0.027547195544859255,-0.017618968853129253,-0.0025144736501753317,-0.012297804062460217,-0.019385842157549956,-0.027122740878422213,-0.05957941671350377,-0.012367698268566495
2025-05-22,-0.0036187788474254367,0.009796778074282054,0.013611356160028275,-0.0014184089837435817,0.0016822808290414093,0.0050471494602969125,0.007784652353976107,0.019004252475032086,-0.021046333229116337,-0.006678552617750865
2025-05-23,-0.03071116813736846,-0.010443315729919602,-0.014145401469472072,0.00015326521622591597,-0.015052116609614632,-0.01034209783730435,-0.011661705628627736,-0.004997253689502847,-0.003714694294982473,0.0005824975353555206
2025-05-27,0.024983548846978114,0.024718089285440805,0.025955740333611702,0.017415044705874606,0.024044345712002008,0.02307781817198166,0.031562974414774195,0.06709725458197968,-0.001930514289980425,0.004744558556696193
2025-05-28,0.0010484741483827735,-0.0063300743793082,-0.003128071068167838,-0.006808302445694638,0.0019598527300669993,-0.007254514403993796,-0.005105197879147071,-0.016644185010272462,0.010487214356696042,-0.013714154869255124
2025-05-29,-0.002347923687940267,0.004775584008620333,-0.002905185235183405,0.003334470962155389,0.0022813657603524516,0.0028819468223061787,0.03197364001261402,0.0042777491260106125,0.00020132171691056305,0.005664127259147425
2025-05-30,0.004491048247860381,-0.003360050181078922,-0.0006983558423193815,-0.0014005892807495784,0.003775542062371503,0.0036559669095882785,-0.02960276100814062,-0.03396601533337422,0.012465224858988603,-0.0038050481367014853
2025-06-02,0.004223109664034628,0.007967779780350723,-0.01590565280200409,0.0024967426345732734,0.03551669556662955,0.0034912232198429038,0.016513571067676532,-0.010941091649071494,0.009264333960453251,0.007304530768365437
2025-06-03,0.007753652101768954,-0.004559068820302432,-0.017004577411235264,0.006064970757081103,-0.006054908305228241,0.0021622196310049436,0.027568143033128163,0.004599945784019605,-0.011552402625617892,0.007251790286877715
2025-06-04,-0.002216156247523734,0.007361824330479196,0.011190112594248293,-0.007728812444571169,0.031151014874619156,0.0019421147296458485,0.004944452820801603,-0.03614067809813415,-0.0027926372265186985,-0.014556321055243234
2025-06-05,-0.010856506920465105,0.003276044436817532,0.000951527139694515,-0.008628369401165526,-0.0048522498762754735,0.008180024061900779,-0.013692477144002707,-0.15384948606327908,-0.015229559823134557,-0.004605016027676551
2025-06-06,0.016265240532287863,0.0268593707089079,0.032001244374369,0.014327143189488321,0.018939640339991105,0.005756472936805863,0.012282438659848481,0.0360138325066553,0.024640051377445234,0.023678848015312594
2025-06-09,-0.01218652399455137,0.015840481625608156,0.01499065329316167,0.0037935608094848213,-0.005245183341083723,0.005025894689626702,0.00640055182861995,0.04453121583281344,-9.908339541095468e-05,0.0066909786029441766
2025-06-10,0.006037878007107109,0.0028993089092675243,0.014153575515894431,0.0069489244199236536,0.011944677494993484,-0.0038784480839749737,0.009281628766522401,0.05519232015438431,0.0019770002556114097,0.02120820254911204
2025-06-11,-0.019380289880856667,-0.02047379463536867,-0.007023575655756804,-0.0016768250459485443,-0.011829370327077208,0.0036034328269798532,-0.007810937621434968,0.0010421025390305668,0.022040430422009403,0.019305150200764537
2025-06-12,0.002110526416483395,0.00018763973740853443,-0.009347203656434072,0.00033559002400728724,-0.0011244147067064033,0.013137392112509926,0.01507863366673007,-0.022679683166052338,0.025245303556064105,0.003834961700109645
2025-06-13,-0.013901310186158086,-0.005360427367806428,-0.0058794228603897,-0.01234099328818664,-0.015244931601828224,-0.008198522624182261,-0.021117978137043802,0.019242741328905938,-0.015727414898278898,0.021546863044020766
2025-06-16,0.009977977247371143,0.01868340140955021,0.01195096303692082,0.02021325919917716,0.028569098931769298,0.008762206624392595,0.01897766751199451,0.01167425797647222,-0.011825975378253702,0.0032056958598115325
2025-06-17,-0.0141096221430526,-0.0059407894922021915,-0.004649618836081761,-0.0031118127507298986,-0.00698898506383578,-0.002298420651918682,-0.0039472546521019305,-0.03960360944657592,0.003925087939273739,0.01342296491601227
2025-06-18,0.0047931172833160654,-0.0107643805780299,-0.015060321068794591,0.016339469482783465,-0.002096240438237996,0.00459163485282474,0.009392396706195575,0.017857560202303197,-0.00542135158605737,-0.007130507980410811
2025-06-20,0.02223552271118748,-0.013405860444963166,-0.039303786334377394,0.0037890238234018878,-0.01947651458798425,-0.005931316314077841,-0.01126757310977725,0.00034155282181088666,-0.017038970643625223,0.013252149590383466
2025-06-23,0.0024844434208612398,-0.005835109391705959,-0.008739481297922902,0.01182089685682301,0.023435748705005838,0.01785394910156335,0.0022221085511937373,0.07910624722725408,-0.004413481174579491,-0.026145270497059964
2025-06-24,-0.005973143235657363,0.02041663831593163,0.00951935293952093,0.010687507753025474,0.019380501354321664,0.008421155175010284,0.025543093068303727,-0.023827555571310416,0.016295850282149797,-0.03090040984558558
2025-06-25,0.0062707707992621506,-0.0036726605052765328,0.02317467508498733,0.009906035960693603,-0.004954748287888709,0.004397549239269701,0.042427200443476455,-0.03868634165630777,-0.011849271969178036,0.00027700126275560165
2025-06-26,-0.0027820709844659608,0.023911043937020576,0.016617771383963753,0.016375772302118827,0.024269923612610322,0.010467716297097184,0.004590706361105659,-0.005418374727754274,0.0019846547191243362,0.014838126694673524
2025-06-27,0.00039788021966220247,0.028065998915184062,0.02834858777084936,-0.005695852818361664,0.01033077379209803,-0.003040137448708796,0.017457330302646516,-0.006621400161764133,0.021219376482809478,-0.005561356055740108
2025-06-30,0.02013599010763968,-0.017665207343808734,-0.012966691875110048,0.009705171669048766,0.0060610434685441136,0.0029597173210317764,0.0015201689001292087,-0.01861926308527601,0.009209924583214625,-0.014550387818270769
2025-07-01,0.012833559671422051,0.004865337820140418,-0.0022155272806623463,0.001723148135476735,-0.0258985529772242,-0.010834343110625465,-0.030134954669382066,-0.0548353231730864,0.04441965555013052,0.013269540297765609
2025-07-02,0.02198727246252242,-0.002452467458083949,0.01579813351756416,0.005460086233491475,-0.007886649320482447,-0.0019528414089774327,0.02544022027251973,0.04848766871497916,-0.058656527488601215,0.016433291435405162
2025-07-03,0.005211324649086169,0.015744829251554494,0.0049697070065429045,0.018411744262254476,0.007594742933843095,0.015657978159670783,0.013203286621560333,-0.0009508330128998894,0.0032135956133813393,0.01030246684990529
2025-07-07,-0.017001530618853553,0.00026851753624558485,-0.015379751867221441,-0.013708487143463162,-0.0009184257726390464,-0.0022477377081232507,-0.006927444170970858,-0.07030747928005848,-0.015810567184763823,-0.009762340369286197
2025-07-08,0.00028565044816167973,-0.018562963722362852,-0.01384041957997884,-0.031981841615752835,0.0032242744395905567,-0.002212524959093404,0.011060953925272335,0.013080017887538436,0.013051975885577603,0.02734303832056768
2025-07-09,0.005366309592885226,0.014392611963869678,0.012878314492738737,0.001342997827733495,0.016664432461617487,0.013778451903080153,0.017839954149815006,-0.006501707849529535,-0.015689476557066515,-0.00342111846151593
2025-07-10,0.005996920260517877,-0.0012589875178301406,0.005645855709103899,0.017607762770863695,-0.0075890703399782876,-0.004039912432397527,0.007462304828640099,0.046198855706690405,-0.011288005785534364,0.009880618579107008
2025-07-11,-0.00590215843630409,0.012341463087489441,0.014365549984673681,-0.004625764311890364,-0.013469701293919709,0.003662488916709854,0.0049845059826317175,0.01167844971117151,0.015208783044230184,0.004341045586566636
2025-07-14,-0.012101813315131405,0.002973080927807535,0.007574250447592439,0.006393976754891,0.0047413807061852655,-0.0005962704152359871,-0.005167294757861245,0.01075495879659973,-0.011642671791880171,-0.01316785615451554
2025-07-15,0.002346074035577385,0.0029201137891530816,0.002420525381789952,-0.007475076236066229,-0.014714151319268187,0.005550985902863249,0.039614395606997935,-0.019500985006087518,-0.029953785632054142,-0.00890527716440772
2025-07-16,0.005008729029390798,-0.014059063272129541,0.005315510850617194,-0.0025507324971038876,-0.010585344564823539,-0.00039544826104760715,0.003917357282829712,0.03444095462458378,0.0026703869615716538,-0.006040778667200089
2025-07-17,-0.0006663876857385205,0.003086778258328562,0.0033283983068041335,0.014173707490373645,-0.0021362038816777947,0.011953037203169418,0.009466580458505701,-0.007050661595447646,-0.015226993721473682,-0.005091846729883452
2025-07-18,0.005508005572943266,0.009999860894734277,0.00802944364978184,0.004714693762369093,0.004083456034197845,-0.0032297575246404823,-0.003416161732074377,0.031555911584314186,-0.018994001246390585,-0.03545932316939953
2025-07-21,0.006137087201690622,0.013921126445029842,0.026870247558572067,-0.0010306240011560119,0.012263267210394516,1.9577176493128996e-05,-0.00599211069184411,-0.003525100711992725,-0.0018058941621005617,0.0025948578337135356
2025-07-22,0.008995498287768371,-0.008012836242670535,0.00650174301043734,0.0015798490125880048,-0.01151102187915983,-0.00943534406745949,-0.02570983981554549,0.010959828902223289,0.010541617829173998,0.004524770777415126
2025-07-23,-0.0011667111931849708,0.003598354221935051,-0.0058181618895554645,0.018123794449837118,0.012366438869383939,0.0011866969552349778,0.022202821029685644,0.001354092368731555,0.025553725991873468,0.012724954899434298
2025-07-24,-0.0018228062438944844,0.017111520335049226,0.010146596748128955,-0.0007078817982073606,0.0017080422174792665,0.009855025442978565,0.017183789848632187,-0.08552542784602506,-0.04879376890443297,0.007792791210671957
2025-07-25,0.0005612560321282327,-0.0034075702705455803,0.00524191491805193,0.006956077390406289,-0.0029703051172506375,0.00552425123558905,-0.0013824420820837484,0.03463720149934859,0.008863011797953495,-0.0035264368039481116
2025-07-28,0.000794555957921764,0.00581605955069594,-0.0031106859633965407,-0.001139325389039032,0.00692170205197423,-0.0023582421941399597,0.018558731547405234,0.029706848621968117,0.0037643314047399556,0.00937619423743613
2025-07-29,-0.013072639532385391,-0.007675754918145959,0.01632659314263738,-0.00416577171397686,-0.024873841700934794,0.00013661765729898391,-0.007040409555520836,-0.013574889801361277,-0.07754381871833654,0.012838884396214036
2025-07-30,-0.010563540806898137,-0.003555910385463179,0.003976860620187278,0.008681571317405568,-0.0068662906429154714,0.0013063053011405658,0.021197149286229566,-0.006747506520358081,0.018857969173599682,-0.00871957464600888
2025-07-31,-0.007104843273338788,0.016886027515609428,-0.023840725649708988,-0.011378516655294024,0.10663412148350125,0.03871541670697906,-0.00784007161844326,-0.03434052685502853,-0.06394734065512371,-0.002326241737303122
2025-08-01,-0.025321448299336354,-0.08631653211497646,-0.01453976811670322,-0.023463752784787094,-0.030761551849959407,-0.017757501552179433,-0.02360816874042725,-0.018465033347039538,-0.048395504728236796,-0.018077095829724815
2025-08-04,0.004781426286450602,-0.014540622735209882,0.03076997919072134,0.016757622686778634,0.03454264157229949,0.021760774867754344,0.035511987070790445,0.02167142527004271,0.013410031362401209,-0.02092144713170935
2025-08-05,-0.002116824474054981,0.009873169687714855,-0.0018988216546358295,-0.009869914990311509,-0.01676844152434695,-0.014839557445801163,-0.009713695587568768,-0.0017476574412364776,0.04073908844586911,-0.0012115183210514083
2025-08-06,0.04965339712597939,0.03926568541504018,0.007267889704085632,-6.863743643252152e-05,0.011110866042345171,-0.005338787256981226,0.006486298088631934,0.03560499649944306,-0.021016056107901894,-0.006830493399847536
2025-08-07,0.03129865093982232,0.003681789897764909,0.002190523150726512,-0.015252024807010456,-0.013248271632362111,-0.007841092563373122,0.00749617014752595,0.007349951735303974,-0.00452642869096071,-0.005271649671023899
2025-08-08,0.041485476775936496,-0.0019739023688590293,0.024628080094616818,0.006322837817386712,0.009757604599676235,0.002301278799270232,0.010619853644031441,0.02264179762598033,0.025104199593299695,0.007990722689808086
2025-08-11,-0.008372481025630383,-0.006261419913672536,-0.0020873858132390384,0.0027664947916633004,-0.00446852539699369,-0.0005170544828181699,-0.003509139296085911,0.028057128395424267,0.0058815828082035195,-0.009123847530607358
2025-08-12,0.010813812735589528,0.0007678847964323423,0.011574546877795546,0.01129810824604062,0.03102047216167369,0.014214843418019133,0.006023808648001382,0.005324552775796538,0.03580562424091051,0.002830594933589958
2025-08-13,0.01589742416183035,0.013855775538096235,-0.006809690055245778,-0.007953721966672352,-0.012636363204743286,-0.016498250639140087,-0.008608717349844527,-0.004292710283261014,0.03840133601978417,0.013755927463892684
2025-08-14,-0.0023599496301109036,0.028188187008165968,0.004840591154523776,0.012416995645537214,0.0026243728028834835,0.0036429073196591636,0.0023651728456153295,-0.011260099884090402,-0.0011779569786023636,-0.002046608891072205
2025-08-15,-0.00512524658040233,0.0002164587456877612,0.004719264567399962,-0.012554779213464205,0.003955742315237159,-0.0044309561673500746,-0.008662868613232273,-0.015072159502432781,0.11313533694634526,0.000939495127018998
2025-08-18,-0.003027268771365311,0.001989132843084511,-0.001963535287722463,0.003573763564209445,-0.02300755984340562,-0.005919457303601044,0.008607885130718305,0.013819862125930686,0.014628771988921095,0.0021574655694644664
2025-08-19,-0.0014301891241651182,-0.015147236228621111,-0.009529237327825738,-0.002988608723113372,-0.020924547545095932,-0.014276553756039095,-0.035625095509758,-0.017608491717904292,-0.013872510099579837,0.006537719927907856
2025-08-20,-0.019931997437494166,-0.01859199682633888,-0.011225252986794457,0.005421016033219838,-0.005016052694754091,-0.007976524864114865,-0.0013673901565778366,-0.016564741620176276,-0.01456780930822378,0.010280321029375624
2025-08-21,-0.004923303742007474,-0.008345349193359537,0.0021549869772598865,-0.0026382207125502746,-0.011595371641736116,-0.00128821499444895,-0.0023975284422295936,-0.011770166368817137,0.011638286719147031,0.0064291811831987625
2025-08-22,0.012636642229530433,0.03057093586711227,0.031246286431532808,0.016232821849506085,0.021006403934366404,0.00591227850521187,0.01705577684624118,0.06031041669933769,0.013327621079706456,0.018593769485025006
2025-08-25,-0.002637835810838041,-0.003940606259072966,0.011578261768365227,-0.004533528819771086,-0.0019759767623025734,-0.005872555348152831,0.010173380119172456,0.019196337227210383,-0.008362332689288727,0.004125134227529742
2025-08-26,0.009420062560733886,0.0033724076943096397,-0.006496264567961752,0.012367979182940999,0.0010613994178273922,-0.004412251637994562,0.010841438539146327,0.01452187916170169,-0.014637880985530545,-0.002239840132210994
2025-08-27,0.005132819774613846,0.0017910076284830656,0.00163999334346159,0.002375225494448351,-0.008951162470971545,0.009318265942303753,-0.0009356601109938339,-0.005903612812939926,0.011418219528811361,0.011238145575957719
2025-08-28,0.00894069639109968,0.010765909591411497,0.019851899025269414,0.005963239530860949,0.004978381261342312,0.0057065589755137935,-0.007905715707802479,-0.010408659566889222,-0.005246049123947168,0.005307252312803409
2025-08-29,-0.0018076304121467212,-0.011289768498294493,0.00598275417660889,0.0011618954965327219,-0.016660209097644416,-0.0058052319635658245,-0.03381164899589295,-0.0356293206445078,0.024765946944078018,0.00825881377389175
2025-09-02,-0.01047943412120275,-0.01611164706970365,-0.007353917927268206,-0.005722669168439477,-0.004871785341704446,-0.00310341676041644,-0.019712889995680733,-0.01360034804236362,-0.003459114313417176,0.0034937534839615003
2025-09-03,0.03738230681500518,0.00288041832828813,0.08742921636802219,-0.0006341631872104444,0.0026355741861525833,0.00045528627976552705,-0.0009374232451266017,0.014259073808795026,-0.0029835957010907153,-0.024537796118289015
2025-09-04,0.005478308003059458,0.041984146824532165,0.007084855004739677,0.01428761796469974,0.015615890365734996,0.005171158814636057,0.006076934309694111,0.01320230431684188,0.008087230357776733,0.0043689401774869695
2025-09-05,-0.00037538053556107403,-0.01431613896889294,0.011555884178681414,-0.03156404376239261,0.005062898355998071,-0.025864644526723532,-0.0274021587013952,0.035717557533237444,0.01601255060491066,-0.028608172786156353
2025-09-08,-0.0075800388713424295,0.014994810804568525,-0.003199520828804848,-0.00500608176587374,-0.00019940354802539393,0.006443845998672043,0.007693951967387206,-0.0127361095766315,0.0152921053141039,0.005659925273615167
2025-09-09,-0.014950642788352874,0.010124998519937195,0.0236041006980416,0.01672478945294656,0.017655317399057856,0.00042135918721157844,0.014451487517380842,0.0016441653277190816,0.08287061348766263,0.007256328798254685
2025-09-10,-0.03279133244679836,-0.03376552082845374,-0.001921554581710453,0.008990719071108023,-0.01808070885414391,0.003924906177445826,0.03775344457915153,0.0023605495234688204,-0.0032820704015161634,0.016581131813054394
2025-09-11,0.014185379725259037,-0.0016511904499798356,0.00500483067090056,0.016565351427075933,-0.0014371661262641178,0.0012782127216051454,-0.0008464691709691908,0.05868272574299215,0.019504050615341363,-0.0032051404698155103
2025-09-12,0.017410479916919613,-0.007858600093329381,0.0017873455566414854,0.004408345221256717,0.006226337555177168,0.017588548660781824,0.0036622393684891535,0.07098109112687583,-0.0031156528789966003,0.00017843033503016467
2025-09-15,0.011173278788190407,0.014274139722700788,0.04391351178779589,0.0064629286138470155,0.011984727528274671,0.010651042283926177,-0.00039384774757564376,0.03499204596495332,-0.006903477808725925,0.0016924889849958206
2025-09-16,0.006107180813938619,0.011257360441086762,-0.0017901072099666526,0.0009384413877837656,0.01852745953344011,-0.01233910087341161,-0.016277980876145105,0.027849686096646824,-0.023588102946765756,0.020526655063545163
2025-09-17,0.003521070384509722,-0.010436704109897131,-0.006511033474058028,0.00824566996319012,-0.004219497141556134,0.001923366848008421,-0.026597241403402035,0.010006196509857018,0.00537140535556062,0.005305058387096212
2025-09-18,-0.004655414393666241,-0.0016852089863250992,0.009968976707687179,0.004736231922902543,0.005822746333825859,-0.0030830622832346186,0.03434396892143857,-0.021384159862326838,-0.020076624096946993,-0.01186646540897394
2025-09-19,0.0315305769896094,0.001080590559717161,0.010616800372023734,0.004936139756553078,-0.0023994664280722745,0.018473355397406317,0.002436745997643716,0.021877209710827492,0.005569516739166481,-0.009790596349332919
2025-09-22,0.042192888031361925,-0.01677193303853678,-0.008634814907680248,-0.0074615548015220245,-0.016455222416097693,-0.006741843428229339,0.03853048537251365,0.01892459915165659,0.013599276886541046,-0.007116191392509592
2025-09-23,-0.006464121487349499,-0.030871872178262885,-0.0034510845997105534,0.0009597368952450678,-0.01283746893512125,-0.010198580975619846,-0.02861765458791367,-0.019441082441463448,0.018549372423749023,0.01708220824335416
2025-09-24,-0.00836719956426262,-0.002267986025112884,-0.018124099958933628,0.002172072326195457,0.006938963472809256,0.001804986101779086,-0.008216168557129732,0.03900845039857305,0.011779951117235173,0.005338954256127266
2025-09-25,0.017911552240696984,-0.009398795415484247,-0.0054774137742196576,9.575462215612753e-05,-0.015567693785758497,-0.006134635226306278,0.004060334377331126,-0.04480186162620923,-0.01792492339320175,0.008950773119782087
2025-09-26,-0.005504238769601875,0.007444168873481592,0.003046738415967134,0.008292008897355185,-0.006913848705659479,0.00869916910854242,0.0028099153155892965,0.03938961629749567,-0.0042922216299160305,0.014003152198632886
2025-09-29,-0.004040113906832607,0.010815805882780046,-0.010151069195251829,-0.0011711950022417765,-0.0004705735273605162,0.0061204072910320565,0.02033175514549697,0.006360288086303643,0.0031920030485255158,-0.025926060168128495
2025-09-30,0.00078582458398959,-0.011771724709007034,-0.0039002647962846425,-0.0008240551220147734,-0.012207791300851874,0.006488992117329407,0.02567789523362701,0.0034011943142930328,0.0003475160283109527,-0.012953443528426336
2025-10-01,0.003215140368350492,0.004815990813160187,0.007377055261149931,-0.015076722044174576,-0.023476584117074345,0.0033921890326226124,0.0035312240305386154,0.03260699487618123,0.00865058027723837,-0.006763470985532389
2025-10-02,0.006555081944564943,0.008035429408424596,0.003220593823759507,-0.010222311661684415,0.013445244182262723,-0.00766812001396343,0.00877356456654684,-0.052409624917241146,0.015441431783672629,-0.0062701658790320445
2025-10-03,0.0034552856218699286,-0.013124777320547301,-0.0013847708701254162,0.008031374012496536,-0.02294183364169024,0.0031167488695395987,-0.006746299902583947,-0.014252492909231236,0.01815389169198932,0.017546726446184074
2025-10-06,-0.005167905573688131,0.006312318256467209,0.020493693225144712,0.0021045494770463966,0.007151832988227419,0.02145569693638517,-0.011148046965904797,0.05305409919515741,-0.003977923485616908,0.008265141948605342
2025-10-07,-0.0008183283066781943,0.003975811225101454,-0.018824085970689915,-0.004830876610448718,-0.00361157202811533,-0.008721864196738252,-0.002698535304008261,-0.04549829949251959,0.013537884974346628,0.0005253378013938517
2025-10-08,0.006141260954030339,0.015391813667974614,-0.00464939276410227,-0.01196643131771244,0.006653126586502596,0.0016590202773731023,0.021756858631033292,0.012847468714676435,0.017067344966739433,-0.002102733708564104
2025-10-09,-0.01570043567047027,0.011126943813862119,-0.012712310773074914,0.004921611514337435,0.021594502976112075,-0.004678785114870969,0.018130890013948877,-0.0072063587131694804,-0.006046519191592883,-0.009782760979614226
2025-10-10,-0.035132005344247555,-0.051214768870408295,-0.02074942686626368,-0.015303148360657198,-0.03921801348755149,-0.022142339014739765,-0.05009961750745783,-0.05195335338705128,-0.03653192158585652,-0.019496249001409942
2025-10-13,0.009697219450940967,0.016955828210376053,0.03153846504551592,0.02325760349840236,0.01463779042685272,0.006029237406721577,0.027782635594309407,0.052779538485349636,0.011666526899358287,0.013544554480489513
2025-10-14,0.0004440322254129627,-0.016863378479674927,0.005310506109023058,-0.019310568668760623,-0.009899198444467936,-0.0009341804154061161,-0.04501927105154537,-0.01539666493428667,0.00353465222738779,0.0004454440864414352
2025-10-15,0.006316540342189272,-0.0037966156016826813,0.022479209231112716,0.011879709914788919,0.012480764846931565,-0.0002726337564079801,-0.001111500689457427,0.013674604901329141,0.0033839147296853386,-0.006074192260263793
2025-10-16,-0.0076088746070517846,-0.005115842622809568,0.0017115108150660145,-0.023667706974563288,-0.007666375206432122,-0.0035510795708588853,0.010950142090018556,-0.014816786729139185,-0.012482435169671145,-0.00872898023652984
2025-10-17,0.019370687428605825,-0.006689964147498498,0.007290640393191597,-0.0032879353715512373,0.006788014230305782,0.0038433041434165495,0.007725510234727423,0.024331310172500658,-0.00019636425833720252,0.014357728410352304
2025-10-20,0.03868081981174386,0.016018234695332437,0.012748896911999,0.016002350664474377,0.02104848161665333,0.006230736551259978,-0.0031706593282750787,0.01831477587612344,0.02185711584375108,0.004089993530611292
2025-10-21,0.0020189956678770657,0.025314357693141158,-0.024024240042901903,-0.01758318264479671,0.0015012852185218224,0.0016819633044638485,-0.008136322174984818,-0.010853643121685474,0.002438685326059865,8.874101511746629e-05
2025-10-22,-0.016576664246438957,-0.01854683769726401,0.004899013254988355,-0.010081334710992866,0.00019083978282160153,0.005547976901285663,-0.004869486975601364,-0.008235365016010689,-0.010676177950513835,0.017589099946088132
2025-10-23,0.00436262154345242,0.014304177190941961,0.00550740294231441,0.001461184727969422,0.0008041809835501669,3.853841523897033e-05,0.01037424620852387,0.022547291398770954,-0.0028809358854841984,0.011010501654586401
2025-10-24,0.012404378505218316,0.014013300747684945,0.02666831385146446,0.01983321194145641,0.005922404512736598,0.005841929246492447,0.022258098184995353,-0.03457920037137167,0.005671050120626549,-0.005099978470560359
2025-10-27,0.022535430692392146,0.012234712914707927,0.035340643341132634,0.012272813788129165,0.016734508905436467,0.0149938272714102,0.02769214703276586,0.042211814191010485,0.009554388278695461,0.004755113669172441
2025-10-28,0.0007065685480034181,0.009995255600938363,-0.006707158076705825,0.003970393153771598,0.0008254451330183155,0.01965424350172216,0.048618480037657764,0.01781041931942368,0.005069269306391186,-0.00787992222317103
2025-10-29,0.0025988299827084268,0.00456970894129321,0.026198773264680127,0.0004911655410182541,0.00030606922313124624,-0.0009598421375916595,0.029457887052263095,0.0020823424117692893,-0.034798130769868235,0.01226897482959038
2025-10-30,0.006283564499940692,-0.032839045720237554,0.024855299851848003,0.012781781127388868,-0.12030238385148281,-0.02959054239918971,-0.02024805382906971,-0.047501755655160294,-0.030030320860610374,-0.015229084503298154
2025-10-31,-0.003802489313423239,0.09152568904562086,-0.001030890558396889,0.0054143304938494355,-0.027564459107705098,-0.015236472014081723,-0.0019734570078557482,0.03671813319553837,-0.009296184112290704,-0.002881437354938911
2025-11-03,-0.0048940909671805,0.039264803615285844,0.008957222832877787,-0.005705237869812616,-0.016546892147518498,-0.0015074521821373823,0.02144844433936598,0.025538450543862383,-0.023011328188014355,-0.00526039372341827
2025-11-04,0.003672982048232747,-0.018597025701107325,-0.022022792752013222,-0.0003233185823422173,-0.01642693673302252,-0.005235661381124686,-0.040393158064018025,-0.052848572813666,-0.008907466829855966,0.0033346978913659244
2025-11-05,0.0003701630063666166,0.0035233445181079427,0.024100109152870045,0.00782697078634768,0.013663153711260779,-0.014038589985311895,-0.017669859029216153,0.039306411995623604,-0.009384014895022809,-0.004038220562700999
2025-11-06,-0.0013706514180067573,-0.029034574612610754,0.0015464354903073105,0.005567219649308935,-0.02711161729408456,-0.020035383818376475,-0.03720845826520234,-0.03559926445921521,-0.019036413849485078,0.007187356442811212
2025-11-07,-0.0048306116605628165,0.005621146751201127,-0.021009353464985905,0.0025172820526258646,0.00446541349512957,-0.0005634153171150514,0.0003718954458708058,-0.03744886561150212,0.008207321830203751,0.023477681432779014
2025-11-10,0.00453831102080292,0.016193167513876918,0.03962339416297694,0.00849318920257305,0.01603582336126944,0.01830885328979543,0.05631673403630657,0.03592274671529928,-0.008145155327567552,0.00849477222468513
2025-11-11,0.021371265994227246,0.0028141212824004096,0.00416231677545943,-0.004015879815729697,-0.007435332686541167,0.005282490409047665,-0.030037238330691364,-0.01268032095842644,0.01808903123829829,0.013109491581355144
2025-11-12,-0.00648765810876545,-0.019866897590761556,-0.01591669299299497,0.015062554036688654,-0.029239545769439032,0.004824422315821153,0.003307790079295649,-0.020731107188327342,0.03484162165674857,-0.013955728898768309
2025-11-13,-0.0019035104868692454,-0.027483132611142096,-0.02880180634582686,-0.03470788939433828,0.0014439733950654045,-0.01547699987364517,-0.03646698722696613,-0.06875241071018368,-0.019477005900445377,0.005656123751309115
2025-11-14,-0.0019802668889072825,-0.01223891180071706,-0.007784140228475666,-0.01914968278744382,-0.0007053094271526698,0.013597053454650464,0.017558667856868868,0.005853666241942873,-0.03258343126876678,0.012908893459212397
2025-11-17,-0.01833834227270729,-0.007785167790615942,0.03067402412395313,-0.010728849772076882,-0.012299347331415831,-0.005286683043272166,-0.01895099914976759,0.011238716089416035,-0.004171931897531999,-0.013588436070366992
2025-11-18,-7.482828114344527e-05,-0.045328527802621185,-0.0025996887733506194,-0.0032010896333239994,-0.007201701565769876,-0.02736654824250674,-0.028483263144247685,-0.01893489628165649,-0.021890206426177096,0.01140646386288942
2025-11-19,0.00417927791327616,0.0006288715862684946,0.02956434942235115,0.012809569509060106,-0.012407581004564943,-0.013599890417002587,0.028054381299452116,0.006805426562391663,-0.014421941572782345,-0.014214609450914753
2025-11-20,-0.008638680660608985,-0.025238376767976148,-0.011541418584481452,-0.016255548517035225,-0.0019837813393590747,-0.01613072738493851,-0.0320323870469329,-0.021922199285516537,0.007895357478332267,-0.0028161199866520476
2025-11-21,0.01948945166198309,0.01621670892983362,0.0346660349384365,-0.0012073145705796073,0.008619218900969531,-0.013276746178803017,-0.009790873441003926,-0.010530198558583292,0.026699360001261652,0.0005126241280960353
2025-11-24,0.016185865239936655,0.025014152157624068,0.06122493458358599,-6.709270885487877e-05,0.031146373658558404,0.0039741651411188674,0.020308938810315195,0.0660172720981127,-0.0028793654322017627,-0.009525878192848395
2025-11-25,0.0037981174643085826,0.01487032297548011,0.015140053542090788,0.016639211028439127,0.03709786550604897,0.006288162253039562,-0.026252268301488146,0.003870128654219355,0.022408092466885403,-0.01266946879880628
2025-11-26,0.0020920270745143354,-0.002223022534822027,-0.010848796659713516,0.015197590979097255,-0.004110665717450204,0.01768384321868735,0.013628267270712124,0.016974787220379935,0.01045745676416611,0.002268002688478387
2025-11-28,0.004672821403602831,0.017561753805358658,0.0007186114161668127,0.01752837065397771,0.02237980445108136,0.01331976131486272,-0.018250417620476727,0.008380619474776033,0.00018197304441111757,0.009970140971615835
2025-12-01,0.015126193488102735,0.002825964858582112,-0.016659943756855197,-0.013376274246441593,-0.010986827308280302,-0.010769023091133393,0.01636254469904524,-6.97394621241348e-05,-0.02009307656023194,0.006106301841600969
2025-12-02,0.01085570557581093,0.0023061862991379644,0.0029172315250621268,-0.003372289131460661,0.009674067814705688,0.006675339201357166,0.008523030609971779,-0.0020945908399217085,0.004106579004323939,-0.010775508287887828
2025-12-03,-0.007153630197795877,-0.008740386717129234,0.012023279909850875,0.01370965631620816,-0.011657743339014325,-0.025359692428066405,-0.010358750009418166,0.039960567737700375,0.04568341441305004,0.02075722508521341
2025-12-04,-0.01221581470319711,-0.014171743534491094,-0.006308275516298219,0.012638991810082914,0.033712345521616956,0.006488917167976172,0.0209395910779005,0.017287167308555625,-0.018479427502715202,-0.005618520265260622
2025-12-05,-0.006863567905265376,0.00183149436118387,0.01142603526634251,-0.0033590270876577106,0.017813833594919608,0.0048132550144607215,-0.005303561955473612,0.0010335035967348669,-0.0077663724614811785,-0.0051351328548136085
2025-12-08,-0.0031975495274368187,-0.011568418747626617,-0.023126917990400276,0.0005393146611319704,-0.009879081056581996,0.01613701100809172,0.017067539740813674,-0.03447772390855956,-0.015575467930604716,-0.004816878194804184
2025-12-09,-0.002558223495884468,0.004529366309921425,0.010653108541316977,-0.04775790962736907,-0.014866985162616196,0.0020344169513664286,-0.0031307726339145528,0.012636566806914386,-6.183994285935488e-05,0.019383324035587124
2025-12-10,0.005755773023321266,0.016793958483706913,0.009822969952304814,0.03144579667059773,-0.01045084399994186,-0.02773765926116984,-0.006454273212194532,0.014008389943791177,0.01463285667437969,0.010849971753841585
2025-12-11,-0.0026938872868826056,-0.006492686132941979,-0.02459662283700412,0.02317282517367252,0.003960671315716565,0.010207632315286038,-0.015629252452978915,-0.010152139695978488,0.025140446140645954,0.0
2025-12-12,0.0008986956976648457,-0.017920589673159203,-0.01010102101900865,0.0035855219227433673,-0.013077129469912597,-0.010270396612843471,-0.03320988405610645,0.026650529578487583,0.0150612618420295,-0.006041306342162729
2025-12-15,-0.015098357463092151,-0.016268534273204432,-0.0034656155304002914,0.004698147432056445,0.0058936797766686415,-0.00778306300392447,0.007229997969270962,0.03500417593015653,-0.002167046125657971,-0.008961023294679286
2025-12-16,0.0018224768125210816,8.988664518458119e-05,-0.005367608597818877,-0.014066231704155253,0.014778109019416348,0.003301097889072582,0.008078971499177832,0.03019325551468915,-0.02043599145717302,-0.026503045960243138
2025-12-17,-0.010138255944275731,-0.005813022613826566,-0.03265726081512035,-0.0018079786082591546,-0.011709520323177205,-0.0005670144578096566,-0.038896680515676234,-0.04727460429487326,-0.007719768198509468,0.023526540874286198
2025-12-18,0.001286843868596081,0.024508470639878342,0.019160124141452444,-0.006306029131143633,0.022756733885575087,0.01637367361139004,0.018546980913234357,0.03389652701091261,-0.010579574228722204,-0.0074375828718255725
2025-12-19,0.005422649568015015,0.002598541885829773,0.01541980802173458,0.013360748689700244,-0.008585132748912054,0.004000407471343852,0.03858231680305103,-0.0044993863680712525,-0.0021965956423437858,0.0012862741511656824
2025-12-22,-0.009914950708069128,0.004739078487121393,0.008493528645663396,0.018366988928747822,0.004135553565664006,-0.0020599822531644067,0.014807718486955977,0.015527202757108985,-0.006926374621693828,0.012434176442745857
2025-12-23,0.00511662061139001,0.016110849706755952,0.01464463828401959,0.008751697065820635,0.005186771874033061,0.003972040556328548,0.029608033317785023,-0.006507353223946919,-0.0011078555507385223,0.010691635472325229
2025-12-24,0.005309645046856358,0.0010333484556670999,-0.0008273869826553478,0.009891715088425703,0.00391747403462239,0.00240032966424307,-0.003176223399431774,-0.0003295782832779731,0.008522790176358723,-0.0016761741714663562
2025-12-26,-0.0014983531490797754,0.000602277440840304,-0.0018483374733360757,-0.0038350969581531147,-0.006401942101222528,-0.0006354191017921033,0.010128284734973564,-0.02125855152458737,0.01289040610460611,-0.0009230653738160632
2025-12-29,0.0013158345517666828,-0.0019371793526923157,0.0001594455042328586,-0.012767631944483378,-0.006959267343993393,-0.0012514965622533371,-0.012198192178212849,-0.03327112293491274,-0.008747302073594585,0.011851252523767371
2025-12-30,-0.0024871571416660047,0.0019801618568183687,0.000924497119140346,-0.0010197253785205723,0.010961574488480381,0.0007798016341164046,-0.0036193198928964683,-0.011399736021774638,0.009741285106794242,0.003809187897406542
2025-12-31,-0.00447751549367368,-0.007381025988312501,-0.002712013930594704,-0.003717336683380555,-0.008838469437340053,-0.007949783425626838,-0.00556096519082302,-0.01041870064110701,-0.006190787460729715,-0.00538680776512752
2026-01-02,-0.003131372878208183,-0.01889327280046985,0.006845562700986246,0.01006647108593755,-0.014773282949542107,-0.022330943107238568,0.012521892750037544,-0.026246437918020935,0.018874973930616084,0.01901377138280704
2026-01-05,-0.013933702077408055,0.028550975746587545,0.004400966434874054,0.02595974470175952,0.012801938058977794,-0.00019021783571344632,-0.003872991969811118,0.03057312274344065,0.01656830871734297,0.021854787381781243
2026-01-06,-0.018504434978155113,0.033210483799024845,-0.006974520860365621,0.006205452227233568,0.00277393819506747,0.011898852229089218,-0.004688805860122811,-0.04230652917497186,0.020116707428203044,-0.03498594326546832
2026-01-07,-0.007767611154087543,0.002611474864167473,0.024014222089048562,-0.023036019155679814,-0.01822383661849573,0.010312113304782603,0.009937556278234288,-0.003586402728205757,-0.021052692585555522,-0.021375149291853298
2026-01-08,-0.004967570125940949,0.01939179681615786,0.010688691223534988,0.008526512029452593,-0.004062547750147667,-0.011148482908683465,-0.021756872784011727,0.010124471981728842,0.014959214251761515,0.036623881348089825
2026-01-09,0.0012731135729041854,0.004415959535942419,0.009571837743600703,-0.0018209993893160631,0.01077665023750994,0.002444154884524583,-0.0009732270826365986,0.02091338126870214,-0.008308919070911554,0.013736457268484454
2026-01-12,0.0033870275674454044,-0.0036853485099490966,0.009963142793824693,-0.014380442421533322,-0.017127527812730442,-0.004391200279534398,0.00043270820192045975,0.00883700211279967,-0.010138926764598656,-0.004665406370894455
2026-01-13,0.003069341724501476,-0.015826265506308508,0.012308823372590035,-0.04278342771965156,-0.01709294557748412,-0.013736510171920865,0.004693209374154674,-0.003927828743923325,-0.019513277351791425,0.020034945572959557
2026-01-14,-0.004184285180772418,-0.024831791107773286,-0.0003870776518356573,-0.009793652154269977,-0.024981077684351052,-0.024279491310928283,-0.014473761878322238,-0.018051031148363036,0.0030797798221156585,0.02851319409571844
2026-01-15,-0.006754407857155685,0.006444429028140061,-0.009153269872939145,0.004504793022612319,0.008541482039797271,-0.0059386178089697395,0.02112502378995921,-0.0014354670972459708,0.01187096202891546,-0.008251965781239427
2026-01-16,-0.0104335243656155,0.003938837966679267,-0.008388899556791845,0.010326078946354242,-0.0008863310845809698,0.006982926586931791,-0.00439348755272313,-0.002442745094192464,-0.02370324856934358,0.005868248464604568
2026-01-20,-0.035166735370040635,-0.03454778703396358,-0.02454108763585905,-0.031634148199503144,-0.026349733663020885,-0.011680110780300748,-0.04480562773387968,-0.042609305094350874,0.022138436576973283,0.0043788614891203444
2026-01-21,0.0038434235156737974,0.0013410811217218887,0.01961992178812403,-0.0023147430832682497,0.01452686023188949,-0.023169676504467048,0.029056537657964288,0.02866105598439217,0.02716656918108295,0.023858433111315268
2026-01-22,0.0028226029306953294,0.01301424496916034,0.006556218203448959,0.005250256375453734,0.05501978292985349,0.015705446021209383,0.008257212491436692,0.040695858938020815,0.019139939638131983,0.000224460551593006
2026-01-23,-0.0012490790884445956,0.02035976271241001,-0.007927574580847759,-0.01965643372851073,0.017039807335167065,0.03230063970076561,0.015194520290977908,-0.0006678119583802994,0.005037110432526288,0.009902830061540326
2026-01-26,0.029280183627355384,-0.0030989827151845415,0.016122850940925554,0.011089757539443818,0.020434481253087985,0.009249931697775502,-0.006414700713591816,-0.03135078007637361,-0.013052945943014932,-0.0009637415096774372
2026-01-27,0.01113538271212037,0.02591738783059459,0.003863308730187143,-0.00242786020870188,0.0009068913588675953,0.02166540242193157,0.010933722693939045,-0.00992969313376057,-0.21822166255479078,0.01465052179451488
2026-01-28,-0.007110811153218471,-0.006848632287987498,0.004354659328152262,0.0015304477762258923,-0.006320410222100932,0.0021825088341821002,0.015788100555001735,0.0012987560805733547,0.03926153103421185,0.005466244786523469
2026-01-29,0.00714955439588938,-0.005281189009016069,0.0066442638710852405,0.0186110134055129,0.09898350615029354,-0.10528436176882462,0.005155890394303637,-0.0351442835440217,-0.005901239726747121,0.021073075357513158
2026-01-30,0.004635495046148801,-0.010103375476311452,-0.0007393398956330136,-0.001731137208285838,-0.029985563188647524,-0.007432383670847173,-0.007194235238294132,0.032707748293060876,-0.018508302521279028,0.006314096197221
2026-02-02,0.03977920365060581,0.015178840703943746,0.01669423375409795,0.007328700947013755,-0.014182511319568216,-0.01621289383282554,-0.02930620592319362,-0.02018328139266714,-0.004680964580767851,-0.021444657308314023
2026-02-03,-0.00196471752031503,-0.01802454038618342,-0.011647856167536927,0.021542038351882547,-0.021043427681574568,-0.029142547290080704,-0.028803742914225102,0.00035553266889641583,-0.00494947398992357,0.03778856515004194
2026-02-04,0.025680239205221226,-0.023876750218376545,-0.01982967057375864,0.007656716367057874,-0.03338312330932552,0.007220769693221607,-0.034697178882302095,-0.038532688670109685,-0.02949682237560139,0.026501508241602134
2026-02-05,-0.0020997236483534577,-0.04521487700574913,-0.00538927445825068,-0.022664786213057765,0.0018219938622909511,-0.0508117788456412,-0.013350120861006402,-0.02191272731756527,-0.027073823387137545,-0.010283720176387772
2026-02-06,0.007977762270402386,-0.057150465515023806,-0.02565457393930337,0.03870475774615286,-0.013141606918423851,0.018797510811023772,0.07577303508317983,0.03439569638292661,0.029715989315974807,0.02012750117802055
2026-02-09,-0.011728934429608007,-0.007636568568798812,0.004511976127782775,-0.0009309078897587004,0.02354657289088363,0.03058880329575847,0.024664902387306904,0.014992548192064116,-0.0034398475024180466,0.014387791638679866
2026-02-10,-0.003428889326211606,-0.008468076358810299,-0.017857175162165135,-0.011930662750366815,-0.009644478696859545,-0.0007981707495096877,-0.007924370677356725,0.018729813289406216,-0.009035896653386465,0.0025098140602385064
2026-02-11,0.006628141591757358,-0.01401348751238724,-0.024209280312032656,-0.023717441256514482,-0.0030310693655162288,-0.021770856259029987,0.007977105419925957,0.007170667714086594,0.020611827048573707,0.025852078799018564
2026-02-12,-0.051274009278595725,-0.0221966883496971,-0.006323030622704307,-0.02667003680264031,-0.028640550214027307,-0.006276346635405002,-0.016499511266459866,-0.02649972117437709,0.019386961501305054,-0.030219855091369086
2026-02-13,-0.022995880180571963,-0.004066437083335827,-0.010671594913670299,-0.0002975346496566739,-0.015571327214771068,-0.0012948134751482527,-0.022340433476236748,0.0008867362574486323,0.030544596866133988,-0.009920257407659444
2026-02-17,0.031176814356459512,0.011801910679928855,-0.012176512355151718,0.015024592367478056,-0.0007505209541119311,-0.011175543913618934,0.011746344619703246,-0.016448249621048447,-0.014082772862260794,-0.015341014776549587
2026-02-18,0.001779583167113982,0.01793416301137342,0.004328154695212355,0.005357972092925115,0.006128581884773992,0.006880526636412698,0.016141838338721456,0.0016789405517192606,-0.0030832460001958524,0.030251183561317365
2026-02-19,-0.014364265239645745,0.0003417909236829623,-0.0015836689050871284,-0.0023669305096546424,0.0024224061806033905,-0.0005771156180697395,-0.0004256277036356945,0.0009476790897650401,0.005984737252492093,0.0019227727303524928
2026-02-20,0.015233805180443597,0.025304384018124338,0.03927149905384939,0.008855379114033855,0.01673323408663877,-0.0030916613453095257,0.010166442233303357,0.0002671812076262355,0.0002413935813510143,-0.024745583848846776
2026-02-23,0.006029062392291268,-0.023304999462925746,-0.011141943938339317,-0.04313185448481375,-0.028480283268426505,-0.03264976672365319,0.009072522939621987,-0.02954695527872496,-0.0267688929725557,0.023353593480955195
2026-02-24,0.022144051735165694,0.015900551376285547,-0.001895820979512424,-0.0012439331388260713,0.003211746552263668,0.01171366662940935,0.006763891796129693,0.023604408796446652,-0.03016636317636964,-0.009999407680704344
2026-02-25,0.007650516196371946,0.009923754371216576,0.006412254767255281,0.019980614880080128,0.022259315138828957,0.029384030062951115,0.013954458115647371,0.01940114803767631,0.03673257712812044,-0.0013408341187258915
2026-02-26,-0.0046786174669959345,-0.012997130763748655,-0.017798762809532465,0.009287585014648901,0.005066097189523062,0.0027919027648784594,-0.056106163714985315,-0.021357279325286554,0.008618608877106443,-0.0034947100614500554
2026-02-27,-0.03265800418094743,0.009954149190768667,0.014148866989350384,-0.019227938861463983,-0.013530886153766148,-0.022607514815020314,-0.04253841115102456,-0.014967735162802965,0.02279673463970227,0.026310462552131805
2026-03-02,0.00204195174556935,-0.007696209563361218,-0.016950742877401073,-0.009166031826472012,0.008265910075498125,0.014685093950154448,0.029417965049183585,0.0020103441525256786,0.005644487073961535,0.011215489945048056
2026-03-03,-0.003670823904680181,0.0016302091348673652,-0.009637871137742681,0.00903284313298966,0.0023230854579415765,0.013408688431820684,-0.013406031910892074,-0.027372150980348144,-0.019584991312847213,-0.015618661407300725
2026-03-04,-0.004674549655599,0.03802601972435095,-0.0014832666350016398,-0.002901611774074465,0.019126483335465395,0.003139222529416255,0.01647012436394315,0.03384721273919843,0.009463733764526774,-0.01332684454171201
2026-03-05,-0.008530820840249429,0.009730180814114253,-0.0074503274355435314,-0.019699202340078,-0.010780750218416239,0.01343348407741661,0.001637573615161115,-0.00096123102727329,-0.010986337267067586,0.006254505312713146
2026-03-06,-0.010932115299618045,-0.026520103831069775,-0.007874587110925608,-0.013961704544366016,-0.024069923175256292,-0.004196934850264525,-0.030570378704237792,-0.021988164166115053,-0.007961691587671925,0.0029805405354474024
2026-03-09,0.009355701068531801,0.0013123918981730745,0.026627573258840187,0.0015189002047436512,0.0039156834447055516,0.0010997408113609262,0.026799842059778225,0.004903095477786746,0.0031610330047003045,-0.005105362461211493
2026-03-10,0.0036488509698246866,0.003926872997654063,0.002217256954955653,-0.004113092137313681,0.010265555471366521,-0.008955211916254719,0.011540049870070066,0.0014036436297641278,-0.00997360429836578,-0.015473946350726343
2026-03-11,-7.677588636112872e-05,-0.007869298894721224,0.005391957579841923,-0.0041996269114399345,0.0012070636730406865,-0.0021711660852259426,0.006850279863628695,0.021263203188193833,0.010254039872821108,0.023023156529676854
2026-03-12,-0.019552596342224723,-0.014780671622370446,-0.016823743285437443,-0.01623413942412437,-0.025801047858578785,-0.007486961717211273,-0.015657017582739324,-0.03191481278720455,-0.029168030323464728,0.012782447732242378
2026-03-13,-0.022298666381512306,-0.008916648837354262,-0.004192549422219123,0.00194219790714449,-0.03909800723548689,-0.015826603165408838,-0.01590614903148685,-0.009692136394107544,0.018028192859287317,0.016728928258104004
2026-03-16,0.01073703156524414,0.019408860320450153,0.010792430673513887,0.009550584461822866,0.02299736633433219,0.011062393938410712,0.01634289655954095,0.011083506865035425,0.011980780137389764,0.007084790273900513
2026-03-17,0.005561526596100866,0.016208681248397017,0.017389521764320726,0.0025478674235575463,-0.007663393274436528,-0.0013511346172035092,-0.007065700712188919,0.00933537602077204,0.0072593739671931775,0.009998805906078803
2026-03-18,-0.017018443311607647,-0.02507954596315967,-0.010442915185014242,0.0029582446106548744,-0.011273233148284706,-0.019262369939409975,-0.008445360648967455,-0.016388196671314647,-0.011330839283876808,-0.007711797626195472
2026-03-19,-0.003928594558615651,-0.00530302768152438,-0.001821659411311911,0.000799159223459491,-0.014692904057745948,-0.007095303210362909,-0.010251940462499028,-0.03228927274343434,-0.01377566885340623,0.0036104578338446163
2026-03-20,-0.003903899440107385,-0.016372033885598266,-0.02016085311090813,-0.004908425671614892,-0.02172771740000326,-0.018550474116405733,-0.03336870520646045,-0.032986169449252395,-0.017445514674974905,0.009502021795926862
2026-03-23,0.01401484151217401,0.022960765779813284,0.003515474619599001,0.011622583491867245,0.01736678392254706,0.002954801270716902,0.016880501264273443,0.03443139945829688,-0.022197501226467985,0.009102396113035673
2026-03-24,0.0005962134063950415,-0.013896403903249682,-0.03922867113558763,0.008552216779579985,-0.018614073048194207,-0.02715396533836252,-0.0025083307357880963,0.005707699063017406,0.010114097409651874,0.02603432213493709
2026-03-25,0.0038868965936841777,0.02133987694053351,0.001685596671163304,0.010275454764177187,0.0033170736732061044,-0.004571189068852106,0.019668337891847958,0.007594547116542857,-0.00637405836377967,-0.012901849457798648
2026-03-26,0.0010682766662048293,-0.019893385566031804,-0.03501266341009786,-0.012809478057790993,-0.08294109895877108,-0.01375849145963816,-0.0425303080215932,-0.036518388902706034,-0.009283305871307535,0.013204065833467744
2026-03-27,-0.016305265287713342,-0.0403121686592431,-0.023701747101302656,-0.03070730412147777,-0.04066678726205274,-0.025460143931080374,-0.021963413780231762,-0.0280150189690427,-0.03426829317254603,0.0330569147079548
2026-03-30,-0.008760136268298902,0.008044214540419104,-0.003066625853971971,0.003282672939755061,0.02007426140964033,0.006119621570560984,-0.01412747193455417,-0.018268243604687585,0.010637507318007097,0.002803232033842494
2026-03-31,0.028617863177015222,0.03577922965641569,0.05012990705870468,0.03595979399902107,0.06452330162265603,0.030751508049972193,0.05437625561333066,0.045315377792307994,0.03306200986340935,-0.010611848381694485
2026-04-01,0.007223967554483803,0.0109828388282875,0.03361296174041603,0.004138821976746752,0.012333430331749967,-0.002163541353815269,0.00771105353121578,0.02525999735964806,0.012450387340620274,-0.053759417260816955
2026-04-02,0.001133833994367859,-0.003806461415203767,-0.005462337645962499,-0.0026441735436960176,-0.008269132622956196,0.011012036052553425,0.009288088228185538,-0.05574001402961767,0.0119006197974689,-0.0005599484812871548
2026-04-06,0.01142232509019372,0.01429401955243711,0.014166973229900738,0.007985826785513652,-0.0025098367236974298,-0.001554273782834721,0.0014083382738375788,-0.021783536042954785,0.014679202384955245,0.01654051878996128
2026-04-07,-0.02092342184655962,0.00459495834694615,0.01806970063372021,0.006578412169908947,0.0035362963950763718,-0.001583442008026952,0.0025862058206754654,-0.017642424845982326,0.08958789187694645,0.003299956795275902
2026-04-08,0.021078006221268635,0.03439259321059869,0.0380919413630264,0.03492429647888253,0.06296131492105914,0.005464565339410787,0.02210099101794525,-0.009856563133277247,-0.005703100273765875,-0.04805224752052528
2026-04-09,0.006122550270913715,0.05453095913592383,0.0036802842067981197,0.007633806144905957,0.02574274969004378,-0.0033716065208887853,0.010000334200718077,0.0068808468500743715,0.0030347869744975107,-0.007582125576330602
2026-04-10,-3.8261262694405804e-05,0.020041816513913967,-0.003932439437588319,-0.0014833255164648355,0.002336465202516237,-0.005914502235155556,0.025340931070435828,0.009588788947183922,-0.008441973824239418,-0.016453107666657987
2026-04-13,-0.00492608008275582,0.006314422859656274,0.012747789780323843,0.012220485822152918,0.007387146364669433,0.03575398828359753,0.0035984100488998323,0.00989500379675574,0.028090635845698667,0.0008521615791965944
2026-04-14,-0.0014286586779615176,0.03735274928383268,0.03546580363710918,-0.008194680751405403,0.04312075772108938,0.02248380906043869,0.037327446488877807,0.03287951656879672,0.003794661654294465,-0.022526424486621947
2026-04-15,0.028940167740243536,-0.002090386144682408,0.0125667731821318,-0.01682235070371428,0.013627804672031613,0.045038931660944595,0.011938031369764115,0.07343111096819792,-0.0004457416165775498,-0.001542398953412698
2026-04-16,-0.01143785188350778,0.0048173395273468644,-0.003268333148616994,0.013054716392694827,0.007845985357244307,0.021745206541177127,-0.002618194278043067,-0.00781208631169376,0.00745507721681482,0.01973552450748033
2026-04-17,0.02559980227073271,0.003438217994609056,0.016704019890516727,0.0010963345559705288,0.017108713626815247,0.006002075549152111,0.016649073332435406,0.0296911094422974,0.025678920420017074,-0.03713317994831464
2026-04-20,0.01038135123703852,-0.009141266429826225,-0.012546149259453765,0.021362883546273116,-0.02595292477717801,-0.011226739734212494,0.0018824237593380586,-0.020476797687229584,-0.0035487651929547673,0.008431931969388492
2026-04-21,-0.025519586387523795,0.006543731071589846,-0.015320409239913332,-0.012667040147730398,-0.0030900877519639235,0.014461882436687074,-0.01084740809684451,-0.0156116416401595,0.06733034514728718,0.00459405873210416
2026-04-22,0.025959176283094874,0.0215734489512025,0.020935575571808553,6.385450264070844e-05,0.008752856380746823,0.020442201368166157,0.013022666698602456,0.0028167845306925577,0.021472371333151802,0.007654645828078347
2026-04-23,0.0009511674218491973,-0.0010970880261798573,-0.001268059342409964,-0.0042578849925245695,-0.023346602573655204,-0.04046892729307088,-0.014224159796213538,-0.03623482292188371,0.002937507115960716,0.006866042679638412
2026-04-24,-0.008705470074050698,0.034333958023186784,0.016128121174901693,-0.01100066621441083,0.023806006921236807,0.021110602722641005,0.04231955004193406,0.006879807968652782,0.0010148721591513277,-0.010820288977945588
2026-04-27,-0.012809478192957056,-0.01093113357236666,0.017100363295902886,0.010808076207741784,0.005304181205167543,0.0004708877374006461,0.03926319027785601,0.006278483691631967,-0.0006482573014314435,-0.004846832761370156
2026-04-28,0.011517458457321562,-0.005452887403187945,-0.0015997151332615383,-0.0005776973848079748,-0.010785602217771114,0.010373925111834702,-0.01600850416151377,-0.007022844604162197,0.03349073951413222,0.01586637081744668
2026-04-29,-0.001996724264136533,0.01277897868001351,0.00045734758925342116,-0.007088869541220571,-0.003312316930648197,-0.01122178381802173,-0.018560255972615913,-0.008600254179981804,0.010766044696274102,0.02693215314960585
2026-04-30,0.0043581821011512215,0.007650061888692953,0.09496195924186007,0.012787757483226312,-0.08937823141819438,-0.040089871255673246,-0.04736465906513777,0.0234095155636003,-0.000701521575257873,-0.0022006848515305514
2026-05-01,0.03187990737243754,0.012000489635761885,0.0023102896670280067,-0.0024292809532104396,-0.005177488415403541,0.01620039364903108,-0.005627882498130258,0.023795549041588548,-0.0045991813452101755,-0.010290557035383554
2026-05-04,-0.011885893585031476,0.014029132183864345,-0.006346484401737499,-0.015545747384606946,0.002723162409339637,-0.0019805845311461887,0.00015109925506307488,0.004314924812415244,0.0053276906137504874,0.006135001878201184
2026-05-05,0.026204266943421806,0.0054985478239463976,0.013425462662561916,0.005672182198308184,-0.008968510390804464,-0.005430237107575421,-0.010025891482081746,-0.008032003657369561,-0.018731358969357178,0.007713065210421115
2026-05-06,0.011649795625348007,0.005250321971042334,0.024439568109513986,0.017620215107473358,0.013006805266546462,0.006251898687306253,0.05605804652492139,0.023754487827164997,0.009327896816478946,-0.04078705426808282
2026-05-07,-0.0002435341172492443,-0.01398871786017844,-0.00012566775395786466,-0.027788100651294837,0.006391827246250566,0.016317058490072932,0.017504551528897266,0.03222900776203085,0.006675514541939382,-0.01429223913111491
2026-05-08,0.02025006180098386,0.005552939638259035,0.00703566190372911,-0.013708901199919597,-0.011708800290584477,-0.013518734474677108,0.017342835809247243,0.03942710124226755,0.027318665021449536,-0.013807477586949649
2026-05-11,-0.001263410870084823,-0.013624751749596186,-0.030809005349915507,-0.006975695828254186,-0.017824338822277564,-0.005943630903975216,0.019511007291121277,0.03813364950728898,0.011669083977722058,0.0347358343859201
2026-05-12,0.007217267345543894,-0.011854752338375166,-0.003324828496924655,0.016135812931797267,0.006889353612012059,-0.011920735420463008,0.006087883494185082,-0.026297804689101208,0.030610857477276782,0.006326855296658207
2026-05-13,0.013711552929013165,0.01608392713413966,0.038664537053085424,-0.015302751160139258,0.022351957398803673,-0.006297800717341073,0.022615805858036984,0.026904337595479343,0.011961720111710802,0.0062210786977956465
2026-05-14,-0.002210734971933149,-0.010831048951722346,-0.00385720713884289,-0.001133015411396599,0.002914850865910365,0.010360509132193222,0.04294701759820982,-0.0044341008583382606,-0.005173429184821025,0.007951289090242886
2026-05-15,0.006750980136725528,-0.011592972656152402,-0.010754019416150175,-0.007026813007544652,-0.0068145493567160825,0.030049741214399916,-0.04520787679613526,-0.04867286458740455,-0.01321673551920416,0.03985417713446272
2026-05-18,-0.007992516349121775,0.0027220081197222258,0.00040318405143820255,0.009757209291206721,-0.00492886541882719,0.0038323172587519066,-0.013403819528754505,-0.029441104289050234,-0.006930156271110618,0.016143065186291883
2026-05-19,0.003786811276571553,-0.021061401192618883,-0.02365650610638229,-0.016867440023781054,-0.014170384779384529,-0.014555068536528612,-0.007721410619631937,-0.014445663458309575,-0.004843959224408822,0.012754048080590084
2026-05-20,0.010911313869409937,0.021627669973466716,0.003219322979792405,0.02101544817933584,0.004057442622716455,0.008682351066833785,0.012880756382786308,0.03202247022638431,-0.015378104687922809,-0.03933646063186926
2026-05-21,0.009024403912911677,0.012934297256761875,-0.0032193229797924917,0.0033719680731615523,0.0038269293201572126,-0.0025261099240064715,-0.017879425943107992,0.0014129789484986274,-0.00214159474972425,-0.006354911064928585
2026-05-22,0.012479664098423927,-0.0080032744617438,-0.012171995269428804,0.011093342450438514,0.004730548527984734,-0.0012414559346094188,-0.019226014016840036,0.019340312041325056,0.015539610724251082,-0.002385450405475139
2026-05-26,-0.0015879959853538459,-0.0038750213028487137,0.0153141336694057,0.001174264026317696,0.0034025714037103465,-0.006086815747892765,-0.0021850774060265072,0.017636535587117294,-0.030342263495584398,-0.033541085774604566
2026-05-27,0.008139921177528297,0.024426866578213892,-0.0001286280291200787,-0.024620894478387285,0.036746721454421066,-0.008109086190994702,-0.010574191531007596,0.015493162254673815,0.01879493651355107,-0.012831408123357495
2026-05-28,0.0053259869555545925,0.007877640344363742,0.0033378675149664484,-0.008556887250948752,4.712123853181468e-05,0.03411227317817097,0.007731054577228179,0.003943573700417892,-0.0038615741595065135,-0.0063758752941977
2026-05-29,-0.0014410019964428765,-0.012338527790443166,-0.025414489195130573,0.008657160564949532,-0.004385523673373945,0.053020216317113844,-0.014622087317938291,-0.014375619088440037,-0.005820384856164847,-0.01163525964872555
2026-06-01,-0.018597851122449393,-0.035273461160258576,-0.010492863109156488,-0.009162885581194609,-0.051983422142678065,0.022575505279128875,0.06073045986638763,-0.046763726698806594,-0.0011839572051209988,0.02796823475583141
2026-06-02,0.028609745520348374,-0.018309525985056377,-0.0393429125250642,0.014660351758215043,-0.0047408004140199285,-0.0426087431147154,-0.0068876374559193035,0.018723267699191404,-0.00512015738312735,0.0012041947704920087
2026-06-03,-0.015796757454885936,-0.0256656597014186,-0.007935267638281661,-0.00036542992595152884,0.041542601453710186,-0.032167569260615834,-0.03688972124723909,-9.435010681155804e-05,-0.0024373977783383265,0.01966367858796983
2026-06-04,0.003121575198772482,0.01496619519549892,0.03610999362901216,0.03282731941213016,0.007340810380850341,0.0016600214708585974,0.019208290386228847,-0.012468248792164637,0.05035520543610771,-0.003217750358092361
2026-06-05,-0.012577593355441377,-0.03105365219156565,-0.009882415831165496,0.004749216223855405,-0.05666077654197565,-0.02694545757348533,-0.06402033391723569,-0.06784987766553573,0.007538313011573772,-0.014041777793923061
2026-06-08,-0.019051885469787897,-0.0032977029725941285,-0.01366851064269517,-0.004041882785132528,-0.012916128735448184,-0.011902481865196957,0.017112580975841913,0.044885369045308286,0.01761740446260328,0.012132580579535828
2026-06-09,-0.03712710112671881,-0.004209150987076249,0.0026114675903969463,0.005097770013067561,-0.0013675383254841552,-0.020438625838642196,-0.0021591397984066225,-0.030463037176546175,0.01569150093495507,-0.01889224903657332
2026-06-10,0.003538736828077959,-0.025675947123681687,-0.02187033417947859,-0.01145002339481894,-0.023556588800602806,-0.015110828144280814,-0.03803598052040507,-0.03878316767107322,-0.013504840901527686,0.011417952315082627
2026-06-11,0.013794257734621061,0.014640183686286065,0.0038927001272959978,0.013973159341883886,-0.004476060439686304,-0.017824428828516183,0.02196045231330065,0.044990546617469984,-0.00469863962223645,-0.027052237177705354
2026-06-12,-0.01533867189083751,-0.012331912602696596,0.005324435774413595,0.022801088305249184,-0.002554166283448287,0.001024178192860307,0.0015607832565316107,0.018074423616042935,0.007296757165581874,0.002792728673960509
2026-06-15,0.01800742754428881,0.030833906051889896,0.026529993597646646,-0.004124253549057807,0.046605917567477714,0.022822067271982282,0.034770261132300154,0.011546402155351725,0.011844874952054479,-0.04230820015776346
2026-06-16,0.009468545598219242,-8.131487459136934e-05,0.010503715919534504,0.03609700380331456,0.011276148415824264,-0.01494508985482197,-0.024009123899062405,-0.015910879171028017,-0.00828160601363567,0.006648246619687039
2026-06-17,-0.011055424053765445,-0.035163912457666896,-0.025671634855025008,0.006981595563343599,-0.05589789189536283,-0.038620640437544464,-0.01339635518291949,-0.020673857986175808,-0.020120094937566186,-0.007926428528117107
2026-06-18,0.0069365307945603305,0.028597683957913095,0.01158765170421262,-0.025021004563508302,0.01684168688558637,0.0012923355329048031,0.029086697312463505,0.010315413608767319,0.003572797197632903,-0.02103827873681332
2026-06-22,-0.0033611561756575186,-0.04862857666526806,-0.05114602365891787,0.01906562392442834,-0.023435210199502732,-0.03230316380562538,-0.009729692641559026,0.01132171311592009,0.014164967000631351,0.004777827630473351
2026-06-23,-0.009166281020203648,0.005654362212000333,-0.010203988467657892,0.0079925927086734,-0.0029305351940348474,0.017807471218292778,-0.04214086479707103,-0.059611379843779844,0.0062995988540675025,0.009058170658107195
2026-06-24,-0.004154097032731816,0.0006832216006888365,-0.0024297727425915128,-0.0020670898451318684,-0.008090321243322048,-0.022938479444906717,-0.005212488263586544,-0.016060748057995154,-0.00846581894092804,-0.0204611817804063
2026-06-25,-0.06312910528852322,-0.03148026940338501,-0.004586414686523522,0.004995642558455251,-0.026897487347296307,-0.03517054764995348,-0.01651754866324471,-0.0010923964729650014,0.023694413607099115,0.004736716663024112
2026-06-26,0.0308828692129702,0.024713060914308634,-0.018558679034608522,-0.018278986678531093,0.013502848811789085,0.05551167715699935,-0.016535296660330382,0.012161819203993191,0.029311376520144445,-0.007369929742229084
2026-06-29,-0.007214617571347412,0.03151497796996931,0.047068131545177694,0.0010328228489229123,0.022196132254121426,-0.011867310540754926,0.012593727434429082,0.08122713454703766,-0.01904012200560646,-0.003521545789472035
2026-06-30,0.026686927946559438,-0.007523873763327035,0.010463939752140269,-0.006273683348712328,0.00122570154494565,0.01200133424528148,0.025921540190744215,0.02104736226435513,-0.010030612271028633,0.004839019055214073
2026-07-01,0.017199902237751946,0.013999064785619334,0.01068783702050745,0.020381822909216155,0.08442350821195795,0.029739464873233083,-0.012623672142353588,0.011112495777372793,0.02591071604162989,-0.0032234095167794205
2026-07-02,0.04727163430823289,0.0040052130693041185,-0.003605472625997126,0.0011965992262364675,-0.05020237548230075,0.01603083427328197,-0.014016182027723867,-0.07784074755080678,-0.002770334444213039,0.005925979555195022
2026-07-06,0.01297326356082142,0.006121274942382102,0.018035341164537543,0.01416475391773782,0.029397148242849627,-0.009649719886582553,0.0036887239515329033,0.06475289005284891,-0.017478349328029864,-0.004752648562004934
2026-07-07,-0.006417317752291537,0.00742645135022292,0.0015542337224836163,0.004431714626410532,0.0251521053920136,0.005415354725410578,0.00703218164456726,-0.041018539011121395,0.024109542581164316,0.03775667396263087
2026-07-08,0.008749398121391793,-0.009640600216052718,-0.014020355227894405,-0.025679203186040205,-0.020448766762634237,-0.014245595270438406,0.03585973382237286,-0.022185201276039682,-0.006067075643074311,-0.003960115620577193
2026-07-09,0.008989700861949937,0.013940625430091662,-0.008407254362267986,0.014562872418268957,0.04595006592667653,0.0026572451051034866,-0.006586390769892467,0.0312037168556396,0.0141846036842112,-0.02634851222071297
2026-07-10,-0.0028501014457968927,-0.006905250981228296,-0.004776139779201448,0.002976458417840585,0.058031705316322596,0.0019234466759783032,0.03954693236574592,0.002971897353286902,-0.016489916236116953,0.010277350171071153
2026-07-13,0.0062911086352786345,0.00799761187658564,-0.013160817540296276,-0.005782437695950464,-0.018824999676927696,0.015178953575442218,-0.03585516570320906,-0.03240077993929111,0.010472038783827404,0.039738356846040934
2026-07-14,-0.007751077889289611,0.0007275987930536445,0.0196630020022463,0.024683180746480203,0.0065413737798066165,-0.015620487433093756,0.039829039408852435,0.003590624905498134,-0.009130545011481249,0.004005494634132191
2026-07-15,0.039359995560940185,0.02973649709452754,0.031244421783561214,0.011655652124962753,0.030203092756913113,0.027417947067890327,0.0032995407884884027,-0.004350915634407149,-0.015811481326421527,-0.004005494634132259
2026-07-16,0.017434906842973087,-0.020085877850740792,-0.04539096161306361,-0.010897739299897794,-0.024922372997344264,0.013731328503507289,-0.02429272199776052,-0.008656724657948154,0.011545480199944724,0.009915419904719627
2026-07-17,0.0014391811187502526,-0.01070175842928064,-0.021933776227723696,-0.005991944249690522,-0.028280040257188097,-0.018316835481835936,-0.022379698238569164,-0.026481664853464253,0.0063804505040958295,0.009614447229698517
2026-07-20,-0.021656657586981348,0.011101878873679298,0.014941034067203166,-0.006559168720411391,-0.0002477577792032815,0.021279310768907687,0.002314764878733785,-0.030039142341406637,-0.01071221755527004,0.006763245022457608
2026-07-21,0.0035150750095092813,-0.00980834490048411,-0.013845792742100516,0.018594354799919808,-0.003163593150473268,-0.011349616213798593,0.01953441361577837,0.02501128466509805,0.03450632218578946,0.022329034578553206
2026-07-22,-0.005660657333930309,-0.010966791059379664,-0.014683095985228533,0.008594828111342118,-0.02618603871567201,-0.018805463167719517,0.02275049536218918,-0.013068910989716612,-0.011617604154814252,0.017899576770836784
2026-07-23,-0.01306479450939142,-0.04677872011408177,-0.07399777740276084,0.0048416604209664225,-0.03417266033378101,-0.022697680641045857,-0.01568400152292866,-0.15693077724657808,-0.018131908643927882,0.015674496476981395
2026-07-24,0.03470739356294198,-0.0066556831027628285,0.006432062764840743,0.009415374777564975,-0.018164262272286083,0.00031453086371062644,-0.009239710638928346,-0.021052755196125365,-0.006680132302948863,0.0003186713857520521
2026-07-27,0.01161331318603087,-0.003106803882795502,0.021105556591049065,0.00842964841811415,-0.0022202544348985716,0.019201373487281348,-0.0512322371769213,-0.012246027070754707,-0.007395189999064293,-0.01392340356629135
2026-07-28,0.00936495711319729,-0.0022931271456731266,0.021658635153353648,0.0031113403646732428,-0.0007749174718241008,0.010863395254360744,0.0025411683422597504,-0.0057730474244629066,0.026347456020895787,-0.011240831760323618
2026-07-29,-0.0055729125775482845,-0.01840451837298003,0.008949673639247408,-0.0359002864431332,-0.013231500507594106,-0.007169398750261267,-0.03617778754375249,-0.03011319377555425,-0.019356357053585533,0.02395282180803524
2026-07-30,-0.01417498544145801,0.03830396299886934,-0.009099478974902122,0.017655340047404072,-0.08288273165174885,0.14415869002494103,0.026127957865361658,0.034688981481862634,0.002137651964433161,0.0014026067518219333
2026-07-31,-0.07638287945805575,0.1425457923711586,0.0651733250412112,0.0026756318530101815,0.03227321515481961,0.029745990485831524,0.028855721516937157,0.007612156102981297,-0.016916927211256375,-0.009794899299756101
