Date,Portfolio Return,Conditional Volatility,Scaling Factor,GARCH Scaled Return
2020-01-03,-0.0090452515114307,0.020835111501741062,0.7069715242781066,-0.00639473524851501
2020-01-06,0.0092457241799193,0.019837450883505355,0.7425263771736871,0.006865194079662637
2020-01-07,-0.0009130844507751,0.018810598226649464,0.7830601855087232,-0.0007150000794090805
2020-01-08,0.0097350818668195,0.017694534464798437,0.8324508658983801,0.008103977329625511
2020-01-09,0.0092895759912174,0.016891677299617307,0.8720170457686819,0.008100668612305071
2020-01-10,-0.0014267532638405,0.01614187373116016,0.9125229686598172,-0.0013019451238648165
2020-01-13,0.0170945285528887,0.015260629477525472,0.9652177558326152,0.016499942486835794
2020-01-14,-0.0066971347397461,0.015356296843956117,0.9592045977339589,-0.006423922434008279
2020-01-15,-0.0022849176809996,0.014755112993612025,0.998286529101283,-0.0022810025410472433
2020-01-16,0.0094326458634776,0.014018050777132236,1.0507759438936464,0.009911597360610175
2020-01-17,0.0044610302492123,0.013571109393026503,1.0853814607418237,0.004841919528303508
2020-01-21,0.0008770916226846,0.012934872749930264,1.1387688786478092,0.0009988046436359293
2020-01-22,0.0027452470228971,0.012314565220420761,1.1961307827956678,0.003283674470465385
2020-01-23,0.0026973672286744,0.011762684170870624,1.2522507892686157,0.0033777802410548162
2020-01-24,-0.0110348389887033,0.011264105955037578,1.3076786205391344,-0.014430023026618988
2020-01-27,-0.0238438773669367,0.01154951209845823,1.2753638778261902,-0.03040961990110852
2020-01-28,0.0194298516505263,0.013847443828591124,1.0637219922479253,0.020667960506779475
2020-01-29,0.0070401001419181,0.014459085917683972,1.0187248779589233,0.007171925157894115
2020-01-30,0.0077085102385255,0.013832459258418894,1.0648743120587993,0.008208594537248053
2020-01-31,-0.0188784860448927,0.013301880930748699,1.1073494503202652,-0.02090508114469073
2020-02-03,0.01825950471351,0.01430364097609663,1.0297958793502844,0.01880356271294969
2020-02-04,0.0250643252809806,0.014683827702752816,1.0031328911690205,0.025142849084310838
2020-02-05,0.0003560466627618,0.015990377321664983,0.9211684152651665,0.00032797894009673845
2020-02-06,0.0099452718432001,0.015099056120303973,0.9755464460512019,0.009702074601646944
2020-02-07,-0.003402412606586,0.014570002028812881,1.0109696970365027,-0.003439736042073426
2020-02-10,0.0172313682437106,0.013886390201542349,1.0607386313582172,0.01827797796726303
2020-02-11,-0.0008577979276684,0.014203304767790519,1.0370706520565338,-0.000889597056179811
2020-02-12,0.0116251667789301,0.01348436163268328,1.0923639500432971,0.012698913102544198
2020-02-13,-0.001709581575289,0.013265928358152808,1.110350526492759,-0.0018982348022044612
2020-02-14,0.0101033048018317,0.012652584375809234,1.1641756418595786,0.011762021352575381
2020-02-18,0.0052496969159724,0.012410013257144565,1.1869310879591592,0.006231028471930964
2020-02-19,0.0187675740810324,0.011912437220633754,1.2365085552246502,0.02320626591200897
2020-02-20,-0.0111559597956758,0.012784954256563865,1.152122271327472,-0.012853029738631961
2020-02-21,-0.0245111781097514,0.012856095839206851,1.1457467897811608,-0.02808360363300193
2020-02-24,-0.0513333216999444,0.0149333093147354,0.98637416706795,-0.050633862434613784
2020-02-25,-0.0321586429290398,0.02245496088437561,0.6559722198019661,-0.021095176387981036
2020-02-26,0.0067160388443378,0.02377597374156009,0.6195258582046059,0.004160759728773845
2020-02-27,-0.06148178287404,0.02232281259760709,0.6598554941266301,-0.04056909221813585
2020-02-28,0.0125726864726635,0.02950652294921459,0.4992059065123521,0.006276359347881569
2020-03-02,0.054764534217602,0.02779528472558689,0.5299399046389576,0.029021912040872934
2020-03-03,-0.0366509468158957,0.03144912664918205,0.46837009819709235,-0.017166207559177478
2020-03-04,0.0417320334743808,0.03192023217959634,0.4614574998707438,0.019257559831609955
2020-03-05,-0.0359125944568362,0.032661117557889356,0.45098978964154185,-0.01619621341957056
2020-03-06,-0.0238742902315096,0.032860939787405535,0.44824739134623365,-0.010701588316517047
2020-03-09,-0.084440673304365,0.03175778960304558,0.4638178765274519,-0.039165093784578865
2020-03-10,0.0587726116036191,0.04106235096840529,0.35871863615952726,0.021082831077983852
2020-03-11,-0.0417001071684956,0.042734945386745195,0.34467881972440384,-0.014373143721218215
2020-03-12,-0.1030307099012725,0.042264088769265164,0.348518824510937,-0.035908141903318855
2020-03-13,0.0995701960846836,0.052402289434363675,0.28109135489852966,0.027988321324955982
2020-03-16,-0.1486065285869183,0.05865730200170108,0.25111674138137174,-0.03731758720674459
2020-03-17,0.059258711894464,0.07381597470684835,0.19954800563682884,0.011824957775147719
2020-03-18,-0.0548135136662103,0.0712675125782523,0.2066836627799619,-0.011329057774371843
2020-03-19,0.0275686469498818,0.06881766914702768,0.21404140418386125,0.0059008319046018245
2020-03-20,-0.0387753387081801,0.06457381613062788,0.22810841018119282,-0.00884498086696023
2020-03-23,-0.0093194063467104,0.06149472228344333,0.2395299952571053,-0.0022322773580265793
2020-03-24,0.0997571198695234,0.05729327058021252,0.2570952991114014,0.025647086571347042
2020-03-25,0.0011327587334124,0.06251128290316744,0.2356347502851174,0.0002669173212809168
2020-03-26,0.0495396419620757,0.05812887588037261,0.2533995422034948,0.012553322594115023
2020-03-27,-0.0407352904108082,0.05638617512591661,0.2612312415941822,-0.010641330490715011
2020-03-30,0.0365001412896016,0.05426566749538526,0.271439221458813,0.009907569934786132
2020-03-31,-0.0044381038865709,0.05181557243685909,0.28427420260269287,-0.0012616384434228547
2020-04-01,-0.0518583891258318,0.0482436556608447,0.3053216083051755,-0.015833486772014592
2020-04-02,0.0204399102902164,0.048230094082786695,0.30540746015561393,0.006242501087543589
2020-04-03,-0.0194469485791538,0.045330572180224786,0.3249425239621396,-0.00631914055467218
2020-04-06,0.0734207440082578,0.042749270688297786,0.34456331768303927,0.025298095142242433
2020-04-07,-0.0027135247151373,0.04644769152920671,0.3171272899026197,-0.00086053273899527
2020-04-08,0.0274272168339157,0.04324920936860616,0.34058034243701835,0.009341170901389364
2020-04-09,0.0086175702670948,0.04118970203986693,0.35760954334249356,0.0030817253679376213
2020-04-13,0.015582332142168,0.03843330746315471,0.3832569068121811,0.005972036417727335
2020-04-14,0.0377456242884977,0.03611608740486771,0.4078467961317679,0.01539443193405723
2020-04-15,-0.0089712766699926,0.035767160115917004,0.4118255541997912,-0.0036946009864993598
2020-04-16,0.0156905003477119,0.03350553835552313,0.4396237535595989,0.006897916658089297
2020-04-17,0.0113169553945596,0.03160440236520332,0.4660689471890739,0.005274481486128103
2020-04-20,-0.0189351566428119,0.029668889172599387,0.49647394788524407,-0.009400811972282328
2020-04-21,-0.0397453509522163,0.02849009283089072,0.5170158842346486,-0.02054897776677654
2020-04-22,0.0336278586734491,0.02987894422840922,0.4929836350403877,0.01657798400746137
2020-04-23,0.0007999583004313,0.029881638313615566,0.4929391883502767,0.0003943307953286718
2020-04-24,0.0177007938530642,0.027887906008854282,0.5281798688009611,0.009349202974984308
2020-04-27,0.0107327948895353,0.02660993048972585,0.5535463740717927,0.005941099694758533
2020-04-28,-0.0178126173310993,0.025062237846674905,0.5877300593428231,-0.01046901064105799
2020-04-29,0.0379039434493626,0.024275217682287385,0.6067846941548926,0.022999532733185828
2020-04-30,0.0061187486209398,0.025759624303037777,0.5718185313422111,0.003498813850077976
2020-05-01,-0.036034725609921,0.024133250889871314,0.6103541791409576,-0.021993945370212972
2020-05-04,0.0187456179366661,0.02574758409357791,0.5720859278818388,0.010724104231016067
2020-05-05,0.0095085426537342,0.02475760278321545,0.5949619058787209,0.005657220659394811
2020-05-06,0.0044290403140746,0.023315839635457213,0.6317520950217045,0.0027980554973522165
2020-05-07,0.0100659209768384,0.02185040276125426,0.674121694589975,0.006785655706515078
2020-05-08,0.0177273420810899,0.020682377252939425,0.7121923344085967,0.012625277139591167
2020-05-11,0.0086978525427352,0.020154693992166225,0.730838708968512,0.006356727323131082
2020-05-12,-0.0201182141431743,0.019074995544139963,0.772206237364776,-0.015535410445999449
2020-05-13,-0.0167814359663785,0.019275358334025074,0.7641793362092226,-0.012824026597424695
2020-05-14,0.0160563668641931,0.019070595183406095,0.7723844167017432,0.012401687554748986
2020-05-15,0.0099531300110577,0.018578898526158693,0.7928258242086258,0.007891098504472428
2020-05-18,0.0229994545026809,0.01770366968276156,0.8320213154017971,0.019136036388844348
2020-05-19,-0.0048762115064735,0.018158450198927575,0.8111832439180368,-0.003955501067851631
2020-05-20,0.0209265100607378,0.017202331466113455,0.8562694287054172,0.01791873081450612
2020-05-21,-0.0101702381800196,0.017469413818239174,0.8431782937966307,-0.008575324076134276
2020-05-22,0.0055293780322215,0.016881286013674973,0.8725538163951514,0.0048246799043063825
2020-05-26,0.0004777192857728,0.015973927610277133,0.9221170207015005,0.000440513084528463
2020-05-27,0.0040587178170095,0.015083275576965148,0.9765670899353764,0.003963610247425831
2020-05-28,-0.005934102486519,0.01429798514108031,1.0302032343402794,-0.006113331574518568
2020-05-29,0.0105467682464477,0.013760866385692537,1.07041447275479,0.011289413371788275
2020-06-01,0.0096983109291493,0.013422070927049971,1.0974335195327156,0.010643251496498918
2020-06-02,0.0042581582008344,0.013059482979909382,1.1279030386999591,0.004802789573986271
2020-06-03,0.0071672188632737,0.012466609482327886,1.1815426285527388,0.00846837461512518
2020-06-04,-0.0073686088900682,0.012050311402105924,1.2223609868136678,-0.00900710003430773
2020-06-05,0.0271513187303961,0.011864275181340223,1.2415280589628288,0.03370912404162976
2020-06-08,0.0091276196980514,0.014231068516981506,1.0350474048602554,0.00944751908101945
2020-06-09,0.0119751471695313,0.013741492088258573,1.0719236631861908,0.012836443621157736
2020-06-10,0.0148422430697424,0.01352174026251167,1.0893442893388425,0.016168312729002897
2020-06-11,-0.0577179432565987,0.013613858734331949,1.0819732174643433,-0.062449268770766495
2020-06-12,0.0084371459018699,0.02345530640070506,0.6279956563026358,0.005298490977965881
2020-06-15,0.0143211583053102,0.022082420358661207,0.6670387710064957,0.009552767835363584
2020-06-16,0.0138658531368495,0.02113763197025374,0.6968533919797153,0.009662466791106149
2020-06-17,0.0005615039077776,0.020255365039368915,0.7272063726455121,0.0004083292200012287
2020-06-18,0.0008702277749224,0.01900868187374763,0.7749001553460241,0.0006743396379737926
2020-06-19,-0.0027537255197329,0.017862165673688802,0.8246385576071226,-0.0022708282406384626
2020-06-22,0.0161563010197748,0.016862369586814197,0.873532658684484,0.014113056584310724
2020-06-23,0.0101197579823384,0.01664443585450095,0.8849702486556179,0.008955684737964688
2020-06-24,-0.024367583897438,0.01596713349381348,0.922509387336012,-0.0224793248920844
2020-06-25,0.0169396025879369,0.01730786942404869,0.8510481663574141,0.014416417721287003
2020-06-26,-0.0372121118472727,0.017111657640933014,0.8608067579411345,-0.0320324373553937
2020-06-29,0.0142423832399971,0.020563951502866787,0.7162937791813372,0.01020173051552646
2020-06-30,0.0218727965727681,0.01976609174711077,0.7452070305726101,0.01629976178431128
2020-07-01,0.0094722313144647,0.019777645502825385,0.744771693616711,0.0070546497584031195
2020-07-02,0.0085318172724531,0.01876694596666138,0.7848815978400033,0.006696466373281929
2020-07-06,0.0309581751578015,0.017803974782135662,0.8273338238868975,0.02561274543386427
2020-07-07,-0.0088308493023759,0.019438922965171503,0.7577493137496074,-0.006691569998701538
2020-07-08,0.0175059690094652,0.018561390750759476,0.7935736462143866,0.013892275657357352
2020-07-09,0.0060850559661561,0.018264591796418504,0.8064691891870562,0.00490741015118377
2020-07-10,0.0134516697667943,0.017253170258182703,0.8537463153998749,0.011484313499376527
2020-07-13,-0.0166211174445236,0.016747403001221933,0.879529234223089,-0.014618758697913868
2020-07-14,0.0133526527838648,0.01686652632617712,0.8733173773920037,0.011661103710430845
2020-07-15,-0.0012522564609474,0.016395975906143768,0.8983808357129109,-0.0011250032059128175
2020-07-16,-0.00823094601038,0.015489378018864302,0.9509633323527213,-0.007827327846446302
2020-07-17,-0.0039311536614861,0.01497337436815764,0.9837348732971394,-0.003867212949093614
2020-07-20,0.0282959556058562,0.014271930167156112,1.0320839833414992,0.02920380257414629
2020-07-21,-0.0079875848329581,0.01623234528394049,0.9074369894942527,-0.007248229934149452
2020-07-22,0.0023601165305062,0.015621635096607545,0.9429122141054861,0.002225382703326559
2020-07-23,-0.0316506242120563,0.014763690904506863,0.9977065106662226,-0.03157803384301855
2020-07-24,-0.0053486889036618,0.017736709871833938,0.8304714145593202,-0.004441933239861754
2020-07-27,0.0165024958001995,0.016838086576468098,0.8747924219296817,0.01443625826894092
2020-07-28,-0.0139332662761028,0.01665772513323926,0.8842642329052423,-0.012320689015502524
2020-07-29,0.0168449791363762,0.01649566848598861,0.8929514162703792,0.015041747976872119
2020-07-30,0.000387773505273,0.01639492525882474,0.8984384072725006,0.0003483906104599487
2020-07-31,0.0224740838105252,0.015468669491056533,0.9522364250788656,0.02140064122465733
2020-08-03,0.0179407550310666,0.016225709071627927,0.9078081254794953,0.016286763194439394
2020-08-04,0.0028575355450355,0.016280788093561583,0.9047369483738483,0.0025853179888852195
2020-08-05,0.006983267014855,0.015370704896733452,0.9583054671761047,0.006692102959086102
2020-08-06,0.0155833915332158,0.0146536200950709,1.005200792795558,0.015664437523632106
2020-08-07,-0.009599368865657,0.014667346652639121,1.0042600673271622,-0.009640262823322964
2020-08-10,-0.0007185079801131,0.014348463872087009,1.0265789194023116,-0.0007376051458064439
2020-08-11,-0.0169810025676834,0.01361400973032237,1.0819612170602877,-0.0183727862050346
2020-08-12,0.0301956564187234,0.014276733868504502,1.0317367174144256,0.031153967433627514
2020-08-13,0.0042214797118306,0.016592571351110946,0.8877364589969934,0.0037475614511081447
2020-08-14,0.0018293068577993,0.015677580527983487,0.9395474327558628,0.0017187205619680266
2020-08-17,0.0135005126007539,0.01481148114310444,0.9944873436069381,0.013426088913655742
2020-08-18,0.0075471738301874,0.014596345515697653,1.0091450987542725,0.007616193480180124
2020-08-19,-0.0051943842134251,0.013980402476735631,1.0536056141017156,-0.00547283236906601
2020-08-20,0.0131079085595091,0.013435060291037667,1.0963724924045368,0.014371150377599754
2020-08-21,0.0156012692121048,0.01335910218174046,1.1026063231272587,0.01720205808207738
2020-08-24,0.0078917600262449,0.013560908756464046,1.0861978943608006,0.008572013123307947
2020-08-25,0.0044168602870968,0.013068492246177076,1.1271254754885058,0.004978355751260279
2020-08-26,0.0153701986731032,0.0124790615305105,1.1803636436022618,0.01814242370867474
2020-08-27,0.0008625111226832,0.012788847750406689,1.1517715140851355,0.0009934157416880993
2020-08-28,0.0095057560262144,0.012182309774852091,1.209116399855218,0.011493565504318397
2020-08-31,0.0099109299825194,0.011950186445172515,1.232602571053656,0.012216237777986177
2020-09-01,0.0142188566501244,0.011778251844031256,1.2505956513703411,0.01778204029410383
2020-09-02,0.0094299908500991,0.012060493183055734,1.2213290379853383,0.011517121653162076
2020-09-03,-0.0585715881836838,0.011837310212523856,1.244356215426884,-0.07288391980379076
2020-09-04,-0.010462690208665,0.02285396946714894,0.6445195683867234,-0.006743408577452763
2020-09-08,-0.0585447974424062,0.0217500963711217,0.6772305871916714,-0.03964832754893821
2020-09-09,0.036158438074905,0.028446966586168375,0.5177996920083634,0.01872282809868929
2020-09-10,-0.0238762423388497,0.02897562480131134,0.5083524734287548,-0.012137546849138602
2020-09-11,-0.0072800118226899,0.028306646120465514,0.5203665059507216,-0.0037882743154530876
2020-09-14,0.0225728345496739,0.026583202296875105,0.5541029396079081,0.012507673979257259
2020-09-15,0.0082737642468258,0.02582667616798173,0.5703339617178961,0.004718808741212044
2020-09-16,-0.0184885344436794,0.024253140477832894,0.6073370395208445,-0.01122877177410341
2020-09-17,-0.0145673499781694,0.023616667214671604,0.6237048777034653,-0.009085727236597722
2020-09-18,-0.0147302128425503,0.02271781476831671,0.6483823680714694,-0.009550810285049534
2020-09-21,0.0046034233907576,0.021925649300644487,0.67180817931158,0.003092617486745203
2020-09-22,0.0109702769963497,0.020574189004997648,0.715937358858334,0.007854031138710941
2020-09-23,-0.0377747927620654,0.01956750908350971,0.7527698325845461,-0.028435724423415895
2020-09-24,0.0093079476491913,0.022481131127766698,0.6552086037475762,0.0060986473829821655
2020-09-25,0.0270924113847673,0.021224525380736683,0.6940004675091082,0.01880214616697759
2020-09-28,0.0175997127289743,0.021666262663748288,0.6798510091699365,0.011965182459894155
2020-09-29,-0.0027993595369976,0.021016709927451402,0.7008628176216356,-0.0019619670126361354
2020-09-30,0.0121724767958214,0.019753569142934347,0.7456794481193239,0.009076765779353378
2020-10-01,0.0101444438873403,0.018896086292025577,0.7795175312628834,0.007907771855094357
2020-10-02,-0.0270561157727741,0.01800128855351725,0.8182653421225308,-0.0221390818293158
2020-10-05,0.0261699339999677,0.019368781664191547,0.7604933956234471,0.019902061970876933
2020-10-06,-0.0180085377564139,0.019981868884203384,0.7371598033322508,-0.013275170150819483
2020-10-07,0.0167630423756256,0.019815645449879557,0.7433434643421983,0.012460697992412607
2020-10-08,0.0061132457023014,0.01930106595793046,0.7631615046027014,0.004665393788174334
2020-10-09,0.0116666494430646,0.01820157695689749,0.8092612289457876,0.009441367065974145
2020-10-12,0.0337081632277755,0.017465630313563997,0.8433609478983901,0.0284281484916904
2020-10-13,-0.0054280978860327,0.019656811413531237,0.749349944251414,-0.004067544848289822
2020-10-14,-0.0067024873936852,0.01859002283557432,0.7923513955401297,-0.005310725239976595
2020-10-15,-0.0041766280635412,0.017675961668819348,0.8333255532497462,-0.0034804908917688867
2020-10-16,-0.0068307767587273,0.016736500925696993,0.8801021553002283,-0.006011781347730604
2020-10-19,-0.0222913660934349,0.016005273103307335,0.9203111025857105,-0.020514991707590795
2020-10-20,0.0072154405108051,0.017010959455093722,0.8659023952043765,0.006247867220760826
2020-10-21,-0.000874006196435,0.016151044085149092,0.9120048499176774,-0.0007970978900068222
2020-10-22,0.0040222822828565,0.015259386451066304,0.9652963822710506,0.003882694536114322
2020-10-23,0.0059593560795814,0.014457552524495518,1.0188329256928756,0.006071588189805544
2020-10-26,-0.0185637109488261,0.013785933003248428,1.0684681648619174,-0.01983473417051931
2020-10-27,0.0096920871373276,0.014646593654405658,1.0056830198507962,0.009747167460924678
2020-10-28,-0.0473474996992285,0.01414902995397169,1.0410487916703763,-0.04929105735049534
2020-10-29,0.0230418432286829,0.02097940185394785,0.7021091754395451,0.016177889549897816
2020-10-30,-0.026320283794383,0.020958716878827267,0.7028021143684817,-0.018497951101470858
2020-11-02,0.0064091431479297,0.021680388503972803,0.6794080527750246,0.004354423466091308
2020-11-03,0.021244720231136,0.020390128056427207,0.722400099505367,0.01534718800893633
2020-11-04,0.0409801983818748,0.020247716618346498,0.7274810693243039,0.029812318539968387
2020-11-05,0.0261636698366535,0.023123565578012095,0.6370051576689625,0.01666639262949614
2020-11-06,-0.0002922521146025,0.023171250960689806,0.6356942299696918,-0.00018578298294925037
2020-11-09,-0.0072207686319368,0.021697946350628064,0.6788582798972504,-0.004901878573012638
2020-11-10,-0.0215829009676987,0.02052842225976241,0.7175334933441041,-0.015486454327852693
2020-11-11,0.0204066970841633,0.02069628829410454,0.7117136332646694,0.014523724524701397
2020-11-12,-0.0054253735114787,0.020425805239226092,0.7211383034536505,-0.003912444649670124
2020-11-13,0.0032398456875806,0.019291982104734876,0.7635208480353615,0.0024736897268852484
2020-11-16,0.0109069250962342,0.018133773652226896,0.8122871068858473,0.00885955463144072
2020-11-17,-0.0028218466562008,0.01735641939357688,0.8486675853397091,-0.0023948097879168653
2020-11-18,-0.0058339407046179,0.016402181937782926,0.8980409187487169,-0.005239117470300596
2020-11-19,0.0043853613312855,0.015650648208517942,0.941164247042075,0.004127345295366749
2020-11-20,-0.0128628758503335,0.014821985576309461,0.9937825442519276,-0.012782901488941102
2020-11-23,0.0028359537496316,0.014791542545466557,0.9958278855375174,0.00282412182597783
2020-11-24,0.0181328393676056,0.014011551637279003,1.0512633374379565,0.01906238923081543
2020-11-25,0.0053289131550317,0.014422422224250038,1.0213146105321527,0.005442496863490866
2020-11-27,0.0045164608886291,0.01373200818065242,1.0726639791580987,0.004844644908508813
2020-11-30,-0.0051450499616769,0.013082080555779444,1.125954734347114,-0.005793093362802542
2020-12-01,0.0173265056918828,0.01262753277946979,1.166485234616724,0.020211113057083913
2020-12-02,0.0062939399374098,0.01316321074995782,1.1190150197160211,0.0070430133231520805
2020-12-03,-0.0023657824399249,0.01263183303150427,1.1660881283146662,-0.0027587108173717312
2020-12-04,0.0032518294477417,0.012099387737924083,1.2174029674841562,0.0039587868194331105
2020-12-07,0.0052833540510485,0.011576777741437934,1.2723601390537382,0.006722329095062201
2020-12-08,0.0016079381126854,0.011166491038971509,1.3191100485803893,0.0021210473219386975
2020-12-09,-0.0213748266318285,0.010717783673531487,1.374335495618073,-0.02937618295280441
2020-12-10,0.0030336055766532,0.012759086663662118,1.1544580678208536,0.0035021704325536194
2020-12-11,-0.0012961437377509,0.012168861830999682,1.210452607767026,-0.0015689205674014768
2020-12-14,0.002479195302054,0.011651602827288443,1.2641892068610883,0.0031341719425573822
2020-12-15,0.0139774507898185,0.01116118945985181,1.3197366275230098,0.018446553766723897
2020-12-16,0.0044616473729432,0.011513449850729253,1.2793585526372195,0.005708046725426265
2020-12-17,0.0031264072487955,0.011080403525516954,1.329358673893871,0.004156116594310972
2020-12-18,-0.0050430342194507,0.010657782472198712,1.3820727318570811,-0.006969840080524972
2020-12-21,0.0048944619662262,0.010471537489578273,1.4066540421165425,0.006884814708777764
2020-12-22,0.0007520066584987,0.010165450305770304,1.449009152947112,0.0010896645312417894
2020-12-23,-0.0022318987876566,0.009821448491085684,1.4997615219648648,-0.003347315922647399
2020-12-24,0.0033760338038929,0.009583468120564593,1.5370041775672343,0.005188978060191588
2020-12-28,0.0166232438682762,0.009327801425907792,1.579132087436849,0.026250297789682797
2020-12-29,-0.0029802474716436,0.010408009820129136,1.4152398769265795,-0.004217765064979638
2020-12-30,-0.0018135689909089,0.010135006838729388,1.453361677133002,-0.0026357716702237652
2020-12-31,0.0006981545534938,0.009845794025069663,1.496053086158886,0.0010444762743702786
2021-01-04,-0.0111441926635346,0.00953665775657728,1.5445485109006099,-0.017212746183651866
2021-01-05,0.0106554394416097,0.010133348248150794,1.4535995582287617,0.015488742065057183
2021-01-06,-0.0155460789987512,0.010275561339549075,1.4334818361890662,-0.02228502186867015
2021-01-07,0.0323109404342893,0.011378619978016305,1.2945181898462628,0.04182710012322661
2021-01-08,0.0078288876861253,0.015004291651259534,0.9817078259508303,0.007685680309959295
2021-01-11,-0.0103408795836165,0.0143620878276883,1.0256051009862874,-0.010605658849642038
2021-01-12,-0.0010775167495958,0.01414447073575984,1.041384355206056,-0.0011221090855015475
2021-01-13,0.0074465162325404,0.013434908194479702,1.0963849044344465,0.008164247987983361
2021-01-14,-0.0111512000256056,0.012931445054751477,1.1390707283311636,-0.01270200553493306
2021-01-15,-0.0120249857270766,0.012981398336950174,1.134687508583978,-0.013644601095414443
2021-01-19,0.0130981453180764,0.013118906353641784,1.1227940912011478,0.01470652016883016
2021-01-20,0.025954981395504,0.013084206867146887,1.12577175570919,0.0292193849750159
2021-01-21,0.0136616996780362,0.014903748233270484,0.9883306069279909,0.013502275934461455
2021-01-22,1.9308800999248265e-06,0.014692047621626203,1.00257165755496,1.9358456623215197e-06
2021-01-25,0.0081471209620667,0.013917389755729457,1.058375945160713,0.008622716848566001
2021-01-26,8.081499374491471e-05,0.013402144741360453,1.0990651736085462,8.882094513042826e-05
2021-01-27,-0.0225042665491913,0.012743790763246303,1.1558437211141068,-0.026011415189160992
2021-01-28,0.0005430918759709,0.01447680163440203,1.017478232338756,0.0005525841619604102
2021-01-29,-0.0221364075620553,0.0137170931603393,1.0738303199309787,-0.023770745614484376
2021-02-01,0.0231340075529865,0.015162115987158407,0.9714891080747342,0.022474436363845017
2021-02-02,0.0146287174106725,0.016071776706504056,0.9165029359155545,0.013407262455560336
2021-02-03,0.0071421971278177,0.01580562003726788,0.9319362671099838,0.006656072530262075
2021-02-04,0.0078855941216992,0.015054266842462251,0.9784488803760969,0.007715650739476914
2021-02-05,0.0021734329179066,0.014409999260905734,1.0221950931567467,0.0022216724639894767
2021-02-08,0.0123829122622737,0.013657548120261298,1.078512073117878,0.0133551203752216
2021-02-09,-0.0037917691217362,0.013484555866668307,1.0923482154351116,-0.004141932233470499
2021-02-10,0.002508384572792,0.012921814129961209,1.1399197039010813,0.0028593569994870968
2021-02-11,0.0034217536070991,0.012309035177266786,1.1966681648691933,0.004094703609641823
2021-02-12,0.0002164678260948,0.01176922959377012,1.2515543536245757,0.0002709212501685945
2021-02-16,0.0028025845952641,0.011265248241165472,1.3075460230928992,0.0036645083419189965
2021-02-17,-0.0040613593321998,0.010818077194742098,1.3615941420763127,-0.005529923075590213
2021-02-18,-0.0044467469812324,0.01055305185044594,1.3957887012814925,-0.006206719193861768
2021-02-19,-0.004166276598482,0.010341558748798935,1.4243336903734078,-0.005934168122632236
2021-02-22,-0.0212847687244261,0.010138592754481266,1.452847638088589,-0.030923525968544332
2021-02-23,-0.0008378892926838,0.01232571863503755,1.195048416488968,-0.0010013182724148367
2021-02-24,0.0101251841486949,0.011783044270596472,1.250087006262648,0.012657361140300026
2021-02-25,-0.0389086903680049,0.011649790342729484,1.2643858905223069,-0.04919559912000658
2021-02-26,0.0052607938675587,0.01737873377457724,0.8475778919197186,0.004458932576089586
2021-03-01,0.0277411123532061,0.016420320057094866,0.8970489299644161,0.024885135152466178
2021-03-02,-0.0169058194014747,0.01780771997466395,0.8271598249437409,-0.01398381461665431
2021-03-03,-0.0226110007354685,0.017810773098335012,0.8270180331625899,-0.018699705356085033
2021-03-04,-0.0102821032310823,0.018539750044748365,0.7944999528762586,-0.008169130532563714
2021-03-05,0.013635025230945,0.017847026491069985,0.8253380777050155,0.011253505513567531
2021-03-08,-0.0311236053331435,0.017290369801557962,0.8519095141367622,-0.02651449549754262
2021-03-09,0.038767281020769,0.019511128730567026,0.7549450746954359,0.029267167865963405
2021-03-10,-0.0009628209655031,0.02214984094024332,0.6650084114206004,-0.0006402840407516653
2021-03-11,0.0209715407015242,0.02076385054377634,0.7093978309001671,0.014877165484295836
2021-03-12,-0.0063432474823132,0.020543778509486042,0.716997144906363,-0.00454809033425304
2021-03-15,0.0079649730140773,0.019436950155771144,0.7578262237049913,0.006036065421170363
2021-03-16,0.0038423838890491,0.018390088085611503,0.8009657413449195,0.003077617860223987
2021-03-17,0.0037235219168583,0.01731509145158756,0.85069319894003,0.0031675747707754997
2021-03-18,-0.0282739726216031,0.016328746001703934,0.902079714838672,-0.025505377159852145
2021-03-19,0.0028733131145857,0.018258242041172906,0.8067496587937635,0.002318044374799659
2021-03-22,0.0131497139056308,0.01718126042655134,0.8573195546309983,0.011273506869100442
2021-03-23,-0.0028096995439008,0.016659485229221182,0.8841708092548787,-0.0024842543194938337
2021-03-24,-0.0143161443012536,0.015765956919002268,0.9342807805808943,-0.013375298472683934
2021-03-25,-0.002400744751552,0.015762474124249155,0.9344872144297236,-0.0022434652754346075
2021-03-26,0.0098331952486573,0.014937314115666747,0.9861097130869771,0.009696609345381678
2021-03-29,0.0018467017181016,0.0144180515916297,1.0216242079090279,0.0018866351799997879
2021-03-30,-0.004886744010543,0.013662906203179065,1.078089120853576,-0.0052683455541627814
2021-03-31,0.0148975051289305,0.013133968707960289,1.1215064436663895,0.01670764799664864
2021-04-01,0.0178852432962653,0.01328849609477501,1.108464827910956,0.01982516313254029
2021-04-05,0.0208425470081386,0.01378626627669522,1.068442335383439,0.022269059600714715
2021-04-06,-0.0041521528244085,0.014610883793067506,1.0081409684388238,-0.004185955369505182
2021-04-07,0.0114955998144262,0.013953239101246568,1.0556567138288515,0.012135407123588718
2021-04-08,0.0091814868515578,0.013667163910797484,1.077753265639345,0.009895377437691127
2021-04-09,0.0110704923808626,0.01324190498908397,1.1123649164552079,0.01231442733235624
2021-04-12,0.0057454213793449,0.013006217422185147,1.132522243689777,0.0065068175114789
2021-04-13,0.0145104300055418,0.012467698392025826,1.1814394344277042,0.01714319421905009
2021-04-14,-0.0152013563618406,0.01267755142846378,1.16188292510639,-0.017662196395279987
2021-04-15,0.0209723308540194,0.013258264418811849,1.1109923645805684,0.023300099446273027
2021-04-16,-0.0010220415828438,0.014202758940848308,1.0371105077708516,-0.0010599700649460582
2021-04-19,-0.0090418239050614,0.013486816423499255,1.092165124396972,-0.0098751647300469
2021-04-20,-0.0083975227878752,0.013262776081062683,1.110614432970956,-0.009326410009416697
2021-04-21,0.0078676620649871,0.013012083306494488,1.1320116994285114,0.008906285504715278
2021-04-22,-0.0176892593983796,0.012576435576326156,1.1712245848591296,-0.020718095495332604
2021-04-23,0.0171347629216682,0.013538015070151262,1.0880347274370121,0.018643217105175084
2021-04-26,0.0060543770452837,0.013897898884882005,1.0598602464227993,0.006416793547150922
2021-04-27,-0.0030577037534094,0.013283772253245509,1.1088590090282056,-0.003390562353907372
2021-04-28,-0.0004376542664534,0.012711352293152966,1.1587933523661749,-0.0005071508546008945
2021-04-29,0.0066588269998221,0.012124507475131427,1.2148807336794951,0.008089680630988704
2021-04-30,-0.0091670730767055,0.011718296020497112,1.2569942345820106,-0.011522958005410788
2021-05-03,-0.0032912532063521,0.011735639616220293,1.2551365770069751,-0.004130972283484006
2021-05-04,-0.0175650661548265,0.011330744414704462,1.2999878911551979,-0.02283437330861444
2021-05-05,0.0019947971656393,0.012532560099921312,1.1753249471337204,0.0023445348732475057
2021-05-06,0.0102404327528975,0.011952031810683193,1.2324122601250185,0.012620434873656673
2021-05-07,0.0077133673326773,0.011806982245261943,1.2475525270482357,0.009622830907932875
2021-05-10,-0.0246847446364555,0.011495117168266006,1.281398903662687,-0.03163100471434747
2021-05-11,-0.0068034696305063,0.013978416010547019,1.0537553415048038,-0.007169192463911727
2021-05-12,-0.024872188100387,0.013528675712276984,1.0887858390694651,-0.027080486190373426
2021-05-13,0.0078326752604864,0.015504147804942019,0.9500574118749686,0.007441491186034805
2021-05-14,0.023574368833975,0.014813279403550272,0.9943666176552316,0.023441565400796626
2021-05-17,-0.0023297548676178,0.015856290270153294,0.9289581791156114,-0.002164244839607964
2021-05-18,-0.0109108172684742,0.015020857730604333,0.980625128142903,-0.010699421582041312
2021-05-19,-0.0017370624445702,0.014773606722103552,0.9970368654021454,-0.0017319152947420603
2021-05-20,0.0164005599185188,0.014020779745023047,1.0505714236127868,0.017229959581645107
2021-05-21,-0.0011877850864472,0.014217041941044893,1.0360685857136613,-0.0012306268146471296
2021-05-24,0.0207975756312967,0.013502992160247045,1.0908567791555837,0.022687176367400974
2021-05-25,-0.0004902804424488,0.014374080068734666,1.0247494425002768,-0.0005024146100681968
2021-05-26,0.0029541186036091,0.013633868785411783,1.0803852353816903,0.003191586122905648
2021-05-27,-0.0047902586002051,0.012960410612450296,1.1365249896280383,-0.0054442486059137225
2021-05-28,0.0044581145115684,0.0124993607116818,1.1784467123285602,0.005253650389342026
2021-06-01,0.0013428405668011,0.011966628910547452,1.230908942443033,0.0016529144619507451
2021-06-02,0.0046544078459739,0.01143806357311155,1.2877905812236332,0.005993902585218567
2021-06-03,-0.0068434241050896,0.011019182255145653,1.3367444331009015,-0.009147909075827042
2021-06-04,0.0176548699453074,0.01092101247493079,1.3487605266180722,0.02381219168480638
2021-06-07,0.0022403879508768,0.011822408521627607,1.2459246785410791,0.002791354637503484
2021-06-08,0.0011980763393586,0.011312555882920178,1.3020780351794283,0.0015599888859470078
2021-06-09,-0.0005174888480515,0.010848553038274414,1.3577691407252537,-0.0007026303885537865
2021-06-10,0.0041258657123055,0.010448270332408834,1.4097865070738698,0.0058165898112070135
2021-06-11,0.0042723024730148,0.010117631682052135,1.4558575563706004,0.0062198638384393995
2021-06-14,0.0093296466691764,0.009828224075142458,1.4987275853981468,0.013982598825112609
2021-06-15,-0.0060791397156716,0.00988851576581038,1.489589629600298,-0.00905542347735572
2021-06-16,0.0005585861606467,0.009877839278588225,1.4911996562668741,0.0008329634907517919
2021-06-17,0.0116394229329936,0.009566223575745388,1.5397748568449552,0.01792209078040811
2021-06-18,-0.0096228353051814,0.009904013301901096,1.4872587594427775,-0.014311646098306251
2021-06-21,0.0081520487289025,0.010244323202893995,1.437852969411298,0.011721447471638056
2021-06-22,0.0118743214744103,0.010151344044974222,1.4510226893731089,0.01722990988027969
2021-06-23,0.0039549140171309,0.01042051388861271,1.4135416635245406,0.005590435738871736
2021-06-24,0.0039121060046508,0.010087717468058043,1.460174770311622,0.005712358486775699
2021-06-25,-0.0031280147917344,0.009790193778994047,1.5045494368553445,-0.004706252893379179
2021-06-28,0.01491476575925,0.009596433791520224,1.5349275425529463,0.02289308475459843
2021-06-29,0.002031453062336,0.010356407958771779,1.4222914542888554,0.002889318330349418
2021-06-30,0.0009700792418869,0.009993951404031191,1.4738745408496503,0.0014297750972238317
2021-07-01,0.0049838243077148,0.009667395709824483,1.523660660949361,0.007593657038748224
2021-07-02,0.0142291824179887,0.009457029578761357,1.5575536075270944,0.022162714407299403
2021-07-06,0.0050519187337904,0.010146620565902369,1.4516981729256397,0.007333861195612335
2021-07-07,0.0012126119340382,0.00988355952193632,1.4903366043577406,0.0018071999521781636
2021-07-08,-0.0091312743429873,0.00956849752045032,1.539408930755198,-0.014056765272770453
2021-07-09,0.0093493235609769,0.009907447418365944,1.4867432462558163,0.013900043661342785
2021-07-12,0.0077524344031416,0.009958254012350556,1.479157944617778,0.01146707493753508
2021-07-13,-0.0020752047575033,0.009872909209907502,1.4919442915679553,-0.003096089891791711
2021-07-14,-0.0003637718529822,0.009622865361205997,1.5307114860270845,-0.0005568297536532095
2021-07-15,-0.0111071616937662,0.00935193566684501,1.5750568718207916,-0.017494411352191114
2021-07-16,-0.0158459049893334,0.00997863573386243,1.4761367114448936,-0.023390722080822837
2021-07-19,-0.0118241582202528,0.011198362958452114,1.3153556990017592,-0.015552973900908018
2021-07-20,0.0116497970601766,0.011589762807880996,1.2709345981501847,0.01480613014520675
2021-07-21,0.0119078389761722,0.011621164058763275,1.2675004382011743,0.015093191120327287
2021-07-22,0.0065305136183577,0.011673815126022906,1.2617837765868767,0.008240096136423408
2021-07-23,0.0100749958023783,0.01130986969186188,1.3023872898809057,0.013121546478620976
2021-07-26,0.00302460037158,0.011233506577382186,1.3112406562833716,0.003965978976225489
2021-07-27,-0.0107078003823772,0.01079330339307414,1.3647194005814796,-0.014613142919383948
2021-07-28,0.0035929455377537,0.01111563056551533,1.3251457441008703,0.004761176488140528
2021-07-29,0.0032614234448871,0.010699467391203114,1.376688203096984,0.004489963181879998
2021-07-30,-0.0119368286011627,0.010319254841919352,1.4274122271943508,-0.017038775099222876
2021-08-02,0.0026213998813739,0.010877813506720473,1.3541168478196361,0.003549681744240794
2021-08-03,0.0081504489674711,0.010467596621754127,1.4071836228650747,0.01146917830602289
2021-08-04,0.0006978027552952,0.010345893158538327,1.4237369660766175,0.0009934875777438924
2021-08-05,0.0069900596638734,0.009983022265363578,1.4754880982281107,0.01031374983994959
2021-08-06,-0.0014450712781358,0.00984249690023619,1.49655424697535,-0.002162627558476229
2021-08-09,-0.0008298638203634,0.009574081644861298,1.5385110638570896,-0.0012767546691238032
2021-08-10,-0.0032008880060567,0.00931886741902875,1.5806460028406961,-0.005059470832314249
2021-08-11,-0.0018974783423065,0.009186472032962523,1.6034262646244624,-0.003042466610610328
2021-08-12,0.0096142954052659,0.009010207653352203,1.6347936810768207,0.015717389376534604
2021-08-13,0.0026055990784754,0.00921959176197222,1.597666243493111,0.004162877691756904
2021-08-16,0.0001510081255074,0.008989484237435268,1.6385623632944555,0.0002474362310080711
2021-08-17,-0.0123424633598839,0.008782479047149834,1.6771836810325715,-0.02070057813093972
2021-08-18,-0.0127125198167003,0.009705405760279014,1.5176934278394079,-0.01929370777708428
2021-08-19,0.0068291127960265,0.010490045542045367,1.404172220020519,0.009589250475567064
2021-08-20,0.0165964500954588,0.010277700972736385,1.433183410955811,0.023785756957567537
2021-08-23,0.0193250364853512,0.011149217401253447,1.3211537641408082,0.025531344694780193
2021-08-24,0.001074023521585,0.012265855644341087,1.2008807998393385,0.0012897742256472576
2021-08-25,0.0035250795561885,0.011708495668495663,1.2580463753788718,0.004434713558585104
2021-08-26,-0.0052598729712899,0.011230312565223562,1.3116135861172233,-0.0068989208503946004
2021-08-27,0.0122339985302048,0.010989633433719987,1.3403386587667234,0.016397701181328765
2021-08-30,0.0109564575954493,0.011168412461558745,1.3188831078355774,0.014450286844354891
2021-08-31,-0.0040004370650715,0.011191263340668514,1.316190146590751,-0.005265335847103532
2021-09-01,0.0013700530908705,0.010880392650877308,1.3537958610071388,0.0018547722037805202
2021-09-02,0.0004677742098199,0.010460233525185882,1.408174158007475,0.0006587075540507496
2021-09-03,0.0038622720561086,0.01008700931233222,1.460277281481413,0.005639988138435893
2021-09-07,0.0040939577071789,0.009788092100869618,1.5048724904807063,0.0061608843307249936
2021-09-08,-0.0062641762601312,0.009529911797402583,1.5456418537792622,-0.009682173007109234
2021-09-09,-0.0047148092290617,0.009584680749630908,1.5368097197663484,-0.007245764650066103
2021-09-10,-0.011333599984792,0.009511388808527699,1.548651919652759,-0.01755180137302461
2021-09-13,0.004226435676304,0.01013857715628133,1.4528498732945343,0.006140376536805766
2021-09-14,-0.0025804428587007,0.00984529777117535,1.4961284949669649,-0.003860674090536131
2021-09-15,0.0098030564019162,0.009619198951819714,1.5312949249379721,0.015011370517134973
2021-09-16,-0.0017021734939762,0.009754028433467406,1.5101279063684216,-0.0025704996947341
2021-09-17,-0.0128200772568799,0.009504083817369351,1.5498422383407895,-0.019869097231504592
2021-09-20,-0.0257479321530816,0.010345839595880068,1.423744337072065,-0.03665847259426567
2021-09-21,0.002544573964431,0.013414023428255173,1.098091904764637,0.0027941760714165404
2021-09-22,0.0137661121826511,0.012755674739102173,1.1547668655846401,0.01589665021644654
2021-09-23,0.0126248735029512,0.012840453446290954,1.1471425521304308,0.014482529610499291
2021-09-24,0.0021360566761943,0.012796504638809148,1.1510823426123462,0.002458777122786477
2021-09-27,-0.0042117339093529,0.012191989121790916,1.2081564697727094,-0.005088433571545812
2021-09-28,-0.0272061606237109,0.01178233184628523,1.250162593369347,-0.03401212432096143
2021-09-29,-0.0011201426496372,0.014706101982600027,1.0016135175941414,-0.0011219500195103376
2021-09-30,-0.0064131528975232,0.013946321031616997,1.0561803721208582,-0.006773446213774014
2021-10-01,0.0122188013792445,0.013474993512315443,1.093123386176616,0.013356657538699255
2021-10-04,-0.0228955340117624,0.013310165252970104,1.1066602297520907,-0.02533757692975378
2021-10-05,0.0171934978254405,0.014979133371054448,0.9833566583600885,0.016907340567146618
2021-10-06,0.0073400111727452,0.015126703036542961,0.9737634500595397,0.007147434603047934
2021-10-07,0.0099221577505744,0.01444892147658786,1.0194415244596282,0.010115059623174482
2021-10-08,-0.0009212356997229,0.013988047557966675,1.0530297724431916,-0.0009700886192457499
2021-10-11,-0.0066910713352413,0.013289920192034642,1.1083460490393737,-0.007416022478255301
2021-10-12,-0.0050959626475217,0.012908437396233865,1.141100977968699,-0.0058150079607789725
2021-10-13,0.0024649484407763,0.012469624652392333,1.181256930140574,0.0029117374281062065
2021-10-14,0.0213107530444878,0.011899314639940633,1.2378721785747888,0.02637998829824943
2021-10-15,0.0106199851466378,0.013179570223736196,1.1176260141140262,0.011869171669386966
2021-10-18,0.0111203753335496,0.012914714541976473,1.1405463503675652,0.012683303501397491
2021-10-19,0.0064306556573288,0.012723416971582843,1.1576945540485373,0.007444735033450969
2021-10-20,0.0001924997788039,0.012243100586360583,1.203112759957224,0.00023159894016791527
2021-10-21,0.0074092708333263,0.01169313718562487,1.2596987705744633,0.00933344935959437
2021-10-22,-0.0069120649733593,0.011375737861250883,1.2948461644026041,-0.008950060818855878
2021-10-25,0.0088624432563507,0.011237497286599604,1.3107750027628566,0.011616669083828749
2021-10-26,0.0142727822411719,0.011072136430443963,1.3303512496819516,0.018987813690981403
2021-10-27,0.0060848118550024,0.011475526484069016,1.2835864705065154,0.007810382172658734
2021-10-28,0.0142409662026315,0.011111128963393595,1.3256826183386643,0.018879001363176953
2021-10-29,0.0058219041703185,0.011504042995486727,1.2804046840462093,0.007454393369743967
2021-11-01,-0.0001738796825433,0.011124340431778982,1.3241082136259852,-0.00023023551583826237
2021-11-02,0.0053147469190865,0.010689878588271827,1.3779230900761315,0.00732331249772027
2021-11-03,0.0085996257726069,0.010376838871839343,1.4194911108106334,0.01220709234051352
2021-11-04,0.0215702249864113,0.010300913645113872,1.42995379287323,0.03084442503244775
2021-11-05,0.0025782350108223,0.012009836006298442,1.2264805721881025,0.003162155151308733
2021-11-08,0.0028031576172629,0.011485361258727242,1.2824873510789756,0.00359501418722035
2021-11-09,-0.0052526497684644,0.01101598153188574,1.337132827815181,-0.007023490438429559
2021-11-10,-0.0174993970949307,0.010800351102811136,1.363828860439202,-0.023866182798352415
2021-11-11,0.0045958280875087,0.012110537475913738,1.2162821481858983,0.00558982365896817
2021-11-12,0.0081285609409913,0.011620791609824493,1.267541061870281,0.010303284766621403
2021-11-15,-0.0023213895420455,0.011357062223587906,1.296975419074244,-0.00301078517412903
2021-11-16,0.0041950792402718,0.010953261411053721,1.3447894635314064,0.005641498360996854
2021-11-17,-0.0009145316065743,0.010570520494989329,1.393482046969444,-0.00127438337514741
2021-11-18,0.0224037354353862,0.01020787795398939,1.44298654463571,0.032328288782840546
2021-11-19,0.0071550855621381,0.01209932766320665,1.2174090120464087,0.008710665645310067
2021-11-22,-0.0075028416478002,0.011722164494424625,1.2565794093655733,-0.0094279163263562
2021-11-23,0.0004766827656896,0.011588233217375288,1.2711023553447665,0.000605912586220308
2021-11-24,0.0060231782986091,0.011099805073616036,1.3270350640573532,0.007992968799323586
2021-11-26,-0.0292111196769653,0.010773740173018131,1.3671974913391483,-0.039937369541554586
2021-11-29,0.0244739159497292,0.014479290091276062,1.0173033652917198,0.024897397057526215
2021-11-30,-0.009264770260685,0.01573178940608083,0.9363099235994505,-0.008674696334948434
2021-12-01,-0.0141108624126236,0.015264684445500776,0.9649613517711313,-0.013616436868341717
2021-12-02,0.0059161206470564,0.015307997587745821,0.9622310463833323,0.005692674960747117
2021-12-03,-0.0197617829839541,0.014555046731407588,1.0120084674895233,-0.019999091712451927
2021-12-06,0.0087910348383675,0.015450510206268536,0.9533556070474647,0.008380982354907258
2021-12-07,0.0334019060864244,0.014815147003880015,0.9942412676048721,0.033209553447785485
2021-12-08,0.0037724642193206,0.017617830942083527,0.8360751437173346,0.003154063564336973
2021-12-09,-0.0121833017624969,0.01660661930027564,0.8869855008144674,-0.010806412015382095
2021-12-10,0.0084672993901198,0.016282590392287088,0.9046368042192828,0.007659830660645859
2021-12-13,-0.0232149290676723,0.01554819091920952,0.9473661992850718,-0.021993039117513245
2021-12-14,-0.0069467119682968,0.016787252363631364,0.8774414191092723,-0.006095332807605711
2021-12-15,0.026160001369946,0.01605754737690602,0.9173150912246192,0.023996964043108176
2021-12-16,-0.029082738105056,0.017262821305059392,0.8532690153360486,-0.02481539930617731
2021-12-17,-0.0100201282676504,0.019125074916959764,0.7701842006290939,-0.00771734448002131
2021-12-20,-0.0116541763745708,0.018354302697359094,0.8025273844377422,-0.009352795683660433
2021-12-21,0.0239446334484909,0.01778503399276339,0.8282149217642011,0.019831302718214365
2021-12-22,0.0143335839373102,0.018353293812805177,0.8025714995426663,0.011503725954387723
2021-12-23,0.0070047131517745,0.017796834676155678,0.827665750956563,0.005797561170998755
2021-12-27,0.0188395695647687,0.016857861898237965,0.8737662359441797,0.016461379785416477
2021-12-28,-0.0047397699887866,0.016926297084333554,0.8702334871886218,-0.0041247065658137376
2021-12-29,-0.0028787478246672,0.0160759882214949,0.9162628346041714,-0.0026376896419401607
2021-12-30,-0.0061952717509293,0.015236358245670083,0.9667553295470825,-0.0059893119832033865
2021-12-31,-0.0068023276776083,0.014618335156439899,1.0076270915434014,-0.006854209653513631
2022-01-03,0.0207613445664578,0.014100096335803145,1.0446616949338152,0.02168858140390076
2022-01-04,-0.0094737683871155,0.014855294035053203,0.9915542904861415,-0.009393755691316346
2022-01-05,-0.0327291527551604,0.01450404979235103,1.015566738102225,-0.033238638904407695
2022-01-06,-0.0018584507101465,0.017775769188912362,0.828646590780326,-0.001539998845096173
2022-01-07,-0.0074288524663657,0.01676244878532514,0.878739778747934,-0.006528028172645239
2022-01-10,0.0029335356322822,0.016063117105949577,0.91699702117184,0.0026900434363042276
2022-01-11,0.0129079079761018,0.015172713391162876,0.9708105700770281,0.012531133500781206
2022-01-12,0.0068413651584712,0.01486070368225375,0.9911933413005304,0.0067811155904821015
2022-01-13,-0.02831070404377,0.014186213180119377,1.038320117558408,-0.029395573550888565
2022-01-14,0.0032773127596636,0.016649035815556133,0.8847257402814449,0.002899522957427204
2022-01-18,-0.0252554263437805,0.01571269156978968,0.9374479522789584,-0.02367564770990909
2022-01-19,-0.0140134792213209,0.017254107903408318,0.8536999200045868,-0.011963306090227591
2022-01-20,-0.0140246185692436,0.017024295693100364,0.8652240775434793,-0.012134437664472943
2022-01-21,-0.026219441042826,0.016824595046119342,0.8754939121276314,-0.022954961012383517
2022-01-24,0.0014752852378185,0.018293475783661906,0.8051958365422035,0.0011878935312036308
2022-01-25,-0.0195117837493789,0.017205397451592795,0.8561168423067478,-0.01670436669129038
2022-01-26,0.0087819591618464,0.01761246151953474,0.8363300337407522,0.007344616202136908
2022-01-27,-0.0111350045362158,0.016767527430765566,0.8784736209742798,-0.009781807754494524
2022-01-28,0.033714819116112,0.016333221390178808,0.9018325402573224,0.03040512096779942
2022-01-31,0.031622660202805,0.01879928881497644,0.7835312644995208,0.024777342935542474
2022-02-01,0.007432746081481,0.020339624493990273,0.7241938287131308,0.005382748842600245
2022-02-02,0.0136673399201208,0.01919430789401516,0.7674061819901822,0.010488401146061904
2022-02-03,-0.0453505709986369,0.01849608841481137,0.7963754393115238,-0.036116080902067915
2022-02-04,0.0218169385922502,0.023273315022470552,0.6329064219114653,0.013808080541483235
2022-02-07,-0.0060464621407886,0.02282864687065184,0.645234499458075,-0.003901385972903933
2022-02-08,0.0113430220684998,0.02151315261981392,0.6846895384046969,0.007766448544195419
2022-02-09,0.0193665210125436,0.020440103722121638,0.7206338449715688,0.013956170500991974
2022-02-10,-0.0220164497709004,0.020096129727470383,0.7329685236234947,-0.016137364684007695
2022-02-11,-0.0313000751624707,0.02038099129147927,0.7227239502844165,-0.022621313965619973
2022-02-14,0.002766522538566,0.02196371722193562,0.6706437889383862,0.0018553511574473448
2022-02-15,0.0267383100778145,0.020585391528703752,0.7155477473601259,0.01913253754439672
2022-02-16,0.0011051881019593,0.02108007736323598,0.6987559999461516,0.00077225681731316
2022-02-17,-0.0347248799801527,0.019765955259893195,0.7452121763514394,-0.025877403383552124
2022-02-18,-0.0135347021347652,0.02206684224735292,0.6675096677530806,-0.009034544525114029
2022-02-22,-0.0117964810294798,0.02124916559670195,0.6931957149026305,-0.008177270100565568
2022-02-23,-0.0278817203765351,0.020387160081578592,0.7225052669400361,-0.02014468982339594
2022-02-24,0.0287028910369125,0.021433621650116513,0.6872301273830743,0.01972549146355988
2022-02-25,0.0164856223223325,0.022058308847320497,0.6677678982031061,0.011008569368754183
2022-02-28,0.0026386454083307,0.021274902598474726,0.6923571315408148,0.0018268849660651855
2022-03-01,-0.0177989931054461,0.019950422847280075,0.7383217212811292,-0.013141383226683914
2022-03-02,0.018262930362221,0.019765932207209923,0.7452130454802056,0.013609773954623625
2022-03-03,-0.0128688587408873,0.019395896475032048,0.7594302514375455,-0.009773000629306297
2022-03-04,-0.0154246276665214,0.018810938502113066,0.7830460205499881,-0.01207819331273483
2022-03-07,-0.0400444665846424,0.018526685422766687,0.7950602172361226,-0.03183776230189044
2022-03-08,-0.0031117909037398,0.022164515058230614,0.6645681395776979,-0.0020679970916531623
2022-03-09,0.0373667587782881,0.02081487821217109,0.707658742306607,0.026442913521117724
2022-03-10,-0.0059610515343206,0.022904781168513924,0.6430897736381155,-0.0038334912818513756
2022-03-11,-0.0222272102095393,0.021579699502004175,0.6825781116888204,-0.015171807172937805
2022-03-14,-0.0207126043984024,0.02167529964867771,0.6795675619547329,-0.014075614072755196
2022-03-15,0.0325741359266145,0.02158253698465548,0.6824883723059363,0.02223146900782745
2022-03-16,0.0355011364801477,0.022740671517134742,0.6477306761056503,0.022995175134805035
2022-03-17,0.0127351157912609,0.024136164538764677,0.6102804989265326,0.007771992818977866
2022-03-18,0.0244819798286716,0.02290015956085126,0.6432195591366718,0.01574728827219104
2022-03-21,0.0045014845275877,0.022784317644301465,0.6464898693410832,0.0029101641440810798
2022-03-22,0.0168466950683101,0.0213623214501566,0.6895238689886024,0.011616198363172387
2022-03-23,-0.0097194352475914,0.020682625750068892,0.7121837775767482,-0.006922024110542241
2022-03-24,0.0272762677041258,0.019739348433207307,0.7462166538440724,0.020354005215527892
2022-03-25,0.0010892583516551,0.020444615237274984,0.7204748226337125,0.0007847832177109983
2022-03-28,0.011746717664109,0.01918138212870922,0.7679233142873323,0.009020578360620134
2022-03-29,0.0107318789019072,0.01835310905866123,0.8025795787411214,0.00861318684819341
2022-03-30,-0.008732872973944,0.01754371911879514,0.8396070660473387,-0.007332181855817218
2022-03-31,-0.0193087543872157,0.016847321935314442,0.8743128785361618,-0.016881892629234303
2022-04-01,-0.0011612878363538,0.017284492409962927,0.8521991961071296,-0.0009896485605896963
2022-04-04,0.020738577197762,0.016300077502826554,0.9036662883557411,0.01874075308208059
2022-04-05,-0.0216331051545638,0.016681990055533516,0.8829780192803925,-0.019101556340261193
2022-04-06,-0.0281222641272422,0.0174669066486237,0.8432993221527764,-0.023715486275904685
2022-04-07,0.0004484365555417,0.019119844782949532,0.7703948805079099,0.0003454732266219267
2022-04-08,-0.0135454146928623,0.01796579963545157,0.8198817105710171,-0.01110563776877773
2022-04-11,-0.0315249155856376,0.017604099290461,0.8367273038997076,-0.026377757623636422
2022-04-12,-0.0037371139883452,0.019824465042560583,0.7430127625268643,-0.002776723388358155
2022-04-13,0.0154580362103208,0.01868487490778663,0.7883290955697949,0.012186019704967337
2022-04-14,-0.0252382385731655,0.018185158490591533,0.8099918702666777,-0.020442768064114932
2022-04-18,0.0085023595765237,0.019233301110096888,0.7658503578024619,0.006511535123845864
2022-04-19,0.0180494314635118,0.01822705153712722,0.8081301853394425,0.014586290393879354
2022-04-20,-0.0140855726143315,0.018026619705896606,0.817115509019807,-0.011509539836594937
2022-04-21,-0.0232778006765461,0.017708366991267026,0.8318006140348392,-0.01936248889613164
2022-04-22,-0.0281190232979241,0.018550949471048333,0.7940203039137378,-0.022327075424775165
2022-04-25,0.0109248681728967,0.01998091816755464,0.7371948783018761,0.008053756863182623
2022-04-26,-0.0424440775811501,0.019027097236399504,0.7741501687767437,-0.03285808982302055
2022-04-27,-0.0021700410470477,0.023020404952196368,0.6398597490998881,-0.0013885219199003998
2022-04-28,0.0430686189254035,0.021582841916425833,0.6824787298136076,0.02939341633903568
2022-04-29,-0.0500974665022716,0.024528216760920065,0.6005259444852389,-0.03008482838759427
2022-05-02,0.0194497721764188,0.028579346663738132,0.515401233982007,0.010024436580395155
2022-05-03,0.0050099565316843,0.02735772271966544,0.5384158136196769,0.002697439822206017
2022-05-04,0.034236632361463,0.02558528821421659,0.5757148566614734,0.01971053789255123
2022-05-05,-0.0546832573635133,0.02630229613180709,0.5600207093356219,-0.030623756577497087
2022-05-06,-0.0043434004515882,0.0308019814929398,0.47821048591521464,-0.0020770596404783557
2022-05-09,-0.0487305699521406,0.028798596547889157,0.5114773739892488,-0.024924583952120265
2022-05-10,0.0124938208053944,0.03159143057475496,0.4662603202483951,0.005825372889849254
2022-05-11,-0.0345319193654201,0.029703435135592256,0.49589653417695495,-0.0171242591317899
2022-05-12,-0.0122118382198827,0.030159491032765676,0.4883978486535964,-0.005964235514696476
2022-05-13,0.0392750265401092,0.028497189975951073,0.5168871228819674,0.020300755469429953
2022-05-16,-0.0109347978024192,0.029446089969256656,0.5002304398400245,-0.005469918714265889
2022-05-17,0.0289386206131361,0.027781119838506712,0.5302101075304222,0.015343549147072984
2022-05-18,-0.051495081288698,0.027523503615073,0.5351728015042216,-0.027558766916960135
2022-05-19,-0.0058228718767487,0.03110184554111849,0.47359988710047696,-0.0027577114634287267
2022-05-20,-0.0073191149839819,0.029110865583668332,0.5059908127621552,-0.00370340493944467
2022-05-23,0.0259856158974381,0.02732367474235783,0.5390867325051137,0.014008500766282845
2022-05-24,-0.0248950794978887,0.02680963339388265,0.5494230495614014,-0.013677930496803532
2022-05-25,0.0165347515694269,0.02650966073604025,0.5556400997944414,0.009187371012112658
2022-05-26,0.0278291899650677,0.0252849171256442,0.5825540366098751,0.01621200694973322
2022-05-27,0.0344603908807844,0.02523137401110322,0.5837902656592636,0.02011764074701519
2022-05-31,0.0010480633719675,0.02603695465641996,0.5657278560900454,0.0005929186444696776
2022-06-01,-0.0051432297655685,0.024335468500057154,0.6052823900577708,-0.0031131064051195703
2022-06-02,0.0273109774657989,0.0228642226197584,0.6442305422691793,0.017594565822692962
2022-06-03,-0.030682872681295,0.023087922183842972,0.6379885734021656,-0.01957532216981968
2022-06-06,0.0065171365812104,0.024073846680989056,0.6118602785869792,0.0039875770041687885
2022-06-07,0.0092048200484612,0.02259140613907249,0.6520103461561217,0.006001637906101996
2022-06-08,-0.0063124939238072,0.021321059174982324,0.6908582925455157,-0.0043610387739053845
2022-06-09,-0.029055873356404,0.02014500344325349,0.731190271492516,-0.021245371927921204
2022-06-10,-0.0429802172395135,0.021415355060768214,0.6878163119449956,-0.029562494508276894
2022-06-13,-0.0504608416541878,0.024869047765586426,0.5922957193911221,-0.029887740508648664
2022-06-14,0.0021056446727648,0.028903802118797933,0.5096156718880409,0.0010730695246685075
2022-06-15,0.0278852498992351,0.026985035760600053,0.5458518071855485,0.015221214051318113
2022-06-16,-0.0394549544541189,0.026713800373129586,0.5513940484374652,-0.021755227067372422
2022-06-17,0.0080343304091008,0.028381855702490823,0.5189875775317074,0.004169717676108556
2022-06-21,0.0336327710169911,0.02659635090620882,0.5538290041680705,0.018626804079752923
2022-06-22,-0.0050082766615917,0.02707376809898418,0.5440628169317465,-0.0027248171084791033
2022-06-23,0.0093096660619743,0.025378141452780976,0.5804140765901544,0.005403461230723512
2022-06-24,0.0356693295113454,0.02387709338760304,0.6169021621592309,0.022004486498319042
2022-06-27,-0.0074547464333894,0.025090572293227118,0.5870663436746846,-0.0043764307316718105
2022-06-28,-0.0317022163660229,0.02363944184028889,0.6231039902044565,-0.019753777515993894
2022-06-29,0.0002039614435644,0.02467935577040387,0.596848259489601,0.00012173403259439861
2022-06-30,-0.0200769930178671,0.023085151636074455,0.6380651411391354,-0.012810429383594807
2022-07-01,0.0042507564924607,0.022742587354139955,0.6476761112322974,0.002753113434832387
2022-07-05,0.0183136253949723,0.021319885363532656,0.6908963292122267,0.012652816559954178
2022-07-06,0.0069549654557197,0.02077208268078709,0.7091166910535353,0.004931882090351597
2022-07-07,0.0257443731154381,0.019573906879997487,0.7525237872640825,0.019373253157569107
2022-07-08,0.001187548538922,0.02009610437877504,0.7329694481706334,0.0008704367972495003
2022-07-11,-0.0253779885597301,0.018860852987624858,0.7809737208892329,-0.0198195421541768
2022-07-12,-0.010311971895108,0.01980747145229159,0.7436502217038938,-0.007668500186001386
2022-07-13,-0.0026775699732027,0.018987844438593145,0.7757505379047417,-0.0020771263469895793
2022-07-14,0.0003483216300531,0.01789035018839485,0.8233394193952205,0.00028678692865071614
2022-07-15,0.021851397558724,0.016838240110272674,0.8747844454304826,0.019115262695289376
2022-07-18,-0.0049795219954022,0.017279629685627476,0.8524390166267214,-0.00424473883303178
2022-07-19,0.0331124803837735,0.0164069763339894,0.8977784959910766,0.029727672837478198
2022-07-20,0.0167886518059614,0.018741194904294833,0.7859600528200378,0.013195209660190645
2022-07-21,0.0131925170669825,0.018354108649809707,0.8025358691032325,0.010587468150010028
2022-07-22,-0.0227932304662824,0.01770909078354311,0.8317666173228092,-0.018958648202798908
2022-07-25,-0.0050391321604677,0.018481544441945053,0.7970021435795102,-0.004016199133673205
2022-07-26,-0.0236318198097972,0.01750307861012776,0.8415565549918234,-0.019887512867320458
2022-07-27,0.0491452876069175,0.018434405079720353,0.799040189970353,0.03926905994557899
2022-07-28,0.0079164556469887,0.023514417064362116,0.6264169975625025,0.004959002377723379
2022-07-29,0.0270766177417299,0.022118678977203984,0.6659453103899691,0.018031546606326863
2022-08-01,-0.0040057194660426,0.02242268950968507,0.6569163137422881,-0.002631422465518431
2022-08-02,-0.0047312411056716,0.021074634461393616,0.6989364661993829,-0.003306836939135369
2022-08-03,0.0246314866808943,0.019860644482477405,0.741659242220764,0.018268169746522907
2022-08-04,0.0018545528067664,0.020192736133959128,0.7294618440597707,0.0013528255103300417
2022-08-05,-0.0049386131368714,0.01895070469580994,0.7772708600196278,-0.0038386400802002648
2022-08-08,-0.0123359092906726,0.017926863502753444,0.821662447233326,-0.010135953416622372
2022-08-09,-0.006549923363381,0.017461853415091436,0.8435433620213482,-0.005525144374928585
2022-08-10,0.031287410310607,0.016645738473592363,0.8849009949458435,0.027686260513134976
2022-08-11,-0.0045906006419289,0.01859054511546688,0.792329135342854,-0.0036372666373238756
2022-08-12,0.0236704585863964,0.017585345128076194,0.837619644630859,0.019826841109386817
2022-08-15,0.0057869634831927,0.01814904703903246,0.8116035241526075,0.004696719957101645
2022-08-16,-0.0012080767082031,0.017138689707161606,0.8594490470724349,-0.0010382803756555582
2022-08-17,-0.0089521513144983,0.016167471066755798,0.9110782061134012,-0.008156109960468836
2022-08-18,0.0033175253108502,0.015629732412527606,0.9424237183410688,0.0031265145391420556
2022-08-19,-0.0234745479018342,0.014782340560147753,0.9964477869357762,-0.023391161306100555
2022-08-22,-0.0270787890207821,0.016222693025167035,0.9079769008782391,-0.02458691493462542
2022-08-23,0.0009330154485539,0.01796578356638914,0.8198824438944675,0.0007649629861516643
2022-08-24,0.0017180269459775,0.016905036868666092,0.8713279155393207,0.0014969648376789602
2022-08-25,0.0202249282084361,0.015933477317214183,0.9244579976887028,0.018697096634968602
2022-08-26,-0.0471275037573748,0.016307017541617806,0.9032817006112606,-0.04256941173952508
2022-08-29,-0.0106781486536123,0.022237249160093765,0.662394454945617,-0.007073146457237793
2022-08-30,-0.0133050122990247,0.02120456287610726,0.6946538168672826,-0.009242377576983646
2022-08-31,-0.0087483141602704,0.020459475781935257,0.7199515126333749,-0.006298362012678646
2022-09-01,-0.008174966255793,0.019480147798204138,0.7561457279214341,-0.006181465810219759
2022-09-02,-0.0137421833804,0.01856069874577271,0.7936032332966441,-0.010905841163240846
2022-09-06,-0.0073580389371233,0.01814660517709306,0.8117127359713565,-0.005972613917036126
2022-09-07,0.0166346608669274,0.01730840780602501,0.851021694309905,0.01415645727524323
2022-09-08,0.0053396209890313,0.01708163875346983,0.8623195203620664,0.004604459410176693
2022-09-09,0.0211092958963163,0.016151261226105468,0.9119925887324636,0.01925152141080107
2022-09-12,0.0156981713709912,0.016605028235195864,0.8870704902307228,0.013925384573791062
2022-09-13,-0.0622555488769908,0.016374568058713672,0.899555364396422,-0.05600231295574072
2022-09-14,0.0057975180436013,0.026130065189918374,0.5637119704765728,0.0032681303202319744
2022-09-15,-0.0131866775560618,0.02446767566749385,0.6020118435875491,-0.007938536066319321
2022-09-16,-0.0046986724238912,0.023383856066697774,0.6299145228603996,-0.0029597619979727426
2022-09-19,0.0107464073987435,0.021976934102230644,0.670240465224634,0.007202677094427292
2022-09-20,-0.0075689468383811,0.020830649779318477,0.7071229506971294,-0.005352176022025752
2022-09-21,-0.0176535972652257,0.019754843661006407,0.745631339313762,-0.013163075372576005
2022-09-22,-0.0109827552326118,0.01958018861735113,0.7522823617662825,-0.008262133045090202
2022-09-23,-0.0181557709892364,0.01883010310032097,0.7822490646181917,-0.014202334873752274
2022-09-26,-0.0077887444542878,0.018833901613866492,0.78209129679457,-0.006091509250655461
2022-09-27,0.0022395537614661,0.017954088146960822,0.8204165210909684,0.00183736690577821
2022-09-28,0.0177143652417518,0.016897084010156913,0.871738018704057,0.015442285658444726
2022-09-29,-0.0316440251255709,0.0168352591248608,0.8749393417496317,-0.02768660251367581
2022-09-30,-0.0169966214865458,0.019261988143379247,0.7647097707280619,-0.01299748252012809
2022-10-03,0.0243654761202318,0.019081482907020123,0.7719437010564336,0.01880877581425389
2022-10-04,0.0342255183436149,0.019498844641552073,0.7554206830029762,0.025854664443264456
2022-10-05,-0.0003580211651843,0.02132989443860005,0.6905721253938355,-0.0002472394369772995
2022-10-06,-0.006119755223218,0.020003009847015227,0.7363807071808305,-0.004506469679046852
2022-10-07,-0.0447390002208914,0.01893428836477874,0.7779447662944854,-0.03480447107109029
2022-10-10,-0.0120320496671866,0.023442779599040994,0.6283312298637471,-0.007560112565165046
2022-10-11,-0.014400698849257,0.022381019998067034,0.6581393760499902,-0.009477666955333813
2022-10-12,0.0007923539844312,0.021598149337646668,0.6819950314546325,0.0005403814805353596
2022-10-13,0.0294465531294287,0.020243326332535217,0.7276388422991681,0.021426455828798444
2022-10-14,-0.0320759353674774,0.02117356096221826,0.695670915401233,-0.022314295319443792
2022-10-17,0.0416662497650248,0.022725566170760502,0.6481612130676901,0.027006446991679835
2022-10-18,0.0088953036867794,0.02515209368019579,0.5856303942000716,0.00520936020461797
2022-10-19,-0.002446089859331,0.023654693372125984,0.6227022394738544,-0.0015231856333596991
2022-10-20,-0.0028844303020489,0.022171622567879256,0.6643551003898908,-0.00191628598288534
2022-10-21,0.0253929301096069,0.020816287943471724,0.7076108178792593,0.017968312043209807
2022-10-24,0.0098007044471893,0.021101416935591796,0.6980493576260919,0.006841375443643672
2022-10-25,0.0213962189323049,0.019987405138867605,0.7369556195289447,0.015768063778833694
2022-10-26,-0.034337678812204,0.019915033257733878,0.7396337403137377,-0.02539730581356223
2022-10-27,-0.0265346045089939,0.0221133028524826,0.6661072131627099,-0.017674891461860603
2022-10-28,0.0299467050437509,0.02267719878505689,0.6495436529222645,0.01945169218710356
2022-10-31,-0.0151226863050187,0.023272010471636993,0.6329419005221885,-0.009571781810899408
2022-11-01,-0.0129378441640295,0.022452718241451453,0.6560377402187532,-0.008487714048672297
2022-11-02,-0.0332569804244738,0.021550976708537922,0.6834878407647587,-0.022730741740679447
2022-11-03,-0.0176556399455472,0.02322041266987946,0.6343483531624355,-0.01119982612348678
2022-11-04,0.0200245213906595,0.022625176589598638,0.6510371522873268,0.013036707382091624
2022-11-07,0.0106636004987493,0.02208437234688125,0.6669798129431708,0.00711240626595651
2022-11-08,0.0037998774959025,0.020924348331250443,0.7039564771004714,0.002674948375428885
2022-11-09,-0.0304473531684817,0.019640672437509908,0.7499656940848444,-0.022834470352046766
2022-11-10,0.0813236739778396,0.021232199149090393,0.6937496409796641,0.05641826962527347
2022-11-11,0.0200496699889122,0.03319584057882001,0.4437251860490101,0.008896543546051322
2022-11-14,-0.0111222186150193,0.03157462190354679,0.4665085327668035,-0.005188609887204283
2022-11-15,0.0099638560870624,0.02973831966004573,0.49531482293803347,0.00493524561354336
2022-11-16,-0.0130063216622707,0.027904808343335547,0.5278599428334038,-0.006865516209119072
2022-11-17,-0.0043351549386171,0.026486899219374752,0.5561175891104516,-0.002410855912884009
2022-11-18,-0.0024241432266287,0.024820334043348012,0.5934581908190663,-0.001438627653561362
2022-11-21,-0.015304602283324,0.02324472913893066,0.6336847570411317,-0.009698293179519318
2022-11-22,0.0187439909862526,0.02244302737905226,0.656321016238595,0.01230207521246437
2022-11-23,0.0151650574796846,0.021806562872173293,0.6754769480744941,0.010243646743751634
2022-11-25,-0.0077880384330531,0.020948943663094875,0.7031299894533245,-0.005476003381294712
2022-11-28,-0.0188245781160786,0.019873336271818615,0.741185593371045,-0.013952506100925305
2022-11-29,-0.0082013923036459,0.019810684254339857,0.7435296200666758,-0.0060979781035475945
2022-11-30,0.0514808618647645,0.018861609109234196,0.7809424133213966,0.04020358850453464
2022-12-01,-0.0007788866180378,0.02432903058361775,0.6054425590968142,-0.0004715711072710685
2022-12-02,-0.00460321936425,0.022769392808973832,0.6469136292068752,-0.0029778853449623326
2022-12-05,-0.0192385366015178,0.021410082298012837,0.6879857037381556,-0.013235838142687488
2022-12-06,-0.0246597159284981,0.02119088031766589,0.6951023419546468,-0.017141026293835338
2022-12-07,-0.0054458114929862,0.021649514585466437,0.6803769423439402,-0.0037052045721794385
2022-12-08,0.0168385499840302,0.020411680584240505,0.7216373231052239,0.012151326135449064
2022-12-09,-0.0056468063604848,0.019836274913426283,0.7425703969710679,-0.004193151240723949
2022-12-12,0.0139184157606477,0.018762510154641473,0.7850671586843257,0.010926891114598828
2022-12-13,0.0130183676067573,0.018128883599594078,0.8125062117570221,0.010577504547426704
2022-12-14,-0.0094409571300658,0.01749479415669101,0.8419550641729993,-0.007948861666299085
2022-12-15,-0.0347341133289608,0.016851304485528896,0.8741062479489035,-0.03036130547780992
2022-12-16,-0.0126837585061861,0.01987285914540058,0.7412033884565269,-0.009401244783149434
2022-12-19,-0.0155954942784831,0.019220824622780776,0.7663474812330476,-0.01195156775889993
2022-12-20,-0.0020578345444969,0.01890290001489516,0.7792365470527453,-0.0016035398848596233
2022-12-21,0.0161235871356938,0.01779866122253968,0.82758081367585,0.013343571361130945
2022-12-22,-0.0331604955355058,0.017462294960648203,0.843522032475359,-0.027971608591999916
2022-12-23,0.0035446729013091,0.020020509720693656,0.7357370387860355,0.002607947143874262
2022-12-27,-0.0251727070954663,0.018806616493042265,0.7832259748764308,-0.019715918055125438
2022-12-28,-0.0112764030061495,0.019732554822077152,0.7464735646095952,-0.008417536747974772
2022-12-29,0.0281817423643242,0.018987951216532753,0.7757461755044415,0.021861878858175993
2022-12-30,0.0011767826509359,0.019953724118010528,0.7381995686506874,0.0008687004453164938
2023-01-03,-0.0145531315887666,0.018729969868546456,0.7864310855954036,-0.01144503507416648
2023-01-04,0.0010873289989031,0.01837109461915793,0.8017938420244964,0.0008718136955751661
2023-01-05,-0.0182293358843499,0.017276558520971465,0.8525905503118643,-0.015542159513457698
2023-01-06,0.0248333055262363,0.017510890244063933,0.8411811353728001,0.020889308137619085
2023-01-09,0.0134120040577245,0.01824883745297392,0.807165419432773,0.01082570588068725
2023-01-10,0.0101591004996378,0.01763148082346078,0.8354278738340798,0.008487195730479145
2023-01-11,0.0224456305483905,0.016858761487357425,0.8737196114872527,0.01961118760232616
2023-01-12,0.0085894942172803,0.017375710600280442,0.8477253607488405,0.007281532083994021
2023-01-13,0.0114470862696965,0.016543517562318026,0.8903687188292434,0.010192127536277495
2023-01-17,0.0072419946592829,0.015963790590552418,0.9227025657432201,0.006682207053219029
2023-01-18,-0.0144404486868404,0.015201876823197381,0.9689481574020603,-0.013992046147173007
2023-01-19,-0.007206789718774,0.015290886794083296,0.9633078012577921,-0.006942356758119444
2023-01-20,0.0322919251381106,0.014727705769056378,1.0001442701169572,0.03229658389792705
2023-01-23,0.0255152442858641,0.01733317961022288,0.8498054522092837,0.021682993708579082
2023-01-24,0.0007902074464253,0.0182007688157414,0.8092971613457735,0.0006395126432662876
2023-01-25,-0.0031415014061537,0.017120916442905906,0.8603412431811459,-0.0027027632252255925
2023-01-26,0.0254101587767541,0.016196429048100997,0.9094492676839304,0.023109250291251413
2023-01-27,0.0172650334926689,0.017257488626477212,0.8535326811278336,0.014736270326759534
2023-01-30,-0.0272660036724507,0.017100918271877253,0.861347344201606,-0.023485499850256646
2023-01-31,0.0178951214903674,0.018686709409737615,0.78825170413441,0.014105860010474406
2023-02-01,0.021143261180751,0.018412812134938738,0.7999772348157507,0.01691412761436439
2023-02-02,0.0412463713838496,0.018528965211847964,0.7949623936619787,0.03278931412517602
2023-02-03,-0.012764189422867,0.021898144448020015,0.6726519944123408,-0.008585857472348394
2023-02-06,-0.0056465390965157,0.02104002571601684,0.7000861470277112,-0.00395306380012101
2023-02-07,0.0267274765080354,0.019861707783307297,0.7416195373325261,0.019821618761955172
2023-02-08,-0.0153849357978685,0.020470777194880094,0.7195540450986999,-0.011070292786940073
2023-02-09,-0.0097400076319084,0.01998376526684003,0.7370898496957461,-0.007179260761438783
2023-02-10,-0.0085677865960785,0.019109410406343497,0.7708155418547358,-0.006604183067551991
2023-02-13,0.0158998320922007,0.01824796805831584,0.8072038755119154,0.012834406084813132
2023-02-14,0.011017540602151,0.01783758882446328,0.8257747547521126,0.009098006888712686
2023-02-15,0.0046474308634371,0.01709645337070377,0.8615722932412994,0.004004097666691894
2023-02-16,-0.0219715550780022,0.016147173078062693,0.9122234873980459,-0.020042968596813412
2023-02-17,-0.009133929535525,0.01707811858681877,0.8624972629162421,-0.007877989224060135
2023-02-21,-0.0249040763206229,0.016456716507745033,0.8950649742284787,-0.022290766430102405
2023-02-22,0.000652614066101,0.0177853430642195,0.8282005291493993,0.0005404953148751893
2023-02-23,0.0235797858622608,0.016740460210866153,0.879894002396011,0.020747712157985532
2023-02-24,-0.0153937885380365,0.01743323832676519,0.844927962366896,-0.013006642382550058
2023-02-27,0.0077729137079789,0.017321663949294214,0.8503704136051184,0.006609855844770912
2023-02-28,-0.0013769903281796,0.01645677918614783,0.8950615652234511,-0.0012324911184379865
2023-03-01,-0.0113863143428014,0.015547190736307113,0.9474271453100427,-0.010787703293403126
2023-03-02,0.0062643549777197,0.01527877478197521,0.9640714485998821,0.0060392857779141135
2023-03-03,0.0250662443320441,0.014541267689547794,1.012967428381635,0.025391289060216444
2023-03-06,0.0017988340432225,0.015877888386591335,0.9276945509535975,0.0016687685399673414
2023-03-07,-0.0141412347204301,0.014994336338857484,0.9823596192595845,-0.013891777955822129
2023-03-08,0.004760050381192,0.015079099348495035,0.9768375548477499,0.004649795975315693
2023-03-09,-0.0223960520926524,0.014311181875847893,1.0292532555783407,-0.02305120952846459
2023-03-10,-0.0104686369833963,0.01567170257238363,0.9398998270198677,-0.009839470089827973
2023-03-13,0.006865501100635,0.015307910714270732,0.96223650711252,0.006606235798652184
2023-03-14,0.0282837453207631,0.01459176155431249,1.009462118885632,0.0285513694815191
2023-03-15,0.0007129213515437,0.01647366702024584,0.8941440007733247,0.0006374543495060098
2023-03-16,0.0309097525589518,0.01553904837650079,0.9479235909430365,0.0293000836408423
2023-03-17,-0.0062180610526757,0.017674669009623643,0.8333864995644318,-0.005182048134767327
2023-03-20,0.003066795165465,0.016821830324323554,0.8756378023615876,0.002685401778980914
2023-03-21,0.021481423067533,0.01586790467604359,0.9282782344368631,0.019940737478320838
2023-03-22,-0.0110115038884888,0.016417677913175055,0.8971932946174818,-0.009879447452406478
2023-03-23,0.0104623984018914,0.016013159033177172,0.9198578810322128,0.009623919624478632
2023-03-24,-0.0006969254048782,0.015422137137908899,0.9551095548672718,-0.0006656401132289107
2023-03-27,-0.0049670462007004,0.01459149451867675,1.0094805928231938,-0.005014136743263232
2023-03-28,-0.0056099982614992,0.01397314154574246,1.0541531042729821,-0.005913797082325414
2023-03-29,0.0161890657721768,0.013451225569110693,1.095054904938601,0.017727915880195823
2023-03-30,0.0085603788619894,0.01370851708551907,1.074502110257424,0.009198145151810656
2023-03-31,0.017060315952336,0.013239488645205875,1.1125679345798585,0.018980760482370275
2023-04-03,0.0038339766546922,0.013637983911901684,1.0800592398437767,0.004140921911245644
2023-04-04,-0.0037128451420967,0.0129800761659421,1.1348030896412764,-0.004213348138610939
2023-04-05,-0.0099743723279168,0.012464608533092303,1.1817323021243664,-0.011787037973314696
2023-04-06,0.0107631907724378,0.012458861106523184,1.1822774498367252,0.012725077738543936
2023-04-10,-0.0032443661032978,0.012294053745133413,1.198126414789831,-0.003887160727609847
2023-04-11,-0.0086597076894243,0.011828655191726123,1.2452667102168447,-0.01078364570584891
2023-04-12,-0.0087940669364073,0.011782648800537771,1.250128963889504,-0.010993717787585802
2023-04-13,0.0210658395415615,0.011755382297568444,1.2530286267199493,0.026396099991465614
2023-04-14,0.006775780865726,0.013026462496434722,1.130762134456816,0.0076617964343399835
2023-04-17,-0.0001793434221133,0.01253126477682486,1.1754464373086526,-0.00021080858657782032
2023-04-18,0.0041353828781353,0.011957928277586606,1.2318045563543905,0.0050939834715569956
2023-04-19,0.0008286075559954,0.011469905345078888,1.2842155269581155,0.0010641106891641086
2023-04-20,-0.01261630878475,0.010991103408073521,1.3401593989253513,-0.01690786479762719
2023-04-21,0.0012247631945401,0.011519801116373551,1.2786531979231912,0.0015660473753973225
2023-04-24,-0.0015334242627365,0.011035111897163602,1.3348147870323142,-0.0020468373806948044
2023-04-25,-0.0197722141746142,0.010639568020023216,1.3844387769474544,-0.027373420009446005
2023-04-26,0.0117703169372738,0.01239548486455631,1.1883222558730813,0.013986929575242339
2023-04-27,0.0312778108989604,0.012328972491247838,1.1947330199127857,0.037368633471576006
2023-04-28,0.0045632180614645,0.015415029496705717,0.9555499417006008,0.004360382752599532
2023-05-01,0.0025419176045793,0.01461168704487297,1.0080855476615669,0.002562470400522902
2023-05-02,-0.0104088594945027,0.01384442540254593,1.0639539098662367,-0.011074546756424448
2023-05-03,-0.0077818857924303,0.013698228684844447,1.0753091422095395,-0.008367932936230829
2023-05-04,-0.0061888692534782,0.013348286933461993,1.1034996932801087,-0.006829415322963888
2023-05-05,0.0265025057273194,0.012927402820765545,1.1394269012202025,0.03019766797545021
2023-05-08,0.0044985546027195,0.01488665686388113,0.9894653092077751,0.0044511637209679105
2023-05-09,-0.0069192320652753,0.014129410056890928,1.0424943771595359,-0.007213260522311462
2023-05-10,0.0127270217359067,0.013670921658942578,1.0774570218720363,0.013712818936870706
2023-05-11,0.00382291439545,0.013527910328564818,1.0888474405235715,0.0041625705548264495
2023-05-12,-0.0066402488012537,0.012880062528398108,1.1436148314042491,-0.007593887013328018
2023-05-15,0.0039300868340719,0.012541301156264279,1.1745057672530859,0.004615909652422868
2023-05-16,0.0043438706343254,0.011990217941425341,1.2284873059729535,0.0053363899330574355
2023-05-17,0.0175316841820648,0.011504898838289155,1.2803094354787565,0.02244598067813123
2023-05-18,0.0184195165447375,0.012272919377177059,1.2001896276025448,0.022106912702447412
2023-05-19,-0.002987385119223,0.013024948408058026,1.1308935801831983,-0.003378414652864109
2023-05-22,0.0022422052456146,0.012475447217602692,1.1807056115877428,0.0026473843158286315
2023-05-23,-0.0118817683457555,0.01190232803344699,1.2375587780388486,-0.014704386714913848
2023-05-24,-0.0014249021604223,0.012186901314310572,1.2086608529104572,-0.0017222234605299702
2023-05-25,0.0404416704554932,0.01167104400187259,1.2620833692792885,0.051040759707751515
2023-05-26,0.0201245056972117,0.017140956524949284,0.859335388631923,0.017293699924338764
2023-05-30,0.0081862453855272,0.017319343593587576,0.8504843418167335,0.006962273518660373
2023-05-31,-0.0119640126104762,0.016473242555513766,0.8941670401107499,-0.01069782574375719
2023-06-01,0.0199910264742844,0.016145338614536608,0.9123271359343339,0.01823835592767133
2023-06-02,0.0078583034583712,0.016456373605748156,0.8950836247267204,0.007033838743721416
2023-06-05,-0.0006943170341573,0.01567577217582274,0.9396558186529715,-0.000652419041135781
2023-06-06,-0.001049339796477,0.01482282950899287,0.9937259635856799,-0.0010427562003829081
2023-06-07,-0.0182484095546727,0.014051241325168046,1.048293897743161,-0.01912969637968139
2023-06-08,0.0133219898186434,0.01481653718927346,0.9941479813214358,0.013244029285389057
2023-06-09,0.0037891738311435,0.014584407130429864,1.0099711565344953,0.003826956276550245
2023-06-12,0.0134687469279154,0.013838497538688042,1.0644096655514996,0.014336264412940218
2023-06-13,0.0089363165416843,0.013744644163180364,1.0716778377099772,0.00957685238848413
2023-06-14,0.0045074688365381,0.013295098275522676,1.1079143780387821,0.004993889532562302
2023-06-15,0.0110987226718616,0.01268643359548094,1.1610694547076754,0.012886387880570062
2023-06-16,-0.0063741603215663,0.012521809486258003,1.1763340236932505,-0.007498141658733949
2023-06-20,0.0046570778903026,0.012205612895190341,1.2068079385587038,0.005620198568503398
2023-06-21,-0.0107274390919297,0.011708243576341502,1.258073462586166,-0.013495906443066195
2023-06-22,0.0118322480857563,0.011890032289209169,1.2388385648252853,0.014658245237215064
2023-06-23,-0.0086340265110034,0.011897720687267166,1.2380380178746273,-0.010689253067959634
2023-06-26,-0.0185733850385312,0.011840131118014822,1.2440597481626428,-0.023106400713562923
2023-06-27,0.0155254280573023,0.01309735947344931,1.124641235261977,0.017460536588335414
2023-06-28,0.0005349670849539,0.013329831235711447,1.1050275338391424,0.0005911533585717232
2023-06-29,0.0009679282148258,0.012674421960440187,1.1621698080484781,0.0011248969476288062
2023-06-30,0.018624034115708,0.012078353631963239,1.219523039788327,0.022712438697909728
2023-07-03,0.001539638640775,0.01289722893366332,1.1420926629009087,0.0017584099951478552
2023-07-05,0.0004925471826917,0.012280139712510662,1.199483953906799,0.0005908024421806947
2023-07-06,-0.0063609844779415,0.011724015061979665,1.2563810656178886,-0.007991820456774991
2023-07-07,-0.001546789074693,0.01150064069389428,1.2807834736294557,-0.0019811018840573923
2023-07-10,-0.0091966349729902,0.011057159012492069,1.3321532701346557,-0.012251327353503635
2023-07-11,0.0052874380313074,0.011171427500903093,1.3185271565070298,0.006971630632626873
2023-07-12,0.0139250096973435,0.010804530531166527,1.3633013016531188,0.018983983845920694
2023-07-13,0.0182462531703425,0.011209516024372736,1.3140469673144917,0.023976433643340993
2023-07-14,0.0028411452332691,0.012142967728715887,1.2130338205591082,0.0034464052570757154
2023-07-17,0.0102921438164712,0.011609129034064388,1.2688144385051456,0.013058820677510113
2023-07-18,0.0099294828111634,0.011512441283938855,1.2794706329959704,0.012704481657721844
2023-07-19,8.633355069157488e-05,0.01139739611800456,1.2923855926724663,0.00011157623707804942
2023-07-20,-0.0221537250598653,0.010931832949271943,1.3474255054246134,-0.029850494185826925
2023-07-21,-0.0081592607603606,0.013066817239605599,1.1272699592249587,-0.0091976895446375
2023-07-24,0.0069668011532873,0.012820374790067146,1.1489391517869223,0.008004430607726062
2023-07-25,0.0071172868345955,0.012356070006486492,1.1921129071911667,0.008484609499703057
2023-07-26,-0.0001947004575502,0.011948966443492557,1.2327284210352853,-0.00024001278761070564
2023-07-27,-0.0035684618194323,0.011432292011975183,1.288440718751837,-0.00459775151146784
2023-07-28,0.0182889288115832,0.011072853111910468,1.3302651437727562,0.024329124514990426
2023-07-31,0.0022700817627023,0.012040928962385263,1.2233134655062583,0.002777021588113906
2023-08-01,-0.0052778538426947,0.011509988013679964,1.2797433428586846,-0.00675429831976967
2023-08-02,-0.0240629229435267,0.011237681684344341,1.3107534944161037,-0.03154056033409306
2023-08-03,0.0018885863544377,0.013668821863920828,1.077622540079326,0.0020351832244283087
2023-08-04,-0.0028348733090635,0.012981654821022877,1.134665090080524,-0.0032166317785954092
2023-08-07,0.0061646725232565,0.012430816305145616,1.1849447514394464,0.007304796350775759
2023-08-08,-0.0067881715558038,0.011968620174992829,1.230704151483278,-0.008354230914708438
2023-08-09,-0.0172727817696062,0.01174743428247627,1.253876394002287,-0.021657933319662263
2023-08-10,0.0010032983178643,0.012812507366457107,1.1496446492161712,0.0011534365427002776
2023-08-11,-0.005990994977864,0.012203325278759516,1.207034164903248,-0.007231335620045627
2023-08-14,0.0171474049974529,0.011897667364548718,1.2380435664876983,0.02122923443905557
2023-08-15,-0.0123290025608743,0.012537747530111894,1.174838662328586,-0.014484588876463275
2023-08-16,-0.0101327623265115,0.012776404102141495,1.1528932882156784,-0.01168199367731979
2023-08-17,-0.0090164866979535,0.01274395616280805,1.1558287198034871,-0.010421514277220763
2023-08-18,-0.00201432327127,0.012610735470766646,1.168038975287039,-0.002352808089671047
2023-08-21,0.0224314159521864,0.012069325616633968,1.2204352591655583,0.027376090941057047
2023-08-22,-0.0050340107096526,0.013501959029682485,1.090940248337917,-0.005491804893724141
2023-08-23,0.016439498772672,0.01299732374645133,1.1332971944252668,0.018630837836826793
2023-08-24,-0.0165001521346533,0.013356462016386444,1.102824274783159,-0.018196768311710815
2023-08-25,0.0038526848227139,0.013997346514904075,1.0523302056719237,0.004054296611875617
2023-08-28,0.0073713859453466,0.013306464350490956,1.1069680231283012,0.008159888527636069
2023-08-29,0.0228812424456502,0.012812372959061756,1.1496567094912953,0.026305573899138766
2023-08-30,0.0059345223360031,0.014155371854400278,1.0405823802015726,0.006175359377757502
2023-08-31,0.0001222088775197,0.013511696911769457,1.0901540075295553,0.00013322649758378953
2023-09-01,-0.0019724118174885,0.012842807396196644,1.1469322931100236,-0.0022622228087893948
2023-09-05,0.0043467487041241,0.012277436443367191,1.1997480585491354,0.005215003318773859
2023-09-06,-0.0158183698526993,0.011763450444962574,1.2521692173403,-0.01980727579805388
2023-09-07,-0.0079570645655655,0.01260090516857234,1.1689501936438311,-0.009301412164754259
2023-09-08,0.0014271712721017,0.012394695183152359,1.1883979653579455,0.001696047435982971
2023-09-11,0.0115793074497766,0.011824954605302912,1.245656412945939,0.01442383858228691
2023-09-12,-0.0090188597998217,0.011817037709005086,1.246490948037293,-0.011241927102095182
2023-09-13,0.0059841960792229,0.01180646082647276,1.247607623773466,0.0074659286505937734
2023-09-14,0.0093033112842455,0.011401730637342754,1.2918942751241027,0.012018894587814225
2023-09-15,-0.0167319678317588,0.01124987502452457,1.3093328152338908,-0.02190771454555965
2023-09-18,0.0025739164888473,0.012333387078239989,1.1943053796534358,0.003074042309409013
2023-09-19,-0.0024740328118693,0.011777446969464986,1.2506811174849486,-0.0030942261218431253
2023-09-20,-0.0183148567375694,0.011335271555069644,1.2994686951546692,-0.02379958298671401
2023-09-21,-0.0163529867657297,0.012661894790971797,1.163319612116259,-0.01902375022125099
2023-09-22,-0.000347123392066,0.013407449698254158,1.0986303039278398,-0.0003813602777259323
2023-09-25,0.0084037251980914,0.01275375489145661,1.154940694897414,0.009705804220010588
2023-09-26,-0.016824392820113,0.012378816770361118,1.1899223334622868,-0.020019720763595004
2023-09-27,0.003090447982318,0.013247498977711863,1.1118952008731808,0.003436254280087589
2023-09-28,0.0080354683375428,0.012612038403044151,1.1679183067928869,0.00938477057507084
2023-09-29,-0.0001505736987503,0.012229845859978425,1.2044166954787912,-0.00018135347667485533
2023-10-02,0.0151555249261015,0.011685171004536405,1.2605575503492237,0.019104411375103107
2023-10-03,-0.0180028927595438,0.012097115394285594,1.2176316466195098,-0.021920891954717768
2023-10-04,0.0121084023287746,0.013205791207611766,1.1154068927274856,0.013505795417432728
2023-10-05,0.0023481853044019,0.01306514725480834,1.127414046670557,0.0026473770963680796
2023-10-06,0.0168908487302331,0.012437245325331943,1.1843322336730588,0.020004376605310716
2023-10-09,0.0040339695839013,0.012947375171538277,1.1376692450582737,0.004589323131105031
2023-10-10,0.0025684780342485,0.01235954049103373,1.1917781690651035,0.0030610560489406136
2023-10-11,0.0095635500608415,0.011801013312013536,1.2481835370777095,0.011937065741960889
2023-10-12,-0.0013259875157715,0.011619886588328996,1.2676397850289536,-0.0016808745294436605
2023-10-13,-0.0101907257569197,0.011158338390289185,1.3200738337268192,-0.01345251041839563
2023-10-16,0.0089038547387375,0.01136389266478862,1.2961958521951755,0.011541139580899905
2023-10-17,-0.0086585435467637,0.011186000224571852,1.3168094261730607,-0.011401651759308365
2023-10-18,-0.0162842322338407,0.011227930121252672,1.3118918961749666,-0.021363152303006786
2023-10-19,-0.0065149078118451,0.0122447963648099,1.2029461412050906,-0.007837083212565963
2023-10-20,-0.0172421231916958,0.011970634978175843,1.2304970090345875,-0.021216381016787578
2023-10-23,0.0070130830413749,0.01298472663473942,1.134396660880169,0.007955617984611026
2023-10-24,0.0074512199006661,0.01250560938306253,1.1778578784685312,0.008776478064201072
2023-10-25,-0.0235758918320672,0.012100767633917658,1.2172641424502229,-0.028698087753460496
2023-10-26,-0.0240964567744701,0.014196035039266973,1.0376017314797203,-0.025002525271716414
2023-10-27,0.0064524023292117,0.015872798080400742,0.927992056742544,0.005987778108415547
2023-10-30,0.0143821130584239,0.015087287081340685,0.9763074340321539,0.014041363896030171
2023-10-31,0.0018422534552676,0.01492079354797079,0.9872015512803224,0.0018186754688917087
2023-11-01,0.0199239140424483,0.014120950593080533,1.0431189061810058,0.02078301142280305
2023-11-02,0.0174761425064899,0.014753608803195914,0.9983883084726651,0.017447976355681693
2023-11-03,0.0085320976067084,0.01496769084127493,0.9841084167954073,0.008396509067681687
2023-11-06,0.0087815832191193,0.014366436116004749,1.0252946811548207,0.009003710566681446
2023-11-07,0.0085688843899625,0.013841336374221747,1.0641913568637191,0.009118932705762535
2023-11-08,0.0044130176591377,0.013358705399534782,1.1026390729002196,0.004865965700363891
2023-11-09,-0.0053875471228786,0.01274134588832292,1.1560655103468824,-0.006228357414128527
2023-11-10,0.0209370838903674,0.012337382392099224,1.1939186181278676,0.024997174266014683
2023-11-13,-0.0007822080600028,0.013462088543120967,1.0941712713973368,-0.000855869587510508
2023-11-14,0.0166862739052295,0.012810148221600091,1.1498563702840836,0.019186818346233214
2023-11-15,-0.0017520261307908,0.013230970347438968,1.1132842225544965,-0.0019505030489125983
2023-11-16,0.0066272268837922,0.012622068666305468,1.166990207889724,0.007733908878849028
2023-11-17,-0.000617094932109,0.012161625476745132,1.2111728456903934,-0.0007474086249835777
2023-11-20,0.0105651709079793,0.011630837994440592,1.2664461962182674,0.013380220508806282
2023-11-21,-0.0040731576972196,0.011555205713314443,1.2747354657578962,-0.005192198574270586
2023-11-22,0.0015130920374324,0.0112076192090945,1.314269361055519,0.0019886105052544737
2023-11-24,-0.005287103269368,0.010754469733053494,1.3696473096779993,-0.0072414667688796355
2023-11-27,0.0009684891979448,0.010572831573520191,1.3931774505688015,0.0013492773116961598
2023-11-28,0.0037992578612952,0.01018486066419234,1.4462476240521318,0.0054946676550595664
2023-11-29,-0.006015171118052,0.009873330108551279,1.491880690197191,-0.008973917639253627
2023-11-30,-0.0043134756231504,0.00985950499874739,1.4939726222322067,-0.006444214487652705
2023-12-01,-0.000648814308179,0.009724556061552855,1.5147046758387521,-0.0009827620663498164
2023-12-04,-0.0125024699462984,0.009448132517923861,1.5590203152788686,-0.01949160463744271
2023-12-05,0.0112880935073646,0.010254160747142853,1.436473534998406,0.01621504758391658
2023-12-06,-0.0102584927169126,0.010443428043384708,1.4104401807240547,-0.014468990321598606
2023-12-07,0.0151882671054686,0.010769599837765896,1.36772310566609,0.020773343855177626
2023-12-08,0.007624439519001,0.011344662554087913,1.2983930078715715,0.009899518960410587
2023-12-11,-0.0110331196721451,0.011080471107334497,1.329350565892462,-0.014666883879725343
2023-12-12,0.0076635491848096,0.011395004311692589,1.29265686383073,0.009906339455048527
2023-12-13,0.0072473666758497,0.01112742346052994,1.3237413484926084,0.009593638936509675
2023-12-14,4.08865250424498e-05,0.010865168720761842,1.355692756868424,5.5429565853568626e-05
2023-12-15,0.0061610693276965,0.010454346005040714,1.4089671921885873,0.008680744551523765
2023-12-18,0.0094352807674188,0.010208625186944438,1.4428809234496933,0.013613986626700368
2023-12-19,0.003910716927557,0.010224884910622926,1.4405864384436198,0.005633725770430514
2023-12-20,-0.0125752326998167,0.009912172256100032,1.4860345599649292,-0.018687230391528697
2023-12-21,0.0096834853637684,0.010635818673934054,1.384926820254055,0.01341091859382045
2023-12-22,-0.0011160318219763,0.010615323234430301,1.387600755209665,-0.0015486065990123323
2023-12-26,0.0025288720580158,0.010252841171666012,1.4366584140205403,0.0036331253201298394
2023-12-27,0.0014055147287882,0.009907019686903417,1.4868074357783185,0.0020897297498582426
2023-12-28,-0.0003599138508204,0.0095895154520123,1.5360349134010964,-0.0005528402406767682
2023-12-29,-0.0037355205820504,0.009322256826798481,1.5800713078990356,-0.005902388891764142
2024-01-02,-0.0135155231616794,0.00921967906066899,1.5976511156150133,-0.021593090657377644
2024-01-03,-0.0060079218879955,0.01022991231337308,1.4398784745822875,-0.008650677403496497
2024-01-04,-0.0059806644461466,0.010167766738888535,1.4486790379005434,-0.008664063215849643
2024-01-05,0.0029989672752758,0.010111685117925697,1.4567137292257628,0.004368636803393036
2024-01-08,0.0223133291827073,0.009788990139109353,1.504734434049637,0.03357563475950432
2024-01-09,0.002959313177436,0.01177905738300935,1.2505101263991776,0.003700651095570244
2024-01-10,0.0109780214947135,0.011282866882067876,1.3055042384928475,0.01433185359161406
2024-01-11,0.0003686944244987,0.01129192918075659,1.3044565105838941,0.0004809458424533112
2024-01-12,-0.0014468566145613,0.010834019265117567,1.35959058004595,-0.0019671326238347173
2024-01-16,-0.0010451754547748,0.0104572191249483,1.4085800785936016,-0.001472213324230791
2024-01-17,-0.0051176082432978,0.0101098728490767,1.4569748558445434,-0.00745622653254766
2024-01-18,0.0129357963693174,0.009996955119286787,1.4734316960643772,0.01906001238438675
2024-01-19,0.0157995338858257,0.010416708534145929,1.414058048049042,0.02234145804667538
2024-01-22,0.0011051447060549,0.011142983243796905,1.3218929091623661,0.0014608829505322997
2024-01-23,0.0049644182613378,0.010696156603235838,1.3771143302477518,0.006836571529031913
2024-01-24,0.0079399825839223,0.010367999865385755,1.4207012662168998,0.011280343310718543
2024-01-25,-0.0016320177685409,0.010243659492091101,1.4379461312886044,-0.002346753636467648
2024-01-26,-0.0012010408517869,0.009936342019656362,1.4824198389861387,-0.0017804467861217111
2024-01-29,0.0104744949401517,0.009650169231228129,1.5263805415167417,0.015988065258863125
2024-01-30,-0.0035003520331377,0.009847261822802543,1.4958300898206505,-0.005235931896132262
2024-01-31,-0.0248936768276989,0.009666104719483879,1.5238641587649475,-0.03793458189760785
2024-02-01,0.0119237762724484,0.012774935243283521,1.1530258475975026,0.013748422243102805
2024-02-02,0.0270330677166014,0.012672893148378534,1.1623100080169804,0.031420805154406546
2024-02-05,0.002390765057519,0.01479765323154225,0.9954166587369752,0.002379807365380675
2024-02-06,0.000887163692892,0.014012387293844391,1.05120064325948,0.0009325870446445263
2024-02-07,0.0124202145717373,0.013292901257661615,1.1080974913885238,0.013762808609449291
2024-02-08,-0.0011423558347521,0.013169861771238562,1.1184498966464793,-0.0012776677653119888
2024-02-09,0.0128951741078877,0.012552332681828588,1.1734735614690854,0.015132145886146916
2024-02-12,-0.0059458828581844,0.012574665967171885,1.1713894090979988,-0.006964944207814544
2024-02-13,-0.0130175296618165,0.01222381928158275,1.2050104961125503,-0.01568625987594534
2024-02-14,0.0094871948224222,0.012595309427416537,1.16946952528434,0.011094985225258138
2024-02-15,0.0012677612036497,0.012312712552512064,1.1963107620737057,0.001516636371665651
2024-02-16,-0.0061182338367728,0.011750691577052936,1.253528819159461,-0.007669382436751266
2024-02-20,-0.0108605842868037,0.011506700816378558,1.28010893582319,-0.013902730993798344
2024-02-21,-0.0001576705414712,0.011734104608410605,1.2553007688658537,-0.00019792395193629284
2024-02-22,0.0372255933467808,0.011238101930625547,1.3107044790854894,0.048791751936240586
2024-02-23,-0.0033020260847008,0.01608251106612498,0.9158912110383074,-0.0030242966695966963
2024-02-26,-0.0053562053251772,0.015255593743746965,0.965536365500538,-0.0051716110225462205
2024-02-27,0.0005437732753944,0.014591154197616698,1.0095041377395726,0.0005489413715028469
2024-02-28,-0.0058572131648484,0.013821238045427238,1.0657388642375318,-0.006242259705902653
2024-02-29,0.0088850354265155,0.013329412119901868,1.1050622791456335,0.009818517498714914
2024-03-01,0.0064286832197698,0.012921809872064927,1.139920079518732,0.007328185087080729
2024-03-04,-0.0080839271549256,0.012421000892311088,1.1858811270199912,-0.00958657664523068
2024-03-05,-0.0135908227719507,0.012247595858013964,1.2026711778909676,-0.016345290831649335
2024-03-06,0.002410768953105,0.012687885861273222,1.160936557748326,0.002798749809944254
2024-03-07,0.0154047182650933,0.012096174385325408,1.2177263709722825,0.0187587316688025
2024-03-08,-0.0085983257220932,0.012471689982548256,1.1810613122601483,-0.010155149860575582
2024-03-11,-0.0015475817517243,0.012336121436339685,1.194040656368632,-0.0018478755306130005
2024-03-12,0.0195347428705791,0.011808678833333738,1.2473732874596077,0.024367116434152385
2024-03-13,-0.0041122848418842,0.012820042297896237,1.1489689499158164,-0.004724887596534419
2024-03-14,0.0011212121989847,0.012339322910067625,1.1937308589981186,0.0013384256014131754
2024-03-15,-0.0066982549715267,0.011774842446442016,1.2509577604871542,-0.008379234038352988
2024-03-18,0.0128353363332475,0.011570386560475454,1.2730629577413968,0.016340191236009678
2024-03-19,0.0069035332772772,0.011727361049623884,1.2560226017227125,0.008670993828005033
2024-03-20,0.0118541265726178,0.011377279152890734,1.2946707502687618,0.015347190943551952
2024-03-21,-0.0051549851037506,0.0114591751228029,1.2854180496446843,-0.0066263108980104965
2024-03-22,0.0061791956621531,0.011184954357122976,1.3169325565919463,0.008137583941041146
2024-03-25,-0.0035696123238305,0.010857119067314009,1.3566978906250744,-0.004842885510090109
2024-03-26,-0.0045900223621282,0.01056160170738443,1.3946587785630498,-0.0064015149811427995
2024-03-27,0.0042272482862438,0.010357891840328887,1.4220876954458026,0.006011517773461664
2024-03-28,-0.0027348032938285,0.010040370899461868,1.4670603989021622,-0.004012121611162986
2024-04-01,0.002543340488139,0.00979843212348718,1.503284438903473,0.0038233641786525217
2024-04-02,-0.0090955406886848,0.009502175072014167,1.5501535622378215,-0.01409948479904379
2024-04-03,0.0023201458812203,0.009848073586693106,1.4957067904928534,0.0034702579494752276
2024-04-04,-0.0112032216272167,0.009543337768054114,1.5434673795364995,-0.017291807127326798
2024-04-05,0.012694739611631,0.010146740284007416,1.451681044808678,0.018428712862986602
2024-04-08,0.0002586114157328,0.010511798652869428,1.401266426737479,0.00036238349443742127
2024-04-09,0.0012100245598324,0.010135195798799184,1.4533345807325573,0.001758570536340118
2024-04-10,-0.0032036483942396,0.009792992086852546,1.5041195179423796,-0.004818670078400546
2024-04-11,0.0199018616433204,0.009602736301079244,1.5339201322475882,0.03052786624389523
2024-04-12,-0.0167780561127566,0.011184428876294056,1.3169944303647714,-0.02209660645284805
2024-04-15,-0.0178823644363635,0.012289361495643514,1.1985838761527035,-0.021433513680911818
2024-04-16,-0.001984422338265,0.013338982747328889,1.1042694046395567,-0.0021913368740293284
2024-04-17,-0.0094265537519303,0.01272607516875192,1.1574527371218397,-0.010910790441797873
2024-04-18,-0.0025748177755892,0.012632662435858527,1.166011568161493,-0.0030022673122448505
2024-04-19,-0.0232549929447157,0.012107229046291221,1.2166145102708157,-0.028292361852786566
2024-04-22,0.0105362110970553,0.014139263785099833,1.0417678572778806,0.010976286058406727
2024-04-23,0.0151589386362772,0.013756443273282366,1.070758643369564,0.01623156456910264
2024-04-24,0.0029230798997529,0.013849889110254691,1.063534185698568,0.0031087954009155526
2024-04-25,-0.0031084048645696,0.013156120804242414,1.1196180664546882,-0.0034802262442277625
2024-04-26,0.0225698917842307,0.012598206208329934,1.1692006221608617,0.026388731516225856
2024-04-29,0.0066001227146419,0.013935828719198238,1.0569755723675134,0.006976168484004449
2024-04-30,-0.0213799604186252,0.013340853268813988,1.1041145749892265,-0.023605925910896847
2024-05-01,-0.0028165531154753,0.014740138739479637,0.9993006712642508,-0.0028145834189458843
2024-05-02,0.0163853834480058,0.014020372062312976,1.0506019720035997,0.017214516162510036
2024-05-03,0.0219090292668233,0.01421491645971265,1.0362235035736502,0.02270265106676528
2024-05-06,0.0118527792865278,0.015118134239124099,0.9743153688086046,0.011548345021960324
2024-05-07,-0.0028505087644217,0.014725169173182553,1.0003165575656765,-0.0028514111145371045
2024-05-08,0.0008905565334588,0.014007885618645473,1.0515384646833321,0.000936454449906977
2024-05-09,0.0027899463268601,0.013288796358874094,1.108439781835756,0.003092487497878278
2024-05-10,-0.0003923641237339,0.012645076440897822,1.164866863853007,-0.0004570519663023413
2024-05-13,0.0037912174260788,0.012063869495105349,1.2209872249419222,0.0046290280442194106
2024-05-14,0.0087401435901174,0.01155637353817911,1.2746066478577247,0.011140245123194718
2024-05-15,0.0120392488396969,0.011342867710383698,1.2985984596651812,0.015634149998756213
2024-05-16,-0.0017511892942747,0.011448741364053376,1.2865895095803928,-0.0022530617753033205
2024-05-17,0.0011991340595006,0.011016534341967194,1.3370657304427667,0.0016033210571649696
2024-05-20,-0.0001649036348927,0.010582428544609048,1.3919140086605102,-0.00022953167948618725
2024-05-21,0.0089609524840501,0.01020396629117264,1.4435397096159397,0.012935490746707915
2024-05-22,-0.005791700616357,0.010180236427897513,1.4469045627000519,-0.008380038047599646
2024-05-23,0.0011043308736126,0.01010780578478905,1.4572728097978191,0.0016093113551359137
2024-05-24,0.0127644273308628,0.009768658864411887,1.5078662016289976,0.019247048555357457
2024-05-28,0.0108221318051703,0.010206713534400351,1.4431511658718825,0.0156179721318507
2024-05-29,-0.0031264631871813,0.010354835808367678,1.422507397460335,-0.004447417011652815
2024-05-30,-0.0131286022065454,0.01009478289763377,1.4591527808233382,-0.019156636418004136
2024-05-31,0.0028311359064925,0.010862439986287734,1.3560333180652302,0.0038391146171746376
2024-06-03,0.0091071310696667,0.010457049157778535,1.4086029734242305,0.012828331904096707
2024-06-04,0.0022377590427268,0.010411492361350898,1.4147664931849389,0.0031659065134714806
2024-06-05,0.014868739487336,0.01004519000515534,1.466356587514086,0.02180287409528596
2024-06-06,0.0005387112098091,0.010710854010181587,1.3752246574258429,0.0007408489389611808
2024-06-07,7.005089004068535e-05,0.010310872292865793,1.4285726870152318,0.00010007278821323042
2024-06-10,0.0009112772204547,0.009957797742187796,1.4792257202096921,0.00134798470273779
2024-06-11,0.0122613860908647,0.00963536666825759,1.5287254802057115,0.018744293339744773
2024-06-12,0.0139208254112169,0.01003488884949148,1.4678618525641793,0.020433848577331343
2024-06-13,0.0054257030130454,0.010573672635984764,1.393066632946533,0.007558365827751015
2024-06-14,0.0005714043581531,0.01027847967703603,1.4330748320492648,0.0008188652045924718
2024-06-17,0.0078032197362456,0.009923633300177377,1.484318302715489,0.011582461874620075
2024-06-18,-0.0003606250086311,0.009846486545545199,1.4959478661507275,-0.0005394762121422817
2024-06-20,-0.0059054941648677,0.009550611728413025,1.542291840120462,-0.009107995462354456
2024-06-21,-0.0043209052806987,0.009572186549871495,1.538815657232248,-0.006649076699356661
2024-06-24,-0.0087318269330308,0.009474111819275176,1.5547452698333368,-0.01357576662113297
2024-06-25,0.0164732668196513,0.009783160275366853,1.5056311173781567,0.024802663128540098
2024-06-26,0.0107188679406582,0.010739207259539791,1.3715938412312016,0.01470193325237736
2024-06-27,0.0033604372518041,0.010799544808037097,1.3639306839977317,0.004583403479384624
2024-06-28,-0.0073710855082484,0.010410964439323407,1.4148382335505758,-0.010428893599840415
2024-07-01,0.015412608108359,0.010440033607319084,1.4108987663185015,0.021745629765834246
2024-07-02,0.0116922672102227,0.011106918971499758,1.3261851081012463,0.015506110654137848
2024-07-03,0.0100076618281626,0.011211287051970591,1.3138393895909701,0.013148460307546003
2024-07-05,0.0090803041567242,0.011142073764820128,1.3220008095259617,0.012004169445931348
2024-07-08,0.0015805162626439,0.011005428636005763,1.3384149790131332,0.0021153866404964514
2024-07-09,0.0050614467029317,0.010572965954859834,1.3931597434227683,0.007051403790004343
2024-07-10,0.0132874341537109,0.01026230010479514,1.4353342220042427,0.01907190896344924
2024-07-11,-0.0281799091377386,0.010680064324088925,1.379189309156781,-0.038865429415778564
2024-07-12,0.0034087381072956,0.014181460553245,1.0386680893400442,0.0035405474969653194
2024-07-15,0.0066906821405923,0.013465023073966227,1.0939328106588535,0.007319156719283129
2024-07-16,0.000497961302264,0.012921093641910922,1.1399832665179703,0.0005676675519544571
2024-07-17,-0.0218293225909923,0.01230402220478586,1.197155718002587,-0.026133098359929476
2024-07-18,-0.0073339553338206,0.014021114479865673,1.050546342663576,-0.007704659953203257
2024-07-19,-0.0084450909166476,0.013602557635418495,1.082872128292733,-0.009144953574535814
2024-07-22,0.0134577590381157,0.013315105900503676,1.1062495970334714,0.01488764051288905
2024-07-23,0.0005495167309148,0.013289959779457863,1.108342747557289,0.0006090528833708089
2024-07-24,-0.0392363492236725,0.012638151577986072,1.1655051330882544,-0.045730166423833644
2024-07-25,-0.0097912075185989,0.01804558357539676,0.8162568129396909,-0.007992139843962676
2024-07-26,0.00898602745694,0.017369388928861296,0.8480338944114972,0.007620455859597471
2024-07-29,0.0019724859022896,0.016557646544396943,0.8896089487956076,0.0017547411100500069
2024-07-30,-0.0107553222882292,0.015616601465114033,0.9432161389144237,-0.01014459356148379
2024-07-31,0.0253849747595572,0.015283783692470784,0.9637554962353015,0.024464908946317653
2024-08-01,-0.0205342749729399,0.016519605734696425,0.8916575112899251,-0.018309540518514585
2024-08-02,-0.0221119250055937,0.017176571131715578,0.8575536074072655,-0.018962161055265797
2024-08-05,-0.0416652326076759,0.0179438233525359,0.820885841746124,-0.03420239954070008
2024-08-06,0.0099318788090302,0.02208968470179463,0.6668194107674834,0.0066227695752515735
2024-08-07,-0.0072175514477899,0.02089437263783128,0.7049663941677966,-0.0050881312188690055
2024-08-08,0.0242414070308319,0.01979591906516903,0.7440841967679775,0.018037647879062157
2024-08-09,0.0070142299727447,0.02008833622966008,0.7332528870729399,0.0051432043781086
2024-08-12,0.00680088151633,0.01895010000401813,0.7772956624908003,0.005286295703757166
2024-08-13,0.0236181430961688,0.017902531921633436,0.8227791801387964,0.01943251641306654
2024-08-14,0.0017940458667453,0.01840767404956894,0.8002005303453927,0.001435596454033549
2024-08-15,0.0202804857098672,0.017310930018605585,0.8508976999536559,0.01725661864446899
2024-08-16,0.0033394682932746,0.017483219075689765,0.8425124957320855,0.0028135437661849514
2024-08-19,0.0128599155002304,0.016476772384534166,0.8939754821591313,0.011496449159844158
2024-08-20,-0.0033970874997615,0.01601029680698173,0.9200223277851314,-0.003125396349220347
2024-08-21,0.0017997349008964,0.01519308902392025,0.9695086044516228,0.0017448584721509483
2024-08-22,-0.0156950174574042,0.014369105720325116,1.025104193927311,-0.016089028219347407
2024-08-23,0.0146179450600478,0.014733419013597338,0.999756439648948,0.014614384708217316
2024-08-26,-0.0054737319703592,0.014635994799926751,1.0064112988728247,-0.005508825701970909
2024-08-27,-0.0003599418669241,0.014039017365133672,1.0492066612491109,-0.00037765340443920677
2024-08-28,-0.0091283652484588,0.01332739996128337,1.1052291204346636,-0.010088935094560469
2024-08-29,-0.0043497325748041,0.01313050059402572,1.1218026633038005,-0.004879541587074538
2024-08-30,0.0107637125192373,0.012629234420348008,1.1663280644436955,0.012554019988790415
2024-09-03,-0.0324664482999577,0.012443188199821828,1.1837665958553214,-0.03843269698355371
2024-09-04,-0.0051403143191134,0.01631262931279862,0.9029709591533113,-0.004641554551079327
2024-09-05,0.0065995378192259,0.015536547853975156,0.948076154067999,0.006256864434278001
2024-09-06,-0.0265326957555139,0.01478796776374435,0.9960686128220609,-0.026428385455624516
2024-09-09,0.0123448929498129,0.01676320793940129,0.8786999833288637,0.010847457229197202
2024-09-10,0.0024283587541754,0.016225247038638882,0.9078339763833796,0.002204546583888443
2024-09-11,0.0222753106195183,0.015315683367854055,0.9617481755862421,0.021423239348938573
2024-09-12,0.009947273741322,0.016071275441344814,0.9165315217606416,0.009116989939503523
2024-09-13,0.0018287571175353,0.015441395887489072,0.9539183273465965,0.0017444849306824566
2024-09-16,-0.0065524054424398,0.014595826973590737,1.009180950386841,-0.0066125627517213065
2024-09-17,0.0029618174034305,0.014064441307219327,1.0473100363630738,0.0031019410924875822
2024-09-18,-0.0011943412482,0.013351610082120626,1.1032250377514516,-0.001317627168633561
2024-09-19,0.0263092872371257,0.012718017215302255,1.158186082588985,0.030471050320874996
2024-09-20,-0.0035429468565494,0.01469385851663213,1.0024480989943754,-0.003551620341186044
2024-09-23,0.0019242165310661,0.014003774279198012,1.0518471837103731,0.002023981739050821
2024-09-24,0.0062743980121042,0.013286313102978318,1.1086469528998444,0.0069560922374001626
2024-09-25,0.0015770698346034,0.012741703329898204,1.1560330793707052,0.0018231448972792174
2024-09-26,-0.0003516986398003,0.012139344765054063,1.213395848126288,-0.0004267496693253469
2024-09-27,-0.0016318094911682,0.011606344406282824,1.269118856141865,-0.0020709601948728246
2024-09-30,0.0073291334039969,0.011154443403775052,1.3205347863350225,0.009678375613667923
2024-10-01,-0.0159984746421391,0.010894030048225804,1.3521011482145748,-0.021631555933318038
2024-10-02,0.0001547301369599,0.011935940315661711,1.2340737426076505,0.00019094839921229812
2024-10-03,0.0008717434044831,0.011416229913944802,1.2902534941853143,0.0011247699736673215
2024-10-04,0.0138266154740945,0.010942601105431044,1.3460995603302641,0.018612001010534233
2024-10-07,-0.0125854115557271,0.011312415379022162,1.3020942074143875,-0.01638739148463835
2024-10-08,0.0132365475101108,0.011781127967616661,1.2502903437921025,0.01654952753703693
2024-10-09,0.0050090537382014,0.011950624019838603,1.232557439045691,0.006173946447599762
2024-10-10,0.0019925567744401,0.01149108741496015,1.2818482711839392,0.0025541554565518885
2024-10-11,0.0012148024209524,0.011011921275716059,1.337625848213519,0.0016249511187382904
2024-10-14,0.00903144432922,0.010578276203666288,1.3924603832697267,0.01257592843214488
2024-10-15,-0.0103721414985837,0.01051043915109396,1.401447677412895,-0.01453601361298803
2024-10-16,0.0029036624689871,0.010839073665153815,1.3589565853994185,0.003945951234007154
2024-10-17,0.0005142519840518,0.010437336867378008,1.4112633063447833,0.0007257449553073079
2024-10-18,0.0057145223785138,0.010066132463160014,1.4633058516563693,0.008362094035900517
2024-10-21,0.006599045174483,0.009842889270326652,1.4964945893779578,0.009875435398674531
2024-10-22,0.0044350486554141,0.009695416029254758,1.5192571925170295,0.0067379795689008525
2024-10-23,-0.0173276621443322,0.009459747410743579,1.5571061147109801,-0.026981008678585643
2024-10-24,0.0120024724968391,0.011069033528928103,1.3307241773543157,0.01597198033957401
2024-10-25,0.0066840241489888,0.011211206755958231,1.3138487994668349,0.008781797103756267
2024-10-28,0.0016587878205878,0.01090683876039699,1.3505132752465894,0.0022402149725211816
2024-10-29,0.0045247155474557,0.010484739982322931,1.404882768835889,0.006356694906504359
2024-10-30,-0.0011603331639941,0.010163381315839971,1.4493041320739637,-0.0016816756491591053
2024-10-31,-0.0301231662997555,0.009850959383326151,1.4952686295531856,-0.04504222559083811
2024-11-01,0.0075911703147499,0.01412229551697207,1.0430195657064385,0.007917739164894048
2024-11-04,-0.0056401278838516,0.013556030728493618,1.0865887538842285,-0.006128499529062001
2024-11-05,0.0132872857124368,0.013079502208461142,1.1261766925167418,0.014963831476157034
2024-11-06,0.037297309018733,0.013069149381288659,1.1270688020430126,0.042036633395171455
2024-11-07,0.0127080630735874,0.017251632102015607,0.8538224354534676,0.010850429363386673
2024-11-08,6.440283292251001e-05,0.01668815459991879,0.8826518503706737,5.684527964816681e-05
2024-11-11,-0.0007653757877838,0.015739243302313726,0.9358664996763123,-0.0007162895594502249
2024-11-12,0.0027644180632819,0.014881796995756712,0.9897884335534308,0.0027361890245426006
2024-11-13,0.0006959020634902,0.014092911439521166,1.0451942879299514,0.0007273528617186233
2024-11-14,-0.0032129286479642,0.013366889327650225,1.1019639779930428,-0.0035405316339184385
2024-11-15,-0.0178234161813765,0.012792186449037474,1.1514709073051785,-0.020523145201647396
2024-11-18,0.0050078124504728,0.013731795788046714,1.0726805702799809,0.005371783115228352
2024-11-19,0.0102325799918838,0.013096358978440761,1.1247271521144504,0.011508860553054771
2024-11-20,-0.0018385422793459,0.012810988985259827,1.149780907144496,-0.0021139208097698385
2024-11-21,-0.005885915594319,0.012244909519979929,1.202935024783616,-0.007080374021326398
2024-11-22,-0.0021628198479244,0.01192749494320154,1.2349475398676175,-0.0026709690503710923
2024-11-25,0.0004509959259747,0.011459150919829166,1.285420764587485,0.0005797195279922397
2024-11-26,0.0099240735446767,0.010983770566940452,1.3410540986011519,0.01330871950190795
2024-11-27,-0.0058227295178771,0.010937479404338514,1.3467298993081882,-0.007841643937309442
2024-11-29,0.0087706117952242,0.010770977173076783,1.367548208505073,0.011994234448052317
2024-12-02,0.0094884626621999,0.010657404909412865,1.3821216949241053,0.013114210096903814
2024-12-03,0.0055635636518131,0.010617164441662198,1.3873601202868928,0.007718666337203206
2024-12-04,0.0108574219716095,0.01032331761173922,1.426850465216732,0.015491917591245383
2024-12-05,0.0014042344592134,0.010457657716374231,1.4085210031139899,0.001977893729098489
2024-12-06,0.0029474836679498,0.010081384118903264,1.4610920844956974,0.004306545056421797
2024-12-09,-0.0010851585929128,0.00976099212865032,1.5090505496521618,-0.0016375591710948271
2024-12-10,0.0025892554932178,0.009491271573469918,1.5519343665250434,0.004018354583638455
2024-12-11,0.0141807379779524,0.009229959817262148,1.595871577830926,0.022630636691681832
2024-12-12,-0.0065987523094592,0.009957639104434224,1.4792492861416182,-0.009761199643192876
2024-12-13,-0.0051821598142911,0.009981227086416349,1.4757534729308293,-0.007647590343222673
2024-12-16,0.007099394040713,0.00988939318886854,1.4894574677716348,0.01057424547059342
2024-12-17,-0.0009975148710387,0.009767730333929641,1.5080095409395124,-0.001504261942755407
2024-12-18,-0.0290120555848225,0.009494911792877016,1.551339376100403,-0.045007544210348756
2024-12-19,0.0036689292528643,0.013636479553369505,1.0801783905619924,0.003963098095444773
2024-12-20,0.0109847423380348,0.012975224741591174,1.1352273914512439,0.012470180390171283
2024-12-23,0.0108167039536191,0.012764977043041479,1.1539253448888733,0.01248166884024076
2024-12-24,0.0126445416516754,0.012566559137920924,1.1721450856377513,0.014821237357153174
2024-12-26,-0.0016029690537926,0.012561664301783813,1.1726018291062346,-0.0018796444444778928
2024-12-27,-0.0151373066235519,0.012013525296568546,1.2261039264717333,-0.01855991108734356
2024-12-30,-0.0097602192455592,0.01270445236083843,1.1594227061919649,-0.011316219810713145
2024-12-31,-0.0093353675031105,0.012645440074408675,1.164833366827606,-0.010874147559221226
2025-01-02,-0.0036012788926807,0.012554093332131793,1.1733089875307576,-0.00422541289138708
2025-01-03,0.0177012645085303,0.012077268629725198,1.2196325997615363,0.02158903925160542
2025-01-06,0.0137870900941624,0.012762510674469622,1.154148342171892,0.01591234717555205
2025-01-07,-0.01857897790079,0.012848563035035055,1.1464185136287501,-0.02129928422976507
2025-01-08,-1.5800722626767294e-05,0.013894147195684206,1.060146429243643,-1.6751079672236584e-05
2025-01-10,-0.0153817696462392,0.013191594659223083,1.1166072728433654,-0.01717539585619201
2025-01-13,-0.0010034264425358,0.013708139120918178,1.0745317367266096,-0.0010782135579753967
2025-01-14,-0.0044778036171605,0.01303737377829915,1.1298157732815908,-0.0050590931563252945
2025-01-15,0.026782952472788,0.012552087333971874,1.1734964986281058,0.03142970094973968
2025-01-16,-0.0190247268570009,0.014660447003489141,1.004732702446558,-0.019114765228342125
2025-01-17,0.0154976415344366,0.015428001653282222,0.9547464971755756,0.014796318969486057
2025-01-21,0.0024064259386492,0.015328439255578663,0.9609478363251748,0.0023124497990217262
2025-01-22,0.0136944231255368,0.014496489577367416,1.0160963768695475,0.013914853721176486
2025-01-23,0.0032639588489196,0.014339263955629556,1.0272375613189892,0.003352861128209705
2025-01-24,-0.0062546015686581,0.01360602971038417,1.0825957939551116,-0.006771205351094303
2025-01-27,-0.0270540507178259,0.013161324037103463,1.1191754336695081,-0.03027822894463967
2025-01-28,0.0278733294569324,0.01565240608267661,0.9410585477457369,0.026230434939579276
2025-01-29,-0.008707435124593,0.01722314465384547,0.8552346759510848,-0.007446900457146389
2025-01-30,-0.0042756450951014,0.016557767214790374,0.8896024654660344,-0.0038036244180599623
2025-01-31,-0.0052910991404969,0.01572261158606143,0.9368564793617766,-0.004957000512720048
2025-02-03,-0.0157977848384365,0.015009678618674386,0.9813554914203145,-0.015503242903476246
2025-02-04,0.0147610198680543,0.015287136090865181,0.9635441491027211,0.014222894328652742
2025-02-05,-0.0037739977751622,0.015132030168879937,0.9734206430002433,-0.0036736873409798764
2025-02-06,0.0081547597609589,0.014409452654124246,1.0222338690064154,0.008336071621262847
2025-02-07,-0.015190678787558,0.013843983439373445,1.063987876133781,-0.016162698060204317
2025-02-10,0.0061966226843869,0.014227979553242587,1.0352721186989076,0.006415190695242938
2025-02-11,0.0010920678344092,0.01358754719912386,1.0840683988821753,0.001183876228718706
2025-02-12,-0.0021133998350272,0.01290626523088005,1.141293028880811,-0.0024120084989543993
2025-02-13,0.0151741382368994,0.012338876466684197,1.193774050389574,0.018114492464234706
2025-02-14,0.0043835336507857,0.012647048071596743,1.1646852651703794,0.005105437052448624
2025-02-18,-0.0025403301303298,0.012097633749852142,1.2175794739256525,-0.003093053823684442
2025-02-19,0.0036713858970273,0.01162494608114285,1.2670880737058952,0.004651969284095312
2025-02-20,-0.0056801065052593,0.011158544377423703,1.3200494651158998,-0.0074980215540688825
2025-02-21,-0.0233637342150415,0.010954835754162178,1.344596200932884,-0.031414788265150435
2025-02-24,-0.0106306817657504,0.013325753004103385,1.1053657179713934,-0.011750791182524091
2025-02-25,-0.0151590356060547,0.013268659648626393,1.110121966118489,-0.016828378411453623
2025-02-26,-0.0013207719813056,0.013742699799300529,1.071829462333151,-0.0014156423225874719
2025-02-27,-0.0254674405441888,0.013075205938485943,1.1265467332743093,-0.02869026194991359
2025-02-28,0.0200767796692307,0.015278529066255557,0.9640869532017167,0.019355761341410795
2025-03-03,-0.0319235512009221,0.01573734948990343,0.9359791206480079,-0.029879777381000724
2025-03-04,-0.004279074153,0.018498682866819424,0.7962637471509217,-0.0034072716194044365
2025-03-05,0.0118925107043762,0.017490394029250032,0.8421668781307489,0.010015478613041017
2025-03-06,-0.0197674730014791,0.016842487768077032,0.8745638257080324,-0.017287916812753802
2025-03-07,0.0039512532896072,0.017341105937554755,0.8494170204560334,0.0033562617963252485
2025-03-10,-0.0445907936648044,0.016356498927902276,0.9005491090616476,-0.04015619950719137
2025-03-11,-0.0028203261629872,0.021669575568760955,0.6797470716558398,-0.0019171084504048998
2025-03-12,0.0136666131479223,0.02035358274928531,0.7236971848313737,0.009890489461330807
2025-03-13,-0.0192784676540894,0.019536169736913772,0.7539774037209577,-0.014535528989548789
2025-03-14,0.0275912604610542,0.019571105997029013,0.7526314833268108,0.020766051287659612
2025-03-17,-0.0041438083775124,0.020349227142559125,0.7238520870448036,-0.0029995043423760924
2025-03-18,-0.0159800913594665,0.019177602681603935,0.7680746536176672,-0.01227390313570091
2025-03-19,0.0150263523140383,0.018903210299998228,0.7792237563421474,0.011708890694265443
2025-03-20,9.149351780417496e-05,0.018342633271435333,0.8030379454747483,7.347276656172195e-05
2025-03-21,0.0107725303712334,0.017254711713476367,0.8536700456945808,0.009196186494257077
2025-03-24,0.0235670111550093,0.016556568150770622,0.8896668924836693,0.020966789579405093
2025-03-25,0.0091105303862269,0.017279230335323997,0.8524587178387187,0.00776635105187367
2025-03-26,-0.0213493145201337,0.016482528377622464,0.8936632899651592,-0.019079098652563627
2025-03-27,-0.0044576948146522,0.017261615098181173,0.8533286400553705,-0.0038038786539690383
2025-03-28,-0.0279141778757151,0.016369634550457285,0.899826473919585,-0.02511791625026881
2025-03-31,0.001009574740802,0.018226119221999373,0.8081715233767879,0.0008159095562366782
2025-04-01,0.0105403720257394,0.01714366150751388,0.8591997999047208,0.009056285535436609
2025-04-02,0.0060857922877535,0.016442129930266367,0.8958590279581595,0.005452011963262115
2025-04-03,-0.0645084250896823,0.015591550247054274,0.9447316208773473,-0.06094314899522049
2025-04-04,-0.0607837305741899,0.02632964441924904,0.559439022508087,-0.034004790816819716
2025-04-07,0.0012192630869938,0.03208191270900395,0.4591319311443731,0.0005598026157045132
2025-04-08,-0.0181307398111229,0.029922387880664595,0.49226788301906843,-0.008925180904391015
2025-04-09,0.1188353049222503,0.028656828047727335,0.5140077091699742,0.06108226285160124
2025-04-10,-0.0423459920378063,0.04730520161293939,0.3113786652345889,-0.013185638478766654
2025-04-11,0.0257834210570002,0.046340848215839815,0.31785845758117504,0.008195478448344073
2025-04-14,0.0008695889703943,0.04389086789378965,0.33560125929918994,0.0002918351535370131
2025-04-15,-0.0040411817064517,0.04085918370955871,0.3605023203986391,-0.0014568553823283699
2025-04-16,-0.0343950259667205,0.038090105416983294,0.3867101541368425,-0.013300905793131184
2025-04-17,-0.0160454072513463,0.03740451208784746,0.3937982268635403,-0.006318652924883565
2025-04-21,-0.0298329030132061,0.03531917135370369,0.4170491541089219,-0.012441786966271112
2025-04-22,0.0271736687238062,0.03449722672277469,0.4269859329638726,0.011602774292085597
2025-04-23,0.0267351076332421,0.03328707311197152,0.4425090330814542,0.011830526628114566
2025-04-24,0.0244465508489345,0.03216783516149287,0.45790555885845924,0.011194211528643094
2025-04-25,0.0167600337217621,0.030972531651427132,0.47557722121857865,0.00797069026492529
2025-04-28,-0.0036368066532724,0.02935029949231999,0.5018630402986007,-0.0018251788439894658
2025-04-29,0.0027104148228298,0.027444436597386986,0.5367146264643171,0.0014547192791984442
2025-04-30,-0.0041252478776467,0.025639639142484964,0.5744944558319783,-0.002369932034640665
2025-05-01,0.0215494287236613,0.024035140690578317,0.6128456132842287,0.013206472862076983
2025-05-02,0.0068850363767963,0.023474277329866903,0.6274881364781808,0.004320278645660396
2025-05-05,-0.0106122581447764,0.02205026281055068,0.6680115635557057,-0.0070891111561488555
2025-05-06,-0.0068662253938888,0.021031296051217733,0.700376738600345,-0.004808944547866707
2025-05-07,-0.0027237992103199,0.019904506227234425,0.7400249154001136,-0.0020156792801838803
2025-05-08,0.0102229585195295,0.01873142443602463,0.7863700161831527,0.008039028056442112
2025-05-09,0.0014592860300908,0.01785650131330309,0.8249001458038406,0.0012037652589914087
2025-05-12,0.0455847535667296,0.0168046119628547,0.8765349994066716,0.039956631940566596
2025-05-13,0.0073375033555848,0.02161543810556403,0.6814495484640944,0.005000138348517039
2025-05-14,0.0121336119900428,0.020358738744403394,0.7235139033816332,0.008778836973034053
2025-05-15,-0.0108406953301154,0.01944001406330131,0.7577067840036719,-0.008214068394945363
2025-05-16,0.0060915080417891,0.0186941859340731,0.7879364519448131,0.004799721233440599
2025-05-19,0.0008314432080279,0.017645915318008326,0.8347444874031464,0.000694042634490077
2025-05-20,-0.0055005589118205,0.016612045476485898,0.8866957749266967,-0.004877322346846626
2025-05-21,-0.0149608961528953,0.01582442448856408,0.9308288303018585,-0.013926033466267107
2025-05-22,0.0030480694005728,0.015884157675181844,0.9273284009201678,0.0028265613231268686
2025-05-23,-0.0130454276986172,0.01501072160467535,0.9812873041561392,-0.0128013125779399
2025-05-27,0.0246994983179365,0.01497395592214605,0.9836966672985323,0.024296814179299842
2025-05-28,-0.0041664704417498,0.016162271511538814,0.9113713085672422,-0.003797201618604251
2025-05-29,0.0059004684543302,0.015359134373207683,0.959027389107602,0.00565871085626806
2025-05-30,-0.0046162238230613,0.014600907270409145,1.0088298120173893,-0.004656984211649125
2025-06-02,0.0053584514695456,0.013964893268082432,1.054775733270806,0.005651964577985989
2025-06-03,0.0041726385295306,0.013318708322553347,1.1059503804845179,0.004614731169358726
2025-06-04,0.0005551352558141,0.012698847980158327,1.159934394041509,0.0006439204765638062
2025-06-05,-0.0123650647183919,0.012102345364076627,1.2171054530151422,-0.015049587695639926
2025-06-06,0.0184412792852024,0.012413205881440277,1.1866258142800674,0.02188289804816944
2025-06-09,0.0050330281366153,0.01314228643643509,1.120796644338375,0.005641001046379053
2025-06-10,0.0089343436110171,0.012564469476642833,1.1723400310910645,0.010474088666718041
2025-06-11,-0.0058966875873106,0.012246044638937486,1.2028235214867065,-0.007092674528875887
2025-06-12,0.0040359201298515,0.011929211484994937,1.2347698383432961,0.004983432446303192
2025-06-13,-0.0090449586094127,0.011441371585347615,1.2874182458818082,-0.011644644747003658
2025-06-16,0.012822492803987,0.011485324126926814,1.2824914973323895,0.016444737995719078
2025-06-17,-0.0065912249148712,0.0116535873147402,1.2639739282906441,-0.008331136447896917
2025-06-18,0.0022681779839919,0.011455843871107927,1.2857918371285926,0.0029164047369715724
2025-06-20,-0.0041708803079053,0.010982594394009592,1.3411977178110583,-0.005593975150225673
2025-06-23,0.0068320901618362,0.010704729190041522,1.3760115062596043,0.009401034674489652
2025-06-24,0.0070097778011921,0.01046713282885449,1.4072459743975756,0.00986448159214907
2025-06-25,0.0084580036337738,0.010268491626158201,1.4344687684573914,0.012132742056147642
2025-06-26,0.0091765244790802,0.010195690923713223,1.4447113635655067,0.013257429192964205
2025-06-27,0.0082823980616604,0.010191279376714091,1.445336742563075,0.01197085423505097
2025-06-30,0.0017115740571256,0.01011504537368159,1.4562298034980488,0.0024924451528803705
2025-07-01,-0.0042936208803419,0.00977612929941885,1.5067139647759995,-0.006469258539864961
2025-07-02,0.009720025718398,0.009650392490628337,1.526345229087271,0.01483611488188236
2025-07-03,0.0102920813182485,0.009772629999453252,1.5072534760565248,0.015512775342786472
2025-07-07,-0.012498496183416,0.00993249456020926,1.4829940703818376,-0.01853519572869596
2025-07-08,-0.0022191627305865,0.01064121611008526,1.3842243578654443,-0.003071819105745024
2025-07-09,0.0082300217346207,0.010310525975790312,1.4286206709024012,0.011757579172055168
2025-07-10,0.0057723259157679,0.010214838094455853,1.4420033289499583,0.008323713186321429
2025-07-11,0.0032126712760701,0.009977061968466757,1.4763695548293585,0.004743090061664681
2025-07-14,-0.0020564760481422,0.009673555159404004,1.5226904994252088,-0.0031313765408016265
2025-07-15,0.0033768683709914,0.009445825005049318,1.5594011670781829,0.0052658924787933915
2025-07-16,0.0014248645849904,0.009205882212639176,1.6000455140156946,0.002279848187293724
2025-07-17,0.00366326822123,0.00896642129943483,1.642776983702365,0.006017932718964947
2025-07-18,0.001438415216906,0.008790592916104683,1.67563561155296,0.002410259761647369
2025-07-21,0.0047839689217807,0.008599334755883526,1.7129034925419409,0.008194477074330265
2025-07-22,-0.0027400425653789,0.008511282386416949,1.7306241137525111,-0.004741983736353016
2025-07-23,0.0074654447437939,0.008457986248255594,1.7415292605764314,0.013001290464533596
2025-07-24,0.0001053664073444,0.008557654712788826,1.7212461861633037,0.00018136152679127762
2025-07-25,0.0034627383520478,0.008402692545924578,1.7529893491145718,0.006070143449910338
2025-07-28,0.005234043230206,0.008290016497056159,1.776815588017328,0.009299929599786589
2025-07-29,-0.0083592733313798,0.008264728752803749,1.782252143712908,-0.014898332814733791
2025-07-30,0.0019992920501547,0.00874043379740826,1.6852516566463698,0.003369310239643125
2025-07-31,0.0016780122414755,0.008558411216416303,1.7210940400522223,0.0028880168679381534
2025-08-01,-0.0294861047931529,0.008395750014046742,1.7544389140036374,-0.05173156967149662
2025-08-04,0.0152810300159525,0.013121381998623277,1.1225822507442946,0.017154213068999082
2025-08-05,-0.0032453359875779,0.013321666071119762,1.1057048313816549,-0.003588383680921638
2025-08-06,0.0156927654699147,0.01275267309569939,1.1550386672938053,0.01812575091452452
2025-08-07,0.0044852007367833,0.01305852304624609,1.1279859509934815,0.0050592434184771745
2025-08-08,0.0164076830014351,0.012471978325433402,1.1810340069989118,0.01937803160075283
2025-08-11,-0.0018193394516851,0.012912934069272046,1.1407036121977636,-0.002075327084351092
2025-08-12,0.0113116765546463,0.012336429250811874,1.1940108630640267,0.013506264685714345
2025-08-13,0.0010840854854198,0.012235405360774944,1.2038694348543642,0.0013050973806661538
2025-08-14,0.0043807848320475,0.011680955747448752,1.2610124424199916,0.00552422418077667
2025-08-15,0.0013968921211029,0.011228151422814144,1.3118660394053014,0.001832535334387732
2025-08-18,0.0005376735237972,0.010772702662590408,1.3673291650424377,0.0007351766903590507
2025-08-19,-0.0128311849143921,0.010366327037370188,1.4209305266744672,-0.018232222338264645
2025-08-20,-0.0091210242482829,0.011038751627079157,1.3343746679431077,-0.012170863702603528
2025-08-21,-0.0026852840621786,0.011147931514938226,1.3213061559583694,-0.003548082361853481
2025-08-22,0.0194394517233608,0.010780286732015119,1.366367231508396,0.02656142983328961
2025-08-25,0.0010771273225949,0.011996956100147995,1.2277973190806692,0.0013224940389905573
2025-08-26,0.0037080806513377,0.01146557181842348,1.2847009089613417,0.004763774583275507
2025-08-27,0.0032546569673014,0.011016235700311731,1.3371019772637374,0.0043518082662939005
2025-08-28,0.0048479168272962,0.010602801751381287,1.3892394559741015,0.006734917335760665
2025-08-29,-0.0076818085600725,0.01028038250821033,1.4328095793251223,-0.011006568891413602
2025-09-02,-0.0093590309648724,0.0103568421433356,1.4222318282960904,-0.013310711720250196
2025-09-03,0.0158403507778852,0.010594240974135081,1.3903620441381115,0.02202382248740519
2025-09-04,0.0111822558095505,0.011292273310001289,1.3044167575933838,0.014586321865673643
2025-09-05,-0.0100882847611909,0.011319561559825586,1.3012721790540047,-0.013127604294112192
2025-09-08,0.0016844086147825,0.01148946520986054,1.282029256178842,0.002159461123510842
2025-09-09,0.0097575085657455,0.011008680373579683,1.338019638778967,0.01305573808652147
2025-09-10,-0.0030972044057325,0.010944700180926963,1.3458413929473805,-0.004168345891653791
2025-09-11,0.0085709601305595,0.010616830162411222,1.3874038024118538,0.011891382675458648
2025-09-12,0.0102169335631357,0.010507608994185522,1.4018251483321345,0.014322354407642266
2025-09-15,0.0123265821839998,0.01055304551244254,1.3957895395715882,0.017205314471096425
2025-09-16,0.0001352282495879,0.01080938544913514,1.3626889896935561,0.0001842740468089635
2025-09-17,-0.0030439157129357,0.010403160417701632,1.4158995868050306,-0.004309879000214997
2025-09-18,0.0026848279297027,0.010133665944349833,1.4535539870547058,0.003902542341775191
2025-09-19,0.0118688168596381,0.00980300624769717,1.5025830000210785,0.01783388244365577
2025-09-22,0.0103676667346206,0.01012801841122002,1.4543645102947473,0.01507836655339563
2025-09-23,-0.0102839301557467,0.010242451160291231,1.438115769982482,-0.014789482134377733
2025-09-24,-0.001303802684703,0.010604796344472818,1.3889781621848236,-0.001810953456850412
2025-09-25,-0.001674065420231,0.010248422277607217,1.4372778694994683,-0.002406097180592344
2025-09-26,0.0046131414364074,0.009941935571263662,1.4815857969815798,0.006834764831648407
2025-09-29,0.0022669386246084,0.009684616855734844,1.5209512938209602,0.0034479032341108544
2025-09-30,0.002261967332377,0.009397252575016368,1.5674613850489736,0.0035455464477431847
2025-10-01,0.0019440484386984,0.009141985902367025,1.6112287520675754,0.0031323067398429413
2025-10-02,9.054848733355987e-05,0.008912552217795624,1.6527062256621903,0.00014965004874046837
2025-10-03,-0.0005758783690377,0.008715433051429017,1.6900859027854076,-0.0009732839132296693
2025-10-06,0.0066282800090189,0.008554599241616946,1.7218609686858963,0.011412976637050645
2025-10-07,-0.005596973159296,0.008578173650794836,1.7171289759942494,-0.009610724789689239
2025-10-08,0.0063414933136507,0.00871431319879065,1.6903030911184553,0.010719045750370795
2025-10-09,-0.0008607037391331,0.008696836415470694,1.6936998505212169,-0.0014577737943127838
2025-10-10,-0.0339494058300054,0.00854551861381917,1.723690650333406,-0.05851827341355473
2025-10-13,0.0188178350303747,0.014379515696396318,1.0243620750441313,0.019276276539552772
2025-10-14,-0.0109563437321476,0.014819472253565915,0.993951085764599,-0.010890069748578266
2025-10-15,0.005285172866864,0.014601250798306662,1.00880607698338,0.005331714506000076
2025-10-16,-0.0053038482888556,0.01389271233169893,1.0602559230483173,-0.005623436563208832
2025-10-17,0.007604768157598,0.013362215193528346,1.102349447569458,0.00838311197742196
2025-10-20,0.015937642116334,0.012874773407728317,1.1440846429225962,0.018234011589694114
2025-10-21,-0.0025349077745578,0.013191274826356632,1.11663434586773,-0.002830565084678372
2025-10-22,-0.0056430554376427,0.012609459091332355,1.1681572088223326,-0.0065919758892663835
2025-10-23,0.0061357703959486,0.01223549630333392,1.2038604868751106,0.007386611536220572
2025-10-24,0.0113430762593989,0.011792358942300551,1.2490995744755182,0.01416863172885852
2025-10-27,0.0205575905407175,0.011766374084410926,1.251858085695703,0.025735185940818698
2025-10-28,0.0118993318850911,0.012950823352213446,1.1373663385172101,0.013533899536947157
2025-10-29,0.0069134002931726,0.012823772071964364,1.148634774092164,0.007940971983957011
2025-10-30,-0.0163924502518784,0.012356409555550237,1.1920801484176982,-0.019541114529188938
2025-10-31,0.0060977283131622,0.013165047224251818,1.1188589213531894,0.006822497723169463
2025-11-03,0.0053000013122288,0.012625042946595054,1.1667152816191244,0.006183592523578753
2025-11-04,-0.01394645413493,0.012107664741198697,1.2165707303382014,-0.01696684789256002
2025-11-05,0.0008401742072847,0.012618190530219923,1.1673488763395192,0.0009807764168032408
2025-11-06,-0.0147807955014362,0.01202786313102352,1.22464234722604,-0.01810118809674692
2025-11-07,-0.0023468652215845,0.01266598875847257,1.1629435978329814,-0.0027292718844185754
2025-11-10,0.0211478847397028,0.012129537066141761,1.214376975524223,0.02568150430893516
2025-11-11,0.0014112402935461,0.013332598515855007,1.1047981771425583,0.0015591357038198602
2025-11-12,-0.0036040414271816,0.012674744010025133,1.162140278749581,-0.004188401708809862
2025-11-13,-0.0213280489708089,0.012185637503559244,1.2087862069249824,-0.025781051416534365
2025-11-14,-0.0003662777124554,0.01384085171794749,1.064228620973517,-0.0003898032248197447
2025-11-17,-0.0070283700878662,0.013147425441141438,1.1203585525419317,-0.007874294538370786
2025-11-18,-0.015336385005707,0.01280548235743291,1.150275337214478,-0.017641065434090684
2025-11-19,0.0055923729934971,0.01338230024984612,1.1006949673737567,0.0061554968096191685
2025-11-20,-0.0151970748405115,0.012800704209331356,1.150704703117236,-0.0174873454926012
2025-11-21,0.0066703405427818,0.013359394216269662,1.102582220303938,0.007354598885843731
2025-11-24,0.0197347581505189,0.012825193171776444,1.1485074992324602,0.022665517731409873
2025-11-25,0.0049652972316127,0.013666340673974382,1.0778181876397297,0.005351687663269367
2025-11-26,0.0066072782145476,0.013035810778572679,1.129951238714052,0.00746590220305643
2025-11-28,0.0058214663195229,0.012531612845881262,1.1754137889546605,0.0068426317839023545
2025-12-01,-0.0001089254501158,0.01204413813166065,1.222987512752748,-0.00013321446531259576
2025-12-02,0.0046815368406964,0.01151698274934962,1.2789661022737924,0.005987526925796638
2025-12-03,-0.0003520642594413,0.011090800258078508,1.3281125071350033,-0.0004675809462792132
2025-12-04,0.0022320888252812,0.010662569247372964,1.3814522743211552,0.0030835241841715494
2025-12-05,-0.0001591177744501,0.010269863969117488,1.4342770830445533,-0.0002282189773988306
2025-12-08,-0.0023118870553685,0.009924483771797972,1.4841911051078938,-0.0034312822035920086
2025-12-09,-0.0030790882423208,0.00967783845075424,1.522016575482537,-0.004686423342185648
2025-12-10,0.003280655962924,0.00949511437675995,1.5513062773569768,0.005089302189132599
2025-12-11,-0.0011962199696386,0.009247161430769715,1.5929029299604331,-0.0019054622945145062
2025-12-12,-0.0076562440573298,0.009039668374702525,1.6294658085147857,-0.012475587913063427
2025-12-15,-0.0031177421706468,0.009302204659465036,1.58347736650822,-0.004936874161827416
2025-12-16,3.872676089726815e-05,0.009167476470738307,1.6067486602126961,6.222417118606303e-05
2025-12-17,-0.0141338992357122,0.008941436950840712,1.6473672652252196,-0.023283722930904027
2025-12-18,0.0111635287072285,0.010116572957214192,1.456009915530363,0.016254208490032552
2025-12-19,0.0099101063840805,0.010313754085205525,1.4281735258764088,0.014153351576362556
2025-12-22,0.0043476578067993,0.010358056682105266,1.422065063839404,0.006182652276577929
2025-12-23,0.0104242136376382,0.010044513015253036,1.4664554184480911,0.015286644571975027
2025-12-24,0.0024770381930485,0.010176840277036962,1.4473874145520984,0.00358523390598327
2025-12-26,-0.0001685141286545,0.009838452535045315,1.4971694465589396,-0.0002522942047350197
2025-12-29,-0.0050651449714475,0.009540084090890537,1.5439937841800728,-0.007820552351885893
2025-12-30,-7.925023386106983e-05,0.009497634923634243,1.5508945811589336,-0.00012290875825071143
2025-12-31,-0.0058448913166461,0.009235788543499936,1.5948644198071111,-0.009321809198558403
2026-01-02,-0.0024523048082833,0.00929668446200253,1.584417605770536,-0.003885474912959799
2026-01-05,0.0065848546470889,0.00913023760641588,1.61330199408386,0.010623359132900894
2026-01-06,-0.0020953298645552,0.009072912617784153,1.6234952498073996,-0.003401758081884949
2026-01-07,-0.0013690080748168,0.008918330254488687,1.6516354649993494,-0.0022611022882379097
2026-01-08,0.0008136336193937,0.008755471680447826,1.6823571675508848,0.0013688223513473599
2026-01-09,0.0035478201590759,0.008569444198545178,1.7188781670800601,0.00609827061216207
2026-01-12,-0.0018813760536899,0.008438505845943842,1.7455496038994172,-0.003284035225304254
2026-01-13,-0.0063976690651136,0.008354514877038541,1.7630982473169683,-0.011279719115615776
2026-01-14,-0.0107230538516739,0.00859948749534966,1.7128730688724918,-0.018367230158601665
2026-01-15,0.0016429251030099,0.009321401030133009,1.580216374048656,0.0025961771491118187
2026-01-16,-0.0021688910965432,0.009069538281227812,1.6240992738713156,-0.003522494455001773
2026-01-20,-0.0267005971726316,0.00891844987421376,1.651613312250494,-0.04409906173535625
2026-01-21,0.008226985784251,0.012726954304847334,1.157372784098079,0.009521689441853897
2026-01-22,0.0123949934207221,0.012343878286209482,1.1932903254033442,0.014790825732385784
2026-01-23,0.0077176304149204,0.01234465442763911,1.1932153000500996,0.009208794691215019
2026-01-26,0.0074460346358181,0.011972817471937357,1.2302727049347317,0.009160653172445634
2026-01-27,-0.0007774681817458,0.011626194631075342,1.2669519997127197,-0.0009850148675758534
2026-01-28,0.0031623827433333,0.011151490614575795,1.320884449083179,0.004177142187717958
2026-01-29,-0.0076413980883901,0.010722261197188,1.3737615849866822,-0.010497459149420987
2026-01-30,-0.0029978801461466,0.01073277693775886,1.3724156033718862,-0.004114337489610384
2026-02-02,0.0020235825771579,0.010423962530382375,1.4130740103830617,0.002859471947645805
2026-02-03,-0.0092903630475206,0.010054302648625517,1.4650275659748362,-0.013610637962531666
2026-02-04,-0.0063359402854972,0.010331973903054237,1.4256550273066313,-0.009032865120733695
2026-02-05,-0.0202435373043135,0.010282560973837042,1.432506023972898,-0.02899898913494917
2026-02-06,0.0149259851653184,0.012223356931670964,1.2050560757761153,0.017986649110411104
2026-02-09,0.0080110721944211,0.012519828988016063,1.1765201067034967,0.009425187512989729
2026-02-10,-0.0056917879064365,0.012146326865767358,1.2126983490296197,-0.006902421797162299
2026-02-11,-0.0044072800057994,0.01182747013153621,1.245391480432934,-0.005488788971104985
2026-02-12,-0.0224888143674264,0.011467716675706018,1.2844606257228914,-0.028885996574150467
2026-02-13,-0.0093510323184307,0.013521791802338912,1.0893401371808076,-0.010186454828541464
2026-02-17,0.0054548541357315,0.013320220589191691,1.1058248201116343,0.00603211309338049
2026-02-18,0.0083200733595246,0.012739647848084448,1.1562195998302252,0.00961983189030765
2026-02-19,-0.0028202656326301,0.012360986859414468,1.1916387182040846,-0.003360737723462364
2026-02-20,0.0110759156392269,0.011871818763339785,1.240739168153068,0.013742322356747938
2026-02-23,-0.0131607807796919,0.011810366515943575,1.24719503979876,-0.016414060508310593
2026-02-24,0.0078090430612404,0.012268675038918488,1.200604832238564,0.009375574834484254
2026-02-25,0.0155151491772143,0.011910736227156118,1.2366851432161365,0.01918735448224299
2026-02-26,-0.0116420576577837,0.012330738723965857,1.1945618885153644,-0.013907158381886857
2026-02-27,-0.0147855532054674,0.01252162032236901,1.1763517945498128,-0.01739301204666331
2026-03-02,0.0049993623346427,0.013072987758203602,1.1267378819082028,0.005632970927826964
2026-03-03,-0.003643884101913,0.01250082167740476,1.1783089877615296,-0.0042936213876454375
2026-03-04,0.0078261354992855,0.012031399717420167,1.2242823680409343,0.009581399701674471
2026-03-05,-0.0020111310703161,0.011701082484229464,1.2588434067312,-0.002531699087939684
2026-03-06,-0.0147891215614148,0.011250968251366194,1.3092055908256217,-0.019362000631604006
2026-03-09,0.0093456866538519,0.01203544793562943,1.2238705709726332,0.011437910861181042
2026-03-10,0.0006316820911687,0.011808909091902256,1.2473489652817213,0.000787928002806272
2026-03-11,0.0028061882300428,0.011297635721315305,1.3037976175049923,0.0036587015286003543
2026-03-12,-0.015871043758481,0.010847236763188326,1.3579339013672136,-0.02155182836972387
2026-03-13,-0.0110379972666898,0.01187882031511691,1.2400078581999512,-0.013687203349484934
2026-03-16,0.0128907096138531,0.012069582699444317,1.2204092638238726,0.01573194143000978
2026-03-17,0.0044108951944191,0.012159557845992533,1.2113787954670368,0.005343264907546751
2026-03-18,-0.0131514732408135,0.011659215456491059,1.2633637822251256,-0.016615094975346672
2026-03-19,-0.0068777276406271,0.012142073493160821,1.2131231576869435,-0.008343530673108319
2026-03-20,-0.0158456570396786,0.011906733006048185,1.2371009351942277,-0.019602677142553395
2026-03-23,0.0115232999851818,0.01272052915737198,1.1579573738372158,0.013343490188779544
2026-03-24,-0.0076252852777987,0.012588992918646583,1.1700563049068555,-0.008922013116001793
2026-03-25,0.0059538301281821,0.012357518820622132,1.1919731420768027,0.00709680560528075
2026-03-26,-0.0207781536873016,0.011893585562385824,1.2384684550867622,-0.025733087896667724
2026-03-27,-0.0233413679372261,0.013520337823920101,1.0894572849230335,-0.025429423339279895
2026-03-30,-0.0013648407877984,0.015219504115980468,0.9678259176278863,-0.0013209282878669537
2026-03-31,0.0372940723011465,0.014418437617522643,1.0215968558888178,0.038099507006141516
2026-04-01,0.0069646024806119,0.018154746240628013,0.811348742728593,0.005650721466248906
2026-04-02,-0.0005529355863214,0.01718253668145523,0.8572558761237974,-0.0004740072804919774
2026-04-06,0.0062535740688875,0.016198046445218557,0.9093584579292422,0.005686740471829834
2026-04-07,0.0028291233287086,0.015375421686481034,0.9580114833430237,0.0027103326366964787
2026-04-08,0.0190587880027824,0.014543699704981363,1.0127980387167286,0.01930270310953593
2026-04-09,0.0102071370518341,0.014988397434429921,0.9827488630008051,0.01003105233218335
2026-04-10,0.0037204258616793,0.01448863283098001,1.0166473751335905,0.0037823611866553866
2026-04-13,0.0103571609588527,0.013750044305441057,1.0712569508638905,0.011095180668387071
2026-04-14,0.0180117693866367,0.013398185188446701,1.0993899792929993,0.0198019587730048
2026-04-15,0.0179535203895404,0.013894308258694942,1.060134140011784,0.019033139898349444
2026-04-16,0.0034030787784033,0.014301069548920908,1.0299810434808796,0.003505106631227468
2026-04-17,0.012408768207535,0.013573639010764528,1.085179186304332,0.013465736986491898
2026-04-20,-0.0014351581475228,0.013413616017307402,1.098125257043626,-0.0015759834096467286
2026-04-21,-0.0040449842337703,0.012779534605227183,1.1526108729237512,-0.004662292808648796
2026-04-22,0.0165036862728328,0.012299797383660313,1.1975669254892003,0.019764268828994697
2026-04-23,-0.0111649266001312,0.012782208480651007,1.1523697613904034,-0.012866123802134559
2026-04-24,0.0127635901017986,0.012854693762001714,1.1458717577879103,0.014625437425632335
2026-04-27,0.0054003253985247,0.012822459865836723,1.1487523213962505,0.006203636337850381
2026-04-28,0.002272708017369,0.012289043991130216,1.1986148432312265,0.0027241015639490954
2026-04-29,-0.0029626238118557,0.01173409861698342,1.2553014098220445,-0.0037189858477948198
2026-04-30,-0.0041501113805825,0.011315346437325045,1.301756920875357,-0.005402436212076852
2026-05-01,0.0093364240943601,0.010998565996221059,1.339250093325906,0.012503806839702002
2026-05-04,-0.0025128724829814,0.010900739069454912,1.3512689775471114,-0.0033955666307845475
2026-05-05,0.0039811129783619,0.010552977329941333,1.3957985577300656,0.005556831753357986
2026-05-06,0.016672568207812,0.010206607076018774,1.4431662184291472,0.024061287211970067
2026-05-07,0.0023844915738078,0.011104330484829575,1.3264942498796908,0.0031630143615426214
2026-05-08,0.0065730720138982,0.010667809301955093,1.3807737015125165,0.00907592497493855
2026-05-11,-2.2809556288955592e-05,0.010419676500115205,1.4136552643191302,-3.2244849324665595e-05
2026-05-12,0.001540611974659,0.01005630317166112,1.4647361247420594,0.0022565900134932358
2026-05-13,0.012506537349805,0.009722991340374283,1.5149484372906137,0.01894675921400378
2026-05-14,0.0060347853606273,0.010137210652087659,1.4530457186323464,0.008768819031124659
2026-05-15,-0.005303403434343,0.009922040815180047,1.484556535421075,-0.007873202228428475
2026-05-18,-0.0030038415037228,0.009846689391446568,1.495917049001811,-0.004493497717918174
2026-05-19,-0.0097779423194636,0.009640045532838587,1.5279835024340258,-0.014940534551891873
2026-05-20,0.0090712403810499,0.010043361476378807,1.4666235574148743,0.013304094837820864
2026-05-21,-0.0001100852397715,0.010050857730235565,1.465529702264024,-0.00016133318866599008
2026-05-22,0.0003788706432982,0.00972832719105531,1.5141175093733998,0.0005736546748053683
2026-05-26,-0.0024392576448392,0.009434758828365367,1.5612302131778208,-0.0038082427328479337
2026-05-27,0.0017033975892403,0.009251064122260101,1.5922309414596931,0.0027122023471962543
2026-05-28,0.0072952208895211,0.009007489080066022,1.6352870823332961,0.011929780483401873
2026-05-29,0.0007510939451901,0.009015822907254181,1.6337754954168948,0.0012271188824075857
2026-06-01,-0.000314740002262,0.008799667145205482,1.6739076937604134,-0.0005268457113205316
2026-06-02,-0.0054983914230892,0.00862299717908538,1.7082031028163396,-0.00939236928941972
2026-06-03,-0.013980854185894,0.008743954011204522,1.6845731940052924,-0.023551772190853717
2026-06-04,0.0142454134753167,0.00994058901510103,1.4817864931860363,0.021108661277574638
2026-06-05,-0.0263297785240769,0.010540097851429618,1.397504154564589,-0.036795974876162964
2026-06-08,-0.002043710599803,0.013672393882242504,1.0773410028818047,-0.0022017732271919386
2026-06-09,-0.0122166425894446,0.013029443874650014,1.130503395125592,-0.013810955924403026
2026-06-10,-0.0163852366567912,0.013181377714044842,1.1174727601649304,-0.018310055632820055
2026-06-11,0.0070680398540805,0.013837220743449119,1.0645078813145086,0.007523984130113741
2026-06-12,0.0001798581455447,0.01327364211042217,1.1097052650925892,0.0001995895310807428
2026-06-15,0.0189487491054039,0.012626234820417803,1.166605147646286,0.022105708247822146
2026-06-16,0.0003891130339293,0.01338918636754327,1.1001288750895855,0.0004280744842993365
2026-06-17,-0.0206299429961185,0.012729297465018876,1.1571597393625954,-0.023872139460453683
2026-06-18,0.0079451751433376,0.014136406142052969,1.0419784483322039,0.008278701267582508
2026-06-22,-0.0147065924648088,0.013587393828702131,1.0840806355207548,-0.015943132105594667
2026-06-23,-0.0074981758718378,0.013951143841584447,1.0558152581714981,-0.007916688493939724
2026-06-24,-0.0080887321626563,0.013551920141334528,1.08691833948777,-0.008791791330795704
2026-06-25,-0.0234640773353365,0.013242280816003928,1.1123333466156742,-0.026099875667663842
2026-06-26,0.0131908761768961,0.015029265753130351,0.9800765239527557,0.012928068071343545
2026-06-29,0.0106707122064926,0.014759297034824849,0.9980035297165487,0.010649408446669076
2026-06-30,0.0115465285484001,0.01431701412922138,1.0288339736164849,0.011879460847926657
2026-07-01,0.0164253873544256,0.013992137453766129,1.052721972290624,0.017291366171388392
2026-07-02,0.0036717847693283,0.014195591225416632,1.03763417127122,0.003809969346208258
2026-07-06,0.0091285923446557,0.01348276179692773,1.0924935676195529,0.009972928417957444
2026-07-07,0.0042248960211844,0.013074260216487136,1.1266282216346983,0.004759887090938494
2026-07-08,-0.0025750734210464,0.01247909199355705,1.1803607621848764,-0.003039515625948346
2026-07-09,0.0064676863835716,0.011969031945387731,1.230661811590062,0.007959534641602602
2026-07-10,0.0075195951630685,0.011569923208802345,1.2731139412994377,0.009573301435030325
2026-07-13,-0.0029885436273929,0.011273194751277329,1.3066243298263964,-0.0039049038142991957
2026-07-14,0.0068387927880816,0.010904656465781903,1.3507835467455056,0.009237728777742447
2026-07-15,0.0200450394490475,0.010644098828282595,1.3838494713851526,0.027739317245458913
2026-07-16,-0.0063405954094449,0.011994741262608188,1.2280240327324303,-0.007786403544631261
2026-07-17,-0.011617732093823,0.011737594496784097,1.2549275356995775,-0.01457941190691919
2026-07-20,-0.000555639380874,0.012016821467693862,1.2257676105524251,-0.0006810847562227518
2026-07-21,0.0053589087418807,0.011499150791653241,1.2809494199851668,0.0068644910446655225
2026-07-22,-0.0038945313854105,0.011100110406067152,1.3269985610989137,-0.005168037544594293
2026-07-23,-0.0296417374234273,0.010793899248172584,1.3646440640423767,-0.04045042102278284
2026-07-24,0.0042429532709895,0.014592281864823637,1.00942612494336,0.004282947878650685
2026-07-27,-0.0016283705571535,0.013855596925445841,1.063096062634358,-0.0017311143278196017
2026-07-28,0.0065592937675821,0.01318463845220311,1.117196394143738,0.007328019345272216
2026-07-29,-0.0140895850537331,0.012663024057240808,1.1632158693142154,-0.016389228926554724
2026-07-30,0.0251613079297093,0.01309847568226528,1.1245453970520927,0.028295033016164914
2026-07-31,0.0152118330726815,0.014771521941152485,0.9971775823487663,0.015168898926509545
