Date,Portfolio Return,Conditional Volatility,Standardized Residual
2020-01-03,-0.0090452515114307,0.020835111501741062,-0.49464543392103594
2020-01-06,0.0092457241799193,0.019837450883505355,0.40252061460263333
2020-01-07,-0.0009130844507751,0.018810598226649464,-0.11556387961317242
2020-01-08,0.0097350818668195,0.017694534464798437,0.47892419128274927
2020-01-09,0.0092895759912174,0.016891677299617307,0.47531305450987543
2020-01-10,-0.0014267532638405,0.01614187373116016,-0.16649210412256865
2020-01-13,0.0170945285528887,0.015260629477525472,1.037557940717069
2020-01-14,-0.0066971347397461,0.015356296843956117,-0.5182158223920573
2020-01-15,-0.0022849176809996,0.014755112993612025,-0.24030035830127536
2020-01-16,0.0094326458634776,0.014018050777132236,0.5829558428099949
2020-01-17,0.0044610302492123,0.013571109393026503,0.23581631378755155
2020-01-21,0.0008770916226846,0.012934872749930264,-0.029660101252920432
2020-01-22,0.0027452470228971,0.012314565220420761,0.12054877603751935
2020-01-23,0.0026973672286744,0.011762684170870624,0.1221341957043206
2020-01-24,-0.0110348389887033,0.011264105955037578,-1.0915717852729887
2020-01-27,-0.0238438773669367,0.01154951209845823,-2.1736518747340976
2020-01-28,0.0194298516505263,0.013847443828591124,1.3120912868316508
2020-01-29,0.0070401001419181,0.014459085917683972,0.39970430473122553
2020-01-30,0.0077085102385255,0.013832459258418894,0.4661332348736181
2020-01-31,-0.0188784860448927,0.013301880930748699,-1.5140134998863153
2020-02-03,0.01825950471351,0.01430364097609663,1.1884221285878274
2020-02-04,0.0250643252809806,0.014683827702752816,1.6210748658115146
2020-02-05,0.0003560466627618,0.015990377321664983,-0.056577438867163175
2020-02-06,0.0099452718432001,0.015099056120303973,0.5751704289237446
2020-02-07,-0.003402412606586,0.014570002028812881,-0.3200516963213568
2020-02-10,0.0172313682437106,0.013886390201542349,1.1500920508337424
2020-02-11,-0.0008577979276684,0.014203304767790519,-0.14915818680550183
2020-02-12,0.0116251667789301,0.01348436163268328,0.768625597793797
2020-02-13,-0.001709581575289,0.013265928358152808,-0.22390614160106706
2020-02-14,0.0101033048018317,0.012652584375809234,0.6988741020053442
2020-02-18,0.0052496969159724,0.012410013257144565,0.3214304106834654
2020-02-19,0.0187675740810324,0.011912437220633754,1.4696264499566316
2020-02-20,-0.0111559597956758,0.012784954256563865,-0.9711963613356045
2020-02-21,-0.0245111781097514,0.012856095839206851,-2.004645865294246
2020-02-24,-0.0513333216999444,0.0149333093147354,-3.521929523430452
2020-02-25,-0.0321586429290398,0.02245496088437561,-1.4882851214599317
2020-02-26,0.0067160388443378,0.02377597374156009,0.22944581136800454
2020-02-27,-0.06148178287404,0.02232281259760709,-2.8106908060011624
2020-02-28,0.0125726864726635,0.02950652294921459,0.3833710001680638
2020-03-02,0.054764534217602,0.02779528472558689,1.9249233633576714
2020-03-03,-0.0366509468158957,0.03144912664918205,-1.2054925561827299
2020-03-04,0.0417320334743808,0.03192023217959634,1.267888403459333
2020-03-05,-0.0359125944568362,0.032661117557889356,-1.138152595332675
2020-03-06,-0.0238742902315096,0.032860939787405535,-0.7648908294243052
2020-03-09,-0.084440673304365,0.03175778960304558,-2.6985950733261164
2020-03-10,0.0587726116036191,0.04106235096840529,1.4005985772643517
2020-03-11,-0.0417001071684956,0.042734945386745195,-1.0052861431750335
2020-03-12,-0.1030307099012725,0.042264088769265164,-2.4676138583935443
2020-03-13,0.0995701960846836,0.052402289434363675,1.8760526665477015
2020-03-16,-0.1486065285869183,0.05865730200170108,-2.5549635719814265
2020-03-17,0.059258711894464,0.07381597470684835,0.7857102865152846
2020-03-18,-0.0548135136662103,0.0712675125782523,-0.7868136952693768
2020-03-19,0.0275686469498818,0.06881766914702768,0.3822841723327518
2020-03-20,-0.0387753387081801,0.06457381613062788,-0.6200048621151854
2020-03-23,-0.0093194063467104,0.06149472228344333,-0.1720496851109472
2020-03-24,0.0997571198695234,0.05729327058021252,1.7191613886570496
2020-03-25,0.0011327587334124,0.06251128290316744,-0.002047350794688108
2020-03-26,0.0495396419620757,0.05812887588037261,0.8305493607564505
2020-03-27,-0.0407352904108082,0.05638617512591661,-0.7447930556589015
2020-03-30,0.0365001412896016,0.05426566749538526,0.6493866501219612
2020-03-31,-0.0044381038865709,0.05181557243685909,-0.10998325168860222
2020-04-01,-0.0518583891258318,0.0482436556608447,-1.1010593964396709
2020-04-02,0.0204399102902164,0.048230094082786695,0.3976597889101002
2020-04-03,-0.0194469485791538,0.045330572180224786,-0.4568150994204434
2020-04-06,0.0734207440082578,0.042749270688297786,1.6879820775485124
2020-04-07,-0.0027135247151373,0.04644769152920671,-0.08556433791288466
2020-04-08,0.0274272168339157,0.04324920936860616,0.6050162756216373
2020-04-09,0.0086175702670948,0.04118970203986693,0.17860845416733181
2020-04-13,0.015582332142168,0.03843330746315471,0.3726348792061851
2020-04-14,0.0377456242884977,0.03611608740486771,1.0102113947547684
2020-04-15,-0.0089712766699926,0.035767160115917004,-0.28607297574012164
2020-04-16,0.0156905003477119,0.03350553835552313,0.4306678775448505
2020-04-17,0.0113169553945596,0.03160440236520332,0.31819029577633756
2020-04-20,-0.0189351566428119,0.029668889172599387,-0.6807096074093981
2020-04-21,-0.0397453509522163,0.02849009283089072,-1.4393105860959543
2020-04-22,0.0336278586734491,0.02987894422840922,1.0832751374304894
2020-04-23,0.0007999583004313,0.029881638313615566,-0.015420270899267171
2020-04-24,0.0177007938530642,0.027887906008854282,0.5895047333314801
2020-04-27,0.0107327948895353,0.02660993048972585,0.35595935265788486
2020-04-28,-0.0178126173310993,0.025062237846674905,-0.761039724621838
2020-04-29,0.0379039434493626,0.024275217682287385,1.5094901586797487
2020-04-30,0.0061187486209398,0.025759624303037777,0.18858999283719105
2020-05-01,-0.036034725609921,0.024133250889871314,-1.545397552872374
2020-05-04,0.0187456179366661,0.02574758409357791,0.6790880501633586
2020-05-05,0.0095085426537342,0.02475760278321545,0.33314216516894224
2020-05-06,0.0044290403140746,0.023315839635457213,0.13588612314502643
2020-05-07,0.0100659209768384,0.02185040276125426,0.40297562543381643
2020-05-08,0.0177273420810899,0.020682377252939425,0.7961657705769029
2020-05-11,0.0086978525427352,0.020154693992166225,0.36900144886767827
2020-05-12,-0.0201182141431743,0.019074995544139963,-1.1207842933354346
2020-05-13,-0.0167814359663785,0.019275358334025074,-0.9360229216943492
2020-05-14,0.0160563668641931,0.019070595183406095,0.7758344961842645
2020-05-15,0.0099531300110577,0.018578898526158693,0.46786351411940963
2020-05-18,0.0229994545026809,0.01770366968276156,1.227921308637337
2020-05-19,-0.0048762115064735,0.018158450198927575,-0.33796677014743903
2020-05-20,0.0209265100607378,0.017202331466113455,1.1432036896472928
2020-05-21,-0.0101702381800196,0.017469413818239174,-0.6543424729126347
2020-05-22,0.0055293780322215,0.016881286013674973,0.2528620610196667
2020-05-26,0.0004777192857728,0.015973927610277133,-0.049018750520980266
2020-05-27,0.0040587178170095,0.015083275576965148,0.18550191863770868
2020-05-28,-0.005934102486519,0.01429798514108031,-0.5032068276521201
2020-05-29,0.0105467682464477,0.013760866385692537,0.674814123474188
2020-06-01,0.0096983109291493,0.013422070927049971,0.6286339654191214
2020-06-02,0.0042581582008344,0.013059482979909382,0.22952033762013643
2020-06-03,0.0071672188632737,0.012466609482327886,0.4737837993165093
2020-06-04,-0.0073686088900682,0.012050311402105924,-0.7161101369298473
2020-06-05,0.0271513187303961,0.011864275181340223,2.182230020505159
2020-06-08,0.0091276196980514,0.014231068516981506,0.5527960483447127
2020-06-09,0.0119751471695313,0.013741492088258573,0.7797119732394314
2020-06-10,0.0148422430697424,0.01352174026251167,1.0044196640320953
2020-06-11,-0.0577179432565987,0.013613858734331949,-4.332253306404978
2020-06-12,0.0084371459018699,0.02345530640070506,0.3059608142024956
2020-06-15,0.0143211583053102,0.022082420358661207,0.5914395630117804
2020-06-16,0.0138658531368495,0.02113763197025374,0.5963351001875264
2020-06-17,0.0005615039077776,0.020255365039368915,-0.034521093498167774
2020-06-18,0.0008702277749224,0.01900868187374763,-0.020543953852902374
2020-06-19,-0.0027537255197329,0.017862165673688802,-0.22474692325732004
2020-06-22,0.0161563010197748,0.016862369586814197,0.8833610059929805
2020-06-23,0.0101197579823384,0.01664443585450095,0.532250945699766
2020-06-24,-0.024367583897438,0.01596713349381348,-1.6050673820387957
2020-06-25,0.0169396025879369,0.01730786942404869,0.9058804954935983
2020-06-26,-0.0372121118472727,0.017111657640933014,-2.2483416810176515
2020-06-29,0.0142423832399971,0.020563951502866787,0.6312814917914086
2020-06-30,0.0218727965727681,0.01976609174711077,1.0427987271504906
2020-07-01,0.0094722313144647,0.019777645502825385,0.4151904762955962
2020-07-02,0.0085318172724531,0.01876694596666138,0.3874405578418919
2020-07-06,0.0309581751578015,0.017803974782135662,1.6680226894872066
2020-07-07,-0.0088308493023759,0.019438922965171503,-0.519143502888409
2020-07-08,0.0175059690094652,0.018561390750759476,0.8752160853388272
2020-07-09,0.0060850559661561,0.018264591796418504,0.2641348222718519
2020-07-10,0.0134516697667943,0.017253170258182703,0.7065906338501068
2020-07-13,-0.0166211174445236,0.016747403001221933,-1.067739201197945
2020-07-14,0.0133526527838648,0.01686652632617712,0.7169177157098902
2020-07-15,-0.0012522564609474,0.016395975906143768,-0.15326917613650085
2020-07-16,-0.00823094601038,0.015489378018864302,-0.6127868567066656
2020-07-17,-0.0039311536614861,0.01497337436815764,-0.3467418092923898
2020-07-20,0.0282959556058562,0.014271930167156112,1.8942927852835887
2020-07-21,-0.0079875848329581,0.01623234528394049,-0.5697467574355461
2020-07-22,0.0023601165305062,0.015621635096607545,0.07037517299349615
2020-07-23,-0.0316506242120563,0.014763690904506863,-2.229209869203556
2020-07-24,-0.0053486889036618,0.017736709871833938,-0.37264127392075186
2020-07-27,0.0165024958001995,0.016838086576468098,0.9051951641203277
2020-07-28,-0.0139332662761028,0.01665772513323926,-0.9121298024017368
2020-07-29,0.0168449791363762,0.01649566848598861,0.9447472766243
2020-07-30,0.000387773505273,0.01639492525882474,-0.053246217295091915
2020-07-31,0.0224740838105252,0.015468669491056533,1.3713747368284566
2020-08-03,0.0179407550310666,0.016225709071627927,1.0279990661296825
2020-08-04,0.0028575355450355,0.016280788093561583,0.09807843930637467
2020-08-05,0.006983267014855,0.015370704896733452,0.3723008017628368
2020-08-06,0.0155833915332158,0.0146536200950709,0.9774137845904983
2020-08-07,-0.009599368865657,0.014667346652639121,-0.7404277256816654
2020-08-10,-0.0007185079801131,0.014348463872087009,-0.13794154244654958
2020-08-11,-0.0169810025676834,0.01361400973032237,-1.3399244004648307
2020-08-12,0.0301956564187234,0.014276733868504502,2.026718115437784
2020-08-13,0.0042214797118306,0.016592571351110946,0.1784375905962997
2020-08-14,0.0018293068577993,0.015677580527983487,0.03626615718179687
2020-08-17,0.0135005126007539,0.01481148114310444,0.826370517867554
2020-08-18,0.0075471738301874,0.014596345515697653,0.4306853770545152
2020-08-19,-0.0051943842134251,0.013980402476735631,-0.4617267265594145
2020-08-20,0.0131079085595091,0.013435060291037667,0.8818097607846985
2020-08-21,0.0156012692121048,0.01335910218174046,1.0734649498799853
2020-08-24,0.0078917600262449,0.013560908756464046,0.48898041327377384
2020-08-25,0.0044168602870968,0.013068492246177076,0.24150598014693594
2020-08-26,0.0153701986731032,0.0124790615305105,1.1306505205111228
2020-08-27,0.0008625111226832,0.012788847750406689,-0.031138859671334295
2020-08-28,0.0095057560262144,0.012182309774852091,0.6768022583938382
2020-08-31,0.0099109299825194,0.011950186445172515,0.7238538715747502
2020-09-01,0.0142188566501244,0.011778251844031256,1.1001730616373158
2020-09-02,0.0094299908500991,0.012060493183055734,0.677356180047034
2020-09-03,-0.0585715881836838,0.011837310212523856,-5.0545544864172305
2020-09-04,-0.010462690208665,0.02285396946714894,-0.5129713454661706
2020-09-08,-0.0585447974424062,0.0217500963711217,-2.7496677568727055
2020-09-09,0.036158438074905,0.028446966586168375,1.226763377777227
2020-09-10,-0.0238762423388497,0.02897562480131134,-0.8675217107260881
2020-09-11,-0.0072800118226899,0.028306646120465514,-0.30172253697890994
2020-09-14,0.0225728345496739,0.026583202296875105,0.8017127904126884
2020-09-15,0.0082737642468258,0.02582667616798173,0.2715418330671187
2020-09-16,-0.0184885344436794,0.024253140477832894,-0.8142976667236639
2020-09-17,-0.0145673499781694,0.023616667214671604,-0.67020850539307
2020-09-18,-0.0147302128425503,0.02271781476831671,-0.7038949064323377
2020-09-21,0.0046034233907576,0.021925649300644487,0.1524553315061083
2020-09-22,0.0109702769963497,0.020574189004997648,0.47192799365505955
2020-09-23,-0.0377747927620654,0.01956750908350971,-1.9949158502296707
2020-09-24,0.0093079476491913,0.022481131127766698,0.3579538033613857
2020-09-25,0.0270924113847673,0.021224525380736683,1.217067032748392
2020-09-28,0.0175997127289743,0.021666262663748288,0.7541204371241785
2020-09-29,-0.0027993595369976,0.021016709927451402,-0.1931844141711063
2020-09-30,0.0121724767958214,0.019753569142934347,0.5523931122889377
2020-10-01,0.0101444438873403,0.018896086292025577,0.4701345290187512
2020-10-02,-0.0270561157727741,0.01800128855351725,-1.5730461153783615
2020-10-05,0.0261699339999677,0.019368781664191547,1.2860485070095005
2020-10-06,-0.0180085377564139,0.019981868884203384,-0.9643381770855454
2020-10-07,0.0167630423756256,0.019815645449879557,0.7823263267752225
2020-10-08,0.0061132457023014,0.01930106595793046,0.25141121504568614
2020-10-09,0.0116666494430646,0.01820157695689749,0.5717036611478935
2020-10-12,0.0337081632277755,0.017465630313563997,1.8577870587605023
2020-10-13,-0.0054280978860327,0.019656811413531237,-0.34028098471603846
2020-10-14,-0.0067024873936852,0.01859002283557432,-0.4283603480350624
2020-10-15,-0.0041766280635412,0.017675961668819348,-0.3076137764698806
2020-10-16,-0.0068307767587273,0.016736500925696993,-0.48346533440839284
2020-10-19,-0.0222913660934349,0.016005273103307335,-1.4715217415883557
2020-10-20,0.0072154405108051,0.017010959455093722,0.35005075806472896
2020-10-21,-0.000874006196435,0.016151044085149092,-0.13217395998188602
2020-10-22,0.0040222822828565,0.015259386451066304,0.18097326740960507
2020-10-23,0.0059593560795814,0.014457552524495518,0.32499379223968483
2020-10-26,-0.0185637109488261,0.013785933003248428,-1.43802035033073
2020-10-27,0.0096920871373276,0.014646593654405658,0.5756523378833753
2020-10-28,-0.0473474996992285,0.01414902995397169,-3.4354468903873614
2020-10-29,0.0230418432286829,0.02097940185394785,1.0382136784535165
2020-10-30,-0.026320283794383,0.020958716878827267,-1.3159691603252124
2020-11-02,0.0064091431479297,0.021680388503972803,0.23746815647907385
2020-11-03,0.021244720231136,0.020390128056427207,0.980081092070221
2020-11-04,0.0409801983818748,0.020247716618346498,1.9616758705395823
2020-11-05,0.0261636698366535,0.023123565578012095,1.076950200197162
2020-11-06,-0.0002922521146025,0.023171250960689806,-0.06702242254327734
2020-11-09,-0.0072207686319368,0.021697946350628064,-0.390889983458387
2020-11-10,-0.0215829009676987,0.02052842225976241,-1.1127811936436784
2020-11-11,0.0204066970841633,0.02069628829410454,0.9250912798444136
2020-11-12,-0.0054253735114787,0.020425805239226092,-0.327336655339283
2020-11-13,0.0032398456875806,0.019291982104734876,0.10258688913845149
2020-11-16,0.0109069250962342,0.018133773652226896,0.5319457506798889
2020-11-17,-0.0028218466562008,0.01735641939357688,-0.23522063057849496
2020-11-18,-0.0058339407046179,0.016402181937782926,-0.43254501075959023
2020-11-19,0.0043853613312855,0.015650648208517942,0.19964796547172642
2020-11-20,-0.0128628758503335,0.014821985576309461,-0.952882934324871
2020-11-23,0.0028359537496316,0.014791542545466557,0.1064941324847294
2020-11-24,0.0181328393676056,0.014011551637279003,1.204156295193937
2020-11-25,0.0053289131550317,0.014422422224250038,0.28207272215691015
2020-11-27,0.0045164608886291,0.01373200818065242,0.23708984058682991
2020-11-30,-0.0051450499616769,0.013082080555779444,-0.4896615024273109
2020-12-01,0.0173265056918828,0.01262753277946979,1.2722805566469655
2020-12-02,0.0062939399374098,0.01316321074995782,0.38236861620442836
2020-12-03,-0.0023657824399249,0.01263183303150427,-0.287094017869092
2020-12-04,0.0032518294477417,0.012099387737924083,0.16456106976055482
2020-12-07,0.0052833540510485,0.011576777741437934,0.34747257680423294
2020-12-08,0.0016079381126854,0.011166491038971509,0.03109274465295282
2020-12-09,-0.0213748266318285,0.010717783673531487,-2.1119634972545867
2020-12-10,0.0030336055766532,0.012759086663662118,0.138949155628917
2020-12-11,-0.0012961437377509,0.012168861830999682,-0.21011702091797216
2020-12-14,0.002479195302054,0.011651602827288443,0.1045739424844766
2020-12-15,0.0139774507898185,0.01116118945985181,1.1393686647306647
2020-12-16,0.0044616473729432,0.011513449850729253,0.2780145096649102
2020-12-17,0.0031264072487955,0.011080403525516954,0.1683752749940833
2020-12-18,-0.0050430342194507,0.010657782472198712,-0.5914715837028524
2020-12-21,0.0048944619662262,0.010471537489578273,0.34700928222827476
2020-12-22,0.0007520066584987,0.010165450305770304,-0.050045456358553606
2020-12-23,-0.0022318987876566,0.009821448491085684,-0.3556135379590724
2020-12-24,0.0033760338038929,0.009583468120564593,0.22072307427127
2020-12-28,0.0166232438682762,0.009327801425907792,1.646958582058358
2020-12-29,-0.0029802474716436,0.010408009820129136,-0.40747355191601403
2020-12-30,-0.0018135689909089,0.010135006838729388,-0.30333578437283965
2020-12-31,0.0006981545534938,0.009845794025069663,-0.057139800326403076
2021-01-04,-0.0111441926635346,0.00953665775657728,-1.3007632483319735
2021-01-05,0.0106554394416097,0.010133348248150794,0.9271070087996768
2021-01-06,-0.0155460789987512,0.010275561339549075,-1.6356109122920102
2021-01-07,0.0323109404342893,0.011378619978016305,2.7288194206448293
2021-01-08,0.0078288876861253,0.015004291651259534,0.43775118350440523
2021-01-11,-0.0103408795836165,0.0143620878276883,-0.8077948680547132
2021-01-12,-0.0010775167495958,0.01414447073575984,-0.165312513378491
2021-01-13,0.0074465162325404,0.013434908194479702,0.46042554849320916
2021-01-14,-0.0111512000256056,0.012931445054751477,-0.9598263172595841
2021-01-15,-0.0120249857270766,0.012981398336950174,-1.0234434411739266
2021-01-19,0.0130981453180764,0.013118906353641784,0.9023163776643001
2021-01-20,0.025954981395504,0.013084206867146887,1.8873318335685714
2021-01-21,0.0136616996780362,0.014903748233270484,0.832069773710459
2021-01-22,1.9308800999248265e-06,0.014692047621626203,-0.08567970989886539
2021-01-25,0.0081471209620667,0.013917389755729457,0.49480397005412374
2021-01-26,8.081499374491471e-05,0.013402144741360453,-0.08804010754747929
2021-01-27,-0.0225042665491913,0.012743790763246303,-1.8648303514109694
2021-01-28,0.0005430918759709,0.01447680163440203,-0.049572371045333866
2021-01-29,-0.0221364075620553,0.0137170931603393,-1.7056929297415178
2021-02-01,0.0231340075529865,0.015162115987158407,1.4426262345816998
2021-02-02,0.0146287174106725,0.016071776706504056,0.8317671653017346
2021-02-03,0.0071421971278177,0.01580562003726788,0.37211168279439294
2021-02-04,0.0078855941216992,0.015054266842462251,0.44006479577417107
2021-02-05,0.0021734329179066,0.014409999260905734,0.06333738421774632
2021-02-08,0.0123829122622737,0.013657548120261298,0.8143607407564262
2021-02-09,-0.0037917691217362,0.013484555866668307,-0.37468867568463127
2021-02-10,0.002508384572792,0.012921814129961209,0.09655326273096392
2021-02-11,0.0034217536070991,0.012309035177266786,0.17556309798748812
2021-02-12,0.0002164678260948,0.01176922959377012,-0.08872912400308214
2021-02-16,0.0028025845952641,0.011265248241165472,0.13686723133971632
2021-02-17,-0.0040613593321998,0.010818077194742098,-0.49196363591560155
2021-02-18,-0.0044467469812324,0.01055305185044594,-0.540837695129148
2021-02-19,-0.004166276598482,0.010341558748798935,-0.5247775493470426
2021-02-22,-0.0212847687244261,0.010138592754481266,-2.223731688266317
2021-02-23,-0.0008378892926838,0.01232571863503755,-0.17026435642132273
2021-02-24,0.0101251841486949,0.011783044270596472,0.7523049805281771
2021-02-25,-0.0389086903680049,0.011649790342729484,-3.4480819349006917
2021-02-26,0.0052607938675587,0.01737873377457724,0.23016939331155806
2021-03-01,0.0277411123532061,0.016420320057094866,1.6126586450806317
2021-03-02,-0.0169058194014747,0.01780771997466395,-1.020150849489012
2021-03-03,-0.0226110007354685,0.017810773098335012,-1.3402979119329332
2021-03-04,-0.0102821032310823,0.018539750044748365,-0.6225997902540839
2021-03-05,0.013635025230945,0.017847026491069985,0.693352698220932
2021-03-08,-0.0311236053331435,0.017290369801557962,-1.8729701540777146
2021-03-09,0.038767281020769,0.019511128730567026,1.9223152222797018
2021-03-10,-0.0009628209655031,0.02214984094024332,-0.10038727725598949
2021-03-11,0.0209715407015242,0.02076385054377634,0.9492844018418852
2021-03-12,-0.0063432474823132,0.020543778509486042,-0.3701358412204088
2021-03-15,0.0079649730140773,0.019436950155771144,0.3449220017650523
2021-03-16,0.0038423838890491,0.018390088085611503,0.14038228739794983
2021-03-17,0.0037235219168583,0.01731509145158756,0.14223318806042595
2021-03-18,-0.0282739726216031,0.016328746001703934,-1.808755790350482
2021-03-19,0.0028733131145857,0.018258242041172906,0.08832021466295205
2021-03-22,0.0131497139056308,0.01718126042655134,0.6919732518061834
2021-03-23,-0.0028096995439008,0.016659485229221182,-0.244331727303453
2021-03-24,-0.0143161443012536,0.015765956919002268,-0.9880076191645805
2021-03-25,-0.002400744751552,0.015762474124249155,-0.23229132564032604
2021-03-26,0.0098331952486573,0.014937314115666747,0.5738952748891486
2021-03-29,0.0018467017181016,0.0144180515916297,0.04064075206254652
2021-03-30,-0.004886744010543,0.013662906203179065,-0.44993979884409846
2021-03-31,0.0148975051289305,0.013133968707960289,1.038282043608365
2021-04-01,0.0178852432962653,0.01328849609477501,1.2510446569390814
2021-04-05,0.0208425470081386,0.01378626627669522,1.4203849945288802
2021-04-06,-0.0041521528244085,0.014610883793067506,-0.3704699975177377
2021-04-07,0.0114955998144262,0.013953239101246568,0.7335113002808541
2021-04-08,0.0091814868515578,0.013667163910797484,0.5795456647124128
2021-04-09,0.0110704923808626,0.01324190498908397,0.7408111696019676
2021-04-12,0.0057454213793449,0.013006217422185147,0.3448104837578722
2021-04-13,0.0145104300055418,0.012467698392025826,1.0627213083591234
2021-04-14,-0.0152013563618406,0.01267755142846378,-1.2985234343456016
2021-04-15,0.0209723308540194,0.013258264418811849,1.486739815500278
2021-04-16,-0.0010220415828438,0.014202758940848308,-0.1607281268725544
2021-04-19,-0.0090418239050614,0.013486816423499255,-0.7638989691630648
2021-04-20,-0.0083975227878752,0.013262776081062683,-0.7282234116737424
2021-04-21,0.0078676620649871,0.013012083306494488,0.5077527288461435
2021-04-22,-0.0176892593983796,0.012576435576326156,-1.5067862862663726
2021-04-23,0.0171347629216682,0.013538015070151262,1.1725516319246987
2021-04-26,0.0060543770452837,0.013897898884882005,0.3449180215548262
2021-04-27,-0.0030577037534094,0.013283772253245509,-0.3250917683036522
2021-04-28,-0.0004376542664534,0.012711352293152966,-0.13361249735084615
2021-04-29,0.0066588269998221,0.012124507475131427,0.44522103291642473
2021-04-30,-0.0091670730767055,0.011718296020497112,-0.8898746299467785
2021-05-03,-0.0032912532063521,0.011735639616220293,-0.387877833109478
2021-05-04,-0.0175650661548265,0.011330744414704462,-1.661480192646169
2021-05-05,0.0019947971656393,0.012532560099921312,0.05857190403601062
2021-05-06,0.0102404327528975,0.011952031810683193,0.7513108764260422
2021-05-07,0.0077133673326773,0.011806982245261943,0.5465093400242488
2021-05-10,-0.0246847446364555,0.011495117168266006,-2.2570875542028466
2021-05-11,-0.0068034696305063,0.013978416010547019,-0.5769044849261069
2021-05-12,-0.024872188100387,0.013528675712276984,-1.9316694341939986
2021-05-13,0.0078326752604864,0.015504147804942019,0.4238823110452026
2021-05-14,0.023574368833975,0.014813279403550272,1.5063259773852613
2021-05-17,-0.0023297548676178,0.015856290270153294,-0.2264398585410269
2021-05-18,-0.0109108172684742,0.015020857730604333,-0.8103104859196131
2021-05-19,-0.0017370624445702,0.014773606722103552,-0.2029161706481739
2021-05-20,0.0164005599185188,0.014020779745023047,1.0798128874217432
2021-05-21,-0.0011877850864472,0.014217041941044893,-0.17222473948813694
2021-05-24,0.0207975756312967,0.013502992160247045,1.4468522340309269
2021-05-25,-0.0004902804424488,0.014374080068734666,-0.1218180010280208
2021-05-26,0.0029541186036091,0.013633868785411783,0.12420372911904784
2021-05-27,-0.0047902586002051,0.012960410612450296,-0.46688334492530953
2021-05-28,0.0044581145115684,0.0124993607116818,0.25580294282082666
2021-06-01,0.0013428405668011,0.011966628910547452,0.006860688108040536
2021-06-02,0.0046544078459739,0.01143806357311155,0.2966993989970919
2021-06-03,-0.0068434241050896,0.011019182255145653,-0.7354597805518963
2021-06-04,0.0176548699453074,0.01092101247493079,1.5011546525378474
2021-06-07,0.0022403879508768,0.011822408521627607,0.08286354603154565
2021-06-08,0.0011980763393586,0.011312555882920178,-0.005539412970077373
2021-06-09,-0.0005174888480515,0.010848553038274414,-0.16391403534821275
2021-06-10,0.0041258657123055,0.010448270332408834,0.27421997737531517
2021-06-11,0.0042723024730148,0.010117631682052135,0.2976547584960909
2021-06-14,0.0093296466691764,0.009828224075142458,0.8209932282113002
2021-06-15,-0.0060791397156716,0.00988851576581038,-0.7422631613927815
2021-06-16,0.0005585861606467,0.009877839278588225,-0.07108387550063759
2021-06-17,0.0116394229329936,0.009566223575745388,1.08492986732685
2021-06-18,-0.0096228353051814,0.009904013301901096,-1.0989056891950508
2021-06-21,0.0081520487289025,0.010244323202893995,0.6726952414791588
2021-06-22,0.0118743214744103,0.010151344044974222,1.0455344798922217
2021-06-23,0.0039549140171309,0.01042051388861271,0.258545095547913
2021-06-24,0.0039121060046508,0.010087717468058043,0.2628309877734941
2021-06-25,-0.0031280147917344,0.009790193778994047,-0.4482808153697773
2021-06-28,0.01491476575925,0.009596433791520224,1.4228227691388902
2021-06-29,0.002031453062336,0.010356407958771779,0.07441883394927885
2021-06-30,0.0009700792418869,0.009993951404031191,-0.02908379323688033
2021-07-01,0.0049838243077148,0.009667395709824483,0.38511747748052216
2021-07-02,0.0142291824179887,0.009457029578761357,1.3713017445744395
2021-07-06,0.0050519187337904,0.010146620565902369,0.37363942516875487
2021-07-07,0.0012126119340382,0.00988355952193632,-0.004869634669184837
2021-07-08,-0.0091312743429873,0.00956849752045032,-1.086065558246536
2021-07-09,0.0093493235609769,0.009907447418365944,0.8164143559158848
2021-07-12,0.0077524344031416,0.009958254012350556,0.6518906965969351
2021-07-13,-0.0020752047575033,0.009872909209907502,-0.3378888577539879
2021-07-14,-0.0003637718529822,0.009622865361205997,-0.16881802354551273
2021-07-15,-0.0111071616937662,0.00935193566684501,-1.3224965817242234
2021-07-16,-0.0158459049893334,0.00997863573386243,-1.7143271589144486
2021-07-19,-0.0118241582202528,0.011198362958452114,-1.168465384354949
2021-07-20,0.0116497970601766,0.011589762807880996,0.8963993460652107
2021-07-21,0.0119078389761722,0.011621164058763275,0.9161816892174647
2021-07-22,0.0065305136183577,0.011673815126022906,0.45141817848985066
2021-07-23,0.0100749958023783,0.01130986969186188,0.7793418301343918
2021-07-26,0.00302460037158,0.011233506577382186,0.15701767754248916
2021-07-27,-0.0107078003823772,0.01079330339307414,-1.1088858716042727
2021-07-28,0.0035929455377537,0.01111563056551533,0.20981304352160285
2021-07-29,0.0032614234448871,0.010699467391203114,0.18698895128096257
2021-07-30,-0.0119368286011627,0.010319254841919352,-1.2789266338972556
2021-08-02,0.0026213998813739,0.010877813506720473,0.12508567299780346
2021-08-03,0.0081504489674711,0.010467596621754127,0.6581938489119359
2021-08-04,0.0006978027552952,0.010345893158538327,-0.05441178390493889
2021-08-05,0.0069900596638734,0.009983022265363578,0.5739062032957979
2021-08-06,-0.0014450712781358,0.00984249690023619,-0.27491119008755205
2021-08-09,-0.0008298638203634,0.009574081644861298,-0.21836089935859954
2021-08-10,-0.0032008880060567,0.00931886741902875,-0.47877376762410057
2021-08-11,-0.0018974783423065,0.009186472032962523,-0.34379025910224065
2021-08-12,0.0096142954052659,0.009010207653352203,0.927121157303942
2021-08-13,0.0026055990784754,0.00921959176197222,0.14586956288903405
2021-08-16,0.0001510081255074,0.008989484237435268,-0.12344792018350365
2021-08-17,-0.0123424633598839,0.008782479047149834,-1.5489025985709244
2021-08-18,-0.0127125198167003,0.009705405760279014,-1.4397400191169099
2021-08-19,0.0068291127960265,0.010490045542045367,0.5308243434755952
2021-08-20,0.0165964500954588,0.010277700972736385,1.49213417261298
2021-08-23,0.0193250364853512,0.011149217401253447,1.620229884940548
2021-08-24,0.001074023521585,0.012265855644341087,-0.01522256106465074
2021-08-25,0.0035250795561885,0.011708495668495663,0.19339276045000708
2021-08-26,-0.0052598729712899,0.011230312565223562,-0.5806262462919496
2021-08-27,0.0122339985302048,0.010989633433719987,0.9985098536948362
2021-08-30,0.0109564575954493,0.011168412461558745,0.868137380373479
2021-08-31,-0.0040004370650715,0.011191263340668514,-0.47011478177747856
2021-09-01,0.0013700530908705,0.010880392650877308,0.010046680872359218
2021-09-02,0.0004677742098199,0.010460233525185882,-0.07580777679695079
2021-09-03,0.0038622720561086,0.01008700931233222,0.2579090310531225
2021-09-07,0.0040939577071789,0.009788092100869618,0.2894554341990725
2021-09-08,-0.0062641762601312,0.009529911797402583,-0.7896104054523696
2021-09-09,-0.0047148092290617,0.009584680749630908,-0.6234480462411836
2021-09-10,-0.011333599984792,0.009511388808527699,-1.3241327314515172
2021-09-13,0.004226435676304,0.01013857715628133,0.29251584048215673
2021-09-14,-0.0025804428587007,0.00984529777117535,-0.3901541838671381
2021-09-15,0.0098030564019162,0.009619198951819714,0.8880484941169692
2021-09-16,-0.0017021734939762,0.009754028433467406,-0.3037631858803289
2021-09-17,-0.0128200772568799,0.009504083817369351,-1.4815545386171187
2021-09-20,-0.0257479321530816,0.010345839595880068,-2.6105830426733267
2021-09-21,0.002544573964431,0.013414023428255173,0.09570824988911036
2021-09-22,0.0137661121826511,0.012755674739102173,0.9803770619969676
2021-09-23,0.0126248735029512,0.012840453446290954,0.8850257736102479
2021-09-24,0.0021360566761943,0.012796504638809148,0.0684026961080041
2021-09-27,-0.0042117339093529,0.012191989121790916,-0.4488582718395836
2021-09-28,-0.0272061606237109,0.01178233184628523,-2.416066891786553
2021-09-29,-0.0011201426496372,0.014706101982600027,-0.1618976878166212
2021-09-30,-0.0064131528975232,0.013946321031616997,-0.5502450530335045
2021-10-01,0.0122188013792445,0.013474993512315443,0.8132145007037094
2021-10-04,-0.0228955340117624,0.013310165252970104,-1.814874181559332
2021-10-05,0.0171934978254405,0.014979133371054448,1.0636634425118112
2021-10-06,0.0073400111727452,0.015126703036542961,0.40188994917912896
2021-10-07,0.0099221577505744,0.01444892147658786,0.5994507276178123
2021-10-08,-0.0009212356997229,0.013988047557966675,-0.15598867167286418
2021-10-11,-0.0066910713352413,0.013289920192034642,-0.5983341117539906
2021-10-12,-0.0050959626475217,0.012908437396233865,-0.4924456547713118
2021-10-13,0.0024649484407763,0.012469624652392333,0.09657124542269972
2021-10-14,0.0213107530444878,0.011899314639940633,1.684971983096218
2021-10-15,0.0106199851466378,0.013179570223736196,0.7101327076387345
2021-10-18,0.0111203753335496,0.012914714541976473,0.7634418897422647
2021-10-19,0.0064306556573288,0.012723416971582843,0.40633065871647445
2021-10-20,0.0001924997788039,0.012243100586360583,-0.08725252821391885
2021-10-21,0.0074092708333263,0.01169313718562487,0.5258237783050994
2021-10-22,-0.0069120649733593,0.011375737861250883,-0.7184418567994135
2021-10-25,0.0088624432563507,0.011237497286599604,0.6764586281390554
2021-10-26,0.0142727822411719,0.011072136430443963,1.1752059834859692
2021-10-27,0.0060848118550024,0.011475526484069016,0.42037902169963864
2021-10-28,0.0142409662026315,0.011111128963393595,1.1682183680213416
2021-10-29,0.0058219041703185,0.011504042995486727,0.3964834722859403
2021-11-01,-0.0001738796825433,0.011124340431778982,-0.12896233709157096
2021-11-02,0.0053147469190865,0.010689878588271827,0.3792377647200871
2021-11-03,0.0085996257726069,0.010376838871839343,0.7072370116858985
2021-11-04,0.0215702249864113,0.010300913645113872,1.9716196473410599
2021-11-05,0.0025782350108223,0.012009836006298442,0.10970122755965861
2021-11-08,0.0028031576172629,0.011485361258727242,0.13429410920354898
2021-11-09,-0.0052526497684644,0.01101598153188574,-0.5912674243100875
2021-11-10,-0.0174993970949307,0.010800351102811136,-1.7369933786864526
2021-11-11,0.0045958280875087,0.012110537475913738,0.27538718541605395
2021-11-12,0.0081285609409913,0.011620791609824493,0.5909941347751138
2021-11-15,-0.0023213895420455,0.011357062223587906,-0.3154099827635718
2021-11-16,0.0041950792402718,0.010953261411053721,0.2678962796568861
2021-11-17,-0.0009145316065743,0.010570520494989329,-0.20578673167008218
2021-11-18,0.0224037354353862,0.01020787795398939,2.0712428452362155
2021-11-19,0.0071550855621381,0.01209932766320665,0.48716296211410864
2021-11-22,-0.0075028416478002,0.011722164494424625,-0.7476079106473525
2021-11-23,0.0004766827656896,0.011588233217375288,-0.0676598820324019
2021-11-24,0.0060231782986091,0.011099805073616036,0.4290559166474124
2021-11-26,-0.0292111196769653,0.010773740173018131,-2.828345629813918
2021-11-29,0.0244739159497292,0.014479290091276062,1.6031983989031497
2021-11-30,-0.009264770260685,0.01573178940608083,-0.6690600317061028
2021-12-01,-0.0141108624126236,0.015264684445500776,-1.0070043521466643
2021-12-02,0.0059161206470564,0.015307997587745821,0.3041141966629193
2021-12-03,-0.0197617829839541,0.014555046731407588,-1.4443460491770082
2021-12-06,0.0087910348383675,0.015450510206268536,0.48738154790326327
2021-12-07,0.0334019060864244,0.014815147003880015,2.169479980176073
2021-12-08,0.0037724642193206,0.017617830942083527,0.14256709406716467
2021-12-09,-0.0121833017624969,0.01660661930027564,-0.809559295456055
2021-12-10,0.0084672993901198,0.016282590392287088,0.44259285275592924
2021-12-13,-0.0232149290676723,0.01554819091920952,-1.5741812313080237
2021-12-14,-0.0069467119682968,0.016787252363631364,-0.4889098614028677
2021-12-15,0.026160001369946,0.01605754737690602,1.5506266011467584
2021-12-16,-0.029082738105056,0.017262821305059392,-1.757735820059963
2021-12-17,-0.0100201282676504,0.019125074916959764,-0.5898470764048044
2021-12-20,-0.0116541763745708,0.018354302697359094,-0.7036452348892684
2021-12-21,0.0239446334484909,0.01778503399276339,1.2754483460408144
2021-12-22,0.0143335839373102,0.018353293812805177,0.7122886394401885
2021-12-23,0.0070047131517745,0.017796834676155678,0.32275244436186956
2021-12-27,0.0188395695647687,0.016857861898237965,1.0427673694767259
2021-12-28,-0.0047397699887866,0.016926297084333554,-0.35450820796957755
2021-12-29,-0.0028787478246672,0.0160759882214949,-0.25749515524486016
2021-12-30,-0.0061952717509293,0.015236358245670083,-0.4893566355457247
2021-12-31,-0.0068023276776083,0.014618335156439899,-0.5515723130891143
2022-01-03,0.0207613445664578,0.014100096335803145,1.3830120620382178
2022-01-04,-0.0094737683871155,0.014855294035053203,-0.7226049932049177
2022-01-05,-0.0327291527551604,0.01450404979235103,-2.3434760980499907
2022-01-06,-0.0018584507101465,0.017775769188912362,-0.17547437385906597
2022-01-07,-0.0074288524663657,0.01676244878532514,-0.5183964369283721
2022-01-10,0.0029335356322822,0.016063117105949577,0.10413883949843362
2022-01-11,0.0129079079761018,0.015172713391162876,0.7676390120665133
2022-01-12,0.0068413651584712,0.01486070368225375,0.37552891300795244
2022-01-13,-0.02831070404377,0.014186213180119377,-2.0845200143582168
2022-01-14,0.0032773127596636,0.016649035815556133,0.12112241957208299
2022-01-18,-0.0252554263437805,0.01571269156978968,-1.6875636795992046
2022-01-19,-0.0140134792213209,0.017254107903408318,-0.8852512436441211
2022-01-20,-0.0140246185692436,0.017024295693100364,-0.89785563543634
2022-01-21,-0.026219441042826,0.016824595046119342,-1.6333339510186653
2022-01-24,0.0014752852378185,0.018293475783661906,0.011727895902042755
2022-01-25,-0.0195117837493789,0.017205397451592795,-1.2073260769455259
2022-01-26,0.0087819591618464,0.01761246151953474,0.4270395648764438
2022-01-27,-0.0111350045362158,0.016767527430765566,-0.7392709417378309
2022-01-28,0.033714819116112,0.016333221390178808,1.9869979768648403
2022-01-31,0.031622660202805,0.01879928881497644,1.615056784513892
2022-02-01,0.007432746081481,0.020339624493990273,0.30344733380714395
2022-02-02,0.0136673399201208,0.01919430789401516,0.6463686385820683
2022-02-03,-0.0453505709986369,0.01849608841481137,-2.5200632269605983
2022-02-04,0.0218169385922502,0.023273315022470552,0.8832517977890934
2022-02-07,-0.0060464621407886,0.02282864687065184,-0.3200892037242822
2022-02-08,0.0113430220684998,0.02151315261981392,0.468656592947363
2022-02-09,0.0193665210125436,0.020440103722121638,0.885796862899827
2022-02-10,-0.0220164497709004,0.020096129727470383,-1.1582922356050898
2022-02-11,-0.0313000751624707,0.02038099129147927,-1.597607101388864
2022-02-14,0.002766522538566,0.02196371722193562,0.06855767014342051
2022-02-15,0.0267383100778145,0.020585391528703752,1.2376528658271106
2022-02-16,0.0011051881019593,0.02108007736323598,-0.007379154900691238
2022-02-17,-0.0347248799801527,0.019765955259893195,-1.8205859906660702
2022-02-18,-0.0135347021347652,0.02206684224735292,-0.6704830363610904
2022-02-22,-0.0117964810294798,0.02124916559670195,-0.6144816476769123
2022-02-23,-0.0278817203765351,0.020387160081578592,-1.4294517489470633
2022-02-24,0.0287028910369125,0.021433621650116513,1.2803319115517815
2022-02-25,0.0164856223223325,0.022058308847320497,0.6902107124155508
2022-02-28,0.0026386454083307,0.021274902598474726,0.0647666490509956
2022-03-01,-0.0177989931054461,0.019950422847280075,-0.9553549069856315
2022-03-02,0.018262930362221,0.019765932207209923,0.8601764351836652
2022-03-03,-0.0128688587408873,0.019395896475032048,-0.728483987178279
2022-03-04,-0.0154246276665214,0.018810938502113066,-0.8870035337571422
2022-03-07,-0.0400444665846424,0.018526685422766687,-2.229497986295233
2022-03-08,-0.0031117909037398,0.022164515058230614,-0.19727623863610175
2022-03-09,0.0373667587782881,0.02081487821217109,1.734625451665369
2022-03-10,-0.0059610515343206,0.022904781168513924,-0.3152963016468028
2022-03-11,-0.0222272102095393,0.021579699502004175,-1.0884281064942112
2022-03-14,-0.0207126043984024,0.02167529964867771,-1.0137504907750627
2022-03-15,0.0325741359266145,0.02158253698465548,1.450867184461965
2022-03-16,0.0355011364801477,0.022740671517134742,1.5056897152842177
2022-03-17,0.0127351157912609,0.024136164538764677,0.4754017364561354
2022-03-18,0.0244819798286716,0.02290015956085126,1.0140208197600538
2022-03-21,0.0045014845275877,0.022784317644301465,0.14223569562361074
2022-03-22,0.0168466950683101,0.0213623214501566,0.7296001909967827
2022-03-23,-0.0097194352475914,0.020682625750068892,-0.5308889034892487
2022-03-24,0.0272762677041258,0.019739348433207307,1.3179526433719042
2022-03-25,0.0010892583516551,0.020444615237274984,-0.008387680790070452
2022-03-28,0.011746717664109,0.01918138212870922,0.5466747044402616
2022-03-29,0.0107318789019072,0.01835310905866123,0.5160508562060983
2022-03-30,-0.008732872973944,0.01754371911879514,-0.5696405741801178
2022-03-31,-0.0193087543872157,0.016847321935314442,-1.2209356314513236
2022-04-01,-0.0011612878363538,0.017284492409962927,-0.14012729081352107
2022-04-04,0.020738577197762,0.016300077502826554,1.1949535783644725
2022-04-05,-0.0216331051545638,0.016681990055533516,-1.372369024108784
2022-04-06,-0.0281222641272422,0.0174669066486237,-1.6822100201525152
2022-04-07,0.0004484365555417,0.019119844782949532,-0.0424849004696869
2022-04-08,-0.0135454146928623,0.01796579963545157,-0.8241300833494083
2022-04-11,-0.0315249155856376,0.017604099290461,-1.8623876349949975
2022-04-12,-0.0037371139883452,0.019824465042560583,-0.25210542810394226
2022-04-13,0.0154580362103208,0.01868487490778663,0.7598282044833559
2022-04-14,-0.0252382385731655,0.018185158490591533,-1.4571761827105585
2022-04-18,0.0085023595765237,0.019233301110096888,0.376514581502647
2022-04-19,0.0180494314635118,0.01822705153712722,0.9210864506073979
2022-04-20,-0.0140855726143315,0.018026619705896606,-0.8513140079974512
2022-04-21,-0.0232778006765461,0.017708366991267026,-1.3857032637051505
2022-04-22,-0.0281190232979241,0.018550949471048333,-1.5837337383683248
2022-04-25,0.0109248681728967,0.01998091816755464,0.4836678091424398
2022-04-26,-0.0424440775811501,0.019027097236399504,-2.296977741601195
2022-04-27,-0.0021700410470477,0.023020404952196368,-0.14903223085402517
2022-04-28,0.0430686189254035,0.021582841916425833,1.9370886294378142
2022-04-29,-0.0500974665022716,0.024528216760920065,-2.0938418907908534
2022-05-02,0.0194497721764188,0.028579346663738132,0.6364397035484411
2022-05-03,0.0050099565316843,0.02735772271966544,0.13704412870769006
2022-05-04,0.034236632361463,0.02558528821421659,1.2888614279904267
2022-05-05,-0.0546832573635133,0.02630229613180709,-2.1269625412665776
2022-05-06,-0.0043434004515882,0.0308019814929398,-0.18194094789044377
2022-05-09,-0.0487305699521406,0.028798596547889157,-1.7358940088330788
2022-05-10,0.0124938208053944,0.03159143057475496,0.355573626862903
2022-05-11,-0.0345319193654201,0.029703435135592256,-1.2050007165895966
2022-05-12,-0.0122118382198827,0.030159491032765676,-0.446711102100068
2022-05-13,0.0392750265401092,0.028497189975951073,1.3339660967993152
2022-05-16,-0.0109347978024192,0.029446089969256656,-0.41416497311844086
2022-05-17,0.0289386206131361,0.027781119838506712,0.9962837897063932
2022-05-18,-0.051495081288698,0.027523503615073,-1.9167553406226931
2022-05-19,-0.0058228718767487,0.03110184554111849,-0.2277553955930015
2022-05-20,-0.0073191149839819,0.029110865583668332,-0.2947303719796127
2022-05-23,0.0259856158974381,0.02732367474235783,0.9048883384989143
2022-05-24,-0.0248950794978887,0.02680963339388265,-0.9756127721611454
2022-05-25,0.0165347515694269,0.02650966073604025,0.5761677021585001
2022-05-26,0.0278291899650677,0.0252849171256442,1.0507627363342456
2022-05-27,0.0344603908807844,0.02523137401110322,1.3158082317686508
2022-05-31,0.0010480633719675,0.02603695465641996,-0.00816830881261426
2022-06-01,-0.0051432297655685,0.024335468500057154,-0.2631538005399252
2022-06-02,0.0273109774657989,0.0228642226197584,1.1393449338245198
2022-06-03,-0.030682872681295,0.023087922183842972,-1.383563825496192
2022-06-06,0.0065171365812104,0.024073846680989056,0.21834463734539628
2022-06-07,0.0092048200484612,0.02259140613907249,0.3516416260863246
2022-06-08,-0.0063124939238072,0.021321059174982324,-0.3551997637544501
2022-06-09,-0.029055873356404,0.02014500344325349,-1.5049198030640263
2022-06-10,-0.0429802172395135,0.021415355060768214,-2.0658522061444473
2022-06-13,-0.0504608416541878,0.024869047765586426,-2.0797572709599623
2022-06-14,0.0021056446727648,0.028903802118797933,0.029231566530623792
2022-06-15,0.0278852498992351,0.026985035760600053,0.9866397390500212
2022-06-16,-0.0394549544541189,0.026713800373129586,-1.5241446422282345
2022-06-17,0.0080343304091008,0.028381855702490823,0.2386591356803061
2022-06-21,0.0336327710169911,0.02659635090620882,1.2171605748852108
2022-06-22,-0.0050082766615917,0.02707376809898418,-0.2315532103552327
2022-06-23,0.0093096660619743,0.025378141452780976,0.31715974232427935
2022-06-24,0.0356693295113454,0.02387709338760304,1.4410710589702318
2022-06-27,-0.0074547464333894,0.025090572293227118,-0.3473610561638408
2022-06-28,-0.0317022163660229,0.02363944184028889,-1.3944050729651762
2022-06-29,0.0002039614435644,0.02467935577040387,-0.0428203971128003
2022-06-30,-0.0200769930178671,0.023085151636074455,-0.9243055714940357
2022-07-01,0.0042507564924607,0.022742587354139955,0.13147207869359856
2022-07-05,0.0183136253949723,0.021319885363532656,0.7998581533651129
2022-07-06,0.0069549654557197,0.02077208268078709,0.2741287084729996
2022-07-07,0.0257443731154381,0.019573906879997487,1.2508300978133635
2022-07-08,0.001187548538922,0.02009610437877504,-0.0036421347062905013
2022-07-11,-0.0253779885597301,0.018860852987624858,-1.412382029346695
2022-07-12,-0.010311971895108,0.01980747145229159,-0.5842599940695756
2022-07-13,-0.0026775699732027,0.018987844438593145,-0.20741223386785196
2022-07-14,0.0003483216300531,0.01789035018839485,-0.051000657811603
2022-07-15,0.021851397558724,0.016838240110272674,1.222850854111581
2022-07-18,-0.0049795219954022,0.017279629685627476,-0.3611340848776279
2022-07-19,0.0331124803837735,0.0164069763339894,1.9413533899995263
2022-07-20,0.0167886518059614,0.018741194904294833,0.8285443178578634
2022-07-21,0.0131925170669825,0.018354108649809707,0.6500874565197169
2022-07-22,-0.0227932304662824,0.01770909078354311,-1.3582838339039236
2022-07-25,-0.0050391321604677,0.018481544441945053,-0.34087375318649804
2022-07-26,-0.0236318198097972,0.01750307861012776,-1.4221818699674271
2022-07-27,0.0491452876069175,0.018434405079720353,2.597563964863396
2022-07-28,0.0079164556469887,0.023514417064362116,0.2830482410271938
2022-07-29,0.0270766177417299,0.022118678977203984,1.1671527268963557
2022-08-01,-0.0040057194660426,0.02242268950968507,-0.23487194620025492
2022-08-02,-0.0047312411056716,0.021074634461393616,-0.28432200685565473
2022-08-03,0.0246314866808943,0.019860644482477405,1.1767365073863842
2022-08-04,0.0018545528067664,0.020192736133959128,0.02940718606363525
2022-08-05,-0.0049386131368714,0.01895070469580994,-0.3271305470969251
2022-08-08,-0.0123359092906726,0.017926863502753444,-0.7584511672510599
2022-08-09,-0.006549923363381,0.017461853415091436,-0.4472987165710481
2022-08-10,0.031287410310607,0.016645738473592363,1.8038652415512624
2022-08-11,-0.0045906006419289,0.01859054511546688,-0.31474826928027516
2022-08-12,0.0236704585863964,0.017585345128076194,1.274340490052515
2022-08-15,0.0057869634831927,0.01814904703903246,0.24939172923609454
2022-08-16,-0.0012080767082031,0.017138689707161606,-0.14404939983904652
2022-08-17,-0.0089521513144983,0.016167471066755798,-0.6316938827643632
2022-08-18,0.0033175253108502,0.015629732412527606,0.13159432282157724
2022-08-19,-0.0234745479018342,0.014782340560147753,-1.6732999121032386
2022-08-22,-0.0270787890207821,0.016222693025167035,-1.7469066470627785
2022-08-23,0.0009330154485539,0.01796578356638914,-0.018241665239716636
2022-08-24,0.0017180269459775,0.016905036868666092,0.02705026267549391
2022-08-25,0.0202249282084361,0.015933477317214183,1.190210182795844
2022-08-26,-0.0471275037573748,0.016307017541617806,-2.9673264833389887
2022-08-29,-0.0106781486536123,0.022237249160093765,-0.5368869964895934
2022-08-30,-0.0133050122990247,0.02120456287610726,-0.6869160021015185
2022-08-31,-0.0087483141602704,0.020459475781935257,-0.48921367903517304
2022-09-01,-0.008174966255793,0.019480147798204138,-0.48437556078522387
2022-09-02,-0.0137421833804,0.01856069874577271,-0.8083168012173121
2022-09-06,-0.0073580389371233,0.01814660517709306,-0.47495275899561573
2022-09-07,0.0166346608669274,0.01730840780602501,0.8882341912139722
2022-09-08,0.0053396209890313,0.01708163875346983,0.23878737805888653
2022-09-09,0.0211092958963163,0.016151261226105468,1.2289166994645395
2022-09-12,0.0156981713709912,0.016605028235195864,0.8694613407671651
2022-09-13,-0.0622555488769908,0.016374568058713672,-3.8789597323962384
2022-09-14,0.0057975180436013,0.026130065189918374,0.1736228651741186
2022-09-15,-0.0131866775560618,0.02446767566749385,-0.5904696061259659
2022-09-16,-0.0046986724238912,0.023383856066697774,-0.2548516234890575
2022-09-19,0.0107464073987435,0.021976934102230644,0.431619173833694
2022-09-20,-0.0075689468383811,0.020830649779318477,-0.4238796288192963
2022-09-21,-0.0176535972652257,0.019754843661006407,-0.9574532123836249
2022-09-22,-0.0109827552326118,0.01958018861735113,-0.6253002322921092
2022-09-23,-0.0181557709892364,0.01883010310032097,-1.0311421102652703
2022-09-26,-0.0077887444542878,0.018833901613866492,-0.48048916777638223
2022-09-27,0.0022395537614661,0.017954088146960822,0.054517528003259534
2022-09-28,0.0177143652417518,0.016897084010156913,0.9737552333716444
2022-09-29,-0.0316440251255709,0.0168352591248608,-1.9545149937800048
2022-09-30,-0.0169966214865458,0.019261988143379247,-0.9478441482149088
2022-10-03,0.0243654761202318,0.019081482907020123,1.210845874750664
2022-10-04,0.0342255183436149,0.019498844641552073,1.6906015557058043
2022-10-05,-0.0003580211651843,0.02132989443860005,-0.07589172220168369
2022-10-06,-0.006119755223218,0.020003009847015227,-0.3689692970110927
2022-10-07,-0.0447390002208914,0.01893428836477874,-2.429441265117762
2022-10-10,-0.0120320496671866,0.023442779599040994,-0.56703134835903
2022-10-11,-0.014400698849257,0.022381019998067034,-0.6997643587625046
2022-10-12,0.0007923539844312,0.021598149337646668,-0.021686454074727152
2022-10-13,0.0294465531294287,0.020243326332535217,1.3923508127212811
2022-10-14,-0.0320759353674774,0.02117356096221826,-1.5744482793944754
2022-10-17,0.0416662497650248,0.022725566170760502,1.7779758798207965
2022-10-18,0.0088953036867794,0.02515209368019579,0.30353586169446856
2022-10-19,-0.002446089859331,0.023654693372125984,-0.15670594664482937
2022-10-20,-0.0028844303020489,0.022171622567879256,-0.18695842162653972
2022-10-21,0.0253929301096069,0.020816287943471724,1.1592935741952932
2022-10-24,0.0098007044471893,0.021101416935591796,0.40471041423970716
2022-10-25,0.0213962189323049,0.019987405138867605,1.0074082920853082
2022-10-26,-0.034337678812204,0.019915033257733878,-1.787514969703641
2022-10-27,-0.0265346045089939,0.0221133028524826,-1.2569513451951193
2022-10-28,0.0299467050437509,0.02267719878505689,1.2649694548919463
2022-10-31,-0.0151226863050187,0.023272010471636993,-0.7039970862477631
2022-11-01,-0.0129378441640295,0.022452718241451453,-0.6323771255436557
2022-11-02,-0.0332569804244738,0.021550976708537922,-1.601677833419957
2022-11-03,-0.0176556399455472,0.02322041266987946,-0.8146444885635433
2022-11-04,0.0200245213906595,0.022625176589598638,0.8293318754092955
2022-11-07,0.0106636004987493,0.02208437234688125,0.4257698200753256
2022-11-08,0.0037998774959025,0.020924348331250443,0.12134840223287315
2022-11-09,-0.0304473531684817,0.019640672437509908,-1.6144098185796587
2022-11-10,0.0813236739778396,0.021232199149090393,3.7708261945691293
2022-11-11,0.0200496699889122,0.03319584057882001,0.5660024992034379
2022-11-14,-0.0111222186150193,0.03157462190354679,-0.3921807808494927
2022-11-15,0.0099638560870624,0.02973831966004573,0.2926565767135158
2022-11-16,-0.0130063216622707,0.027904808343335547,-0.5112761479983161
2022-11-17,-0.0043351549386171,0.026486899219374752,-0.21127033974082407
2022-11-18,-0.0024241432266287,0.024820334043348012,-0.14846232441248883
2022-11-21,-0.015304602283324,0.02324472913893066,-0.7126494545260696
2022-11-22,0.0187439909862526,0.02244302737905226,0.7790058548175117
2022-11-23,0.0151650574796846,0.021806562872173293,0.6376207155180017
2022-11-25,-0.0077880384330531,0.020948943663094875,-0.43194443771096847
2022-11-28,-0.0188245781160786,0.019873336271818615,-1.010666709378926
2022-11-29,-0.0082013923036459,0.019810684254339857,-0.4776278012564981
2022-11-30,0.0514808618647645,0.018861609109234196,2.662557596002599
2022-12-01,-0.0007788866180378,0.02432903058361775,-0.08383514785633842
2022-12-02,-0.00460321936425,0.022769392808973832,-0.2575369783282091
2022-12-05,-0.0192385366015178,0.021410082298012837,-0.9574590874674781
2022-12-06,-0.0246597159284981,0.02119088031766589,-1.223189258684574
2022-12-07,-0.0054458114929862,0.021649514585466437,-0.3097784352000925
2022-12-08,0.0168385499840302,0.020411680584240505,0.7631810943541991
2022-12-09,-0.0056468063604848,0.019836274913426283,-0.34822806443111776
2022-12-12,0.0139184157606477,0.018762510154641473,0.6746258575308628
2022-12-13,0.0130183676067573,0.018128883599594078,0.6485576612604754
2022-12-14,-0.0094409571300658,0.01749479415669101,-0.6117075909758009
2022-12-15,-0.0347341133289608,0.016851304485528896,-2.1360277845559463
2022-12-16,-0.0126837585061861,0.01987285914540058,-0.7016856337732672
2022-12-19,-0.0155954942784831,0.019220824622780776,-0.8769777503014122
2022-12-20,-0.0020578345444969,0.01890290001489516,-0.17555908352808788
2022-12-21,0.0161235871356938,0.01779866122253968,0.8350541477091981
2022-12-22,-0.0331604955355058,0.017462294960648203,-1.971174858242645
2022-12-23,0.0035446729013091,0.020020509720693656,0.11407959512675159
2022-12-27,-0.0251727070954663,0.018806616493042265,-1.405539819636714
2022-12-28,-0.0112764030061495,0.019732554822077152,-0.6353533223312717
2022-12-29,0.0281817423643242,0.018987951216532753,1.4177938840891369
2022-12-30,0.0011767826509359,0.019953724118010528,-0.004207666033103612
2023-01-03,-0.0145531315887666,0.018729969868546456,-0.8443085043860251
2023-01-04,0.0010873289989031,0.01837109461915793,-0.009439408093692663
2023-01-05,-0.0182293358843499,0.017276558520971465,-1.1281226593150884
2023-01-06,0.0248333055262363,0.017510890244063933,1.3461659538461248
2023-01-09,0.0134120040577245,0.01824883745297392,0.6658650355616543
2023-01-10,0.0101591004996378,0.01763148082346078,0.5046858701542699
2023-01-11,0.0224456305483905,0.016858761487357425,1.2566100603615582
2023-01-12,0.0085894942172803,0.017375710600280442,0.4217814815021632
2023-01-13,0.0114470862696965,0.016543517562318026,0.6157302987822408
2023-01-17,0.0072419946592829,0.015963790590552418,0.3746762629598456
2023-01-18,-0.0144404486868404,0.015201876823197381,-1.0328454918817829
2023-01-19,-0.007206789718774,0.015290886794083296,-0.5537632376031734
2023-01-20,0.0322919251381106,0.014727705769056378,2.1069937413583752
2023-01-23,0.0255152442858641,0.01733317961022288,1.3993106615832875
2023-01-24,0.0007902074464253,0.0182007688157414,-0.025852414064449845
2023-01-25,-0.0031415014061537,0.017120916442905906,-0.2571265784150797
2023-01-26,0.0254101587767541,0.016196429048100997,1.491033452305612
2023-01-27,0.0172650334926689,0.017257488626477212,0.9273824587647839
2023-01-30,-0.0272660036724507,0.017100918271877253,-1.6681411183342467
2023-01-31,0.0178951214903674,0.018686709409737615,0.8901717187060274
2023-02-01,0.021143261180751,0.018412812134938738,1.0798198437533768
2023-02-02,0.0412463713838496,0.018528965211847964,2.1580066489703613
2023-02-03,-0.012764189422867,0.021898144448020015,-0.6404620589794437
2023-02-06,-0.0056465390965157,0.02104002571601684,-0.32829239126826093
2023-02-07,0.0267274765080354,0.019861707783307297,1.2822026951427437
2023-02-08,-0.0153849357978685,0.020470777194880094,-0.8131433847158911
2023-02-09,-0.0097400076319084,0.01998376526684003,-0.5504842927825827
2023-02-10,-0.0085677865960785,0.019109410406343497,-0.5143292045764545
2023-02-13,0.0158998320922007,0.01824796805831584,0.8022312833558638
2023-02-14,0.011017540602151,0.01783758882446328,0.5469797201866715
2023-02-15,0.0046474308634371,0.01709645337070377,0.19809310924681653
2023-02-16,-0.0219715550780022,0.016147173078062693,-1.4387841279602327
2023-02-17,-0.009133929535525,0.01707811858681877,-0.6086543280996414
2023-02-21,-0.0249040763206229,0.016456716507745033,-1.5899172575799134
2023-02-22,0.000652614066101,0.0177853430642195,-0.03419260397982435
2023-02-23,0.0235797858622608,0.016740460210866153,1.3332396076920536
2023-02-24,-0.0153937885380365,0.01743323832676519,-0.9553319632307228
2023-02-27,0.0077729137079789,0.017321663949294214,0.37595536253912093
2023-02-28,-0.0013769903281796,0.01645677918614783,-0.160282370959989
2023-03-01,-0.0113863143428014,0.015547190736307113,-0.8134624328887985
2023-03-02,0.0062643549777197,0.01527877478197521,0.32748789029087777
2023-03-03,0.0250662443320441,0.014541267689547794,1.6370995694559851
2023-03-06,0.0017988340432225,0.015877888386591335,0.03388944247370696
2023-03-07,-0.0141412347204301,0.014994336338857484,-1.0271862408913293
2023-03-08,0.004760050381192,0.015079099348495035,0.232063536566597
2023-03-09,-0.0223960520926524,0.014311181875847893,-1.6530286286639746
2023-03-10,-0.0104686369833963,0.01567170257238363,-0.7484431373912594
2023-03-13,0.006865501100635,0.015307910714270732,0.3661348662864106
2023-03-14,0.0282837453207631,0.01459176155431249,1.8519356941270377
2023-03-15,0.0007129213515437,0.01647366702024584,-0.03325427823229717
2023-03-16,0.0309097525589518,0.01553904837650079,1.9080326273807013
2023-03-17,-0.0062180610526757,0.017674669009623643,-0.423136767469012
2023-03-20,0.003066795165465,0.016821830324323554,0.10736369779644966
2023-03-21,0.021481423067533,0.01586790467604359,1.274313289764073
2023-03-22,-0.0110115038884888,0.016417677913175055,-0.7475018825154072
2023-03-23,0.0104623984018914,0.016013159033177172,0.574630972232624
2023-03-24,-0.0006969254048782,0.015422137137908899,-0.12693874042964287
2023-03-27,-0.0049670462007004,0.01459149451867675,-0.426809430032692
2023-03-28,-0.0056099982614992,0.01397314154574246,-0.491710435849256
2023-03-29,0.0161890657721768,0.013451225569110693,1.1098114768305525
2023-03-30,0.0085603788619894,0.01370851708551907,0.5324892224527457
2023-03-31,0.017060315952336,0.013239488645205875,1.1933674417188296
2023-04-03,0.0038339766546922,0.013637983911901684,0.1886815099045101
2023-04-04,-0.0037128451420967,0.0129800761659421,-0.38317081784834717
2023-04-05,-0.0099743723279168,0.012464608533092303,-0.9013611262824548
2023-04-06,0.0107631907724378,0.012458861106523184,0.76270611198333
2023-04-10,-0.0032443661032978,0.012294053745133413,-0.36644604414734355
2023-04-11,-0.0086597076894243,0.011828655191726123,-0.8386793584535799
2023-04-12,-0.0087940669364073,0.011782648800537771,-0.8533572004700303
2023-04-13,0.0210658395415615,0.011755382297568444,1.6847685410892113
2023-04-14,0.006775780865726,0.013026462496434722,0.4233720097911666
2023-04-17,-0.0001793434221133,0.01253126477682486,-0.11491934021837484
2023-04-18,0.0041353828781353,0.011957928277586606,0.2403962921723007
2023-04-19,0.0008286075559954,0.011469905345078888,-0.03767543751624578
2023-04-20,-0.01261630878475,0.010991103408073521,-1.2625711475608337
2023-04-21,0.0012247631945401,0.011519801116373551,-0.0031231497173971248
2023-04-24,-0.0015334242627365,0.011035111897163602,-0.2532068135707684
2023-04-25,-0.0197722141746142,0.010639568020023216,-1.9768617854758996
2023-04-26,0.0117703169372738,0.01239548486455631,0.8478551499977013
2023-04-27,0.0312778108989604,0.012328972491247838,2.4346773149285488
2023-04-28,0.0045632180614645,0.015415029496705717,0.21423746247317177
2023-05-01,0.0025419176045793,0.01461168704487297,0.08768161694837787
2023-05-02,-0.0104088594945027,0.01384442540254593,-0.8429097209406672
2023-05-03,-0.0077818857924303,0.013698228684844447,-0.6601311204985302
2023-05-04,-0.0061888692534782,0.013348286933461993,-0.5580948738031999
2023-05-05,0.0265025057273194,0.012927402820765545,1.9525781643186575
2023-05-08,0.0044985546027195,0.01488665686388113,0.2174976809221752
2023-05-09,-0.0069192320652753,0.014129410056890928,-0.5789324034393845
2023-05-10,0.0127270217359067,0.013670921658942578,0.8387350000111421
2023-05-11,0.00382291439545,0.013527910328564818,0.18939903318982518
2023-05-12,-0.0066402488012537,0.012880062528398108,-0.6134279272305301
2023-05-15,0.0039300868340719,0.012541301156264279,0.2128443885264178
2023-05-16,0.0043438706343254,0.011990217941425341,0.25713705882961785
2023-05-17,0.0175316841820648,0.011504898838289155,1.4142621462930838
2023-05-18,0.0184195165447375,0.012272919377177059,1.3981005463545284
2023-05-19,-0.002987385119223,0.013024948408058026,-0.3261530291157256
2023-05-22,0.0022422052456146,0.012475447217602692,0.07867164762547303
2023-05-23,-0.0118817683457555,0.01190232803344699,-1.1041965544021828
2023-05-24,-0.0014249021604223,0.012186901314310572,-0.22037131090984002
2023-05-25,0.0404416704554932,0.01167104400187259,3.357105773148104
2023-05-26,0.0201245056972117,0.017140956524949284,1.1005082716132926
2023-05-30,0.0081862453855272,0.017319343593587576,0.39987105111478755
2023-05-31,-0.0119640126104762,0.016473242555513766,-0.8028021091810434
2023-06-01,0.0199910264742844,0.016145338614536608,1.1601048242666918
2023-06-02,0.0078583034583712,0.016456373605748156,0.4009122761970789
2023-06-05,-0.0006943170341573,0.01567577217582274,-0.12471846811564563
2023-06-06,-0.001049339796477,0.01482282950899287,-0.15584615968339036
2023-06-07,-0.0182484095546727,0.014051241325168046,-1.3884289908159095
2023-06-08,0.0133219898186434,0.01481653718927346,0.8140396373610195
2023-06-09,0.0037891738311435,0.014584407130429864,0.1733654683656519
2023-06-12,0.0134687469279154,0.013838497538688042,0.8821771030882883
2023-06-13,0.0089363165416843,0.013744644163180364,0.5584411784267742
2023-06-14,0.0045074688365381,0.013295098275522676,0.2442048573927737
2023-06-15,0.0110987226718616,0.01268643359548094,0.7754725817683572
2023-06-16,-0.0063741603215663,0.012521809486258003,-0.6097282975025582
2023-06-20,0.0046570778903026,0.012205612895190341,0.27826022841505677
2023-06-21,-0.0107274390919297,0.011708243576341502,-1.0239093739299234
2023-06-22,0.0118322480857563,0.011890032289209169,0.8891066542526824
2023-06-23,-0.0086340265110034,0.011897720687267166,-0.8316523836144403
2023-06-26,-0.0185733850385312,0.011840131118014822,-1.6751610348718728
2023-06-27,0.0155254280573023,0.01309735947344931,1.0891269211995134
2023-06-28,0.0005349670849539,0.013329831235711447,-0.05444736398784096
2023-06-29,0.0009679282148258,0.012674421960440187,-0.02310267436489889
2023-06-30,0.018624034115708,0.012078353631963239,1.4375546027744976
2023-07-03,0.001539638640775,0.01289722893366332,0.02162459735097599
2023-07-05,0.0004925471826917,0.012280139712510662,-0.06255580908960331
2023-07-06,-0.0063609844779415,0.011724015061979665,-0.650095184609538
2023-07-07,-0.001546789074693,0.01150064069389428,-0.2441194719112213
2023-07-10,-0.0091966349729902,0.011057159012492069,-0.9457561584595936
2023-07-11,0.0052874380313074,0.011171427500903093,0.3604460372535838
2023-07-12,0.0139250096973435,0.010804530531166527,1.1721257487931787
2023-07-13,0.0182462531703425,0.011209516024372736,1.5152761167627489
2023-07-14,0.0028411452332691,0.012142967728715887,0.13014973031597227
2023-07-17,0.0102921438164712,0.011609129034064388,0.7779569450756727
2023-07-18,0.0099294828111634,0.011512441283938855,0.7529889915804473
2023-07-19,8.633355069157488e-05,0.01139739611800456,-0.10304175579142826
2023-07-20,-0.0221537250598653,0.010931832949271943,-2.1418609693963417
2023-07-21,-0.0081592607603606,0.013066817239605599,-0.7209102144590875
2023-07-24,0.0069668011532873,0.012820374790067146,0.44507746369217044
2023-07-25,0.0071172868345955,0.012356070006486492,0.47398125564033305
2023-07-26,-0.0001947004575502,0.011948966443492557,-0.12180482074112871
2023-07-27,-0.0035684618194323,0.011432292011975183,-0.42241775074630206
2023-07-28,0.0182889288115832,0.011072853111910468,1.537831973506966
2023-07-31,0.0022700817627023,0.012040928962385263,0.08382580012839642
2023-08-01,-0.0052778538426947,0.011509988013679964,-0.5680800964401143
2023-08-02,-0.0240629229435267,0.011237681684344341,-2.253459824987504
2023-08-03,0.0018885863544377,0.013668821863920828,0.04593264163854081
2023-08-04,-0.0028348733090635,0.012981654821022877,-0.3154924871806107
2023-08-07,0.0061646725232565,0.012430816305145616,0.39449792714621584
2023-08-08,-0.0067881715558038,0.011968620174992829,-0.672501315628875
2023-08-09,-0.0172727817696062,0.01174743428247627,-1.5776656061310306
2023-08-10,0.0010032983178643,0.012812507366457107,-0.020093095981419985
2023-08-11,-0.005990994977864,0.012203325278759516,-0.594242640456956
2023-08-14,0.0171474049974529,0.011897667364548718,1.3352755000235554
2023-08-15,-0.0123290025608743,0.012537747530111894,-1.0839063225971812
2023-08-16,-0.0101327623265115,0.012776404102141495,-0.8917613667794815
2023-08-17,-0.0090164866979535,0.01274395616280805,-0.8064393681836198
2023-08-18,-0.00201432327127,0.012610735470766646,-0.25970448250248424
2023-08-21,0.0224314159521864,0.012069325616633968,1.7540892810835893
2023-08-22,-0.0050340107096526,0.013501959029682485,-0.46621027022489797
2023-08-23,0.016439498772672,0.01299732374645133,1.167837149449716
2023-08-24,-0.0165001521346533,0.013356462016386444,-1.3297603340618518
2023-08-25,0.0038526848227139,0.013997346514904075,0.1851739229155241
2023-08-28,0.0073713859453466,0.013306464350490956,0.4592237672045443
2023-08-29,0.0228812424456502,0.012812372959061756,1.6874704831486804
2023-08-30,0.0059345223360031,0.014155371854400278,0.3301772024031326
2023-08-31,0.0001222088775197,0.013511696911769457,-0.08426272347996103
2023-09-01,-0.0019724118174885,0.012842807396196644,-0.2517481556709447
2023-09-05,0.0043467487041241,0.012277436443367191,0.25135601069636354
2023-09-06,-0.0158183698526993,0.011763450444962574,-1.4518793776322838
2023-09-07,-0.0079570645655655,0.01260090516857234,-0.7315193393167195
2023-09-08,0.0014271712721017,0.012394695183152359,0.013427519717205218
2023-09-11,0.0115793074497766,0.011824954605302912,0.8726093702725974
2023-09-12,-0.0090188597998217,0.011817037709005086,-0.8698966112403432
2023-09-13,0.0059841960792229,0.01180646082647276,0.40007373001150953
2023-09-14,0.0093033112842455,0.011401730637342754,0.7053815146065142
2023-09-15,-0.0167319678317588,0.01124987502452457,-1.5993696863899485
2023-09-18,0.0025739164888473,0.012333387078239989,0.10647320337679059
2023-09-19,-0.0024740328118693,0.011777446969464986,-0.3171123656674917
2023-09-20,-0.0183148567375694,0.011335271555069644,-1.7269633021676911
2023-09-21,-0.0163529867657297,0.012661894790971797,-1.3910815335813593
2023-09-22,-0.000347123392066,0.013407449698254158,-0.11992322823456426
2023-09-25,0.0084037251980914,0.01275375489145661,0.5600690934349942
2023-09-26,-0.016824392820113,0.012378816770361118,-1.460974373702325
2023-09-27,0.003090447982318,0.013247498977711863,0.13811714401753875
2023-09-28,0.0080354683375428,0.012612038403044151,0.5371635308188103
2023-09-29,-0.0001505736987503,0.012229845859978425,-0.11539924321613346
2023-10-02,0.0151555249261015,0.011685171004536405,1.1890954494860286
2023-10-03,-0.0180028927595438,0.012097115394285594,-1.5924154965724044
2023-10-04,0.0121084023287746,0.013205791207611766,0.8214321202035119
2023-10-05,0.0023481853044019,0.01306514725480834,0.08323243703667534
2023-10-06,0.0168908487302331,0.012437245325331943,1.256717791057544
2023-10-09,0.0040339695839013,0.012947375171538277,0.21419231998902827
2023-10-10,0.0025684780342485,0.01235954049103373,0.10580787991722097
2023-10-11,0.0095635500608415,0.011801013312013536,0.7035674465554577
2023-10-12,-0.0013259875157715,0.011619886588328996,-0.22261222209438614
2023-10-13,-0.0101907257569197,0.011158338390289185,-1.0262699171255456
2023-10-16,0.0089038547387375,0.01136389266478862,0.6725788166126168
2023-10-17,-0.0086585435467637,0.011186000224571852,-0.8867588598036646
2023-10-18,-0.0162842322338407,0.011227930121252672,-1.5626186930725594
2023-10-19,-0.0065149078118451,0.0122447963648099,-0.6350166093682513
2023-10-20,-0.0172421231916958,0.011970634978175843,-1.5456878004859649
2023-10-23,0.0070130830413749,0.01298472663473942,0.4430083085341109
2023-10-24,0.0074512199006661,0.01250560938306253,0.4950161525842354
2023-10-25,-0.0235758918320672,0.012100767633917658,-2.052484093702694
2023-10-26,-0.0240964567744701,0.014196035039266973,-1.7862169234206555
2023-10-27,0.0064524023292117,0.015872798080400742,0.32707913530891786
2023-10-30,0.0143821130584239,0.015087287081340685,0.8696972311550086
2023-10-31,0.0018422534552676,0.01492079354797079,0.038973275466673285
2023-11-01,0.0199239140424483,0.014120950593080533,1.3216654687151406
2023-11-02,0.0174761425064899,0.014753608803195914,1.0990803311008326
2023-11-03,0.0085320976067084,0.01496769084127493,0.48580348336135604
2023-11-06,0.0087815832191193,0.014366436116004749,0.5235008808203745
2023-11-07,0.0085688843899625,0.013841336374221747,0.5279940414880814
2023-11-08,0.0044130176591377,0.013358705399534782,0.23597169835830836
2023-11-09,-0.0053875471228786,0.01274134588832292,-0.5217885488151405
2023-11-10,0.0209370838903674,0.012337382392099224,1.5948555379807976
2023-11-13,-0.0007822080600028,0.013462088543120967,-0.15175574812185483
2023-11-14,0.0166862739052295,0.012810148221600091,1.2041650401107968
2023-11-15,-0.0017520261307908,0.013230970347438968,-0.22770570183577912
2023-11-16,0.0066272268837922,0.012622068666305468,0.4251668856767375
2023-11-17,-0.000617094932109,0.012161625476745132,-0.15440667810736977
2023-11-20,0.0105651709079793,0.011630837994440592,0.79997930108609
2023-11-21,-0.0040731576972196,0.011555205713314443,-0.46160138449242905
2023-11-22,0.0015130920374324,0.0112076192090945,0.022516002246619433
2023-11-24,-0.005287103269368,0.010754469733053494,-0.6088486638615568
2023-11-27,0.0009684891979448,0.010572831573520191,-0.027641796633583248
2023-11-28,0.0037992578612952,0.01018486066419234,0.24924411701368435
2023-11-29,-0.006015171118052,0.009873330108551279,-0.7369258696102459
2023-11-30,-0.0043134756231504,0.00985950499874739,-0.5653647806862266
2023-12-01,-0.000648814308179,0.009724556061552855,-0.19636429202869415
2023-12-04,-0.0125024699462984,0.009448132517923861,-1.4567123374200843
2023-12-05,0.0112880935073646,0.010254160747142853,0.9778813202257803
2023-12-06,-0.0102584927169126,0.010443428043384708,-1.1030127202677023
2023-12-07,0.0151882671054686,0.010769599837765896,1.293225937558756
2023-12-08,0.007624439519001,0.011344662554087913,0.5609420492253201
2023-12-11,-0.0110331196721451,0.011080471107334497,-1.1095070607736703
2023-12-12,0.0076635491848096,0.011395004311692589,0.5618960512457558
2023-12-13,0.0072473666758497,0.01112742346052994,0.5380064341888015
2023-12-14,4.08865250424498e-05,0.010865168720761842,-0.11227204698328787
2023-12-15,0.0061610693276965,0.010454346005040714,0.46873597518128474
2023-12-18,0.0094352807674188,0.010208625186944438,0.8007483240477714
2023-12-19,0.003910716927557,0.010224884910622926,0.25916924176453965
2023-12-20,-0.0125752326998167,0.009912172256100032,-1.3958568919585816
2023-12-21,0.0096834853637684,0.010635818673934054,0.7919224992307772
2023-12-22,-0.0011160318219763,0.010615323234430301,-0.22390020799446989
2023-12-26,0.0025288720580158,0.010252841171666012,0.12368579388307888
2023-12-27,0.0014055147287882,0.009907019686903417,0.014613221253452253
2023-12-28,-0.0003599138508204,0.0095895154520123,-0.16900281532175734
2023-12-29,-0.0037355205820504,0.009322256826798481,-0.5359498169830434
2024-01-02,-0.0135155231616794,0.00921967906066899,-1.6026875038260162
2024-01-03,-0.0060079218879955,0.01022991231337308,-0.7105303470328572
2024-01-04,-0.0059806644461466,0.010167766738888535,-0.712192351599851
2024-01-05,0.0029989672752758,0.010111685117925697,0.17190270433294558
2024-01-08,0.0223133291827073,0.009788990139109353,2.1506394046160096
2024-01-09,0.002959313177436,0.01177905738300935,0.14420270349857742
2024-01-10,0.0109780214947135,0.011282866882067876,0.8612421238449802
2024-01-11,0.0003686944244987,0.01129192918075659,-0.07899862099407035
2024-01-12,-0.0014468566145613,0.010834019265117567,-0.2499162874317716
2024-01-16,-0.0010451754547748,0.0104572191249483,-0.22050955281358067
2024-01-17,-0.0051176082432978,0.0101098728490767,-0.6309030387084924
2024-01-18,0.0129357963693174,0.009996955119286787,1.1678611108948502
2024-01-19,0.0157995338858257,0.010416708534145929,1.3957184824771107
2024-01-22,0.0011051447060549,0.011142983243796905,-0.01396363511296589
2024-01-23,0.0049644182613378,0.010696156603235838,0.34626241374179
2024-01-24,0.0079399825839223,0.010367999865385755,0.644216957224335
2024-01-25,-0.0016320177685409,0.010243659492091101,-0.282395078527894
2024-01-26,-0.0012010408517869,0.009936342019656362,-0.24775537165066416
2024-01-29,0.0104744949401517,0.009650169231228129,0.9547763838373576
2024-01-30,-0.0035003520331377,0.009847261822802543,-0.4834941303433182
2024-01-31,-0.0248936768276989,0.009666104719483879,-2.705786751215394
2024-02-01,0.0119237762724484,0.012774935243283521,0.8346840755935231
2024-02-02,0.0270330677166014,0.012672893148378534,2.0336576783777063
2024-02-05,0.002390765057519,0.01479765323154225,0.07636506827779292
2024-02-06,0.000887163692892,0.014012387293844391,-0.026660522394587598
2024-02-07,0.0124202145717373,0.013292901257661615,0.8395062219516716
2024-02-08,-0.0011423558347521,0.013169861771238562,-0.18246942410142497
2024-02-09,0.0128951741078877,0.012552332681828588,0.9268741631258018
2024-02-12,-0.0059458828581844,0.012574665967171885,-0.5731066045920887
2024-02-13,-0.0130175296618165,0.01222381928158275,-1.168069536292172
2024-02-14,0.0094871948224222,0.012595309427416537,0.6531362815409911
2024-02-15,0.0012677612036497,0.012312712552512064,0.0005701380161834916
2024-02-16,-0.0061182338367728,0.011750691577052936,-0.62796092013204
2024-02-20,-0.0108605842868037,0.011506700816378558,-1.0534145050240171
2024-02-21,-0.0001576705414712,0.011734104608410605,-0.12087942343685124
2024-02-22,0.0372255933467808,0.011238101930625547,3.200260356300017
2024-02-23,-0.0033020260847008,0.01608251106612498,-0.283709883617158
2024-02-26,-0.0053562053251772,0.015255593743746965,-0.43373903988696333
2024-02-27,0.0005437732753944,0.014591154197616698,-0.049137167151854365
2024-02-28,-0.0058572131648484,0.013821238045427238,-0.5150012176618686
2024-02-29,0.0088850354265155,0.013329412119901868,0.5719902798256684
2024-03-01,0.0064286832197698,0.012921809872064927,0.39993948315250827
2024-03-04,-0.0080839271549256,0.012421000892311088,-0.7523281331419401
2024-03-05,-0.0135908227719507,0.012247595858013964,-1.2126105565749914
2024-03-06,0.002410768953105,0.012687885861273222,0.09063982034028341
2024-03-07,0.0154047182650933,0.012096174385325408,1.1692934109904227
2024-03-08,-0.0085983257220932,0.012471689982548256,-0.790515719523998
2024-03-11,-0.0015475817517243,0.012336121436339685,-0.22765040246707766
2024-03-12,0.0195347428705791,0.011808678833333738,1.5475060225072566
2024-03-13,-0.0041122848418842,0.012820042297896237,-0.4191114175112421
2024-03-14,0.0011212121989847,0.012339322910067625,-0.011307675483768384
2024-03-15,-0.0066982549715267,0.011774842446442016,-0.6759322908879202
2024-03-18,0.0128353363332475,0.011570386560475454,1.0003637315494063
2024-03-19,0.0069035332772772,0.011727361049623884,0.48116468788321315
2024-03-20,0.0118541265726178,0.011377279152890734,0.931100061106004
2024-03-21,-0.0051549851037506,0.0114591751228029,-0.5598768055411736
2024-03-22,0.0061791956621531,0.011184954357122976,0.43973844210456525
2024-03-25,-0.0035696123238305,0.010857119067314009,-0.4449019626683228
2024-03-26,-0.0045900223621282,0.01056160170738443,-0.5539655615093545
2024-03-27,0.0042272482862438,0.010357891840328887,0.2864006569901036
2024-03-28,-0.0027348032938285,0.010040370899461868,-0.39794790371577027
2024-04-01,0.002543340488139,0.00979843212348718,0.13089841454566922
2024-04-02,-0.0090955406886848,0.009502175072014167,-1.0898854071135065
2024-04-03,0.0023201458812203,0.009848073586693106,0.1075748077787125
2024-04-04,-0.0112032216272167,0.009543337768054114,-1.3060381166723887
2024-04-05,0.012694739611631,0.010146740284007416,1.1268641981022511
2024-04-08,0.0002586114157328,0.010511798652869428,-0.09533381255688526
2024-04-09,0.0012100245598324,0.010135195798799184,-0.005004017615010657
2024-04-10,-0.0032036483942396,0.009792992086852546,-0.45587595831659883
2024-04-11,0.0199018616433204,0.009602736301079244,1.9412300620068226
2024-04-12,-0.0167780561127566,0.011184428876294056,-1.6128492183567713
2024-04-15,-0.0178823644363635,0.012289361495643514,-1.557697338571313
2024-04-16,-0.001984422338265,0.013338982747328889,-0.24328418874790225
2024-04-17,-0.0094265537519303,0.01272607516875192,-0.83979505608402
2024-04-18,-0.0025748177755892,0.012632662435858527,-0.30362237993812935
2024-04-19,-0.0232549929447157,0.012107229046291221,-2.024883985354743
2024-04-22,0.0105362110970553,0.014139263785099833,0.6560079774937613
2024-04-23,0.0151589386362772,0.013756443273282366,1.0103045607093057
2024-04-24,0.0029230798997529,0.013849889110254691,0.12002541163892087
2024-04-25,-0.0031084048645696,0.013156120804242414,-0.33209987865890284
2024-04-26,0.0225698917842307,0.012598206208329934,1.6914432240361263
2024-04-29,0.0066001227146419,0.013935828719198238,0.38314057700387083
2024-04-30,-0.0213799604186252,0.013340853268813988,-1.697095472123362
2024-05-01,-0.0028165531154753,0.014740138739479637,-0.27661166870132264
2024-05-02,0.0163853834480058,0.014020372062312976,1.0787618276208195
2024-05-03,0.0219090292668233,0.01421491645971265,1.4525789206853716
2024-05-06,0.0118527792865278,0.015118134239124099,0.7006180697202421
2024-05-07,-0.0028505087644217,0.014725169173182553,-0.27919883121276956
2024-05-08,0.0008905565334588,0.014007885618645473,-0.02642688088412369
2024-05-09,0.0027899463268601,0.013288796358874094,0.11507476128172757
2024-05-10,-0.0003923641237339,0.012645076440897822,-0.13073114975631572
2024-05-13,0.0037912174260788,0.012063869495105349,0.2097565933521008
2024-05-14,0.0087401435901174,0.01155637353817911,0.6472101569983281
2024-05-15,0.0120392488396969,0.011342867710383698,0.9502453750464412
2024-05-16,-0.0017511892942747,0.011448741364053376,-0.2630796221733769
2024-05-17,0.0011991340595006,0.011016534341967194,-0.005592248590001869
2024-05-20,-0.0001649036348927,0.010582428544609048,-0.13471812136734265
2024-05-21,0.0089609524840501,0.01020396629117264,0.7546292300642262
2024-05-22,-0.005791700616357,0.010180236427897513,-0.6927581618018165
2024-05-23,0.0011043308736126,0.01010780578478905,-0.015474217437374066
2024-05-24,0.0127644273308628,0.009768658864411887,1.1776116079383834
2024-05-28,0.0108221318051703,0.010206713534400351,0.9367746547214978
2024-05-29,-0.0031264631871813,0.010354835808367678,-0.42368652931968276
2024-05-30,-0.0131286022065454,0.01009478289763377,-1.4254237669697143
2024-05-31,0.0028311359064925,0.010862439986287734,0.14457107706313901
2024-06-03,0.0091071310696667,0.010457049157778535,0.7503445468350836
2024-06-04,0.0022377590427268,0.010411492361350898,0.0938403209334784
2024-06-05,0.014868739487336,0.01004519000515534,1.3546780321936172
2024-06-06,0.0005387112098091,0.010710854010181587,-0.06741106242748911
2024-06-07,7.005089004068535e-05,0.010310872292865793,-0.1154791112022927
2024-06-10,0.0009112772204547,0.009957797742187796,-0.03509451052675162
2024-06-11,0.0122613860908647,0.00963536666825759,1.1416944690816657
2024-06-12,0.0139208254112169,0.01003488884949148,1.2616068142814836
2024-06-13,0.0054257030130454,0.010573672635984764,0.3938992532008089
2024-06-14,0.0005714043581531,0.01027847967703603,-0.0670660371619137
2024-06-17,0.0078032197362456,0.009923633300177377,0.6592825712319988
2024-06-18,-0.0003606250086311,0.009846486545545199,-0.16466444749328585
2024-06-20,-0.0059054941648677,0.009550611728413025,-0.7503430802960356
2024-06-21,-0.0043209052806987,0.009572186549871495,-0.5831109234822429
2024-06-24,-0.0087318269330308,0.009474111819275176,-1.0547234803416605
2024-06-25,0.0164732668196513,0.009783160275366853,1.5549704935136288
2024-06-26,0.0107188679406582,0.010739207259539791,0.8807099494346046
2024-06-27,0.0033604372518041,0.010799544808037097,0.1944244901970608
2024-06-28,-0.0073710855082484,0.010410964439323407,-0.8291092354312704
2024-07-01,0.015412608108359,0.010440033607319084,1.355538438142242
2024-07-02,0.0116922672102227,0.011106918971499758,0.9391916857274927
2024-07-03,0.0100076618281626,0.011211287051970591,0.7801887980813044
2024-07-05,0.0090803041567242,0.011142073764820128,0.7018049838507117
2024-07-08,0.0015805162626439,0.011005428636005763,0.02905611540258772
2024-07-09,0.0050614467029317,0.010572965954859834,0.3594739130928104
2024-07-10,0.0132874341537109,0.01026230010479514,1.171929564791246
2024-07-11,-0.0281799091377386,0.010680064324088925,-2.75659860301368
2024-07-12,0.0034087381072956,0.014181460553245,0.1514651358433545
2024-07-15,0.0066906821405923,0.013465023073966227,0.40326264965335085
2024-07-16,0.000497961302264,0.012921093641910922,-0.05903369923757973
2024-07-17,-0.0218293225909923,0.01230402220478586,-1.8766272902329608
2024-07-18,-0.0073339553338206,0.014021114479865673,-0.612982413366909
2024-07-19,-0.0084450909166476,0.013602557635418495,-0.7135299430392867
2024-07-22,0.0134577590381157,0.013315105900503676,0.9160285972275402
2024-07-23,0.0005495167309148,0.013289959779457863,-0.05351592774010533
2024-07-24,-0.0392363492236725,0.012638151577986072,-3.2043523320573284
2024-07-25,-0.0097912075185989,0.01804558357539676,-0.612446182777277
2024-07-26,0.00898602745694,0.017369388928861296,0.44476442035115865
2024-07-29,0.0019724859022896,0.016557646544396943,0.04298585805899325
2024-07-30,-0.0107553222882292,0.015616601465114033,-0.7694416466484779
2024-07-31,0.0253849747595572,0.015283783692470784,1.578420238523808
2024-08-01,-0.0205342749729399,0.016519605734696425,-1.3193423972162126
2024-08-02,-0.0221119250055937,0.017176571131715578,-1.360729454354167
2024-08-05,-0.0416652326076759,0.0179438233525359,-2.39224233444934
2024-08-06,0.0099318788090302,0.02208968470179463,0.3925423865459048
2024-08-07,-0.0072175514477899,0.02089437263783128,-0.40576919215943835
2024-08-08,0.0242414070308319,0.01979591906516903,1.1608789517191584
2024-08-09,0.0070142299727447,0.02008833622966008,0.28640941931809166
2024-08-12,0.00680088151633,0.01895010000401813,0.29235414362003953
2024-08-13,0.0236181430961688,0.017902531921633436,1.2488402163389483
2024-08-14,0.0017940458667453,0.01840767404956894,0.028971862885447806
2024-08-15,0.0202804857098672,0.017310930018605585,1.0987130345558458
2024-08-16,0.0033394682932746,0.017483219075689765,0.11889841488195245
2024-08-19,0.0128599155002304,0.016476772384534166,0.7039712615667817
2024-08-20,-0.0033970874997615,0.01601029680698173,-0.29092707112534594
2024-08-21,0.0017997349008964,0.01519308902392025,0.035476238038665224
2024-08-22,-0.0156950174574042,0.014369105720325116,-1.1800148906665384
2024-08-23,0.0146179450600478,0.014733419013597338,0.9065922709168447
2024-08-26,-0.0054737319703592,0.014635994799926751,-0.4601308842043369
2024-08-27,-0.0003599418669241,0.014039017365133672,-0.11544135055280215
2024-08-28,-0.0091283652484588,0.01332739996128337,-0.7795298810556254
2024-08-29,-0.0043497325748041,0.01313050059402572,-0.42728560063414467
2024-08-30,0.0107637125192373,0.012629234420348008,0.7524582207283366
2024-09-03,-0.0324664482999577,0.012443188199821828,-2.7104942090791333
2024-09-04,-0.0051403143191134,0.01631262931279862,-0.39239876383584654
2024-09-05,0.0065995378192259,0.015536547853975156,0.34362823783397617
2024-09-06,-0.0265326957555139,0.01478796776374435,-1.879462915911693
2024-09-09,0.0123448929498129,0.01676320793940129,0.6612190060363591
2024-09-10,0.0024283587541754,0.016225247038638882,0.07196300267439114
2024-09-11,0.0222753106195183,0.015315683367854055,1.3720947904606342
2024-09-12,0.009947273741322,0.016071275441344814,0.5405005044486969
2024-09-13,0.0018287571175353,0.015441395887489072,0.036785266275981214
2024-09-16,-0.0065524054424398,0.014595826973590737,-0.5353000357374647
2024-09-17,0.0029618174034305,0.014064441307219327,0.1209487179854175
2024-09-18,-0.0011943412482,0.013351610082120626,-0.18387913451942525
2024-09-19,0.0263092872371257,0.012718017215302255,1.9695323221332208
2024-09-20,-0.0035429468565494,0.01469385851663213,-0.3269180868492254
2024-09-23,0.0019242165310661,0.014003774279198012,0.047378318137453135
2024-09-24,0.0062743980121042,0.013286313102978318,0.3773550054935213
2024-09-25,0.0015770698346034,0.012741703329898204,0.024826239339599678
2024-09-26,-0.0003516986398003,0.012139344765054063,-0.13282758906257094
2024-09-27,-0.0016318094911682,0.011606344406282824,-0.2492215160997254
2024-09-30,0.0073291334039969,0.011154443403775052,0.5440336129906735
2024-10-01,-0.0159984746421391,0.010894030048225804,-1.5842820172036427
2024-10-02,0.0001547301369599,0.011935940315661711,-0.09266225298814738
2024-10-03,0.0008717434044831,0.011416229913944802,-0.03407410822927772
2024-10-04,0.0138266154740945,0.010942601105431044,1.1483443556867494
2024-10-07,-0.0125854115557271,0.011312415379022162,-1.2239784652484291
2024-10-08,0.0132365475101108,0.011781127967616661,1.0165245878737663
2024-10-09,0.0050090537382014,0.011950624019838603,0.3136499377637394
2024-10-10,0.0019925567744401,0.01149108741496015,0.06368548857666705
2024-10-11,0.0012148024209524,0.011011921275716059,-0.0041717367967458435
2024-10-14,0.00903144432922,0.010578276203666288,0.7345906763509923
2024-10-15,-0.0103721414985837,0.01051043915109396,-1.1067932166767824
2024-10-16,0.0029036624689871,0.010839073665153815,0.15157395009941677
2024-10-17,0.0005142519840518,0.010437336867378008,-0.07152104828795285
2024-10-18,0.0057145223785138,0.010066132463160014,0.4424520675316518
2024-10-21,0.006599045174483,0.009842889270326652,0.5423513126816539
2024-10-22,0.0044350486554141,0.009695416029254758,0.32740290748688183
2024-10-23,-0.0173276621443322,0.009459747410743579,-1.9649999725534149
2024-10-24,0.0120024724968391,0.011069033528928103,0.970430815899618
2024-10-25,0.0066840241489888,0.011211206755958231,0.48373765722993256
2024-10-28,0.0016587878205878,0.01090683876039699,0.03649513586759384
2024-10-29,0.0045247155474557,0.010484739982322931,0.31130712777021885
2024-10-30,-0.0011603331639941,0.010163381315839971,-0.23821544689678692
2024-10-31,-0.0301231662997555,0.009850959383326151,-3.185873206524173
2024-11-01,0.0075911703147499,0.01412229551697207,0.4482577955546153
2024-11-04,-0.0056401278838516,0.013556030728493618,-0.5090626659238634
2024-11-05,0.0132872857124368,0.013079502208461142,0.9194955788543423
2024-11-06,0.037297309018733,0.013069149381288659,2.757376682233508
2024-11-07,0.0127080630735874,0.017251632102015607,0.6635500773349307
2024-11-08,6.440283292251001e-05,0.01668815459991879,-0.07168788005022945
2024-11-11,-0.0007653757877838,0.015739243302313726,-0.12873027038263818
2024-11-12,0.0027644180632819,0.014881796995756712,0.10104134638911377
2024-11-13,0.0006959020634902,0.014092911439521166,-0.040079666793830696
2024-11-14,-0.0032129286479642,0.013366889327650225,-0.33468294652902636
2024-11-15,-0.0178234161813765,0.012792186449037474,-1.491860481829799
2024-11-18,0.0050078124504728,0.013731795788046714,0.27287554010913756
2024-11-19,0.0102325799918838,0.013096358978440761,0.6850635927521592
2024-11-20,-0.0018385422793459,0.012810988985259827,-0.24192383125557848
2024-11-21,-0.005885915594319,0.012244909519979929,-0.583643091914973
2024-11-22,-0.0021628198479244,0.01192749494320154,-0.2870310255731395
2024-11-25,0.0004509959259747,0.011459150919829166,-0.07066364147148739
2024-11-26,0.0099240735446767,0.010983770566940452,0.7887393708505616
2024-11-27,-0.0058227295178771,0.010937479404338514,-0.6476328333206742
2024-11-29,0.0087706117952242,0.010770977173076783,0.697232053917518
2024-12-02,0.0094884626621999,0.010657404909412865,0.7720192179985407
2024-12-03,0.0055635636518131,0.010617164441662198,0.40527039185599034
2024-12-04,0.0108574219716095,0.01032331761173922,0.9296120757299383
2024-12-05,0.0014042344592134,0.010457657716374231,0.013721351851815769
2024-12-06,0.0029474836679498,0.010081384118903264,0.16731258227189985
2024-12-09,-0.0010851585929128,0.00976099212865032,-0.2403341607220769
2024-12-10,0.0025892554932178,0.009491271573469918,0.13997220760072873
2024-12-11,0.0141807379779524,0.009229959817262148,1.3997890538643365
2024-12-12,-0.0065987523094592,0.009957639104434224,-0.7892928720524196
2024-12-13,-0.0051821598142911,0.009981227086416349,-0.6455019023863856
2024-12-16,0.007099394040713,0.00988939318886854,0.5903954541056968
2024-12-17,-0.0009975148710387,0.009767730333929641,-0.23119558505167673
2024-12-18,-0.0290120555848225,0.009494911792877016,-3.18831785943225
2024-12-19,0.0036689292528643,0.013636479553369505,0.17659895175276932
2024-12-20,0.0109847423380348,0.012975224741591174,0.7494283354279039
2024-12-23,0.0108167039536191,0.012764977043041479,0.7486079029564044
2024-12-24,0.0126445416516754,0.012566559137920924,0.9058804616756548
2024-12-26,-0.0016029690537926,0.012561664301783813,-0.22797220520589087
2024-12-27,-0.0151373066235519,0.012013525296568546,-1.3649655265117635
2024-12-30,-0.0097602192455592,0.01270445236083843,-0.8674880420404872
2024-12-31,-0.0093353675031105,0.012645440074408675,-0.8379391068165074
2025-01-02,-0.0036012788926807,0.012554093332131793,-0.3872856463777986
2025-01-03,0.0177012645085303,0.012077268629725198,1.361278262033922
2025-01-06,0.0137870900941624,0.012762510674469622,0.9814956598688047
2025-01-07,-0.01857897790079,0.012848563035035055,-1.5441196890915239
2025-01-08,-1.5800722626767294e-05,0.013894147195684206,-0.09187623844696703
2025-01-10,-0.0153817696462392,0.013191594659223083,-1.2615996272099321
2025-01-13,-0.0010034264425358,0.013708139120918178,-0.16516958871696355
2025-01-14,-0.0044778036171605,0.01303737377829915,-0.4401611070516013
2025-01-15,0.026782952472788,0.012552087333971874,2.0333041458030388
2025-01-16,-0.0190247268570009,0.014660447003489141,-1.3836868760082277
2025-01-17,0.0154976415344366,0.015428001653282222,0.922796133695423
2025-01-21,0.0024064259386492,0.015328439255578663,0.07474242233050987
2025-01-22,0.0136944231255368,0.014496489577367416,0.8577029494649285
2025-01-23,0.0032639588489196,0.014339263955629556,0.1397015632724976
2025-01-24,-0.0062546015686581,0.01360602971038417,-0.5523538450796956
2025-01-27,-0.0270540507178259,0.013161324037103463,-2.151363487149472
2025-01-28,0.0278733294569324,0.01565240608267661,1.7002234709617496
2025-01-29,-0.008707435124593,0.01722314465384547,-0.5787663393112444
2025-01-30,-0.0042756450951014,0.016557767214790374,-0.3343679302543368
2025-01-31,-0.0052910991404969,0.01572261158606143,-0.41671451099424717
2025-02-03,-0.0157977848384365,0.015009678618674386,-1.1365017552976917
2025-02-04,0.0147610198680543,0.015287136090865181,0.8831136538373732
2025-02-05,-0.0037739977751622,0.015132030168879937,-0.3327206579099783
2025-02-06,0.0081547597609589,0.014409452654124246,0.47843722230799196
2025-02-07,-0.015190678787558,0.013843983439373445,-1.1883443892969392
2025-02-10,0.0061966226843869,0.014227979553242587,0.34691372782587593
2025-02-11,0.0010920678344092,0.01358754719912386,-0.012413824309868763
2025-02-12,-0.0021133998350272,0.01290626523088005,-0.2614343524488608
2025-02-13,0.0151741382368994,0.012338876466684197,1.1276064734358384
2025-02-14,0.0043835336507857,0.012647048071596743,0.24691867817422325
2025-02-18,-0.0025403301303298,0.012097633749852142,-0.3141995754762728
2025-02-19,0.0036713858970273,0.01162494608114285,0.20736824257589467
2025-02-20,-0.0056801065052593,0.011158544377423703,-0.6220208952561412
2025-02-21,-0.0233637342150415,0.010954835754162178,-2.247817861059839
2025-02-24,-0.0106306817657504,0.013325753004103385,-0.8923640577931965
2025-02-25,-0.0151590356060547,0.013268659648626393,-1.2374857219203519
2025-02-26,-0.0013207719813056,0.013742699799300529,-0.1878461493845748
2025-02-27,-0.0254674405441888,0.013075205938485943,-2.0441882084363554
2025-02-28,0.0200767796692307,0.015278529066255557,1.2315346804324887
2025-03-03,-0.0319235512009221,0.01573734948990343,-2.1086328724130596
2025-03-04,-0.004279074153,0.018498682866819424,-0.2994708029228279
2025-03-05,0.0118925107043762,0.017490394029250032,0.6078633465006565
2025-03-06,-0.0197674730014791,0.016842487768077032,-1.2485218661982225
2025-03-07,0.0039512532896072,0.017341105937554755,0.15515227466774892
2025-03-10,-0.0445907936648044,0.016356498927902276,-2.803260962205562
2025-03-11,-0.0028203261629872,0.021669575568760955,-0.18833167304908707
2025-03-12,0.0136666131479223,0.02035358274928531,0.609517844725236
2025-03-13,-0.0192784676540894,0.019536169736913772,-1.0513426730430966
2025-03-14,0.0275912604610542,0.019571105997029013,1.3453771701461392
2025-03-17,-0.0041438083775124,0.020349227142559125,-0.2655899213169771
2025-03-18,-0.0159800913594665,0.019177602681603935,-0.8990087501471651
2025-03-19,0.0150263523140383,0.018903210299998228,0.7282155166997437
2025-03-20,9.149351780417496e-05,0.018342633271435333,-0.06374481368265959
2025-03-21,0.0107725303712334,0.017254711713476367,0.5512574925064252
2025-03-24,0.0235670111550093,0.016556568150770622,1.3472761802892035
2025-03-25,0.0091105303862269,0.017279230335323997,0.4542904386220475
2025-03-26,-0.0213493145201337,0.016482528377622464,-1.3717589474301444
2025-03-27,-0.0044576948146522,0.017261615098181173,-0.3312804763788248
2025-03-28,-0.0279141778757151,0.016369634550457285,-1.782258427573832
2025-03-31,0.001009574740802,0.018226119221999373,-0.013780581278981699
2025-04-01,0.0105403720257394,0.01714366150751388,0.5412863969304962
2025-04-02,0.0060857922877535,0.016442129930266367,0.29345656858789704
2025-04-03,-0.0645084250896823,0.015591550247054274,-4.218257024201253
2025-04-04,-0.0607837305741899,0.02632964441924904,-2.356449287517597
2025-04-07,0.0012192630869938,0.03208191270900395,-0.0012928833615251404
2025-04-08,-0.0181307398111229,0.029922387880664595,-0.6480592774413757
2025-04-09,0.1188353049222503,0.028656828047727335,4.10284639557076
2025-04-10,-0.0423459920378063,0.04730520161293939,-0.9218168786753405
2025-04-11,0.0257834210570002,0.046340848215839815,0.5291806417664341
2025-04-14,0.0008695889703943,0.04389086789378965,-0.008911928756875171
2025-04-15,-0.0040411817064517,0.04085918370955871,-0.1297608636110008
2025-04-16,-0.0343950259667205,0.038090105416983294,-0.936090011684866
2025-04-17,-0.0160454072513463,0.03740451208784746,-0.46267542452746374
2025-04-21,-0.0298329030132061,0.03531917135370369,-0.8803616585440271
2025-04-22,0.0271736687238062,0.03449722672277469,0.7511597286908165
2025-04-23,0.0267351076332421,0.03328707311197152,0.7652930700578539
2025-04-24,0.0244465508489345,0.03216783516149287,0.7207761875921432
2025-04-25,0.0167600337217621,0.030972531651427132,0.5004205867978105
2025-04-28,-0.0036368066532724,0.02935029949231999,-0.16686534707065256
2025-04-29,0.0027104148228298,0.027444436597386986,0.052822128796284035
2025-04-30,-0.0041252478776467,0.025639639142484964,-0.2100649352300467
2025-05-01,0.0215494287236613,0.024035140690578317,0.8441260122714078
2025-05-02,0.0068850363767963,0.023474277329866903,0.23959396234529434
2025-05-05,-0.0106122581447764,0.02205026281055068,-0.5384516050863822
2025-05-06,-0.0068662253938888,0.021031296051217733,-0.38642253108121766
2025-05-07,-0.0027237992103199,0.019904506227234425,-0.20018283412673704
2025-05-08,0.0102229585195295,0.01873142443602463,0.4784589283104397
2025-05-09,0.0014592860300908,0.01785650131330309,0.011118906692080332
2025-05-12,0.0455847535667296,0.0168046119628547,2.637609985078099
2025-05-13,0.0073375033555848,0.02161543810556403,0.28113064689072426
2025-05-14,0.0121336119900428,0.020358738744403394,0.5340640630250523
2025-05-15,-0.0108406953301154,0.01944001406330131,-0.6225014317814491
2025-05-16,0.0060915080417891,0.0186941859340731,0.258410117492364
2025-05-19,0.0008314432080279,0.017645915318008326,-0.024328465958076896
2025-05-20,-0.0055005589118205,0.016612045476485898,-0.4070118986570433
2025-05-21,-0.0149608961528953,0.01582442448856408,-1.02510125551545
2025-05-22,0.0030480694005728,0.015884157675181844,0.11252268952380348
2025-05-23,-0.0130454276986172,0.01501072160467535,-0.9530633725364988
2025-05-27,0.0246994983179365,0.01497395592214605,1.5653015930900451
2025-05-28,-0.0041664704417498,0.016162271511538814,-0.33579510751420644
2025-05-29,0.0059004684543302,0.015359134373207683,0.30208259680848415
2025-05-30,-0.0046162238230613,0.014600907270409145,-0.40250684237362383
2025-06-02,0.0053584514695456,0.013964893268082432,0.2934293970416501
2025-06-03,0.0041726385295306,0.013318708322553347,0.21863210762402094
2025-06-04,0.0005551352558141,0.012698847980158327,-0.055564568016686786
2025-06-05,-0.0123650647183919,0.012102345364076627,-1.1258814359222082
2025-06-06,0.0184412792852024,0.012413205881440277,1.384053256761726
2025-06-09,0.0050330281366153,0.01314228643643509,0.28703429169037176
2025-06-10,0.0089343436110171,0.012564469476642833,0.610738270098952
2025-06-11,-0.0058966875873106,0.012246044638937486,-0.5844686228477425
2025-06-12,0.0040359201298515,0.011929211484994937,0.2326372430567656
2025-06-13,-0.0090449586094127,0.011441371585347615,-0.9007398973696353
2025-06-16,0.012822492803987,0.011485324126926814,1.006654354554943
2025-06-17,-0.0065912249148712,0.0116535873147402,-0.6737810393440572
2025-06-18,0.0022681779839919,0.011455843871107927,0.08794085684002034
2025-06-20,-0.0041708803079053,0.010982594394009592,-0.4945663448164058
2025-06-23,0.0068320901618362,0.010704729190041522,0.5204567817444633
2025-06-24,0.0070097778011921,0.01046713282885449,0.5492465450713205
2025-06-25,0.0084580036337738,0.010268491626158201,0.7009074592122322
2025-06-26,0.0091765244790802,0.010195690923713223,0.7763851690059014
2025-06-27,0.0082823980616604,0.010191279376714091,0.6889867840894355
2025-06-30,0.0017115740571256,0.01011504537368159,0.044570516723281536
2025-07-01,-0.0042936208803419,0.00977612929941885,-0.5681555519947201
2025-07-02,0.009720025718398,0.009650392490628337,0.876574136074961
2025-07-03,0.0102920813182485,0.009772629999453252,0.9241463209609493
2025-07-07,-0.012498496183416,0.00993249456020926,-1.3852751046729286
2025-07-08,-0.0022191627305865,0.01064121611008526,-0.3270212683143967
2025-07-09,0.0082300217346207,0.010310525975790312,0.6759384043882712
2025-07-10,0.0057723259157679,0.010214838094455853,0.4416697177095159
2025-07-11,0.0032126712760701,0.009977061968466757,0.19564176549149906
2025-07-14,-0.0020564760481422,0.009673555159404004,-0.34291604809412696
2025-07-15,0.0033768683709914,0.009445825005049318,0.2240277701226774
2025-07-16,0.0014248645849904,0.009205882212639176,0.017828093284084644
2025-07-17,0.00366326822123,0.00896642129943483,0.2679471422160659
2025-07-18,0.001438415216906,0.008790592916104683,0.020211828765193042
2025-07-21,0.0047839689217807,0.008599334755883526,0.4097093279487685
2025-07-22,-0.0027400425653789,0.008511282386416949,-0.4700565251958829
2025-07-23,0.0074654447437939,0.008457986248255594,0.7335911059127589
2025-07-24,0.0001053664073444,0.008557654712788826,-0.1350106880416833
2025-07-25,0.0034627383520478,0.008402692545924578,0.26205851063474006
2025-07-28,0.005234043230206,0.008290016497056159,0.4792875832606333
2025-07-29,-0.0083592733313798,0.008264728752803749,-1.1639843093770565
2025-07-30,0.0019992920501547,0.00874043379740826,0.08449818500227349
2025-07-31,0.0016780122414755,0.008558411216416303,0.048755659524041
2025-08-01,-0.0294861047931529,0.008395750014046742,-3.662191704118419
2025-08-04,0.0152810300159525,0.013121381998623277,1.0685070184895435
2025-08-05,-0.0032453359875779,0.013321666071119762,-0.33825177884377877
2025-08-06,0.0156927654699147,0.01275267309569939,1.131686204411565
2025-08-07,0.0044852007367833,0.01305852304624609,0.24692374989291435
2025-08-08,0.0164076830014351,0.012471978325433402,1.214477875767762
2025-08-11,-0.0018193394516851,0.012912934069272046,-0.23852678975227737
2025-08-12,0.0113116765546463,0.012336429250811874,0.8147361843658014
2025-08-13,0.0010840854854198,0.012235405360774944,-0.014438080922738164
2025-08-14,0.0043807848320475,0.011680955747448752,0.2671051617148519
2025-08-15,0.0013968921211029,0.011228151422814144,0.012125848488744624
2025-08-18,0.0005376735237972,0.010772702662590408,-0.06712036496235235
2025-08-19,-0.0128311849143921,0.010366327037370188,-1.3593943275889764
2025-08-20,-0.0091210242482829,0.011038751627079157,-0.9404836576770662
2025-08-21,-0.0026852840621786,0.011147931514938226,-0.353969282555432
2025-08-22,0.0194394517233608,0.010780286732015119,1.6862919249849626
2025-08-25,0.0010771273225949,0.011996956100147995,-0.015305043547171769
2025-08-26,0.0037080806513377,0.01146557181842348,0.21345114155266232
2025-08-27,0.0032546569673014,0.011016235700311731,0.18099791647557104
2025-08-28,0.0048479168272962,0.010602801751381287,0.338323365207475
2025-08-29,-0.0076818085600725,0.01028038250821033,-0.8698654754404117
2025-09-02,-0.0093590309648724,0.0103568421433356,-1.0253870896204749
2025-09-03,0.0158403507778852,0.010594240974135081,1.3761825462851822
2025-09-04,0.0111822558095505,0.011292273310001289,0.8786109119960891
2025-09-05,-0.0100882847611909,0.011319561559825586,-1.0026029682643416
2025-09-08,0.0016844086147825,0.01148946520986054,0.036874419209496814
2025-09-09,0.0097575085657455,0.011008680373579683,0.7718243258289315
2025-09-10,-0.0030972044057325,0.010944700180926963,-0.3981786245244204
2025-09-11,0.0085709601305595,0.010616830162411222,0.6885500437126781
2025-09-12,0.0102169335631357,0.010507608994185522,0.8523530243607764
2025-09-15,0.0123265821839998,0.01055304551244254,1.0485921730188197
2025-09-16,0.0001352282495879,0.01080938544913514,-0.1041236815774134
2025-09-17,-0.0030439157129357,0.010403160417701632,-0.4137835809733577
2025-09-18,0.0026848279297027,0.010133665944349833,0.14053025621547613
2025-09-19,0.0118688168596381,0.00980300624769717,1.0821247414780415
2025-09-22,0.0103676667346206,0.01012801841122002,0.8991813706016364
2025-09-23,-0.0102839301557467,0.010242451160291231,-1.127139513112369
2025-09-24,-0.001303802684703,0.010604796344472818,-0.2418286838842317
2025-09-25,-0.001674065420231,0.010248422277607217,-0.2863666815120138
2025-09-26,0.0046131414364074,0.009941935571263662,0.3371979383930088
2025-09-29,0.0022669386246084,0.009684616855734844,0.10389645573550978
2025-09-30,0.002261967332377,0.009397252575016368,0.10654455291514639
2025-10-01,0.0019440484386984,0.009141985902367025,0.0747438453586224
2025-10-02,9.054848733355987e-05,0.008912552217795624,-0.13129715733626765
2025-10-03,-0.0005758783690377,0.008715433051429017,-0.2107318840430693
2025-10-06,0.0066282800090189,0.008554599241616946,0.6274447930611864
2025-10-07,-0.005596973159296,0.008578173650794836,-0.7994375838733168
2025-10-08,0.0063414933136507,0.00871431319879065,0.5830352822543285
2025-10-09,-0.0008607037391331,0.008696836415470694,-0.24393295399927967
2025-10-10,-0.0339494058300054,0.00854551861381917,-4.120305469957947
2025-10-13,0.0188178350303747,0.014379515696396318,1.2209794921419745
2025-10-14,-0.0109563437321476,0.014819472253565915,-0.8243940662157557
2025-10-15,0.005285172866864,0.014601250798306662,0.27562238771965675
2025-10-16,-0.0053038482888556,0.01389271233169893,-0.472520368252237
2025-10-17,0.007604768157598,0.013362215193528346,0.4747735916219488
2025-10-20,0.015937642116334,0.012874773407728317,1.1399735275638132
2025-10-21,-0.0025349077745578,0.013191274826356632,-0.2877393642891234
2025-10-22,-0.0056430554376427,0.012609459091332355,-0.5475093456252607
2025-10-23,0.0061357703959486,0.01223549630333392,0.39843329742816247
2025-10-24,0.0113430762593989,0.011792358942300551,0.8549888152650467
2025-10-27,0.0205575905407175,0.011766374084410926,1.63999964170291
2025-10-28,0.0118993318850911,0.012950823352213446,0.8214605618207022
2025-10-29,0.0069134002931726,0.012823772071964364,0.4407953450287381
2025-10-30,-0.0163924502518784,0.012356409555550237,-1.4286667523164231
2025-10-31,0.0060977283131622,0.013165047224251818,0.36741129542707873
2025-11-03,0.0053000013122288,0.012625042946595054,0.31994030207849755
2025-11-04,-0.01394645413493,0.012107664741198697,-1.255997396535578
2025-11-05,0.0008401742072847,0.012618190530219923,-0.03333021877021403
2025-11-06,-0.0147807955014362,0.01202786313102352,-1.3336979798349524
2025-11-07,-0.0023468652215845,0.01266598875847257,-0.28482628151019496
2025-11-10,0.0211478847397028,0.012129537066141761,1.6395632721280313
2025-11-11,0.0014112402935461,0.013332598515855007,0.011288049754588702
2025-11-12,-0.0036040414271816,0.012674744010025133,-0.3838170365788024
2025-11-13,-0.0213280489708089,0.012185637503559244,-1.853722484552181
2025-11-14,-0.0003662777124554,0.01384085171794749,-0.11755193999273983
2025-11-17,-0.0070283700878662,0.013147425441141438,-0.6304741094076687
2025-11-18,-0.015336385005707,0.01280548235743291,-1.2960953598295666
2025-11-19,0.0055923729934971,0.01338230024984612,0.32368364589680576
2025-11-20,-0.0151970748405115,0.012800704209331356,-1.2856961483927882
2025-11-21,0.0066703405427818,0.013359394216269662,0.4049284868061291
2025-11-24,0.0197347581505189,0.012825193171776444,1.4404474571994967
2025-11-25,0.0049652972316127,0.013666340673974382,0.27107153713256477
2025-11-26,0.0066072782145476,0.013035810778572679,0.41014226481368365
2025-11-28,0.0058214663195229,0.012531612845881262,0.3639375966582538
2025-12-01,-0.0001089254501158,0.01204413813166065,-0.11372060775826745
2025-12-02,0.0046815368406964,0.01151698274934962,0.29702185520321317
2025-12-03,-0.0003520642594413,0.011090800258078508,-0.14541831788988446
2025-12-04,0.0022320888252812,0.010662569247372964,0.09109882849101747
2025-12-05,-0.0001591177744501,0.010269863969117488,-0.13825490160930384
2025-12-08,-0.0023118870553685,0.009924483771797972,-0.35998127415572734
2025-12-09,-0.0030790882423208,0.00967783845075424,-0.4484296284284172
2025-12-10,0.003280655962924,0.00949511437675995,0.21273200349505314
2025-12-11,-0.0011962199696386,0.009247161430769715,-0.2656989656960342
2025-12-12,-0.0076562440573298,0.009039668374702525,-0.9864283672645693
2025-12-15,-0.0031177421706468,0.009302204659465036,-0.47069308718475095
2025-12-16,3.872676089726815e-05,0.009167476470738307,-0.13329889650052076
2025-12-17,-0.0141338992357122,0.008941436950840712,-1.72171884435263
2025-12-18,0.0111635287072285,0.010116572957214192,0.9788677935669496
2025-12-19,0.0099101063840805,0.010313754085205525,0.8386243315948686
2025-12-22,0.0043476578067993,0.010358056682105266,0.29802082025590093
2025-12-23,0.0104242136376382,0.010044513015253036,0.9122863762117576
2025-12-24,0.0024770381930485,0.010176840277036962,0.11951616629493352
2025-12-26,-0.0001685141286545,0.009838452535045315,-0.14527237710448437
2025-12-29,-0.0050651449714475,0.009540084090890537,-0.6630849549459444
2025-12-30,-7.925023386106983e-05,0.009497634923634243,-0.1410868603369626
2025-12-31,-0.0058448913166461,0.009235788543499936,-0.7693585167438847
2026-01-02,-0.0024523048082833,0.00929668446200253,-0.3993946531799008
2026-01-05,0.0065848546470889,0.00913023760641588,0.5831297736661788
2026-01-06,-0.0020953298645552,0.009072912617784153,-0.3699000821542151
2026-01-07,-0.0013690080748168,0.008918330254488687,-0.2948701447375077
2026-01-08,0.0008136336193937,0.008755471680447826,-0.05106608245286501
2026-01-09,0.0035478201590759,0.008569444198545178,0.266887658982948
2026-01-12,-0.0018813760536899,0.008438505845943842,-0.37235469989529046
2026-01-13,-0.0063976690651136,0.008354514877038541,-0.9166792370318313
2026-01-14,-0.0107230538516739,0.00859948749534966,-1.3935475941206432
2026-01-15,0.0016429251030099,0.009321401030133009,0.041000686874564554
2026-01-16,-0.0021688910965432,0.009069538281227812,-0.37814850638902403
2026-01-20,-0.0267005971726316,0.00891844987421376,-3.1352240383856853
2026-01-21,0.008226985784251,0.012726954304847334,0.5473614785790959
2026-01-22,0.0123949934207221,0.012343878286209482,0.9020059906958137
2026-01-23,0.0077176304149204,0.01234465442763911,0.5230514304493247
2026-01-26,0.0074460346358181,0.011972817471937357,0.5166113483459016
2026-01-27,-0.0007774681817458,0.011626194631075342,-0.1753118285530072
2026-01-28,0.0031623827433333,0.011151490614575795,0.17052800839975113
2026-01-29,-0.0076413980883901,0.010722261197188,-0.830248320089976
2026-01-30,-0.0029978801461466,0.01073277693775886,-0.3967865380026269
2026-02-02,0.0020235825771579,0.010423962530382375,0.07318151008249489
2026-02-03,-0.0092903630475206,0.010054302648625517,-1.0494118462909183
2026-02-04,-0.0063359402854972,0.010331973903054237,-0.7352594591235578
2026-02-05,-0.0202435373043135,0.010282560973837042,-2.091334893823648
2026-02-06,0.0149259851653184,0.012223356931670964,1.117961619182559
2026-02-09,0.0080110721944211,0.012519828988016063,0.5391711773971769
2026-02-10,-0.0056917879064365,0.012146326865767358,-0.5723976673287425
2026-02-11,-0.0044072800057994,0.01182747013153621,-0.47922515981060293
2026-02-12,-0.0224888143674264,0.011467716675706018,-2.070992534710962
2026-02-13,-0.0093510323184307,0.013521791802338912,-0.7847904872145952
2026-02-17,0.0054548541357315,0.013320220589191691,0.31486812470609676
2026-02-18,0.0083200733595246,0.012739647848084448,0.5541230170223957
2026-02-19,-0.0028202656326301,0.012360986859414468,-0.33015219069366347
2026-02-20,0.0110759156392269,0.011871818763339785,0.826762484902062
2026-02-23,-0.0131607807796919,0.011810366515943575,-1.2210901345326186
2026-02-24,0.0078090430612404,0.012268675038918488,0.5337415639689543
2026-02-25,0.0155151491772143,0.011910736227156118,1.196769674621247
2026-02-26,-0.0116420576577837,0.012330738723965857,-1.0463930186799895
2026-02-27,-0.0147855532054674,0.01252162032236901,-1.28148706401383
2026-03-02,0.0049993623346427,0.013072987758203602,0.28598061481052456
2026-03-03,-0.003643884101913,0.01250082167740476,-0.3923442383726892
2026-03-04,0.0078261354992855,0.012031399717420167,0.5456883151873299
2026-03-05,-0.0020111310703161,0.011701082484229464,-0.2796213369888685
2026-03-06,-0.0147891215614148,0.011250968251366194,-1.4265316958482266
2026-03-09,0.0093456866538519,0.01203544793562943,0.6717610710421724
2026-03-10,0.0006316820911687,0.011808909091902256,-0.05326987972189903
2026-03-11,0.0028061882300428,0.011297635721315305,0.13679383988154487
2026-03-12,-0.015871043758481,0.010847236763188326,-1.5793685885756064
2026-03-13,-0.0110379972666898,0.01187882031511691,-1.0353501609229392
2026-03-16,0.0128907096138531,0.012069582699444317,0.9635766741336773
2026-03-17,0.0044108951944191,0.012159557845992533,0.2590681319317984
2026-03-18,-0.0131514732408135,0.011659215456491059,-1.2361221518494996
2026-03-19,-0.0068777276406271,0.012142073493160821,-0.6702701069428028
2026-03-20,-0.0158456570396786,0.011906733006048185,-1.4366995790642445
2026-03-23,0.0115232999851818,0.01272052915737198,0.8067713693414338
2026-03-24,-0.0076252852777987,0.012588992918646583,-0.7058568221750332
2026-03-25,0.0059538301281821,0.012357518820622132,0.37977598401138063
2026-03-26,-0.0207781536873016,0.011893585562385824,-1.8530068018463752
2026-03-27,-0.0233413679372261,0.013520337823920101,-1.8196371655626362
2026-03-30,-0.0013648407877984,0.015219504115980468,-0.17251429651920877
2026-03-31,0.0372940723011465,0.014418437617522643,2.4991148138834562
2026-04-01,0.0069646024806119,0.018154746240628013,0.3141801679224913
2026-04-02,-0.0005529355863214,0.01718253668145523,-0.10555349760551004
2026-04-06,0.0062535740688875,0.016198046445218557,0.3082367264245093
2026-04-07,0.0028291233287086,0.015375421686481034,0.10200579226691646
2026-04-08,0.0190587880027824,0.014543699704981363,1.223763354969796
2026-04-09,0.0102071370518341,0.014988397434429921,0.5968880817866569
2026-04-10,0.0037204258616793,0.01448863283098001,0.169766508146908
2026-04-13,0.0103571609588527,0.013750044305441057,0.6615556647415284
2026-04-14,0.0180117693866367,0.013398185188446701,1.2502460514532963
2026-04-15,0.0179535203895404,0.013894308258694942,1.2014113132226663
2026-04-16,0.0034030787784033,0.014301069548920908,0.1498026083247583
2026-04-17,0.012408768207535,0.013573639010764528,0.8212997959171391
2026-04-20,-0.0014351581475228,0.013413616017307402,-0.20098230053592495
2026-04-21,-0.0040449842337703,0.012779534605227183,-0.41517360810160364
2026-04-22,0.0165036862728328,0.012299797383660313,1.2392842369046781
2026-04-23,-0.0111649266001312,0.012782208480651007,-0.972106492949294
2026-04-24,0.0127635901017986,0.012854693762001714,0.8948364742581172
2026-04-27,0.0054003253985247,0.012822459865836723,0.32283853361185
2026-04-28,0.002272708017369,0.012289043991130216,0.08234706946758653
2026-04-29,-0.0029626238118557,0.01173409861698342,-0.35992241141421466
2026-04-30,-0.0041501113805825,0.011315346437325045,-0.4781870947296248
2026-05-01,0.0093364240943601,0.010998565996221059,0.7342487046941947
2026-05-04,-0.0025128724829814,0.010900739069454912,-0.34617962296672705
2026-05-05,0.0039811129783619,0.010552977329941333,0.25778239023620175
2026-05-06,0.016672568207812,0.010206607076018774,1.5099853295893133
2026-05-07,0.0023844915738078,0.011104330484829575,0.10119928591839583
2026-05-08,0.0065730720138982,0.010667809301955093,0.4979776639598754
2026-05-11,-2.2809556288955592e-05,0.010419676500115205,-0.12318528453507525
2026-05-12,0.001540611974659,0.01005630317166112,0.027830377797927658
2026-05-13,0.012506537349805,0.009722991340374283,1.1566189558316446
2026-05-14,0.0060347853606273,0.010137210652087659,0.4709425764475911
2026-05-15,-0.005303403434343,0.009922040815180047,-0.6615720308710561
2026-05-18,-0.0030038415037228,0.009846689391446568,-0.4330981299733541
2026-05-19,-0.0097779423194636,0.009640045532838587,-1.1450862488150868
2026-05-20,0.0090712403810499,0.010043361476378807,0.7776777865935031
2026-05-21,-0.0001100852397715,0.010050857730235565,-0.13638900626250777
2026-05-22,0.0003788706432982,0.00972832719105531,-0.0906497692279313
2026-05-26,-0.0024392576448392,0.009434758828365367,-0.3921667707982549
2026-05-27,0.0017033975892403,0.009251064122260101,0.047849233909642686
2026-05-28,0.0072952208895211,0.009007489080066022,0.6699402661208329
2026-05-29,0.0007510939451901,0.009015822907254181,-0.05652809712367
2026-06-01,-0.000314740002262,0.008799667145205482,-0.17903873344363685
2026-06-02,-0.0054983914230892,0.00862299717908538,-0.7838495758324366
2026-06-03,-0.013980854185894,0.008743954011204522,-1.743101052968092
2026-06-04,0.0142454134753167,0.00994058901510103,1.3062276488294753
2026-06-05,-0.0263297785240769,0.010540097851429618,-2.6176720720363904
2026-06-08,-0.002043710599803,0.013672393882242504,-0.24168787751470094
2026-06-09,-0.0122166425894446,0.013029443874650014,-1.0343790554105896
2026-06-10,-0.0163852366567912,0.013181377714044842,-1.3387051261060876
2026-06-11,0.0070680398540805,0.013837220743449119,0.41968677840805896
2026-06-12,0.0001798581455447,0.01327364211042217,-0.08143078618548767
2026-06-15,0.0189487491054039,0.012626234820417803,1.4008933065825422
2026-06-16,0.0003891130339293,0.01338918636754327,-0.06509941681929138
2026-06-17,-0.0206299429961185,0.012729297465018876,-1.7197087517529555
2026-06-18,0.0079451751433376,0.014136406142052969,0.4728524221804563
2026-06-22,-0.0147065924648088,0.013587393828702131,-1.1751579386195783
2026-06-23,-0.0074981758718378,0.013951143841584447,-0.6278278848986631
2026-06-24,-0.0080887321626563,0.013551920141334528,-0.689900274152352
2026-06-25,-0.0234640773353365,0.013242280816003928,-1.8671117866339573
2026-06-26,0.0131908761768961,0.015029265753130351,0.7937935967543904
2026-06-29,0.0106707122064926,0.014759297034824849,0.6375622718445476
2026-06-30,0.0115465285484001,0.01431701412922138,0.7184310357887669
2026-07-01,0.0164253873544256,0.013992137453766129,1.0837976789745376
2026-07-02,0.0036717847693283,0.014195591225416632,0.16984452939658132
2026-07-06,0.0091285923446557,0.01348276179692773,0.5835489200964261
2026-07-07,0.0042248960211844,0.013074260216487136,0.22671682481164904
2026-07-08,-0.0025750734210464,0.01247909199355705,-0.3073793094215511
2026-07-09,0.0064676863835716,0.011969031945387731,0.43503477550972064
2026-07-10,0.0075195951630685,0.011569923208802345,0.540958984080864
2026-07-13,-0.0029885436273929,0.011273194751277329,-0.3769370599272758
2026-07-14,0.0068387927880816,0.010904656465781903,0.5115293221243591
2026-07-15,0.0200450394490475,0.010644098828282595,1.7647617232747113
2026-07-16,-0.0063405954094449,0.011994741262608188,-0.6337224372885895
2026-07-17,-0.011617732093823,0.011737594496784097,-1.097198693948122
2026-07-20,-0.000555639380874,0.012016821467693862,-0.15115316840633344
2026-07-21,0.0053589087418807,0.011499150791653241,0.35638870713080983
2026-07-22,-0.0038945313854105,0.011100110406067152,-0.4644343574036777
2026-07-23,-0.0296417374234273,0.010793899248172584,-2.8629578589776337
2026-07-24,0.0042429532709895,0.014592281864823637,0.20436913434610177
2026-07-27,-0.0016283705571535,0.013855596925445841,-0.20851586769161937
2026-07-28,0.0065592937675821,0.01318463845220311,0.40187317450146365
2026-07-29,-0.0140895850537331,0.012663024057240808,-1.2122164691850874
2026-07-30,0.0251613079297093,0.01309847568226528,1.8246830586499745
2026-07-31,0.0152118330726815,0.014771521941152485,0.9444586597182992
