Date,Portfolio Return,Portfolio P&L,Portfolio Value
2020-01-03,-0.009045251511430735,-9045.251511430717,990954.7484885693
2020-01-06,0.009245724179919312,9162.094279306708,1000116.842767876
2020-01-07,-0.0009130844507751548,-913.1911380897509,999203.6516297862
2020-01-08,0.009735081866819536,9727.32935024111,1008930.9809800274
2020-01-09,0.009289575991217444,9372.54101770767,1018303.521997735
2020-01-10,-0.0014267532638405846,-1452.867873590556,1016850.6541241445
2020-01-13,0.017094528552888705,17382.58254094876,1034233.2366650932
2020-01-14,-0.006697134739746154,-6926.3993382699555,1027306.8373268233
2020-01-15,-0.00228491768099964,-2347.3115564198233,1024959.5257704034
2020-01-16,0.009432645863477637,9668.080230990308,1034627.6060013938
2020-01-17,0.004461030249212355,4615.505047042156,1039243.1110484359
2020-01-21,0.0008770916226846354,911.5114266331075,1040154.622475069
2020-01-22,0.00274524702289712,2855.4813807023456,1043010.1038557714
2020-01-23,0.00269736722867441,2813.3812733165687,1045823.4851290879
2020-01-24,-0.011034838988703355,-11540.49376900401,1034282.9913600839
2020-01-27,-0.023843877366936793,-24661.31680869835,1009621.6745513856
2020-01-28,0.019429851650526332,19616.79935968935,1029238.4739110749
2020-01-29,0.007040100141918154,7245.9419262491865,1036484.4158373241
2020-01-30,0.007708510238525571,7989.750731553999,1044474.1665688781
2020-01-31,-0.018878486044892773,-19718.090977821616,1024756.0755910565
2020-02-03,0.01825950471351007,18711.53839245299,1043467.6139835095
2020-02-04,0.025064325280980602,26153.81169705151,1069621.425680561
2020-02-05,0.0003560466627618459,380.83513903222047,1070002.2608195932
2020-02-06,0.009945271843200175,10641.463356689783,1080643.724176283
2020-02-07,-0.0034024126065860445,-3676.795830365503,1076966.9283459175
2020-02-10,0.017231368243710632,18557.61372862663,1095524.5420745441
2020-02-11,-0.00085779792766841,-939.7386819014791,1094584.8033926426
2020-02-12,0.011625166778930112,12724.730893122032,1107309.5342857647
2020-02-13,-0.0017095815752890197,-1893.035977956839,1105416.4983078078
2020-02-14,0.010103304801831773,11168.359815377276,1116584.858123185
2020-02-18,0.005249696915972405,5861.73208611086,1122446.590209296
2020-02-19,0.01876757408103244,21065.5995337551,1143512.189743051
2020-02-20,-0.01115595979567587,-12756.976014638552,1130755.2137284125
2020-02-21,-0.02451117810975147,-27716.14244222734,1103039.0712861852
2020-02-24,-0.05133332169994445,-56622.65949394158,1046416.4117922436
2020-02-25,-0.032158642929039874,-33651.33174191404,1012765.0800503296
2020-02-26,0.006716038844337878,6801.76961780712,1019566.8496681367
2020-02-27,-0.061481782874040006,-62684.78767686535,956882.0619912713
2020-02-28,0.012572686472663502,12030.578156731906,968912.6401480032
2020-03-02,0.05476453421760204,53062.049435252324,1021974.6895832556
2020-03-03,-0.03665094681589575,-37456.3399951075,984518.3495881481
2020-03-04,0.041732033474380856,41085.95272115478,1025604.3023093028
2020-03-05,-0.03591259445683622,-36832.111382020405,988772.1909272824
2020-03-06,-0.02387429023150964,-23606.234259043704,965165.9566682387
2020-03-09,-0.08444067330436507,-81499.26323151775,883666.693436721
2020-03-10,0.058772611603619136,51935.39936041075,935602.0927971317
2020-03-11,-0.04170010716849566,-39014.707536709146,896587.3852604226
2020-03-12,-0.10303070990127258,-92376.03479190718,804211.3504685154
2020-03-13,0.0995701960846836,80075.48185967829,884286.8323281937
2020-03-16,-0.14860652858691833,-131410.7964274151,752876.0359007786
2020-03-17,0.05925871189446408,44614.46410369035,797490.500004469
2020-03-18,-0.05481351366621036,-43713.256420667865,753777.2435838011
2020-03-19,0.027568646949881884,20780.618707216927,774557.862291018
2020-03-20,-0.038775338708180104,-30033.743459418183,744524.1188315998
2020-03-23,-0.009319406346710402,-6938.522798318183,737585.5960332816
2020-03-24,0.09975711986952342,73579.41471752606,811165.0107508077
2020-03-25,0.0011327587334124855,918.8542501665652,812083.8650009743
2020-03-26,0.04953964196207575,40230.34391532687,852314.2089163011
2020-03-27,-0.040735290410808284,-34719.266821463825,817594.9420948373
2020-03-30,0.03650014128960169,29842.330904125352,847437.2729989627
2020-03-31,-0.004438103886570949,-3761.014654921717,843676.258344041
2020-04-01,-0.05185838912583188,-43751.69170143118,799924.5666426098
2020-04-02,0.02043991029021645,16350.386381115182,816274.953023725
2020-04-03,-0.01944694857915389,-15874.057037903578,800400.8959858214
2020-04-06,0.0734207440082578,58766.02928815514,859166.9252739765
2020-04-07,-0.0027135247151373635,-2331.370686159469,856835.554587817
2020-04-08,0.02742721683391572,23500.614546688506,880336.1691345056
2020-04-09,0.008617570267094867,7586.358796181856,887922.5279306874
2020-04-13,0.015582332142168016,13835.903746729367,901758.4316774168
2020-04-14,0.03774562428849776,34037.43496108067,935795.8666384974
2020-04-15,-0.00897127666999262,-8395.283626249526,927400.5830122479
2020-04-16,0.015690500347711935,14551.379170221859,941951.9621824698
2020-04-17,0.011316955394559673,10660.02833983698,952611.9905223068
2020-04-20,-0.018935156642811948,-18037.857260360848,934574.1332619459
2020-04-21,-0.039745350952216395,-37144.97691735951,897429.1563445864
2020-04-22,0.033627858673449106,30178.62083898834,927607.7771835747
2020-04-23,0.0007999583004313898,742.0475409028586,928349.8247244776
2020-04-24,0.01770079385306425,16432.52887097618,944782.3535954538
2020-04-27,0.010732794889535371,10140.155216392479,954922.5088118463
2020-04-28,-0.01781261733109932,-17009.66923031863,937912.8395815276
2020-04-29,0.03790394344936266,35550.59523192933,973463.434813457
2020-04-30,0.006118748620939876,5956.3780493004015,979419.8128627574
2020-05-01,-0.03603472560992109,-35293.12421342963,944126.6886493277
2020-05-04,0.01874561793666613,17698.238189229975,961824.9268385577
2020-05-05,0.00950854265373427,9145.553342269268,970970.480180827
2020-05-06,0.004429040314074686,4300.467400497408,975270.9475813244
2020-05-07,0.010065920976838475,9817.000289360061,985087.9478706844
2020-05-08,0.017727342081089916,17462.991031862446,1002550.9389025469
2020-05-11,0.008697852542735234,8720.04023315513,1011270.979135702
2020-05-12,-0.020118214143174322,-20344.966115029645,990926.0130206724
2020-05-13,-0.01678143596637852,-16629.161434925045,974296.8515857473
2020-05-14,0.016056366864193143,15643.66768368904,989940.5192694364
2020-05-15,0.009953130011057732,9853.006691502756,999793.5259609391
2020-05-18,0.02299945450268098,22994.705712413648,1022788.2316733528
2020-05-19,-0.00487621150647357,-4987.331743971328,1017800.8999293814
2020-05-20,0.020926510060737896,21299.020772200427,1039099.9207015819
2020-05-21,-0.0101702381800196,-10567.89368637465,1028532.0270152072
2020-05-22,0.00552937803222158,5687.142395614181,1034219.1694108214
2020-05-26,0.00047771928577289584,494.06644294352736,1034713.2358537649
2020-05-27,0.00405871781700955,4199.609045855119,1038912.84489962
2020-05-28,-0.005934102486519066,-6165.0152961952845,1032747.8296034248
2020-05-29,0.010546768246447702,10892.152015849133,1043639.9816192739
2020-06-01,0.009698310929149386,10121.54503983527,1053761.5266591092
2020-06-02,0.004258158200834445,4487.083286467474,1058248.6099455766
2020-06-03,0.007167218863273756,7584.69939923496,1065833.3093448116
2020-06-04,-0.00736860889006828,-7853.708798569161,1057979.6005462424
2020-06-05,0.027151318730396154,28725.541344688274,1086705.1418909307
2020-06-08,0.009127619698051424,9919.031259097392,1096624.173150028
2020-06-09,0.011975147169531323,13132.235863137292,1109756.4090131654
2020-06-10,0.014842243069742467,16471.274370777654,1126227.683383943
2020-06-11,-0.05771794325659872,-65003.54552356503,1061224.137860378
2020-06-12,0.008437145901869916,8953.702885713894,1070177.840746092
2020-06-15,0.01432115830531026,15326.186272159917,1085504.0270182518
2020-06-16,0.013865853136849585,15051.439418094,1100555.4664363458
2020-06-17,0.0005615039077776803,617.9661951300222,1101173.4326314759
2020-06-18,0.0008702277749224548,958.2717060826253,1102131.7043375585
2020-06-19,-0.0027537255197329696,-3034.9682003413327,1099096.7361372171
2020-06-22,0.016156301019774826,17757.337718884926,1116854.073856102
2020-06-23,0.010119757982338433,11302.292929012561,1128156.3667851146
2020-06-24,-0.02436758389743807,-27490.44491706509,1100665.9218680495
2020-06-25,0.016939602587936933,18644.843298529973,1119310.7651665795
2020-06-26,-0.037212111847272786,-41651.917385235196,1077658.8477813443
2020-06-29,0.01424238323999712,15348.430312075652,1093007.27809342
2020-06-30,0.0218727965727681,23907.125846292358,1116914.4039397123
2020-07-01,0.009472231314464796,10579.671592574567,1127494.075532287
2020-07-02,0.00853181727245317,9619.573428214993,1137113.648960502
2020-07-06,0.030958175157801582,35202.96351884608,1172316.612479348
2020-07-07,-0.00883084930237592,-10352.551339476835,1161964.0611398711
2020-07-08,0.017505969009465244,20341.306844427017,1182305.3679842982
2020-07-09,0.00608505596615615,7194.394333271077,1189499.7623175692
2020-07-10,0.013451669766794322,16000.757990376092,1205500.5203079453
2020-07-13,-0.01662111744452363,-20036.765727472724,1185463.7545804726
2020-07-14,0.01335265278386481,15829.085902769817,1201292.8404832424
2020-07-15,-0.0012522564609474302,-1504.3267209848855,1199788.5137622575
2020-07-16,-0.00823094601038009,-9875.394480651477,1189913.119281606
2020-07-17,-0.003931153661486181,-4677.731315714307,1185235.3879658917
2020-07-20,0.028295955605856255,33537.3679203724,1218772.7558862641
2020-07-21,-0.00798758483295817,-9735.050779739628,1209037.7051065245
2020-07-22,0.0023601165305062646,2853.4698738271836,1211891.1749803517
2020-07-23,-0.031650624212056305,-38357.112165210536,1173534.0628151412
2020-07-24,-0.0053486889036618405,-6276.868619848508,1167257.1941952927
2020-07-27,0.016502495800199548,19262.65694496059,1186519.8511402532
2020-07-28,-0.013933266276102817,-16532.097027819138,1169987.754112434
2020-07-29,0.01684497913637626,19708.41930783959,1189696.1734202737
2020-07-30,0.00038777350527303056,461.33265537722036,1190157.506075651
2020-07-31,0.02247408381052528,26747.699539269786,1216905.2056149207
2020-08-03,0.017940755031066638,21832.19818996708,1238737.4038048878
2020-08-04,0.0028575355450355796,3539.7361623374745,1242277.1399672253
2020-08-05,0.00698326701485504,8675.15297484165,1250952.292942067
2020-08-06,0.015583391533215828,19494.079370290274,1270446.3723123572
2020-08-07,-0.009599368865657036,-12195.48335186229,1258250.888960495
2020-08-10,-0.0007185079801131696,-904.0633047027513,1257346.8256557921
2020-08-11,-0.016981002567683423,-21351.009674929548,1235995.8159808626
2020-08-12,0.030195656418723425,37321.704994337866,1273317.5209752005
2020-08-13,0.004221479711830686,5375.284081515158,1278692.8050567156
2020-08-14,0.0018293068577993445,2339.121517308755,1281031.9265740244
2020-08-17,0.013500512600753939,17294.58766668057,1298326.514240705
2020-08-18,0.007547173830187475,9798.695891316049,1308125.210132021
2020-08-19,-0.00519438421342517,-6794.904940693174,1301330.3051913278
2020-08-20,0.013107908559509157,17057.718646166148,1318388.023837494
2020-08-21,0.015601269212104878,20568.526485903654,1338956.5503233976
2020-08-24,0.007891760026244971,10566.72378072096,1349523.2741041186
2020-08-25,0.004416860287096881,5960.655755903339,1355483.929860022
2020-08-26,0.015370198673103231,20834.057300147135,1376317.987160169
2020-08-27,0.0008625111226832948,1187.089572274359,1377505.0767324434
2020-08-28,0.009505756026214493,13094.227184290532,1390599.303916734
2020-08-31,0.009910929982519476,13782.13233485911,1404381.436251593
2020-09-01,0.014218856650124491,19968.698324157158,1424350.1345757502
2020-09-02,0.00942999085009913,13431.608736386988,1437781.7433121372
2020-09-03,-0.05857158818368385,-84213.16016729758,1353568.5831448396
2020-09-04,-0.01046269020866509,-14161.968761626165,1339406.6143832135
2020-09-08,-0.058544797442406205,-78415.28893208434,1260991.325451129
2020-09-09,0.03615843807490506,45595.47675431729,1306586.8022054464
2020-09-10,-0.02387624233884979,-31196.383126200177,1275390.4190792462
2020-09-11,-0.0072800118226899295,-9284.857329442399,1266105.5617498038
2020-09-14,0.022572834549673963,28579.591367800487,1294685.1531176043
2020-09-15,0.0082737642468258,10711.91973076039,1305397.0728483647
2020-09-16,-0.018488534443679407,-24134.878744035028,1281262.1941043297
2020-09-17,-0.014567349978169495,-18664.59479531506,1262597.5993090146
2020-09-18,-0.014730212842550355,-18598.331372315064,1243999.2679366996
2020-09-21,0.0046034233907576785,5726.655328105204,1249725.9232648048
2020-09-22,0.010970276996349749,13709.83954773401,1263435.7628125388
2020-09-23,-0.03777479276206546,-47726.024108425714,1215709.738704113
2020-09-24,0.0093079476491913,11315.762604470132,1227025.5013085832
2020-09-25,0.02709241138476738,33243.079661052674,1260268.5809696359
2020-09-28,0.017599712728974353,22180.364986417815,1282448.9459560537
2020-09-29,-0.002799359536997635,-3590.035687574651,1278858.910268479
2020-09-30,0.012172476795821436,15566.880410372512,1294425.7906788515
2020-10-01,0.01014444388734032,13131.229799867608,1307557.0204787191
2020-10-02,-0.027056115772774128,-35377.414125575684,1272179.6063531435
2020-10-05,0.026169933999967757,33292.8563343666,1305472.46268751
2020-10-06,-0.018008537756413947,-23509.65013426682,1281962.8125532432
2020-10-07,0.01676304237562565,21489.596950806445,1303452.4095040497
2020-10-08,0.00611324570230147,7968.3248405549675,1311420.7343446047
2020-10-09,0.01166664944306467,15299.885979964864,1326720.6203245695
2020-10-12,0.03370816322777555,44721.315227556275,1371441.9355521258
2020-10-13,-0.005428097886032792,-7444.321071187034,1363997.6144809388
2020-10-14,-0.006702487393685261,-9142.176816075342,1354855.4376648634
2020-10-15,-0.004176628063541235,-5658.727242992492,1349196.710421871
2020-10-16,-0.006830776758727391,-9216.061532501131,1339980.6488893698
2020-10-19,-0.02229136609343497,-29869.999202511506,1310110.6496868583
2020-10-20,0.007215440510805128,9453.025455387542,1319563.6751422458
2020-10-21,-0.0008740061964350449,-1153.3068286648486,1318410.368313581
2020-10-22,0.004022282282856506,5303.018666002201,1323713.3869795832
2020-10-23,0.005959356079581494,7888.479420319898,1331601.866399903
2020-10-26,-0.01856371094882616,-24719.472146765096,1306882.394253138
2020-10-27,0.009692087137327627,12666.41804334079,1319548.8122964788
2020-10-28,-0.04734749969922854,-62477.336993325036,1257071.4753031537
2020-10-29,0.023041843228682978,28965.243861184455,1286036.7191643382
2020-10-30,-0.026320283794383004,-33848.85141840251,1252187.8677459357
2020-11-02,0.006409143147929765,8025.451292484766,1260213.3190384204
2020-11-03,0.02124472023113608,26772.879394522635,1286986.198432943
2020-11-04,0.040980198381874874,52740.94972651708,1339727.1481594602
2020-11-05,0.026163669836653577,35052.17877564579,1374779.326935106
2020-11-06,-0.00029225211460252095,-401.7821654086001,1374377.5447696974
2020-11-09,-0.007220768631936873,-9924.062263711588,1364453.4825059858
2020-11-10,-0.021582900967698705,-29448.86438795831,1335004.6181180275
2020-11-11,0.02040669708416331,27243.034847893752,1362247.6529659212
2020-11-12,-0.00542537351147878,-7390.702332475688,1354856.9506334455
2020-11-13,0.00323984568758064,4389.52744879853,1359246.478082244
2020-11-16,0.01090692509623428,14825.199523763265,1374071.6776060073
2020-11-17,-0.002821846656200875,-3877.4195688329637,1370194.2580371744
2020-11-18,-0.005833940704617904,-7993.632055196678,1362200.6259819777
2020-11-19,0.004385361331285555,5973.741950634401,1368174.367932612
2020-11-20,-0.012862875850333516,-17598.65703632566,1350575.7108962864
2020-11-23,0.0028359537496316697,3830.1702514777426,1354405.8811477642
2020-11-24,0.018132839367605603,24559.22428139276,1378965.105429157
2020-11-25,0.005328913155031714,7348.385290651349,1386313.4907198083
2020-11-27,0.004516460888629189,6261.23066021502,1392574.7213800233
2020-11-30,-0.005145049961676935,-7164.866516868584,1385409.8548631547
2020-12-01,0.017326505691882804,24004.311735876836,1409414.1665990315
2020-12-02,0.006293939937409855,8870.768111508805,1418284.9347105403
2020-12-03,-0.0023657824399249154,-3355.35359334806,1414929.5811171923
2020-12-04,0.0032518294477417156,4601.10967835784,1419530.6907955501
2020-12-07,0.005283354051048566,7499.883225802332,1427030.5740213525
2020-12-08,0.0016079381126854549,2294.5768479362596,1429325.1508692887
2020-12-09,-0.02137482663182852,-30551.577300343197,1398773.5735689455
2020-12-10,0.0030336055766532043,4243.327313253889,1403016.9008821994
2020-12-11,-0.0012961437377509003,-1818.5115700371098,1401198.3893121623
2020-12-14,0.002479195302054095,3473.844464028487,1404672.2337761908
2020-12-15,0.013977450789818501,19633.73702343111,1424305.970799622
2020-12-16,0.00446164737294322,6354.750992885791,1430660.7217925077
2020-12-17,0.003126407248795569,4472.828051179182,1435133.5498436869
2020-12-18,-0.005043034219450721,-7237.427601343719,1427896.1222423431
2020-12-21,0.0048944619662262155,6988.783262036974,1434884.9055043801
2020-12-22,0.0007520066584987706,1079.0430031188298,1435963.948507499
2020-12-23,-0.0022318987876566933,-3204.926195792854,1432759.022311706
2020-12-24,0.0033760338038929852,4837.0428921571,1437596.0652038632
2020-12-28,0.016623243868276252,23897.509975958383,1461493.5751798216
2020-12-29,-0.0029802474716436006,-4355.612532253144,1457137.9626475684
2020-12-30,-0.0018135689909089703,-2642.6202245340683,1454495.3424230344
2020-12-31,0.0006981545534938001,1015.462546348339,1455510.8049693827
2021-01-04,-0.011144192663534648,-16220.492834435077,1439290.3121349476
2021-01-05,0.010655439441609781,15336.270759849576,1454626.5828947972
2021-01-06,-0.015546078998751219,-22613.73977136612,1432012.843123431
2021-01-07,0.03231094043428931,46269.681675298605,1478282.5247987297
2021-01-08,0.007828887686125335,11573.307855011197,1489855.832653741
2021-01-11,-0.01034087958361656,-15406.419762421167,1474449.4128913197
2021-01-12,-0.00107751674959587,-1588.7439388222992,1472860.6689524974
2021-01-13,0.00744651623254044,10967.680879625026,1483828.3498321224
2021-01-14,-0.011151200025605601,-16546.466732642148,1467281.8830994803
2021-01-15,-0.01202498572707661,-17644.043701869436,1449637.8393976109
2021-01-19,0.01309814531807645,18987.567079012282,1468625.4064766231
2021-01-20,0.025954981395504045,38118.14510206529,1506743.5515786884
2021-01-21,0.013661699678036255,20584.677893485874,1527328.2294721743
2021-01-22,1.9308800999248265e-06,2.949087684508413,1527331.1785598588
2021-01-25,0.008147120962066746,12443.351860863157,1539774.530420722
2021-01-26,8.081499374491471e-05,124.43686904478818,1539898.9672897668
2021-01-27,-0.022504266549191347,-34654.296818713425,1505244.6704710533
2021-01-28,0.0005430918759709349,817.486151881516,1506062.1566229349
2021-01-29,-0.022136407562055375,-33338.80571279349,1472723.3509101414
2021-02-01,0.023134007552986585,34069.993123414926,1506793.3440335563
2021-02-02,0.014628717410672535,22042.454026149353,1528835.7980597056
2021-02-03,0.0071421971278177,10919.246645806823,1539755.0447055125
2021-02-04,0.00788559412169922,12141.88332938659,1551896.928034899
2021-02-05,0.00217343291790666,3372.9438685893547,1555269.8719034884
2021-02-08,0.012382912262273706,19258.770367938327,1574528.6422714267
2021-02-09,-0.0037917691217362894,-5970.249087054282,1568558.3931843725
2021-02-10,0.002508384572792045,3934.5476749869995,1572492.9408593595
2021-02-11,0.0034217536070991258,5380.683392523555,1577873.624251883
2021-02-12,0.00021646782609481031,341.55887329392135,1578215.183125177
2021-02-16,0.0028025845952641404,4423.08156023873,1582638.2646854157
2021-02-17,-0.004061359332199825,-6427.662685776828,1576210.6019996388
2021-02-18,-0.004446746981232476,-7009.009736228501,1569201.5922634103
2021-02-19,-0.004166276598482075,-6537.727872147923,1562663.8643912624
2021-02-22,-0.021284768724426164,-33260.93894758611,1529402.9254436763
2021-02-23,-0.0008378892926838745,-1281.470335428603,1528121.4551082477
2021-02-24,0.01012518414869499,15472.511134542525,1543593.9662427902
2021-02-25,-0.038908690368004914,-60059.21968646138,1483534.7465563288
2021-02-26,0.005260793867558789,7804.570496994071,1491339.317053323
2021-03-01,0.02774111235320618,41371.41155112977,1532710.7286044527
2021-03-02,-0.016905819401474773,-25911.73077248945,1506798.9978319632
2021-03-03,-0.022611000735468557,-34070.233248181874,1472728.7645837814
2021-03-04,-0.010282103231082322,-15142.749188834568,1457586.0153949468
2021-03-05,0.013635025230945095,19874.22209618287,1477460.2374911297
2021-03-08,-0.03112360533314356,-45983.889327086275,1431476.3481640434
2021-03-09,0.038767281020769095,55494.44586385973,1486970.7940279031
2021-03-10,-0.0009628209655031598,-1431.6866555809975,1485539.1073723221
2021-03-11,0.020971540701524273,31154.04385396489,1516693.151226287
2021-03-12,-0.00634324748231322,-9620.760012957966,1507072.391213329
2021-03-15,0.007964973014077354,12003.79092627531,1519076.1821396044
2021-03-16,0.0038423838890491906,5836.873848491581,1524913.055988096
2021-03-17,0.0037235219168583605,5678.047185275005,1530591.103173371
2021-03-18,-0.028273972621603118,-43275.89094599313,1487315.2122273778
2021-03-19,0.002873313114585775,4273.522304815939,1491588.7345321937
2021-03-22,0.013149713905630855,19613.965123960283,1511202.699656154
2021-03-23,-0.002809699543900815,-4246.025535965804,1506956.6741201882
2021-03-24,-0.014316144301253648,-21573.809202441713,1485382.8649177465
2021-03-25,-0.0024007447515520396,-3566.025116996607,1481816.83980075
2021-03-26,0.00983319524865735,14570.994308509165,1496387.834109259
2021-03-29,0.00184670171810162,2763.381984195905,1499151.216093455
2021-03-30,-0.004886744010543014,-7325.968226142926,1491825.247867312
2021-03-31,0.014897505128930566,22224.47428157134,1514049.7221488834
2021-04-01,0.017885243296265348,27079.14764327556,1541128.869792159
2021-04-05,0.020842547008138635,32121.05091424263,1573249.9207064016
2021-04-06,-0.00415215282440857,-6532.3741017617285,1566717.5466046399
2021-04-07,0.011495599814426225,18010.35793800652,1584727.9045426464
2021-04-08,0.009181486851557865,14550.158418855164,1599278.0629615015
2021-04-09,0.011070492380862603,17704.79561089608,1616982.8585723976
2021-04-12,0.005745421379344923,9290.247885675868,1626273.1064580735
2021-04-13,0.014510430005541858,23597.922081155237,1649871.0285392287
2021-04-14,-0.015201356361840624,-25080.277455901494,1624790.7510833272
2021-04-15,0.020972330854019415,34075.64920027042,1658866.4002835976
2021-04-16,-0.001022041582843805,-1695.4304414724465,1657170.9698421252
2021-04-19,-0.009041823905061457,-14983.848089892417,1642187.1217522328
2021-04-20,-0.008397522787875205,-13790.30377686955,1628396.8179753632
2021-04-21,0.007867662064987156,12811.675871530315,1641208.4938468935
2021-04-22,-0.017689259398379675,-29031.76277448167,1612176.7310724119
2021-04-23,0.017134762921668243,27624.266074755695,1639800.9971471676
2021-04-26,0.00605437704528376,9927.973515961086,1649728.9706631287
2021-04-27,-0.0030577037534094947,-5044.3824657052755,1644684.5881974234
2021-04-28,-0.00043765426645348953,-719.8032269948162,1643964.7849704286
2021-04-29,0.006658826999822147,10946.877096918179,1654911.6620673467
2021-04-30,-0.009167073076705548,-15170.696141663473,1639740.9659256833
2021-05-03,-0.00329125320635213,-5396.802711690078,1634344.1632139932
2021-05-04,-0.01756506615482655,-28707.363346608356,1605636.7998673848
2021-05-05,0.0019947971656393906,3202.9197374216747,1608839.7196048065
2021-05-06,0.010240432752897533,16475.21495880373,1625314.9345636102
2021-05-07,0.0077133673326773055,12536.651121575385,1637851.5856851856
2021-05-10,-0.024684744636455598,-40429.94814505265,1597421.637540133
2021-05-11,-0.006803469630506355,-10868.00959811802,1586553.627942015
2021-05-12,-0.024872188100387063,-39461.060265525244,1547092.5676764897
2021-05-13,0.007832675260486475,12117.8736805222,1559210.441357012
2021-05-14,0.023574368833975,36757.40203433507,1595967.843391347
2021-05-17,-0.0023297548676178143,-3718.2138517026324,1592249.6295396443
2021-05-18,-0.010910817268474276,-17372.744753702777,1574876.8847859416
2021-05-19,-0.0017370624445702603,-2735.6594913834706,1572141.225294558
2021-05-20,0.01640055991851882,25783.99636581703,1597925.2216603751
2021-05-21,-0.0011877850864472005,-1897.9917475460097,1596027.2299128291
2021-05-24,0.02079757563129673,33193.49702372099,1629220.72693655
2021-05-25,-0.0004902804424488752,-798.775058849249,1628421.9518777009
2021-05-26,0.00295411860360917,4810.551582567627,1633232.5034602685
2021-05-27,-0.004790258600205145,-7823.606045835186,1625408.8974144333
2021-05-28,0.0044581145115684135,7246.258992796065,1632655.1564072294
2021-06-01,0.0013428405668011601,2192.3955756209325,1634847.5519828503
2021-06-02,0.004654407845973967,7609.247272920329,1642456.7992557706
2021-06-03,-0.006843424105089686,-11240.028451595223,1631216.7708041754
2021-06-04,0.01765486994530749,28798.91994115198,1660015.6907453274
2021-06-07,0.0022403879508768403,3719.0791518122423,1663734.7698971396
2021-06-08,0.0011980763393586303,1993.2812627821695,1665728.0511599218
2021-06-09,-0.00051748884805158,-861.9956903620623,1664866.0554695597
2021-06-10,0.004125865712305515,6869.01377384318,1671735.069243403
2021-06-11,0.004272302473014814,7142.157870554365,1678877.2271139573
2021-06-14,0.009329646669176465,15663.331329900306,1694540.5584438576
2021-06-15,-0.0060791397156716945,-10301.348808652489,1684239.209635205
2021-06-16,0.0005585861606467852,940.7927137208171,1685180.002348926
2021-06-17,0.011639422932993668,19614.522765562404,1704794.5251144883
2021-06-18,-0.009622835305181454,-16404.956944352016,1688389.5681701363
2021-06-21,0.00815204872890259,13763.83403309388,1702153.4022032302
2021-06-22,0.01187432147441031,20211.916696522618,1722365.3188997528
2021-06-23,0.00395491401713095,6811.806742336834,1729177.1256420896
2021-06-24,0.0039121060046508945,6764.7242163293995,1735941.849858419
2021-06-25,-0.003128014791734459,-5430.05178394774,1730511.7980744713
2021-06-28,0.014914765759250088,25810.178111899644,1756321.976186371
2021-06-29,0.0020314530623360646,3567.8856569717173,1759889.8618433427
2021-06-30,0.0009700792418869599,1707.2326229815371,1761597.0944663242
2021-07-01,0.004983824307714881,8779.490419801325,1770376.5848861255
2021-07-02,0.014229182417988713,25191.01137488056,1795567.596261006
2021-07-06,0.005051918733790406,9071.061577337794,1804638.6578383439
2021-07-07,0.0012126119340382007,2188.3263731212355,1806826.984211465
2021-07-08,-0.009131274342987349,-16498.632883147337,1790328.3513283178
2021-07-09,0.00934932356097697,16738.359036958776,1807066.7103652766
2021-07-12,0.007752434403141601,14009.166134207975,1821075.8764994845
2021-07-13,-0.00207520475750331,-3779.105322686257,1817296.7711767983
2021-07-14,-0.00036377185298225035,-661.0814138695132,1816635.6897629288
2021-07-15,-0.011107161693766219,-20177.666344863363,1796458.0234180654
2021-07-16,-0.015845904989333436,-28466.503156408435,1767991.520261657
2021-07-19,-0.011824158220252822,-20905.011467639124,1747086.5087940178
2021-07-20,0.011649797060176652,20353.203274022555,1767439.7120680404
2021-07-21,0.01190783897617224,21046.387491398258,1788486.0995594386
2021-07-22,0.006530513618357704,11679.732829416636,1800165.8323888553
2021-07-23,0.010074995802378334,18136.663204902317,1818302.4955937576
2021-07-26,0.0030246003715800854,5499.638403818011,1823802.1339975756
2021-07-27,-0.010707800382377296,-19528.909187799785,1804273.2248097758
2021-07-28,0.0035929455377537397,6482.6554319688585,1810755.8802417447
2021-07-29,0.0032614234448871842,5905.641680787783,1816661.5219225325
2021-07-30,-0.011936828601162791,-21685.177213516785,1794976.3447090157
2021-08-02,0.0026213998813739503,4705.350777089363,1799681.695486105
2021-08-03,0.008150448967471162,14668.21381675126,1814349.9093028563
2021-08-04,0.0006978027552952746,1266.0583657813258,1815615.9676686376
2021-08-05,0.006990059663873445,12691.263940685196,1828307.2316093228
2021-08-06,-0.001445071278135865,-2642.0342680066824,1825665.1973413161
2021-08-09,-0.0008298638203634452,-1515.0534953703173,1824150.1438459458
2021-08-10,-0.00320088800605674,-5838.900316683343,1818311.2435292625
2021-08-11,-0.00189747834230657,-3450.206204169197,1814861.0373250933
2021-08-12,0.009614295405265965,17448.610132351052,1832309.6474574443
2021-08-13,0.0026055990784754745,4774.2643288967665,1837083.911786341
2021-08-16,0.00015100812550748527,277.41459791874513,1837361.3263842599
2021-08-17,-0.012342463359883933,-22677.564849765506,1814683.7615344943
2021-08-18,-0.012712519816700308,-23069.20327955135,1791614.558254943
2021-08-19,0.006829112796026582,12235.137905326206,1803849.6961602692
2021-08-20,0.016596450095458848,29937.501462032786,1833787.197622302
2021-08-23,0.019325036485351253,35438.004500421,1869225.202122723
2021-08-24,0.0010740235215850103,2007.5918342189398,1871232.793956942
2021-08-25,0.0035250795561885912,6596.244466847274,1877829.0384237892
2021-08-26,-0.005259872971289931,-9877.142203908414,1867951.8962198808
2021-08-27,0.01223399853020484,22852.520752847195,1890804.416972728
2021-08-30,0.01095645759544938,20716.51841585012,1911520.935388578
2021-08-31,-0.004000437065071535,-7646.919200588949,1903874.0161879892
2021-09-01,0.0013700530908705702,2608.4084805063903,1906482.4246684955
2021-09-02,0.00046777420981998497,891.8033097351436,1907374.2279782307
2021-09-03,0.003862272056108602,7366.798181261867,1914741.0261594926
2021-09-07,0.004093957707178905,7838.868781297235,1922579.8949407898
2021-09-08,-0.006264176260131238,-12043.379336093785,1910536.515604696
2021-09-09,-0.004714809229061791,-9007.815196232405,1901528.7004084636
2021-09-10,-0.011333599984792083,-21551.165650031064,1879977.5347584325
2021-09-13,0.004226435676304,7945.604123553028,1887923.1388819856
2021-09-14,-0.0025804428587007763,-4871.67778150388,1883051.4611004817
2021-09-15,0.00980305640191626,18459.659680878744,1901511.1207813604
2021-09-16,-0.0017021734939762204,-3236.701828295132,1898274.4189530653
2021-09-17,-0.012820077256879968,-24336.02470573713,1873938.3942473282
2021-09-20,-0.02574793215308168,-48250.038634135155,1825688.355613193
2021-09-21,0.002544573964431015,4645.599056858104,1830333.954670051
2021-09-22,0.013766112182651141,25196.582551703323,1855530.5372217544
2021-09-23,0.012624873502951297,23425.838313288055,1878956.3755350425
2021-09-24,0.0021360566761943357,4013.5573102396447,1882969.9328452821
2021-09-27,-0.004211733909352913,-7930.568316456629,1875039.3645288255
2021-09-28,-0.02720616062371096,-51012.62212715205,1824026.7424016735
2021-09-29,-0.0011201426496372595,-2043.1701482431963,1821983.5722534303
2021-09-30,-0.00641315289752323,-11684.659225636628,1810298.9130277936
2021-10-01,0.012218801379244503,22119.6828553488,1832418.5958831424
2021-10-04,-0.02289553401176242,-41954.202285828535,1790464.393597314
2021-10-05,0.01719349782544051,30784.345657844096,1821248.739255158
2021-10-06,0.007340011172745205,13367.986094481079,1834616.725349639
2021-10-07,0.009922157750574409,18203.356560761342,1852820.0819104004
2021-10-08,-0.0009212356997229296,-1706.8840046194382,1851113.197905781
2021-10-11,-0.006691071335241306,-12385.930456794333,1838727.2674489866
2021-10-12,-0.005095962647521741,-9370.08547389973,1829357.181975087
2021-10-13,0.0024649484407763844,4509.271133332513,1833866.4531084194
2021-10-14,0.02131075304448787,39081.07509876415,1872947.5282071836
2021-10-15,0.010619985146637877,19890.67492999253,1892838.203137176
2021-10-18,0.011120375333549651,21049.071264567086,1913887.2744017432
2021-10-19,0.006430655657328871,12307.55002862122,1926194.8244303644
2021-10-20,0.0001924997788039502,370.79207763588056,1926565.6165080003
2021-10-21,0.007409270833326315,14274.446430881973,1940840.0629388823
2021-10-22,-0.006912064973359302,-13415.212617932353,1927424.85032095
2021-10-25,0.0088624432563507,17081.693366849562,1944506.5436877995
2021-10-26,0.014272782241171952,27753.518464589957,1972260.0621523894
2021-10-27,0.006084811855002465,12000.831407333026,1984260.8935597225
2021-10-28,0.014240966202631527,28257.792322387453,2012518.68588211
2021-10-29,0.005821904170318576,11716.690930180717,2024235.3768122906
2021-11-01,-0.00017387968254331467,-351.973404712975,2023883.4034075777
2021-11-02,0.005314746919086515,10756.428082851227,2034639.831490429
2021-11-03,0.008599625772606909,17497.141132857418,2052136.9726232863
2021-11-04,0.02157022498641138,44265.056202417705,2096402.028825704
2021-11-05,0.00257823501082237,5405.017107477412,2101807.0459331814
2021-11-08,0.002803157617262924,5891.696430824697,2107698.742364006
2021-11-09,-0.005252649768464435,-11071.00331107108,2096627.739052935
2021-11-10,-0.017499397094930737,-36689.721365934005,2059938.017687001
2021-11-11,0.00459582808750873,9467.12100021285,2069405.1386872139
2021-11-12,0.008128560940991375,16821.285781419603,2086226.4244686335
2021-11-15,-0.002321389542045585,-4842.9442041006405,2081383.4802645328
2021-11-16,0.004195079240271866,8731.568629102549,2090115.0488936354
2021-11-17,-0.0009145316065743694,-1911.4762735902332,2088203.5726200452
2021-11-18,0.022403735435386287,46783.56037620804,2134987.132996253
2021-11-19,0.007155085562138159,15276.015610652044,2150263.1486069052
2021-11-22,-0.00750284164780023,-16133.083905098028,2134130.064701807
2021-11-23,0.0004766827656896755,1017.3030215837061,2135147.367723391
2021-11-24,0.006023178298609194,12860.37328960374,2148007.7410129947
2021-11-26,-0.02921111967696532,-62745.71118977852,2085262.0298232161
2021-11-29,0.024473915949729252,51034.52765105525,2136296.5574742714
2021-11-30,-0.009264770260685066,-19792.2968136915,2116504.26066058
2021-12-01,-0.014110862412623696,-29865.70041791373,2086638.5602426662
2021-12-02,0.0059161206470564245,12344.805469195591,2098983.3657118618
2021-12-03,-0.01976178298395419,-41479.65376012772,2057503.711951734
2021-12-06,0.008791034838367512,18087.586811838206,2075591.2987635722
2021-12-07,0.033401906086424404,69328.70563510014,2144920.0043986724
2021-12-08,0.0037724642193206915,8091.633969899267,2153011.6383685716
2021-12-09,-0.012183301762496991,-26230.790488412604,2126780.847880159
2021-12-10,0.00846729939011981,18008.09017617395,2144788.938056333
2021-12-13,-0.023214929067672342,-49791.12306210608,2094997.814994227
2021-12-14,-0.00694671196829688,-14553.346394975903,2080444.468599251
2021-12-15,0.026160001369946083,54424.43014865322,2134868.898747904
2021-12-16,-0.029082738105056082,-62087.83307091496,2072781.0656769893
2021-12-17,-0.010020128267650424,-20769.532148840604,2052011.5335281487
2021-12-20,-0.011654176374570847,-23914.504334390862,2028097.0291937578
2021-12-21,0.023944633448490953,48562.03996201814,2076659.069155776
2021-12-22,0.014333583937310206,29765.967076920904,2106425.036232697
2021-12-23,0.007004713151774564,14754.903154526372,2121179.939387223
2021-12-27,0.018839569564768725,39962.11702747736,2161142.0564147006
2021-12-28,-0.00473976998878662,-10243.316260498948,2150898.7401542016
2021-12-29,-0.0028787478246672803,-6191.895069298334,2144706.8450849033
2021-12-30,-0.006195271750929365,-13287.04173137946,2131419.803353524
2021-12-31,-0.00680232767760836,-14498.615920954384,2116921.1874325695
2022-01-03,0.020761344566457868,43950.13019232312,2160871.3176248926
2022-01-04,-0.009473768387115566,-20471.594377539586,2140399.723247353
2022-01-05,-0.03272915275516042,-70053.46949926578,2070346.2537480872
2022-01-06,-0.0018584507101465954,-3847.63646552735,2066498.6172825599
2022-01-07,-0.007428852466365785,-15351.713349740952,2051146.903932819
2022-01-10,0.00293353563228228,6017.11252973252,2057164.0164625514
2022-01-11,0.01290790797610186,26553.68381624669,2083717.7002787981
2022-01-12,0.00684136515847124,14255.47367477743,2097973.1739535755
2022-01-13,-0.028310704043770014,-59395.09761956823,2038578.0763340073
2022-01-14,0.0032773127596636546,6681.057941140374,2045259.1342751477
2022-01-18,-0.025255426343780578,-51653.891419630265,1993605.2428555174
2022-01-19,-0.014013479221320969,-27937.345646272413,1965667.897209245
2022-01-20,-0.014024618569243665,-27567.742492167046,1938100.154717078
2022-01-21,-0.02621944104282608,-50815.90274169622,1887284.2519753817
2022-01-24,0.0014752852378185106,2784.282596506644,1890068.5345718884
2022-01-25,-0.019511783749378918,-36878.60851807217,1853189.9260538162
2022-01-26,0.008781959161846464,16274.638249750016,1869464.5643035662
2022-01-27,-0.011135004536215867,-20816.496403814992,1848648.0678997512
2022-01-28,0.033714819116112085,62326.83521859022,1910974.9031183415
2022-01-31,0.03162266020280508,60430.11001739977,1971405.0131357412
2022-02-01,0.007432746081481059,14652.952886397019,1986057.9660221383
2022-02-02,0.013667339920120824,27144.129322688095,2013202.0953448263
2022-02-03,-0.045350570998636944,-91299.86455954006,1921902.2307852863
2022-02-04,0.02181693859225028,41930.02294935123,1963832.2537346375
2022-02-07,-0.00604646214078866,-11874.237373065902,1951958.0163615716
2022-02-08,0.011343022068499855,22141.102856374346,1974099.119217946
2022-02-09,0.01936652101254363,38231.432073178235,2012330.5512911242
2022-02-10,-0.022016449770900448,-44304.37450494943,1968026.1767861748
2022-02-11,-0.03130007516247074,-61599.36725511728,1906426.8095310575
2022-02-14,0.00276652253856608,5274.172736694338,1911700.9822677518
2022-02-15,0.02673831007781456,51115.65363993752,1962816.6359076893
2022-02-16,0.0011051881019593604,2169.281592332758,1964985.917500022
2022-02-17,-0.03472487998015277,-68233.90014787833,1896752.0173521438
2022-02-18,-0.013534702134765248,-25671.973578376463,1871080.0437737673
2022-02-22,-0.011796481029479814,-22072.16024101549,1849007.8835327518
2022-02-23,-0.027881720376535152,-51553.520782669075,1797454.3627500827
2022-02-24,0.02870289103691259,51592.1367178387,1849046.4994679214
2022-02-25,0.016485622322332527,30482.682246659184,1879529.1817145806
2022-02-28,0.0026386454083307605,4959.4110451547895,1884488.5927597354
2022-03-01,-0.01779899310544615,-33541.999469822505,1850946.593289913
2022-03-02,0.01826293036222103,33803.7087374439,1884750.3020273568
2022-03-03,-0.012868858740887328,-24254.585398634663,1860495.7166287221
2022-03-04,-0.015424627666521452,-28697.45370415598,1831798.2629245662
2022-03-07,-0.04004446658464245,-73353.38432948897,1758444.8785950772
2022-03-08,-0.0031117909037398596,-5471.912777939811,1752972.9658171374
2022-03-09,0.03736675877828819,65502.917958549224,1818475.8837756866
2022-03-10,-0.005961051534320633,-10840.028457105858,1807635.8553185808
2022-03-11,-0.022227210209539328,-40178.70213846653,1767457.1531801142
2022-03-14,-0.020712604398402487,-36608.64080494642,1730848.5123751678
2022-03-15,0.032574135926614574,56380.89471048722,1787229.407085655
2022-03-16,0.035501136480147785,63448.675102281384,1850678.0821879364
2022-03-17,0.012735115791260946,23568.59966901224,1874246.6818569486
2022-03-18,0.024481979828671663,45885.26945917681,1920131.9513161255
2022-03-21,0.0045014845275877955,8643.444269776344,1928775.3955859018
2022-03-22,0.016846695068310154,32493.49094469496,1961268.8865305968
2022-03-23,-0.009719435247591455,-19062.425945749972,1942206.4605848468
2022-03-24,0.027276267704125896,52976.14335559518,1995182.603940442
2022-03-25,0.0010892583516551903,2173.2693144192453,1997355.8732548612
2022-03-28,0.011746717664109082,23462.375517874723,2020818.248772736
2022-03-29,0.010731878901907202,21687.17672859365,2042505.4255013296
2022-03-30,-0.00873287297394404,-17836.940429494716,2024668.4850718349
2022-03-31,-0.01930875438721573,-39093.82649378828,1985574.6585780466
2022-04-01,-0.00116128783635384,-2305.8236991788726,1983268.8348788677
2022-04-04,0.02073857719776202,41130.17383605079,2024399.0087149185
2022-04-05,-0.021633105154563872,-43794.03663032479,1980604.9720845937
2022-04-06,-0.028122264127242256,-55699.096156692365,1924905.8759279014
2022-04-07,0.00044843655554176496,863.1981607433408,1925769.0740886447
2022-04-08,-0.01354541469286239,-26085.3407112204,1899683.7333774243
2022-04-11,-0.03152491558563767,-59887.36933413218,1839796.3640432921
2022-04-12,-0.0037371139883452904,-6875.528727773111,1832920.835315519
2022-04-13,0.015458036210320885,28333.35664295894,1861254.191958478
2022-04-14,-0.0252382385731655,-46974.777341952315,1814279.4146165256
2022-04-18,0.008502359576523726,15425.65595535445,1829705.07057188
2022-04-19,0.01804943146351181,33025.13626972702,1862730.206841607
2022-04-20,-0.014085572614331559,-26237.621589376125,1836492.585252231
2022-04-21,-0.023277800676546192,-42749.508343456546,1793743.0769087744
2022-04-22,-0.028119023297924144,-50438.30337008787,1743304.7735386866
2022-04-25,0.010924868172896734,19045.374836091883,1762350.1483747785
2022-04-26,-0.042444077581150146,-74801.32642277051,1687548.821952008
2022-04-27,-0.002170041047047732,-3662.0502125327475,1683886.7717394752
2022-04-28,0.04306861892540357,72522.67768557533,1756409.4494250505
2022-04-29,-0.05009746650227165,-87991.66355684493,1668417.7858682056
2022-05-02,0.01944977217641889,32450.345830221893,1700868.1316984275
2022-05-03,0.0050099565316843505,8521.275405936409,1709389.407104364
2022-05-04,0.03423663236146307,58523.73669361137,1767913.1437979753
2022-05-05,-0.05468325736351336,-96675.24943864252,1671237.8943593327
2022-05-06,-0.00434340045158823,-7258.85542507167,1663979.038934261
2022-05-09,-0.04873056995214066,-81086.64695568173,1582892.3919785793
2022-05-10,0.012493820805394459,19776.37389960233,1602668.7658781817
2022-05-11,-0.034531919365420126,-55343.228592782514,1547325.5372853992
2022-05-12,-0.01221183821988277,-18895.689134822693,1528429.8481505765
2022-05-13,0.03927502654010923,60029.12285080901,1588458.9710013855
2022-05-16,-0.010934797802419256,-17369.47766533913,1571089.4933360463
2022-05-17,0.02893862061313619,45465.162796936,1616554.6561329823
2022-05-18,-0.051495081288698064,-83244.61342519103,1533310.0427077913
2022-05-19,-0.00582287187674879,-8928.267926019616,1524381.7747817717
2022-05-20,-0.007319114983981924,-11157.125489114318,1513224.6492926574
2022-05-23,0.02598561589743812,39322.07450305438,1552546.7237957118
2022-05-24,-0.024895079497888762,-38650.7741130807,1513895.949682631
2022-05-25,0.016534751569426992,25031.89342996385,1538927.843112595
2022-05-26,0.027829189965067763,42827.11528851255,1581754.9584011075
2022-05-27,0.0344603908807844,54507.89414412109,1636262.8525452286
2022-05-31,0.0010480633719675652,1714.9071626637597,1637977.7597078923
2022-06-01,-0.00514322976556851,-8424.495969068725,1629553.2637388236
2022-06-02,0.02731097746579891,44504.692465290194,1674057.9562041138
2022-06-03,-0.03068287268129505,-51364.9071313201,1622693.0490727937
2022-06-06,0.0065171365812104354,10575.312230188167,1633268.3613029819
2022-06-07,0.009204820048461265,15033.941356639378,1648302.3026596212
2022-06-08,-0.0063124939238072665,-10404.898270136211,1637897.404389485
2022-06-09,-0.029055873356404024,-47590.53955272399,1590306.864836761
2022-06-10,-0.04298021723951353,-68351.73452817369,1521955.1303085873
2022-06-13,-0.05046084165418783,-76799.13683528034,1445155.993473307
2022-06-14,0.002105644672764854,3042.9850189709105,1448198.978492278
2022-06-15,0.027885249899235156,40383.39041907457,1488582.3689113525
2022-06-16,-0.0394549544541189,-58731.94956660201,1429850.4193447505
2022-06-17,0.0080343304091008,11487.890704607358,1441338.3100493578
2022-06-21,0.033632771016991185,48476.20133990701,1489814.5113892648
2022-06-22,-0.005008276661591766,-7461.403247491457,1482353.1081417734
2022-06-23,0.009309666061974394,13800.212422729935,1496153.3205645033
2022-06-24,0.03566932951134548,53366.78579070885,1549520.1063552122
2022-06-27,-0.007454746433389492,-11551.279486316722,1537968.8268688954
2022-06-28,-0.03170221636602293,-48757.020513596246,1489211.8063552992
2022-06-29,0.0002039614435644404,303.7417897975538,1489515.5481450967
2022-06-30,-0.020076993017867157,-29904.993260113522,1459610.5548849832
2022-07-01,0.004250756492460742,6204.449042641558,1465815.0039276248
2022-07-05,0.01831362539497236,26844.386880260427,1492659.3908078852
2022-07-06,0.006954965455719749,10381.394500224385,1503040.7853081096
2022-07-07,0.025744373115438153,38694.84278469323,1541735.6280928028
2022-07-08,0.001187548538922005,1830.8858925455716,1543566.5139853484
2022-07-11,-0.025377988559730124,-39172.61333310255,1504393.9006522459
2022-07-12,-0.010311971895108086,-15513.267622698098,1488880.6330295478
2022-07-13,-0.002677569973202785,-3986.582076683175,1484894.0509528646
2022-07-14,0.0003483216300531202,517.2207162838895,1485411.2716691485
2022-07-15,0.02185139755872402,32458.312235452235,1517869.5839046007
2022-07-18,-0.004979521995402235,-7558.264979204861,1510311.3189253958
2022-07-19,0.0331124803837735,50010.15392130823,1560321.472846704
2022-07-20,0.016788651805961452,26195.693912988063,1586517.1667596921
2022-07-21,0.013192517066982542,20930.154799537733,1607447.3215592299
2022-07-22,-0.022793230466282437,-36638.91726270784,1570808.404296522
2022-07-25,-0.005039132160467705,-7915.511148023652,1562892.8931484984
2022-07-26,-0.023631819809797203,-36934.00323289796,1525958.8899156004
2022-07-27,0.049145287606917595,74993.68852123502,1600952.5784368354
2022-07-28,0.007916455646988795,12673.870080127614,1613626.448516963
2022-07-29,0.027076617741729963,43691.54652443901,1657317.995041402
2022-08-01,-0.00400571946604267,-6638.750954160001,1650679.244087242
2022-08-02,-0.004731241105671685,-7809.761491904734,1642869.4825953373
2022-08-03,0.02463148668089431,40466.317778994795,1683335.8003743321
2022-08-04,0.0018545528067664102,3121.8351333145984,1686457.6355076467
2022-08-05,-0.004938613136871445,-8328.761833495228,1678128.8736741515
2022-08-08,-0.012335909290672693,-20701.245563703123,1657427.6281104484
2022-08-09,-0.006549923363381051,-10856.023944473825,1646571.6041659745
2022-08-10,0.03128741031060702,51516.96138533554,1698088.56555131
2022-08-11,-0.004590600641928926,-7795.24645907199,1690293.319092238
2022-08-12,0.023670458586396468,40010.01800843538,1730303.3371006735
2022-08-15,0.00578696348319272,10013.202226647874,1740316.5393273213
2022-08-16,-0.001208076708203115,-2102.435876061907,1738214.1034512594
2022-08-17,-0.00895215131449834,-15560.75567109068,1722653.3477801688
2022-08-18,0.0033175253108502696,5714.9460830814205,1728368.2938632502
2022-08-19,-0.023474547901834255,-40572.66430630465,1687795.6295569455
2022-08-22,-0.027078789020782115,-45703.461762970546,1642092.167793975
2022-08-23,0.0009330154485539449,1532.0973605010659,1643624.265154476
2022-08-24,0.00171802694597751,2823.7907765980344,1646448.055931074
2022-08-25,0.020224928208436115,33299.2937301253,1679747.3496611994
2022-08-26,-0.04712750375737489,-79162.29953259858,1600585.0501286008
2022-08-29,-0.010678148653612345,-17091.285098023014,1583493.7650305778
2022-08-30,-0.013305012299024787,-21068.404019160895,1562425.361011417
2022-08-31,-0.008748314160270495,-13668.587910101982,1548756.773101315
2022-09-01,-0.008174966255793083,-12661.034358534263,1536095.7387427806
2022-09-02,-0.01374218338040009,-21109.30933165457,1514986.429411126
2022-09-06,-0.007358038937123303,-11147.32913682051,1503839.1002743056
2022-09-07,0.016634660866927473,25015.853431488387,1528854.953705794
2022-09-08,0.00533962098903131,8163.505999991903,1537018.4597057858
2022-09-09,0.02110929589631638,32445.377464029938,1569463.8371698158
2022-09-12,0.015698171370991252,24637.712276465027,1594101.5494462808
2022-09-13,-0.06225554887699087,-99241.66692643985,1494859.882519841
2022-09-14,0.00579751804360134,8666.47714156448,1503526.3596614054
2022-09-15,-0.01318667755606183,-19826.51730189426,1483699.8423595112
2022-09-16,-0.004698672423891254,-6971.419534626417,1476728.4228248848
2022-09-19,0.010746407398743576,15869.52524898015,1492597.948073865
2022-09-20,-0.0075689468383811345,-11297.39452004782,1481300.553553817
2022-09-21,-0.017653597265225786,-26150.283401195193,1455150.270152622
2022-09-22,-0.010982755232611885,-15981.559243755182,1439168.7109088667
2022-09-23,-0.01815577098923642,-26129.217530135997,1413039.4933787307
2022-09-26,-0.0077887444542878844,-11005.80351774348,1402033.6898609872
2022-09-27,0.0022395537614661527,3139.929823830491,1405173.6196848177
2022-09-28,0.017714365241751823,24891.758727171225,1430065.378411989
2022-09-29,-0.03164402512557095,-45253.024765678216,1384812.3536463107
2022-09-30,-0.01699662148654581,-23537.131404818967,1361275.2222414918
2022-10-03,0.024365476120231835,33168.1189205884,1394443.3411620802
2022-10-04,0.034225518343614904,47725.54615207459,1442168.8873141548
2022-10-05,-0.0003580211651843509,-516.3269854290411,1441652.5603287257
2022-10-06,-0.006119755223218001,-8822.560786137125,1432829.9995425886
2022-10-07,-0.04473900022089145,-64103.38166603586,1368726.6178765527
2022-10-10,-0.01203204966718663,-16468.5866470912,1352258.0312294615
2022-10-11,-0.01440069884925709,-19473.460674224654,1332784.570555237
2022-10-12,0.0007923539844312054,1056.0371648676228,1333840.6077201045
2022-10-13,0.029446553129428704,39277.00832141959,1373117.616041524
2022-10-14,-0.032075935367477486,-44044.031904092524,1329073.5841374316
2022-10-17,0.04166624976502484,55377.51191276708,1384451.0960501987
2022-10-18,0.00889530368677943,12315.112938860897,1396766.2089890596
2022-10-19,-0.0024460898593310645,-3416.615659664385,1393349.5933293952
2022-10-20,-0.0028844303020489756,-4019.019788346952,1389330.5735410482
2022-10-21,0.025392930109606936,35279.17415306787,1424609.747694116
2022-10-24,0.00980070444718931,13962.17908973503,1438571.926783851
2022-10-25,0.02139621893230494,30779.999895334942,1469351.926679186
2022-10-26,-0.03433767881220408,-50454.13452040288,1418897.7921587832
2022-10-27,-0.026534604508993913,-37649.89175361791,1381247.9004051653
2022-10-28,0.02994670504375095,41363.82346573379,1422611.723870899
2022-10-31,-0.01512268630501874,-21513.710833941586,1401098.0130369575
2022-11-01,-0.012937844164029577,-18127.187751203775,1382970.8252857537
2022-11-02,-0.033256980424473837,-45993.43366414681,1336977.391621607
2022-11-03,-0.017655639945547245,-23605.191441807663,1313372.2001797992
2022-11-04,0.020024521390659557,26299.64971639798,1339671.8498961972
2022-11-07,0.01066360049874936,14285.725406713551,1353957.5753029108
2022-11-08,0.003799877495902549,5144.8729208,1359102.4482237108
2022-11-09,-0.0304473531684817,-41381.07223321544,1317721.3759904953
2022-11-10,0.08132367397783967,107161.94357468118,1424883.3195651765
2022-11-11,0.020049669988912232,28568.44032998779,1453451.7598951643
2022-11-14,-0.011122218615019363,-16165.608219938818,1437286.1516752255
2022-11-15,0.009963856087062404,14320.912371219601,1451607.064046445
2022-11-16,-0.013006321662270781,-18880.06840221258,1432726.9956442325
2022-11-17,-0.00433515493861719,-6211.093510857085,1426515.9021333754
2022-11-18,-0.0024241432266287346,-3458.078861834947,1423057.8232715405
2022-11-21,-0.015304602283324096,-21779.334011343773,1401278.4892601967
2022-11-22,0.018743990986252655,26265.551371922716,1427544.0406321194
2022-11-23,0.01516505747968463,21648.787430967437,1449192.8280630868
2022-11-25,-0.007788038433053144,-11286.369441860123,1437906.4586212267
2022-11-28,-0.018824578116078645,-27067.98245392926,1410838.4761672975
2022-11-29,-0.00820139230364597,-11570.839820126072,1399267.6363471714
2022-11-30,0.05148086186476458,72035.50389862456,1471303.140245796
2022-12-01,-0.0007788866180378702,-1145.9783270144835,1470157.1619187815
2022-12-02,-0.004603219364250085,-6767.455916235689,1463389.7060025458
2022-12-05,-0.019238536601517885,-28153.476421214407,1435236.2295813314
2022-12-06,-0.024659715928498194,-35392.517711764434,1399843.711869567
2022-12-07,-0.005445811492986225,-7623.28497448354,1392220.4268950834
2022-12-08,0.016838549984030293,23442.973247060552,1415663.400142144
2022-12-09,-0.005646806360484805,-7993.977092228131,1407669.4230499158
2022-12-12,0.013918415760647793,19592.52828355995,1427261.9513334758
2022-12-13,0.013018367606757394,18580.620753597235,1445842.572087073
2022-12-14,-0.009440957130065871,-13650.137739898404,1432192.4343471746
2022-12-15,-0.03473411332896084,-49745.93432349502,1382446.5000236796
2022-12-16,-0.012683758506186181,-17534.617554022698,1364911.8824696569
2022-12-19,-0.015595494278483184,-21286.47545368923,1343625.4070159676
2022-12-20,-0.0020578345444969256,-2764.958777421154,1340860.4482385465
2022-12-21,0.016123587135693878,21619.480273979716,1362479.9285125262
2022-12-22,-0.03316049553550582,-45180.509586656,1317299.4189258702
2022-12-23,0.0035446729013091103,4669.395553176757,1321968.814479047
2022-12-27,-0.025172707095466325,-33277.53375622188,1288691.280722825
2022-12-28,-0.011276403006149543,-14531.802231941605,1274159.4784908835
2022-12-29,0.028181742364324292,35908.03415389173,1310067.5126447752
2022-12-30,0.0011767826509359299,1541.6647204351611,1311609.1773652104
2023-01-03,-0.014553131588766642,-19088.020951229846,1292521.1564139805
2023-01-04,0.0010873289989031336,1405.3957350645214,1293926.552149045
2023-01-05,-0.018229335884349933,-23587.421728803776,1270339.1304202413
2023-01-06,0.024833305526236343,31546.719747659517,1301885.8501679008
2023-01-09,0.013412004057724544,17460.898305146024,1319346.7484730468
2023-01-10,0.010159100499637854,13403.376211607829,1332750.1246846546
2023-01-11,0.022445630548390553,29914.41691199341,1362664.541596648
2023-01-12,0.008589494217280386,11704.599200137425,1374369.1407967855
2023-01-13,0.011447086269696528,15732.522121109534,1390101.662917895
2023-01-17,0.007241994659282954,10067.108818711946,1400168.771736607
2023-01-18,-0.014440448686840489,-20219.065301178955,1379949.706435428
2023-01-19,-0.007206789718774033,-9945.00735676405,1370004.699078664
2023-01-20,0.0322919251381106,44240.08918150794,1414244.788260172
2023-01-23,0.025515244285864106,36084.80125246849,1450329.5895126404
2023-01-24,0.0007902074464253954,1146.0612414041534,1451475.6507540445
2023-01-25,-0.0031415014061537696,-4559.812797841616,1446915.837956203
2023-01-26,0.025410158776754142,36766.36117906729,1483682.1991352702
2023-01-27,0.01726503349266891,25615.82286054711,1509298.0219958173
2023-01-30,-0.027266003672450783,-41152.52541056066,1468145.4965852567
2023-01-31,0.017895121490367413,26272.642026928952,1494418.1386121856
2023-02-01,0.021143261180751084,31596.873017929494,1526015.011630115
2023-02-02,0.041246371383849664,62942.58190702507,1588957.5935371402
2023-02-03,-0.012764189422867066,-20281.755708810873,1568675.8378283293
2023-02-06,-0.005646539096515767,-8857.58944805758,1559818.2483802717
2023-02-07,0.026727476508035437,41690.005590388784,1601508.2539706605
2023-02-08,-0.015384935797868517,-24639.10166709521,1576869.1523035653
2023-02-09,-0.009740007631908475,-15358.717577957781,1561510.4347256075
2023-02-10,-0.00856778659607859,-13378.688172278926,1548131.7465533286
2023-02-13,0.01589983209220077,24615.034826803487,1572746.781380132
2023-02-14,0.011017540602151035,17327.801520758076,1590074.5829008901
2023-02-15,0.004647430863437151,7389.761691740714,1597464.3445926309
2023-02-16,-0.021971555078002213,-35098.775832361775,1562365.568760269
2023-02-17,-0.00913392953552505,-14270.537013786845,1548095.0317464822
2023-02-21,-0.024904076320622942,-38553.87682219152,1509541.1549242907
2023-02-22,0.0006526140661010454,985.1477910617832,1510526.3027153525
2023-02-23,0.023579785862260803,35617.88675734075,1546144.1894726933
2023-02-24,-0.01539378853803651,-23801.01670205663,1522343.1727706366
2023-02-27,0.007772913707978982,11833.04211587715,1534176.2148865138
2023-02-28,-0.0013769903281796248,-2112.5458096219227,1532063.6690768918
2023-03-01,-0.011386314342801447,-17444.55852929526,1514619.1105475966
2023-03-02,0.006264354977719721,9488.1117645083,1524107.222312105
2023-03-03,0.02506624433204413,38203.644022708526,1562310.8663348134
2023-03-06,0.001798834043222575,2810.337972459616,1565121.204307273
2023-03-07,-0.014141234720430145,-22132.74631603132,1542988.4579912417
2023-03-08,0.0047600503811920285,7344.702797635924,1550333.1607888776
2023-03-09,-0.022396052092652483,-34721.34222999425,1515611.8185588834
2023-03-10,-0.010468636983396385,-15866.389936238062,1499745.4286226453
2023-03-13,0.006865501100635077,10296.503890881315,1510041.9325135266
2023-03-14,0.028283745320763103,42709.64144288562,1552751.5739564123
2023-03-15,0.0007129213515437393,1106.9897507166024,1553858.5637071289
2023-03-16,0.030909752558951856,48029.38371579582,1601887.9474229247
2023-03-17,-0.006218061052675737,-9960.637056621257,1591927.3103663034
2023-03-20,0.003066795165465096,4882.114979203092,1596809.4253455065
2023-03-21,0.021481423067533072,34301.73882407113,1631111.1641695776
2023-03-22,-0.0110115038884888,-17960.986926810816,1613150.1772427668
2023-03-23,0.01046239840189149,16877.419836395653,1630027.5970791625
2023-03-24,-0.00069692540487826,-1136.0076430572663,1628891.5894361052
2023-03-27,-0.00496704620070048,-8090.779780661687,1620800.8096554435
2023-03-28,-0.00560999826149926,-9092.689724403434,1611708.11993104
2023-03-29,0.016189065772176898,26092.04875911493,1637800.168690155
2023-03-30,0.008560378861989485,14020.189944218146,1651820.3586343732
2023-03-31,0.017060315952336043,28180.577214803547,1680000.9358491767
2023-04-03,0.0038339766546922806,6441.084367906908,1686442.0202170836
2023-04-04,-0.0037128451420967395,-6261.498062190833,1680180.5221548928
2023-04-05,-0.00997437232791685,-16758.746106086764,1663421.776048806
2023-04-06,0.01076319077243788,17903.725910640787,1681325.5019594468
2023-04-10,-0.0032443661032978146,-5454.8354671674315,1675870.6664922794
2023-04-11,-0.008659707689424395,-14512.55009710393,1661358.1163951755
2023-04-12,-0.008794066936407384,-14610.094480922911,1646748.0219142525
2023-04-13,0.021065839541561566,34690.1295950294,1681438.151509282
2023-04-14,0.0067757808657260355,11393.056453898549,1692831.2079631805
2023-04-17,-0.00017934342211334102,-303.59814189653844,1692527.609821284
2023-04-18,0.00413538287813537,6999.249698426342,1699526.8595197103
2023-04-19,0.0008286075559954494,1408.2407974151429,1700935.1003171254
2023-04-20,-0.01261630878475009,-21459.522448420757,1679475.5778687047
2023-04-21,0.0012247631945401204,2056.9598739026114,1681532.5377426073
2023-04-24,-0.0015334242627365652,-2578.5027919556014,1678954.0349506517
2023-04-25,-0.019772214174614274,-33196.638768377015,1645757.3961822747
2023-04-26,0.011770316937273873,19371.086154927965,1665128.4823372026
2023-04-27,0.03127781089896045,52081.57379301591,1717210.0561302186
2023-04-28,0.004563218061464559,7836.003943461925,1725046.0600736805
2023-05-01,0.0025419176045793092,4384.924948811531,1729430.985022492
2023-05-02,-0.010408859494502714,-18001.404128538445,1711429.5808939536
2023-05-03,-0.007781885792430324,-13318.14954030374,1698111.4313536498
2023-05-04,-0.006188869253478204,-10509.389626484597,1687602.0417271652
2023-05-05,0.026502505727319495,44725.682776310714,1732327.724503476
2023-05-08,0.004498554602719525,7792.970858483575,1740120.6953619595
2023-05-09,-0.006919232065275315,-12040.298912797822,1728080.3964491617
2023-05-10,0.012727021735906705,21993.316767003154,1750073.7132161648
2023-05-11,0.003822914395450031,6690.381991352653,1756764.0952075175
2023-05-12,-0.006640248801253777,-11665.350677287439,1745098.74453023
2023-05-15,0.003930086834071951,6858.389600033406,1751957.1341302635
2023-05-16,0.00434387063432541,7610.275147545617,1759567.409277809
2023-05-17,0.0175316841820648,30848.180116512347,1790415.5893943214
2023-05-18,0.018419516544737516,32978.58957080473,1823394.1789651262
2023-05-19,-0.0029873851192230095,-5447.180636718171,1817946.998328408
2023-05-22,0.00224220524561469,4076.210295901401,1822023.2086243094
2023-05-23,-0.01188176834575557,-21648.857685464434,1800374.350938845
2023-05-24,-0.0014249021604223547,-2565.3573022217024,1797808.9936366233
2023-05-25,0.040441670455493274,72706.39886257448,1870515.3924991977
2023-05-26,0.020124505697211754,37643.19767307234,1908158.59017227
2023-05-30,0.008186245385527226,15620.654453651747,1923779.2446259218
2023-05-31,-0.011964012610476292,-23016.119142477168,1900763.1254834447
2023-06-01,0.019991026474284447,37998.20596288331,1938761.331446328
2023-06-02,0.007858303458371255,15235.374875860987,1953996.706322189
2023-06-05,-0.000694317034157355,-1356.6931978866924,1952640.0131243023
2023-06-06,-0.001049339796477035,-2048.982873964822,1950591.0302503374
2023-06-07,-0.018248409554672718,-35595.183993679006,1914995.8462566584
2023-06-08,0.013321989818643482,25511.555166575825,1940507.4014232343
2023-06-09,0.0037891738311435002,7352.919864613097,1947860.3212878474
2023-06-12,0.013468746927915472,26235.237718354445,1974095.5590062018
2023-06-13,0.008936316541684343,17641.14279881236,1991736.7018050142
2023-06-14,0.0045074688365381085,8977.691113975598,2000714.3929189898
2023-06-15,0.011098722671861632,22205.37419261015,2022919.7671116
2023-06-16,-0.006374160321566305,-12894.414913235,2010025.352198365
2023-06-20,0.004657077890302631,9360.84462667047,2019386.1968250354
2023-06-21,-0.010727439091929702,-21662.842429524288,1997723.354395511
2023-06-22,0.011832248085756362,23637.55833591707,2021360.9127314282
2023-06-23,-0.00863402651100341,-17452.48370882892,2003908.4290225992
2023-06-26,-0.01857338503853126,-37219.36283419491,1966689.0661884043
2023-06-27,0.015525428057302362,30533.68960819114,1997222.7557965955
2023-06-28,0.0005349670849539403,1068.4484356720932,1998291.2042322676
2023-06-29,0.0009679282148258854,1934.2024380147923,2000225.4066702824
2023-06-30,0.01862403411570809,37252.266212933,2037477.6728832154
2023-07-03,0.0015396386407750247,3136.9793548875023,2040614.6522381029
2023-07-05,0.0004925471826917105,1005.0989979193546,2041619.7512360222
2023-07-06,-0.006360984477941585,-12986.71154747135,2028633.0396885509
2023-07-07,-0.001546789074693065,-3137.8674223516136,2025495.1722661993
2023-07-10,-0.009196634972990244,-18627.73973888601,2006867.4325273132
2023-07-11,0.0052874380313074005,10611.18718653731,2017478.6197138506
2023-07-12,0.01392500969734358,28093.40934369876,2045572.0290575493
2023-07-13,0.018246253170342536,37324.025120354956,2082896.0541779043
2023-07-14,0.00284114523326919,5917.810195723083,2088813.8643736274
2023-07-17,0.010292143816471224,21498.37269797246,2110312.2370716
2023-07-18,0.009929482811163409,20954.30908418959,2131266.5461557894
2023-07-19,8.633355069157488e-05,183.99980839993805,2131450.5459641893
2023-07-20,-0.022153725059865306,-47219.56937399064,2084230.9765901987
2023-07-21,-0.008159260760360686,-17005.784022820648,2067225.192567378
2023-07-24,0.006966801153287321,14401.946855683113,2081627.1394230612
2023-07-25,0.0071172868345955285,14815.537433952559,2096442.6768570137
2023-07-26,-0.00019470045755025063,-408.1783484118059,2096034.498508602
2023-07-27,-0.0035684618194323312,-7479.619080140954,2088554.879428461
2023-07-28,0.018288928811583262,38197.43150895205,2126752.310937413
2023-07-31,0.00227008176270238,4827.90163484402,2131580.212572257
2023-08-01,-0.00527785384269472,-11250.168815936428,2120330.0437563206
2023-08-02,-0.024062922943526705,-51021.33845775318,2069308.7052985674
2023-08-03,0.001888586354437725,3908.0681839461904,2073216.7734825136
2023-08-04,-0.0028348733090635013,-5877.306895048358,2067339.4665874653
2023-08-07,0.006164672523256515,12744.470805915073,2080083.9373933803
2023-08-08,-0.006788171555803895,-14119.966617498547,2065963.9707758818
2023-08-09,-0.017272781769606282,-35684.94481108105,2030279.0259648007
2023-08-10,0.0010032983178643652,2036.9755315457005,2032316.0014963464
2023-08-11,-0.005990994977864085,-12175.594958397327,2020140.406537949
2023-08-14,0.01714740499745299,34640.16570262541,2054780.5722405745
2023-08-15,-0.012329002560874366,-25333.394937189063,2029447.1773033855
2023-08-16,-0.010132762326511507,-20563.90590182459,2008883.2714015609
2023-08-17,-0.00901648669795351,-18113.069294333458,1990770.2021072274
2023-08-18,-0.0020143232712700144,-4010.0547458555084,1986760.147361372
2023-08-21,0.022431415952186458,44565.84326269035,2031325.9906240623
2023-08-22,-0.005034010709652641,-10225.716791597428,2021100.2738324648
2023-08-23,0.016439498772672048,33225.87547111628,2054326.149303581
2023-08-24,-0.016500152134653362,-33896.69399770582,2020429.4553058753
2023-08-25,0.0038526848227139906,7784.077897821553,2028213.5332036968
2023-08-28,0.007371385945346684,14950.74473281973,2043164.2779365166
2023-08-29,0.022881242445650294,46750.13719975762,2089914.4151362742
2023-08-30,0.005934522336003125,12402.64377696137,2102317.0589132356
2023-08-31,0.0001222088775197053,256.92180796014145,2102573.9807211957
2023-09-01,-0.001972411817488595,-4147.141766718123,2098426.8389544776
2023-09-05,0.004346748704124146,9121.334142924752,2107548.1730974023
2023-09-06,-0.015818369852699306,-33337.97648443561,2074210.1966129667
2023-09-07,-0.007957064565565579,-16504.62445700378,2057705.572155963
2023-09-08,0.0014271712721017603,2936.6982790243346,2060642.2704349873
2023-09-11,0.01157930744977665,23860.810393373016,2084503.0808283603
2023-09-12,-0.009018859799821774,-18799.841038287617,2065703.2397900727
2023-09-13,0.00598419607922291,12361.57322838949,2078064.8130184622
2023-09-14,0.009303311284245596,19332.88382434845,2097397.6968428106
2023-09-15,-0.016731967831758846,-35093.59079397889,2062304.1060488317
2023-09-18,0.00257391648884734,5308.198543576989,2067612.3045924087
2023-09-19,-0.0024740328118693753,-5115.340683786664,2062496.963908622
2023-09-20,-0.01831485673756942,-37774.33641565801,2024722.627492964
2023-09-21,-0.01635298676572973,-33110.26233166596,1991612.365161298
2023-09-22,-0.00034712339206600983,-691.3352398753632,1990921.0299214227
2023-09-25,0.008403725198091436,16731.153226560913,2007652.1831479836
2023-09-26,-0.01682439282011302,-33777.528975439025,1973874.6541725446
2023-09-27,0.0030904479823180243,6100.156942335889,1979974.8111148805
2023-09-28,0.008035468337542866,15910.02490384574,1995884.8360187262
2023-09-29,-0.00015057369875032527,-300.5277620390989,1995584.3082566871
2023-10-02,0.01515552492610155,30244.12772592134,2025828.4359826085
2023-10-03,-0.01800289275954382,-36470.77208222938,1989357.663900379
2023-10-04,0.012108402328774621,24087.942970336648,2013445.6068707157
2023-10-05,0.00234818530440198,4727.943385266699,2018173.5502559824
2023-10-06,0.016890848730233145,34088.66414873139,2052262.2144047138
2023-10-09,0.00403396958390136,8278.763351098634,2060540.9777558125
2023-10-10,0.0025684780342485904,5292.454240034567,2065833.431995847
2023-10-11,0.009563550060841544,19756.701444252627,2085590.1334400997
2023-10-12,-0.0013259875157715052,-2765.466479957802,2082824.6669601419
2023-10-13,-0.010190725756919783,-21225.4949807385,2061599.1719794034
2023-10-16,0.008903854738737524,18356.179556806106,2079955.3515362095
2023-10-17,-0.008658543546763703,-18009.383986600442,2061945.967549609
2023-10-18,-0.016284232233840762,-33577.20698920963,2028368.7605603994
2023-10-19,-0.0065149078118451305,-13214.635483477265,2015154.1250769221
2023-10-20,-0.017242123191695814,-34745.53567483043,1980408.5894020917
2023-10-23,0.0070130830413749805,13888.769893329358,1994297.359295421
2023-10-24,0.007451219900666121,14859.948171427939,2009157.307466849
2023-10-25,-0.023575891832067236,-47367.67535444582,1961789.6321124032
2023-10-26,-0.024096456774470143,-47272.17907080031,1914517.4530416029
2023-10-27,0.0064524023292117155,12353.236873321934,1926870.6899149248
2023-10-30,0.014382113058423915,27712.472111319657,1954583.1620262444
2023-10-31,0.0018422534552676902,3600.8375838508364,1958183.9996100953
2023-11-01,0.01992391404244834,39014.689687529346,1997198.6892976246
2023-11-02,0.017476142506489933,34903.32890794007,2032102.0182055647
2023-11-03,0.008532097606708495,17338.0927661194,2049440.110971684
2023-11-06,0.008781583219119322,17997.328887098935,2067437.439858783
2023-11-07,0.008568884389962577,17715.63240563008,2085153.0722644131
2023-11-08,0.004413017659137785,9201.817329908255,2094354.8895943214
2023-11-09,-0.0053875471228786,-11283.435659720562,2083071.4539346008
2023-11-10,0.020937083890367473,43613.44178065867,2126684.8957152595
2023-11-13,-0.0007822080600028547,-1663.5100665153004,2125021.385648744
2023-11-14,0.01668627390522955,35458.688895405736,2160480.07454415
2023-11-15,-0.0017520261307908945,-3785.217545654159,2156694.8569984958
2023-11-16,0.006627226883792246,14292.906136436388,2170987.763134932
2023-11-17,-0.0006170949321090347,-1339.7055463008583,2169648.0575886313
2023-11-20,0.01056517090797931,22922.702538589016,2192570.7601272203
2023-11-21,-0.0040731576972196,-8930.68646831112,2183640.073658909
2023-11-22,0.0015130920374324397,3304.048408071976,2186944.122066981
2023-11-24,-0.005287103269368034,-11562.599417705555,2175381.5226492756
2023-11-27,0.0009684891979448596,2106.8335060947575,2177488.3561553704
2023-11-28,0.0037992578612952702,8272.83975500241,2185761.195910373
2023-11-29,-0.00601517111805207,-13147.727616599295,2172613.4682937735
2023-11-30,-0.004313475623150479,-9371.515234013088,2163241.9530597604
2023-12-01,-0.0006488143081790047,-1403.5423311982304,2161838.410728562
2023-12-04,-0.012502469946298445,-27028.319758887403,2134810.0909696748
2023-12-05,0.011288093507364625,24097.935927331448,2158908.026897006
2023-12-06,-0.010258492716912627,-22147.142270406708,2136760.8846265995
2023-12-07,0.015188267105468684,32453.695056226104,2169214.5796828256
2023-12-08,0.0076244395190010845,16539.04536652658,2185753.625049352
2023-12-11,-0.01103311967214516,-24115.68131899461,2161637.9437303576
2023-12-12,0.007663549184809692,16565.81870152848,2178203.762431886
2023-12-13,0.007247366675849717,15786.241361059248,2193990.0037929453
2023-12-14,4.08865250424498e-05,89.70462723309174,2194079.7084201784
2023-12-15,0.006161069327696555,13517.877194069326,2207597.5856142477
2023-12-18,0.00943528076741882,20829.303041746374,2228426.888655994
2023-12-19,0.003910716927557015,8714.746755289845,2237141.635411284
2023-12-20,-0.012575232699816733,-28132.576647745445,2209009.0587635385
2023-12-21,0.009683485363768401,21390.906888968777,2230399.9656525073
2023-12-22,-0.0011160318219763053,-2489.197337403428,2227910.768315104
2023-12-26,0.0025288720580158843,5634.101289744955,2233544.869604849
2023-12-27,0.00140551472878825,3139.280211639125,2236684.149816488
2023-12-28,-0.0003599138508204405,-805.0136054293253,2235879.1362110586
2023-12-29,-0.00373552058205042,-8352.17253229348,2227526.963678765
2024-01-02,-0.013515523161679437,-30106.19227086613,2197420.771407899
2024-01-03,-0.00600792188799556,-13201.932349677198,2184218.839058222
2024-01-04,-0.005980664446146615,-13063.07995335944,2171155.7591048623
2024-01-05,0.0029989672752758047,6511.225071081892,2177666.9841759442
2024-01-08,0.022313329182707377,48591.000268231146,2226257.9844441754
2024-01-09,0.002959313177436095,6588.194589737803,2232846.179033913
2024-01-10,0.010978021494713589,24512.233347823378,2257358.4123817366
2024-01-11,0.00036869442449879005,832.2754607405514,2258190.687842477
2024-01-12,-0.0014468566145613853,-3267.2781336456537,2254923.4097088315
2024-01-16,-0.0010451754547748313,-2356.790600224398,2252566.619108607
2024-01-17,-0.0051176082432978194,-11527.753498527687,2241038.8656100794
2024-01-18,0.012935796369317451,28989.62242125813,2270028.4880313375
2024-01-19,0.01579953388582571,35865.392018440645,2305893.880049778
2024-01-22,0.00110514470605495,2548.3464142614976,2308442.2264640396
2024-01-23,0.00496441826133788,11460.072744301986,2319902.2992083416
2024-01-24,0.007939982583922329,18419.98385211546,2338322.283060457
2024-01-25,-0.0016320177685409496,-3816.183514529839,2334506.0995459273
2024-01-26,-0.0012010408517869795,-2803.8371943007223,2331702.2623516265
2024-01-29,0.010474494940151754,24423.40354894288,2356125.6659005694
2024-01-30,-0.00350035203313774,-8247.26926496299,2347878.3966356064
2024-01-31,-0.024893676827698996,-58447.32603658317,2289431.0705990233
2024-02-01,0.011923776272448446,27298.663877014536,2316729.734476038
2024-02-02,0.027033067716601442,62628.31179315504,2379358.046269193
2024-02-05,0.0023907650575190303,5688.486076346599,2385046.5323455394
2024-02-06,0.0008871636928920855,2115.9266893551685,2387162.4590348946
2024-02-07,0.012420214571737368,29649.069958809298,2416811.528993704
2024-02-08,-0.0011423558347521097,-2760.858751642052,2414050.670242062
2024-02-09,0.01289517410788776,31129.60369803477,2445180.2739400966
2024-02-12,-0.00594588285818449,-14538.755475991406,2430641.518464105
2024-02-13,-0.0130175296618165,-31640.94806384947,2399000.5704002557
2024-02-14,0.009487194822422213,22759.78579048952,2421760.3561907453
2024-02-15,0.001267761203649735,3070.2138241156936,2424830.570014861
2024-02-16,-0.0061182338367728505,-14835.680441905744,2409994.889572955
2024-02-20,-0.01086058428680379,-26173.95262897387,2383820.9369439813
2024-02-21,-0.0001576705414712604,-375.858337898273,2383445.078606083
2024-02-22,0.03722559334678084,88725.15726057626,2472170.2358666593
2024-02-23,-0.0033020260847008297,-8163.170604652725,2464007.0652620066
2024-02-26,-0.0053562053251772004,-13197.727764230687,2450809.337497776
2024-02-27,0.0005437732753944802,1332.6846208190545,2452142.022118595
2024-02-28,-0.00585721316484845,-14362.718534031417,2437779.3035845635
2024-02-29,0.008885035426515522,21659.755474375095,2459439.0590589386
2024-03-01,0.00642868321976988,15810.954609019216,2475250.013667958
2024-03-04,-0.008083927154925676,-20009.74080072064,2455240.272867237
2024-03-05,-0.013590822771950718,-33368.7354110945,2421871.5374561427
2024-03-06,0.0024107689531050894,5838.572710907552,2427710.1101670503
2024-03-07,0.01540471826509337,37398.19027644256,2465108.300443493
2024-03-08,-0.00859832572209322,-21195.804107449017,2443912.496336044
2024-03-11,-0.0015475817517243598,-3782.1543821403757,2440130.3419539034
2024-03-12,0.01953474287057911,47667.318800767884,2487797.6607546713
2024-03-13,-0.004112284841884295,-10230.532609996386,2477567.128144675
2024-03-14,0.0011212121989847112,2777.8784878794104,2480345.0066325543
2024-03-15,-0.006698254971526785,-16613.983271778096,2463731.0233607762
2024-03-18,0.012835336333247545,31622.816319491714,2495353.839680268
2024-03-19,0.0069035332772772046,17226.758270814084,2512580.597951082
2024-03-20,0.011854126572617831,29784.448432016186,2542365.0463830982
2024-03-21,-0.005154985103750606,-13105.853942401242,2529259.192440697
2024-03-22,0.006179195662153161,15628.78743039025,2544887.9798710872
2024-03-25,-0.00356961232383053,-9084.263495716266,2535803.716375371
2024-03-26,-0.0045900223621282155,-11639.395764131099,2524164.32061124
2024-03-27,0.004227248286243801,10670.269298501778,2534834.5899097417
2024-03-28,-0.00273480329382858,-6932.273985795677,2527902.315923946
2024-04-01,0.0025433404881390286,6429.3163101496175,2534331.6322340956
2024-04-02,-0.009095540688684876,-23051.116479606368,2511280.515754489
2024-04-03,0.0023201458812203203,5826.537145216484,2517107.0528997057
2024-04-04,-0.011203221627216705,-28199.708173065446,2488907.3447266403
2024-04-05,0.012694739611631011,31596.030658781063,2520503.3753854213
2024-04-08,0.0002586114157328699,651.8309462675825,2521155.206331689
2024-04-09,0.0012100245598324257,3050.6597188105807,2524205.8660504995
2024-04-10,-0.00320364839423962,-8086.668069502804,2516119.1979809967
2024-04-11,0.01990186164332041,50075.45615631994,2566194.6541373166
2024-04-12,-0.016778056112756623,-43055.75790337194,2523138.8962339447
2024-04-15,-0.01788236443636353,-45119.6892660195,2478019.206967925
2024-04-16,-0.0019844223382650154,-4917.436668956652,2473101.7702989685
2024-04-17,-0.009426553751930324,-23312.82677171752,2449788.943527251
2024-04-18,-0.0025748177755892995,-6307.7601182363,2443481.1834090147
2024-04-19,-0.02325499294471573,-56823.1376807224,2386658.0457282923
2024-04-22,0.010536211097055324,25146.332986278925,2411804.3787145712
2024-04-23,0.015158938636277201,36560.39457963919,2448364.7732942104
2024-04-24,0.0029230798997529196,7156.765856078826,2455521.5391502893
2024-04-25,-0.0031084048645696797,-7632.755097350571,2447888.7840529387
2024-04-26,0.022569891784230786,55248.58495590696,2503137.3690088456
2024-04-29,0.0066001227146419645,16521.013807064388,2519658.38281591
2024-04-30,-0.021379960418625235,-53870.196493060794,2465788.1863228492
2024-05-01,-0.0028165531154753765,-6945.023398290388,2458843.162924559
2024-05-02,0.016385383448005823,40289.08806302678,2499132.2509875856
2024-05-03,0.021909029266823334,54753.56162854936,2553885.812616135
2024-05-06,0.011852779286527825,30270.64485993376,2584156.4574760688
2024-05-07,-0.0028505087644217645,-7366.160630672704,2576790.296845396
2024-05-08,0.0008905565334588601,2294.7774342093617,2579085.0742796054
2024-05-09,0.002789946326860195,7195.508929646108,2586280.5832092515
2024-05-10,-0.00039236412373395535,-1014.7637147614732,2585265.81949449
2024-05-13,0.0037912174260788297,9801.304825913627,2595067.1243204037
2024-05-14,0.008740143590117423,22681.25929255318,2617748.383612957
2024-05-15,0.0120392488396969,31515.724190030713,2649264.1078029876
2024-05-16,-0.0017511892942747547,-4639.3629432911985,2644624.7448596964
2024-05-17,0.0011991340595006352,3171.259606159292,2647796.0044658557
2024-05-20,-0.00016490363489279067,-436.6311855907552,2647359.373280265
2024-05-21,0.008960952484050174,23722.86155216908,2671082.234832434
2024-05-22,-0.00579170061635703,-15470.108625819441,2655612.1262066145
2024-05-23,0.0011043308736126355,2932.6744593102485,2658544.800665925
2024-05-24,0.012764427330862851,33934.80191394361,2692479.6025798684
2024-05-28,0.010822131805170377,29138.369141852017,2721617.9717217204
2024-05-29,-0.0031264631871813454,-8509.038398158737,2713108.9333235617
2024-05-30,-0.013128602206545468,-35619.327928629704,2677489.605394932
2024-05-31,0.00283113590649256,7580.336961093824,2685069.942356026
2024-06-03,0.009107131069666785,24453.283896259498,2709523.2262522853
2024-06-04,0.0022377590427268704,6063.260101024993,2715586.4863533103
2024-06-05,0.014868739487336068,40377.348020917736,2755963.834374228
2024-06-06,0.0005387112098091203,1484.6686114063486,2757448.5029856344
2024-06-07,7.005089004068535e-05,193.16172187495977,2757641.6647075093
2024-06-10,0.0009112772204547099,2512.976031224709,2760154.640738734
2024-06-11,0.012261386090864728,33843.32172058942,2793997.9624593235
2024-06-12,0.013920825411216956,38894.75783469202,2832892.7202940155
2024-06-13,0.005425703013045426,15370.434568133205,2848263.1548621487
2024-06-14,0.0005714043581531543,1627.5099798548035,2849890.6648420035
2024-06-17,0.007803219736245699,22238.32308203727,2872128.9879240408
2024-06-18,-0.0003606250086311411,-1035.7615410597064,2871093.226382981
2024-06-20,-0.005905494164867796,-16955.224295196123,2854138.002087785
2024-06-21,-0.004320905280698755,-12332.45996506419,2841805.5421227207
2024-06-24,-0.008731826933030899,-24814.154171143193,2816991.3879515775
2024-06-25,0.01647326681965139,46405.05076238653,2863396.438713964
2024-06-26,0.01071886794065829,30692.368288326077,2894088.80700229
2024-06-27,0.0033604372518041808,9725.403837080114,2903814.2108393703
2024-06-28,-0.007371085508248476,-21404.26284816442,2882409.947991206
2024-07-01,0.015412608108359,44425.4549360238,2926835.4029272296
2024-07-02,0.01169226721022273,34221.34161136532,2961056.744538595
2024-07-03,0.010007661828162635,29633.254553342238,2990689.999091937
2024-07-05,0.009080304156724206,27156.374830228277,3017846.3739221655
2024-07-08,0.0015805162626439694,4769.755272144452,3022616.12919431
2024-07-09,0.005061446702931755,15298.810441338923,3037914.939635649
2024-07-10,0.013287434153710986,40366.09472498391,3078281.0343606328
2024-07-11,-0.0281799091377386,-86745.67984870682,2991535.354511926
2024-07-12,0.003408738107295675,10197.360562246758,3001732.7150741727
2024-07-15,0.0066906821405923874,20083.639467578847,3021816.3545417516
2024-07-16,0.0004979613022640795,1504.7476071100682,3023321.1021488616
2024-07-17,-0.021829322590992323,-65997.0516349622,2957324.0505138994
2024-07-18,-0.0073339553338206305,-21688.882494102232,2935635.168019797
2024-07-19,-0.008445090916647654,-24791.705892035272,2910843.462127762
2024-07-22,0.01345775903811574,39173.42991098948,2950016.8920387514
2024-07-23,0.0005495167309148457,1621.0836386564188,2951637.975677408
2024-07-24,-0.039236349223672536,-115811.49839553237,2835826.4772818754
2024-07-25,-0.009791207518598983,-27766.165525804274,2808060.311756071
2024-07-26,0.008986027456940063,25233.307062183507,2833293.6188182547
2024-07-29,0.0019724859022896583,5588.631720165722,2838882.2505384204
2024-07-30,-0.0107553222882292,-30533.09354287386,2808349.1569955465
2024-07-31,0.02538497475955725,71289.8724663551,2879639.0294619016
2024-08-01,-0.020534274972939987,-59131.29965378065,2820507.729808121
2024-08-02,-0.022111925005593714,-62366.8553992142,2758140.874408907
2024-08-05,-0.041665232607675975,-114918.58109698631,2643222.2933119205
2024-08-06,0.00993187880903028,26252.163482501637,2669474.456794422
2024-08-07,-0.007217551447789982,-19267.069230474997,2650207.387563947
2024-08-08,0.024241407030831975,64244.75599805545,2714452.1435620026
2024-08-09,0.007014229972744706,19039.791584953666,2733491.9351469562
2024-08-12,0.006800881516330023,18590.154776778072,2752082.0899237343
2024-08-13,0.023618143096168838,64999.068612222094,2817081.1585359564
2024-08-14,0.0017940458667453094,5053.972808757797,2822135.131344714
2024-08-15,0.020280485709867225,57234.271202550735,2879369.402547265
2024-08-16,0.00333946829327465,9615.562824431807,2888984.9653716967
2024-08-19,0.012859915500230485,37152.10253611626,2926137.067907813
2024-08-20,-0.003397087499761595,-9940.343655978795,2916196.724251834
2024-08-21,0.0017997349008964203,5248.381022516172,2921445.1052743504
2024-08-22,-0.01569501745740422,-45852.131928128656,2875592.9733462217
2024-08-23,0.014617945060047873,42035.260099434294,2917628.233445656
2024-08-26,-0.00547373197035927,-15970.314939034171,2901657.918506622
2024-08-27,-0.0003599418669241694,-1044.4281683620065,2900613.49033826
2024-08-28,-0.009128365248458826,-26477.85938441474,2874135.630953845
2024-08-29,-0.004349732574804119,-12501.721378365066,2861633.90957548
2024-08-30,0.010763712519237325,30801.804737971164,2892435.714313451
2024-09-03,-0.032466448299957755,-93907.11457970878,2798528.5997337424
2024-09-04,-0.005140314319113484,-14385.316633660346,2784143.283100082
2024-09-05,0.006599537819225981,18374.05889096344,2802517.3419910455
2024-09-06,-0.026532695755513987,-74358.33998459997,2728159.0020064455
2024-09-09,0.012344892949812936,33678.830829837825,2761837.8328362834
2024-09-10,0.0024283587541754294,6706.733078980353,2768544.5659152637
2024-09-11,0.022275310619518374,61670.19016974233,2830214.756085006
2024-09-12,0.009947273741322095,28152.920925506856,2858367.677010513
2024-09-13,0.0018287571175353398,5227.260233865585,2863594.9372443785
2024-09-16,-0.00655240544243986,-18763.435051743407,2844831.502192635
2024-09-17,0.0029618174034305453,8425.871453021653,2853257.3736456567
2024-09-18,-0.0011943412482000198,-3407.7629730757326,2849849.610672581
2024-09-19,0.026309287237125795,74977.5119897956,2924827.1226623766
2024-09-20,-0.00354294685654941,-10362.507060187403,2914464.615602189
2024-09-23,0.00192421653106618,5608.060992549639,2920072.676594739
2024-09-24,0.006274398012104274,18321.69819722604,2938394.374791965
2024-09-25,0.001577069834603454,4634.05313065229,2943028.427922617
2024-09-26,-0.00035169863980032015,-1035.0590949938633,2941993.3688276233
2024-09-27,-0.0016318094911682009,-4800.7727022068575,2937192.5961254165
2024-09-30,0.007329133403996987,21527.076370235533,2958719.672495652
2024-10-01,-0.015998474642139184,-47335.00165362051,2911384.6708420315
2024-10-02,0.00015473013695994453,450.47894886275753,2911835.1497908942
2024-10-03,0.0008717434044831641,2538.3730867723934,2914373.5228776666
2024-10-04,0.013826615474094578,40295.92204871168,2954669.4449263783
2024-10-07,-0.012585411555727103,-37185.73097553011,2917483.713950848
2024-10-08,0.013236547510110845,38617.41178968456,2956101.1257405328
2024-10-09,0.005009053738201452,14807.269394392613,2970908.3951349254
2024-10-10,0.001992556774440105,5919.703648967203,2976828.0987838926
2024-10-11,0.0012148024209524013,3616.257981161587,2980444.356765054
2024-10-14,0.009031444329220017,26917.71728446195,3007362.074049516
2024-10-15,-0.01037214149858376,-31192.7849695161,2976169.28908
2024-10-16,0.002903662468987195,8641.791066053323,2984811.0801460533
2024-10-17,0.0005142519840518798,1534.9450199855492,2986346.025166039
2024-10-18,0.00571452237851384,17065.541190796997,3003411.566356836
2024-10-21,0.00659904517448309,19819.648603953887,3023231.21496079
2024-10-22,0.004435048655414139,13408.177534917835,3036639.3924957076
2024-10-23,-0.017327662144332227,-52617.86144733569,2984021.531048372
2024-10-24,0.012002472496839167,35815.63635638403,3019837.167404756
2024-10-25,0.006684024148988869,20184.664552947972,3040021.831957704
2024-10-28,0.0016587878205878502,5042.751189172734,3045064.5831468767
2024-10-29,0.004524715547455745,13778.051062371582,3058842.6342092482
2024-10-30,-0.0011603331639941689,-3549.2765519125387,3055293.3576573357
2024-10-31,-0.030123166299755543,-92035.10990725085,2963258.247750085
2024-11-01,0.007591170314749924,22494.598045258783,2985752.8457953436
2024-11-04,-0.005640127883851631,-16840.02787985932,2968912.8179154843
2024-11-05,0.013287285712436883,39448.79286695877,3008361.610782443
2024-11-06,0.03729730901873305,112203.79263744596,3120565.403419889
2024-11-07,0.012708063073587496,39656.34197191475,3160221.745391804
2024-11-08,6.440283292251001e-05,203.5272330660373,3160425.27262487
2024-11-11,-0.0007653757877838151,-2418.912982766982,3158006.359642103
2024-11-12,0.0027644180632819893,8730.049824554008,3166736.409466657
2024-11-13,0.0006959020634902303,2203.738401877694,3168940.1478685346
2024-11-14,-0.003212928647964295,-10181.578584771138,3158758.5692837634
2024-11-15,-0.017823416181376547,-56299.86859683413,3102458.7006869293
2024-11-18,0.005007812450472801,15536.531308377627,3117995.231995307
2024-11-19,0.010232579991883818,31905.135625704657,3149900.3676210116
2024-11-20,-0.0018385422793459898,-5791.225001598708,3144109.142619413
2024-11-21,-0.0058859155943190855,-18505.961032784544,3125603.1815866283
2024-11-22,-0.0021628198479244493,-6760.116597871296,3118843.064988757
2024-11-25,0.0004509959259747505,1406.5855160644278,3120249.6505048214
2024-11-26,0.009924073544676733,30965.587009361945,3151215.2375141834
2024-11-27,-0.00582272951787712,-18348.673980657943,3132866.5635335254
2024-11-29,0.00877061179522429,27477.156434990466,3160343.719968516
2024-12-02,0.009488462662199925,29986.803386639338,3190330.5233551553
2024-12-03,0.005563563651813194,17749.60693700891,3208080.130292164
2024-12-04,0.01085742197160952,34831.479693317786,3242911.609985482
2024-12-05,0.0014042344592134098,4553.80823092442,3247465.4182164064
2024-12-06,0.002947483667949836,9571.851282425225,3257037.2694988316
2024-12-09,-0.0010851585929128643,-3534.4019804345444,3253502.867518397
2024-12-10,0.002589255493217831,8424.15017192252,3261927.0176903196
2024-12-11,0.014180737977952483,46256.53234107001,3308183.5500313896
2024-12-12,-0.00659875230945925,-21829.883840885013,3286353.6661905046
2024-12-13,-0.005182159814291136,-17030.409904480446,3269323.256286024
2024-12-16,0.0070993940407130755,23210.214042841457,3292533.4703288656
2024-12-17,-0.0009975148710387345,-3284.351100045722,3289249.11922882
2024-12-18,-0.029012055584822553,-95427.8782793954,3193821.2409494244
2024-12-19,0.0036689292528643115,11717.904179338831,3205539.1451287633
2024-12-20,0.010984742338034896,35212.02156372415,3240751.1666924874
2024-12-23,0.010816703953619111,35054.24595745839,3275805.412649946
2024-12-24,0.012644541651675495,41421.05798303569,3317226.4706329815
2024-12-26,-0.0016029690537926848,-5317.411376846489,3311909.059256135
2024-12-27,-0.015137306623551904,-50133.382939279545,3261775.6763168555
2024-12-30,-0.00976021924555925,-31835.645730684977,3229940.0305861705
2024-12-31,-0.009335367503110535,-30152.67719852971,3199787.353387641
2025-01-02,-0.0036012788926807248,-11523.32665682165,3188264.026730819
2025-01-03,0.017701264508530365,56436.30486019468,3244700.331591014
2025-01-06,0.013787090094162404,44734.975800203625,3289435.3073912174
2025-01-07,-0.018578977900790033,-61114.34588209959,3228320.961509118
2025-01-08,-1.5800722626767294e-05,-51.00980406301096,3228269.951705055
2025-01-10,-0.015381769646239267,-49656.5047530029,3178613.446952052
2025-01-13,-0.0010034264425358647,-3189.504783271812,3175423.94216878
2025-01-14,-0.004477803617160526,-14218.924814261496,3161205.0173545186
2025-01-15,0.026782952472788012,84666.40373654524,3245871.421091064
2025-01-16,-0.01902472685700099,-61751.817199203186,3184119.6038918607
2025-01-17,0.015497641534436626,49346.34422388859,3233465.9481157493
2025-01-21,0.0024064259386492454,7781.096329284366,3241247.0444450337
2025-01-22,0.013694423125536856,44387.00848102663,3285634.0529260603
2025-01-23,0.0032639588489196507,10724.174341359641,3296358.22726742
2025-01-24,-0.00625460156865811,-20617.407339125406,3275740.8199282945
2025-01-27,-0.027054050717825913,-88622.05828079302,3187118.7616475015
2025-01-28,0.02787332945693248,88835.61126177153,3275954.372909273
2025-01-29,-0.008707435124593089,-28525.16017323453,3247429.2127360385
2025-01-30,-0.004275645095101435,-13884.85478512384,3233544.3579509147
2025-01-31,-0.005291099140496919,-17109.003773113247,3216435.3541778014
2025-02-03,-0.015797784838436593,-50812.553672041744,3165622.8005057597
2025-02-04,0.01476101986805435,46727.82105303183,3212350.6215587915
2025-02-05,-0.00377399777516227,-12123.404098804109,3200227.2174599874
2025-02-06,0.008154759760958918,26097.08413886791,3226324.3015988553
2025-02-07,-0.015190678787558027,-49010.056130080484,3177314.245468775
2025-02-10,0.00619662268438694,19688.61752889771,3197002.8629976725
2025-02-11,0.0010920678344092443,3491.3439931939356,3200494.2069908665
2025-02-12,-0.0021133998350272047,-6763.923929059878,3193730.2830618066
2025-02-13,0.01517413823689941,48462.10480655171,3242192.3878683583
2025-02-14,0.004383533650785726,14212.259434542619,3256404.647302901
2025-02-18,-0.00254033013032987,-8272.342842089478,3248132.3044608114
2025-02-19,0.003671385897027399,11925.147134276107,3260057.4515950875
2025-02-20,-0.005680106505259335,-18517.473538324237,3241539.9780567633
2025-02-21,-0.023363734215041516,-75734.4784947494,3165805.499562014
2025-02-24,-0.010630681765750466,-33654.670798106585,3132150.8287639073
2025-02-25,-0.01515903560605478,-47480.38593676593,3084670.4428271414
2025-02-26,-0.0013207719813056163,-4074.146292447578,3080596.296534694
2025-02-27,-0.025467440544188803,-78454.9030226455,3002141.3935120483
2025-02-28,0.02007677966923071,60273.33129341854,3062414.724805467
2025-03-03,-0.03192355120092212,-97763.15326578543,2964651.5715396814
2025-03-04,-0.004279074153000076,-12685.963912426494,2951965.607627255
2025-03-05,0.011892510704376281,35106.28258765768,2987071.8902149126
2025-03-06,-0.01976747300147913,-59046.86294330051,2928025.027271612
2025-03-07,0.00395125328960728,11569.368521059398,2939594.3957926715
2025-03-10,-0.044590793664804465,-131078.84716100665,2808515.548631665
2025-03-11,-0.002820326162987284,-7920.929880962241,2800594.6187507026
2025-03-12,0.013666613147922365,38274.64323861897,2838869.2619893216
2025-03-13,-0.019278467654089488,-54729.04924145015,2784140.2127478714
2025-03-14,0.027591260461054225,76817.93777002161,2860958.150517893
2025-03-17,-0.0041438083775124455,-11855.262351829093,2849102.888166064
2025-03-18,-0.015980091359466583,-45528.92444541352,2803573.9637206504
2025-03-19,0.015026352314038337,42127.4901173315,2845701.453837982
2025-03-20,9.149351780417497e-05,260.3632366321981,2845961.817074614
2025-03-21,0.010772530371233406,30658.21010980662,2876620.0271844207
2025-03-24,0.023567011155009306,67793.3362693782,2944413.363453799
2025-03-25,0.009110530386226997,26825.167417358607,2971238.5308711575
2025-03-26,-0.0213493145201337,-63433.90590990847,2907804.624961249
2025-03-27,-0.00445769481465224,-12962.105598711409,2894842.5193625377
2025-03-28,-0.027914177875715148,-80807.14900766965,2814035.370354868
2025-03-31,0.0010095747408020096,2840.979029634036,2816876.349384502
2025-04-01,0.010540372025739427,29690.924673018977,2846567.274057521
2025-04-02,0.006085792287753515,17323.61716303043,2863890.8912205514
2025-04-03,-0.06450842508968233,-184745.0910213245,2679145.800199227
2025-04-04,-0.06078373057418998,-162848.47648828244,2516297.3237109445
2025-04-07,0.0012192630869938938,3068.028442702256,2519365.3521536468
2025-04-08,-0.018130739811122978,-45677.95768905617,2473687.3944645906
2025-04-09,0.11883530492225033,293961.395803527,2767648.7902681176
2025-04-10,-0.04234599203780634,-117198.83363613812,2650449.9566319794
2025-04-11,0.0257834210570002,68337.66722235037,2718787.62385433
2025-04-14,0.0008695889703943156,2364.2277305480093,2721151.851584878
2025-04-15,-0.004041181706451706,-10996.66908310214,2710155.1825017757
2025-04-16,-0.034395025966720554,-93215.85787599022,2616939.3246257855
2025-04-17,-0.016045407251346372,-41989.85721568437,2574949.467410101
2025-04-21,-0.029832903013206125,-76818.21772515215,2498131.249684949
2025-04-22,0.027173668723806287,67883.39100752724,2566014.640692476
2025-04-23,0.026735107633242113,68602.67760738824,2634617.3182998644
2025-04-24,0.02444655084893454,64407.30623930041,2699024.624539165
2025-04-25,0.01676003372176213,45235.74372314289,2744260.3682623077
2025-04-28,-0.0036368066532724104,-9980.344365607947,2734280.0238967
2025-04-29,0.002710414822829856,7411.033106537536,2741691.0570032373
2025-04-30,-0.004125247877646736,-11310.155214066152,2730380.901789171
2025-05-01,0.02154942872366136,58838.14863155177,2789219.050420723
2025-05-02,0.006885036376796333,19203.874624999706,2808422.9250457226
2025-05-05,-0.010612258144776447,-29803.709060293622,2778619.215985429
2025-05-06,-0.006866225393888885,-19078.625820746645,2759540.5901646824
2025-05-07,-0.0027237992103199948,-7516.434480336495,2752024.155684346
2025-05-08,0.010222958519529517,28133.828788304236,2780157.98447265
2025-05-09,0.001459286030090835,4057.045708186459,2784215.0301808366
2025-05-12,0.0455847535667296,126917.75602757791,2911132.7862084145
2025-05-13,0.007337503355584888,21360.44658735767,2932493.232795772
2025-05-14,0.012133611990042871,35581.73505017022,2968074.9678459424
2025-05-15,-0.010840695330115474,-32175.996443360113,2935898.9714025822
2025-05-16,0.006091508041789125,17884.052194179036,2953783.0235967613
2025-05-19,0.0008314432080279797,2455.9028329583816,2956238.9264297197
2025-05-20,-0.00550055891182052,-16260.96637224406,2939977.9600574756
2025-05-21,-0.014960896152895376,-43984.7049522209,2895993.2551052547
2025-05-22,0.003048069400572855,8827.188425151631,2904820.4435304063
2025-05-23,-0.013045427698617263,-37894.62507354189,2866925.8184568645
2025-05-27,0.024699498317936552,70811.62943062419,2937737.4478874886
2025-05-28,-0.004166470441749855,-12239.996242244728,2925497.451645244
2025-05-29,0.005900468454330239,17261.80542665627,2942759.2570719
2025-05-30,-0.004616223823061346,-13584.435388029553,2929174.8216838706
2025-06-02,0.005358451469545655,15695.841127808206,2944870.662811679
2025-06-03,0.004172638529530645,12287.880792132113,2957158.543603811
2025-06-04,0.0005551352558141499,1641.6229645870626,2958800.166568398
2025-06-05,-0.01236506471839194,-36585.755548407324,2922214.4110199907
2025-06-06,0.01844127928520242,53889.372084863484,2976103.783104854
2025-06-09,0.005033028136615322,14978.814077854156,2991082.5971827083
2025-06-10,0.008934343611017151,26723.359692163765,3017805.956874872
2025-06-11,-0.005896687587310616,-17795.0589268161,3000010.897948056
2025-06-12,0.004035920129851565,12107.804372802842,3012118.702320859
2025-06-13,-0.009044958609412788,-27244.488989130128,2984874.2133317287
2025-06-16,0.012822492803987038,38273.52812125301,3023147.7414529817
2025-06-17,-0.006591224914871242,-19926.246714801993,3003221.4947381797
2025-06-18,0.002268177983991985,6811.840875416063,3010033.335613596
2025-06-20,-0.0041708803079053905,-12554.488765649498,2997478.8468479463
2025-06-23,0.006832090161836235,20479.045739862137,3017957.8925878084
2025-06-24,0.007009777801192186,21155.214240394533,3039113.106828203
2025-06-25,0.008458003633773836,25704.829701002687,3064817.9365292056
2025-06-26,0.009176524479080222,28124.376818484627,3092942.3133476903
2025-06-27,0.00828239806166044,25616.979420898482,3118559.2927685888
2025-06-30,0.0017115740571256547,5337.645181110594,3123896.9379496993
2025-07-01,-0.0042936208803419544,-13412.829120817129,3110484.108828882
2025-07-02,0.009720025718398015,30233.98553448543,3140718.0943633677
2025-07-03,0.010292081318248525,32324.526024882216,3173042.62038825
2025-07-07,-0.012498496183416063,-39658.26108073909,3133384.359307511
2025-07-08,-0.0022191627305865806,-6953.489790777676,3126430.869516733
2025-07-09,0.00823002173462075,25730.594007911626,3152161.4635246447
2025-07-10,0.0057723259157679094,18195.30330658797,3170356.7668312327
2025-07-11,0.0032126712760701197,10185.314119692892,3180542.0809509256
2025-07-14,-0.0020564760481422903,-6540.708609584253,3174001.3723413413
2025-07-15,0.0033768683709914245,10718.184843742754,3184719.557185084
2025-07-16,0.0014248645849904253,4537.79411015939,3189257.3512952435
2025-07-17,0.0036632682212300698,11683.105104324408,3200940.456399568
2025-07-18,0.0014384152169060304,4604.281460895203,3205544.737860463
2025-07-21,0.004783968921780795,15335.226403302047,3220879.964263765
2025-07-22,-0.002740042565378959,-8825.348200058565,3212054.6160637066
2025-07-23,0.007465444743793916,23979.416250271723,3236034.0323139783
2025-07-24,0.00010536640734444894,340.96928002964705,3236375.001594008
2025-07-25,0.0034627383520478548,11206.71983962832,3247581.7214336363
2025-07-28,0.005234043230206091,16997.983123610262,3264579.7045572465
2025-07-29,-0.008359273331379806,-27289.514062468894,3237290.1904947776
2025-07-30,0.00199929205015471,6472.288541899994,3243762.4790366776
2025-07-31,0.001678012241475574,5443.073148263153,3249205.552184941
2025-08-01,-0.02948610479315293,-95806.41540621966,3153399.136778721
2025-08-04,0.015281030015952537,48187.18686139444,3201586.3236401156
2025-08-05,-0.0032453359875779797,-10390.223313446622,3191196.100326669
2025-08-06,0.015692765469914723,50078.69197093323,3241274.792297602
2025-08-07,0.004485200736783346,14537.768086529803,3255812.560384132
2025-08-08,0.016407683001435174,53420.340402874164,3309232.900787006
2025-08-11,-0.0018193394516851406,-6020.617971216328,3303212.28281579
2025-08-12,0.011311676554646327,37364.86893454706,3340577.151750337
2025-08-13,0.00108408548541983,3621.4712031381205,3344198.622953475
2025-08-14,0.004380784832047586,14650.21460278891,3358848.837556264
2025-08-15,0.001396892121102976,4691.949477158021,3363540.787033422
2025-08-18,0.0005376735237972054,1808.4868273995817,3365349.2738608215
2025-08-19,-0.012831184914392186,-43181.418834423646,3322167.855026398
2025-08-20,-0.009121024248282966,-30301.573562562,3291866.281463836
2025-08-21,-0.0026852840621786047,-8839.596060437616,3283026.6854033982
2025-08-22,0.01943945172336089,63820.238757404964,3346846.924160803
2025-08-25,0.0010771273225949102,3604.9802665566094,3350451.90442736
2025-08-26,0.003708080651337785,12423.745880045462,3362875.6503074053
2025-08-27,0.003254656967301405,10945.006665440742,3373820.656972846
2025-08-28,0.004847916827296256,16356.001935218927,3390176.658908065
2025-08-29,-0.0076818085600725595,-26042.688078558538,3364133.9708295064
2025-09-02,-0.009359030964872405,-31485.034002972767,3332648.9368265336
2025-09-03,0.015840350777885225,52790.32817887841,3385439.265005412
2025-09-04,0.01118225580955055,37856.847888987046,3423296.112894399
2025-09-05,-0.01008828476119093,-34535.186008756515,3388760.9268856426
2025-09-08,0.0016844086147825097,5708.058098684065,3394468.9849843266
2025-09-09,0.009757508565745506,33121.56019714195,3427590.5451814686
2025-09-10,-0.003097204405732521,-10615.948537582997,3416974.5966438856
2025-09-11,0.008570960130559552,29286.753034969326,3446261.349678855
2025-09-12,0.010216933563135756,35210.223250871524,3481471.5729297264
2025-09-15,0.012326582183999898,42914.645464977715,3524386.218394704
2025-09-16,0.00013522824958791114,476.59657918522134,3524862.8149738894
2025-09-17,-0.003043915712935715,-10729.385308442172,3514133.429665447
2025-09-18,0.002684827929702714,9434.84358066786,3523568.273246115
2025-09-19,0.011868816859638198,41820.58652758971,3565388.859773705
2025-09-22,0.010367666734620655,36964.76347746281,3602353.6232511676
2025-09-23,-0.010283930155746794,-37046.353057816625,3565307.270193351
2025-09-24,-0.0013038026847030004,-4648.457190669142,3560658.813002682
2025-09-25,-0.0016740654202310168,-5960.77579208836,3554698.0372105935
2025-09-26,0.004613141436407401,16398.324809372425,3571096.362019966
2025-09-29,0.0022669386246084748,8095.456275262404,3579191.8182952283
2025-09-30,0.0022619673323770193,8096.014969294891,3587287.833264523
2025-10-01,0.0019440484386984548,6973.861311420333,3594261.6945759435
2025-10-02,9.054848733355987e-05,325.45495952432975,3594587.149535468
2025-10-03,-0.0005758783690377046,-2070.044985038694,3592517.104550429
2025-10-06,0.006628280009018921,23812.20930615021,3616329.3138565794
2025-10-07,-0.005596973159296019,-20240.498104830738,3596088.8157517486
2025-10-08,0.006341493313650715,22804.573180384003,3618893.3889321326
2025-10-09,-0.000860703739133115,-3114.7950713783503,3615778.5938607543
2025-10-10,-0.03394940583000546,-122753.53487442527,3493025.058986329
2025-10-13,0.018817835030374735,65731.16931696981,3558756.228303299
2025-10-14,-0.010956343732147652,-38990.956496212166,3519765.2718070867
2025-10-15,0.005285172866864056,18602.56791228568,3538367.8397193723
2025-10-16,-0.0053038482888556615,-18766.966212037485,3519600.873507335
2025-10-17,0.007604768157598005,26765.748650302645,3546366.6221576375
2025-10-20,0.01593764211633401,56520.72203726042,3602887.344194898
2025-10-21,-0.002534907774557817,-9132.987139655743,3593754.357055242
2025-10-22,-0.005643055437642721,-20279.755066133104,3573474.601989109
2025-10-23,0.00613577039594863,21926.019673558883,3595400.621662668
2025-10-24,0.01134307625939894,40782.903434609994,3636183.525097278
2025-10-27,0.020557590540717513,74751.17203985294,3710934.697137131
2025-10-28,0.011899331885091147,44157.64356513508,3755092.340702266
2025-10-29,0.006913400293172666,25960.456489101052,3781052.797191367
2025-10-30,-0.01639245025187843,-61980.719877684955,3719072.077313682
2025-10-31,0.006097728313162277,22677.891104526818,3741749.968418209
2025-11-03,0.00530000131222885,19831.279742648825,3761581.2481608577
2025-11-04,-0.013946454134930045,-52460.72035228787,3709120.52780857
2025-11-05,0.0008401742072847145,3116.30739917513,3712236.835207745
2025-11-06,-0.014780795501436272,-54869.81351410458,3657367.0216936404
2025-11-07,-0.0023468652215845845,-8583.347465782892,3648783.6742278575
2025-11-10,0.021147884739702853,77164.05658267997,3725947.7308105375
2025-11-11,0.0014112402935461958,5258.207569367252,3731205.9383799047
2025-11-12,-0.0036040414271816604,-13447.420775267296,3717758.5176046374
2025-11-13,-0.021328048970808942,-79292.53572511394,3638465.9818795235
2025-11-14,-0.00036627771245541013,-1332.6889966898598,3637133.2928828336
2025-11-17,-0.007028370087866271,-25563.118841280695,3611570.174041553
2025-11-18,-0.015336385005707083,-55388.43066422967,3556181.7433773233
2025-11-19,0.005592372993497105,19887.49474163074,3576069.238118954
2025-11-20,-0.015197074840511526,-54345.79184654448,3521723.4462724095
2025-11-21,0.006670340542781811,23491.094684135634,3545214.540956545
2025-11-24,0.01973475815051896,69963.95155748026,3615178.4925140254
2025-11-25,0.00496529723161277,17950.435760665685,3633128.928274691
2025-11-26,0.006607278214547646,24005.093618432526,3657134.0218931236
2025-11-28,0.005821466319522981,21289.88253443269,3678423.9044275563
2025-12-01,-0.00010892545011589676,-400.6739795068279,3678023.2304480495
2025-12-02,0.0046815368406964404,17218.80125427991,3695242.0317023294
2025-12-03,-0.00035206425944139504,-1300.9626493477263,3693941.0690529817
2025-12-04,0.002232088825281275,8245.204581480939,3702186.2736344626
2025-12-05,-0.00015911777445015007,-589.0836404603906,3701597.189994002
2025-12-08,-0.002311887055368566,-8557.67462773528,3693039.515366267
2025-12-09,-0.0030790882423208676,-11371.194550191052,3681668.320816076
2025-12-10,0.0032806559629240547,12078.28713019425,3693746.60794627
2025-12-11,-0.0011962199696386045,-4418.533455209807,3689328.0744910603
2025-12-12,-0.007656244057329869,-28246.396145862527,3661081.678345198
2025-12-15,-0.003117742170646865,-11414.308738759253,3649667.3696064386
2025-12-16,3.872676089726815e-05,141.33979557687417,3649808.7094020154
2025-12-17,-0.014133899235712287,-51586.02852831315,3598222.6808737023
2025-12-18,0.011163528707228549,40168.86219293438,3638391.5430666367
2025-12-19,0.009910106384080594,36056.84725872893,3674448.3903253656
2025-12-22,0.00434765780679939,15975.244229879696,3690423.6345552453
2025-12-23,0.010424213637638265,38469.76437999308,3728893.3989352384
2025-12-24,0.002477038193048535,9236.611366969068,3738130.0103022074
2025-12-26,-0.00016851412865459515,-629.9277214836329,3737500.082580724
2025-12-29,-0.005065144971447536,-18930.979749068152,3718569.1028316556
2025-12-30,-7.925023386106983e-05,-294.69747102772817,3718274.405360628
2025-12-31,-0.005844891316646169,-21732.909784799907,3696541.495575828
2026-01-02,-0.0024523048082833805,-9065.04648362007,3687476.449092208
2026-01-05,0.006584854647088946,24281.496431836393,3711757.9455240443
2026-01-06,-0.0020953298645552763,-7777.357273256872,3703980.5882507875
2026-01-07,-0.0013690080748168755,-5070.779334280174,3698909.8089165073
2026-01-08,0.0008136336193937006,3009.557375639677,3701919.366292147
2026-01-09,0.003547820159075975,13133.744155005086,3715053.110447152
2026-01-12,-0.0018813760536899645,-6989.41196018178,3708063.6984869703
2026-01-13,-0.006397669065113615,-23722.96441528108,3684340.734071689
2026-01-14,-0.01072305385167391,-39507.38409936614,3644833.349972323
2026-01-15,0.0016429251030099902,5988.188206956722,3650821.53817928
2026-01-16,-0.0021688910965432648,-7918.2343292254955,3642903.3038500543
2026-01-20,-0.02670059717263163,-97267.69365494885,3545635.6101951054
2026-01-21,0.00822698578425106,29169.893761209212,3574805.5039563146
2026-01-22,0.01239499342072219,44309.690701899584,3619115.194658214
2026-01-23,0.007717630414920451,27930.993501394987,3647046.188159609
2026-01-26,0.007446034635818195,27156.032235465478,3674202.2203950747
2026-01-27,-0.0007774681817458301,-2856.575319657102,3671345.6450754176
2026-01-28,0.0031623827433333303,11610.200112798251,3682955.845188216
2026-01-29,-0.00764139808839019,-28142.93175504636,3654812.9134331695
2026-01-30,-0.002997880146146675,-10956.691071061883,3643856.2223621076
2026-02-02,0.0020235825771579715,7373.643965240102,3651229.8663273477
2026-02-03,-0.009290363047520634,-33921.25102813076,3617308.615299217
2026-02-04,-0.006335940285497265,-22919.051380750723,3594389.563918466
2026-02-05,-0.02024353730431353,-72763.15922341868,3521626.4046950475
2026-02-06,0.01492598516531846,52563.74347427208,3574190.1481693196
2026-02-09,0.008011072194421189,28633.095313573256,3602823.243482893
2026-02-10,-0.005691787906436535,-20506.505766284652,3582316.737716608
2026-02-11,-0.004407280005799435,-15788.272932579275,3566528.464784029
2026-02-12,-0.02248881436742644,-80206.99658067059,3486321.4682033584
2026-02-13,-0.009351032318430768,-32600.7047216082,3453720.76348175
2026-02-17,0.005454854135731532,18839.542990340386,3472560.3064720905
2026-02-18,0.00832007335952469,28891.95649522124,3501452.262967312
2026-02-19,-0.0028202656326301798,-9875.025481541641,3491577.23748577
2026-02-20,0.011075915639226972,38672.41493023792,3530249.652416008
2026-02-23,-0.013160780779691907,-46460.84177303128,3483788.810642977
2026-02-24,0.0078090430612404805,27205.05683857901,3510993.867481556
2026-02-25,0.01551514917721431,54473.59361426113,3565467.461095817
2026-02-26,-0.01164205765778378,-41509.37775902916,3523958.0833367878
2026-02-27,-0.014785553205467455,-52103.66973501351,3471854.4136017743
2026-03-02,0.004999362334642785,17357.05818672385,3489211.471788498
2026-03-03,-0.003643884101913025,-12714.282210262958,3476497.189578235
2026-03-04,0.007826135499285505,27207.538068524096,3503704.7276467592
2026-03-05,-0.0020111310703161455,-7046.409438984003,3496658.3182077752
2026-03-06,-0.014789121561414844,-51712.50492670713,3444945.813281068
2026-03-09,0.00934568665385195,32195.384110423736,3477141.197391492
2026-03-10,0.000631682091168745,2196.4478228571825,3479337.645214349
2026-03-11,0.002806188230042874,9763.67634834582,3489101.321562695
2026-03-12,-0.01587104375848101,-55375.67975229537,3433725.6418103995
2026-03-13,-0.01103799726668984,-37901.45424886653,3395824.187561533
2026-03-16,0.012890709613853114,43774.58350155456,3439598.7710630875
2026-03-17,0.00441089519441919,15171.709690012503,3454770.4807531
2026-03-18,-0.01315147324081359,-45435.32153077703,3409335.159222323
2026-03-19,-0.006877727640627175,-23448.478660745546,3385886.6805615774
2026-03-20,-0.015845657039678666,-53651.59911539499,3332235.0814461824
2026-03-23,0.011523299985181859,38398.34446465084,3370633.4259108333
2026-03-24,-0.007625285277798705,-25702.041439453606,3344931.3844713797
2026-03-25,0.0059538301281821145,19915.15325356694,3364846.5377249466
2026-03-26,-0.020778153687301626,-69915.29849503329,3294931.2392299133
2026-03-27,-0.023341367937226125,-76908.20238272566,3218023.0368471877
2026-03-30,-0.0013648407877984306,-4392.089096764103,3213630.9477504236
2026-03-31,0.03729407230114651,119849.38491460634,3333480.33266503
2026-04-01,0.006964602480611915,23216.365393949673,3356696.6980589796
2026-04-02,-0.0005529355863214101,-1856.0370568446815,3354840.661002135
2026-04-06,0.006253574068887515,20979.74456289271,3375820.4055650276
2026-04-07,0.0028291233287086894,9550.612262915354,3385371.017827943
2026-04-08,0.0190587880027824,64521.06853954634,3449892.0863674893
2026-04-09,0.010207137051834162,35213.52133959113,3485105.6077070804
2026-04-10,0.003720425861679384,12966.07703359751,3498071.684740678
2026-04-13,0.010357160958852734,36230.09148446424,3534301.776225142
2026-04-14,0.018011769386636716,63659.02853614744,3597960.8047612896
2026-04-15,0.017953520389540484,64596.06266904948,3662556.867430339
2026-04-16,0.00340307877840333,12463.96955024777,3675020.836980587
2026-04-17,0.012408768207535033,45602.48172395397,3720623.318704541
2026-04-20,-0.0014351581475228305,-5339.682869702578,3715283.6358348383
2026-04-21,-0.004044984233770356,-15028.263730936684,3700255.3721039016
2026-04-22,0.016503686272832878,61067.85379056772,3761323.2258944693
2026-04-23,-0.011164926600131238,-41994.89773648046,3719328.328157989
2026-04-24,0.012763590101798644,47471.9822346163,3766800.310392605
2026-04-27,0.005400325398524774,20341.947387384716,3787142.25777999
2026-04-28,0.0022727080173690004,8607.068572173826,3795749.3263521637
2026-04-29,-0.0029626238118557998,-11245.377338086255,3784503.9490140774
2026-04-30,-0.004150111380582586,-15706.112908663228,3768797.836105414
2026-05-01,0.009336424094360132,35187.09492378682,3803984.931029201
2026-05-04,-0.0025128724829814302,-9558.92905885866,3794426.0019703424
2026-05-05,0.00398111297836193,15106.0386018781,3809532.0405722205
2026-05-06,0.016672568207812044,63514.68278628634,3873046.723358507
2026-05-07,0.0023844915738078605,9235.247276812326,3882281.970635319
2026-05-08,0.0065730720138982845,25518.518971244805,3907800.489606564
2026-05-11,-2.2809556288955592e-05,-89.13519523339346,3907711.3544113305
2026-05-12,0.0015406119746590949,6020.266906117089,3913731.6213174476
2026-05-13,0.012506537349805051,48947.23069911916,3962678.852016567
2026-05-14,0.006034785360627365,23913.916325017344,3986592.768341584
2026-05-15,-0.005303403434343001,-21142.509778949432,3965450.2585626347
2026-05-18,-0.0030038415037228253,-11911.58406761894,3953538.6744950158
2026-05-19,-0.009777942319463613,-38657.473116980866,3914881.201378035
2026-05-20,0.009071240381049908,35512.82844095398,3950394.029818989
2026-05-21,-0.00011008523977157996,-434.88007396506146,3949959.149745024
2026-05-22,0.0003788706432982401,1496.5235640658066,3951455.6733090896
2026-05-26,-0.0024392576448392447,-9638.618459362537,3941817.054849727
2026-05-27,0.0017033975892403901,6714.481668457389,3948531.5365181845
2026-05-28,0.0072952208895211606,28805.409748140723,3977336.946266325
2026-05-29,0.0007510939451901603,2987.353698322084,3980324.2999646473
2026-06-01,-0.0003147400022620514,-1252.7672791741788,3979071.532685473
2026-06-02,-0.005498391423089285,-21878.492787176743,3957193.0398982964
2026-06-03,-0.013980854185894068,-55324.93887625309,3901868.1010220433
2026-06-04,0.014245413475316738,55583.72442520736,3957451.8254472506
2026-06-05,-0.026329778524076985,-104198.83008373016,3853252.9953635205
2026-06-08,-0.002043710599803026,-7874.933990347199,3845378.0613731733
2026-06-09,-0.012216642589444668,-46977.609397087246,3798400.451976086
2026-06-10,-0.016385236656791237,-62237.69032289088,3736162.761653195
2026-06-11,0.00706803985408054,26407.347300696187,3762570.1089538913
2026-06-12,0.00017985814554474533,676.7288822783157,3763246.8378361696
2026-06-15,0.018948749105403985,71308.82015186222,3834555.657988032
2026-06-16,0.00038911303392933874,1492.0755858505145,3836047.7335738824
2026-06-17,-0.020629942996118568,-79137.44607401872,3756910.2874998637
2026-06-18,0.007945175143337696,29849.31023199344,3786759.597731857
2026-06-22,-0.014706592464808802,-55690.330166045576,3731069.2675658115
2026-06-23,-0.007498175871837874,-27976.213558217976,3703093.0540075935
2026-06-24,-0.00808873216265636,-29953.32788726082,3673139.7261203327
2026-06-25,-0.023464077335336585,-86186.83459718479,3586952.891523148
2026-06-26,0.013190876176896175,47315.051444441546,3634267.9429675895
2026-06-29,0.010670712206492645,38780.227300688624,3673048.170268278
2026-06-30,0.011546528548400116,42410.95555765228,3715459.1258259304
2026-07-01,0.01642538735442564,61027.85534122633,3776486.9811671567
2026-07-02,0.0036717847693283475,13866.447379016783,3790353.4285461735
2026-07-06,0.009128592344655769,34600.591291366145,3824954.0198375396
2026-07-07,0.0042248960211844246,16160.033019625116,3841114.0528571648
2026-07-08,-0.00257507342104649,-9891.150704720523,3831222.9021524442
2026-07-09,0.00646768638357161,24779.14819667861,3856002.050349123
2026-07-10,0.007519595163068537,28995.574366587214,3884997.62471571
2026-07-13,-0.0029885436273929204,-11610.484893780202,3873387.13982193
2026-07-14,0.006838792788081675,26489.292037263047,3899876.431859193
2026-07-15,0.020045039449047578,78173.17692302866,3978049.6087822216
2026-07-16,-0.0063405954094449945,-25223.20308798924,3952826.4056942323
2026-07-17,-0.011617732093823075,-45922.878194745164,3906903.527499487
2026-07-20,-0.0005556393808740756,-2170.8294571544975,3904732.6980423327
2026-07-21,0.005358908741880701,20925.1061902456,3925657.8042325783
2026-07-22,-0.0038945313854105252,-15288.597526965197,3910369.206705613
2026-07-23,-0.029641737423427326,-115910.13725382416,3794459.069451789
2026-07-24,0.004242953270989599,16099.712520366535,3810558.7819721554
2026-07-27,-0.0016283705571535137,-6205.001726866234,3804353.780245289
2026-07-28,0.006559293767582125,24953.87404044019,3829307.6542857294
2026-07-29,-0.01408958505373319,-53953.35589197045,3775354.298393759
2026-07-30,0.02516130792970935,94992.85204563709,3870347.150439396
2026-07-31,0.015211833072681558,58875.07478581276,3929222.225225209
