Date,Close,High,Low,Open,Volume
2021-01-04,207.56541442871094,212.62844824516569,204.8193562709938,212.18030640556282,37130100
2021-01-05,207.76564025878906,208.3568144503453,205.66796340095462,207.15540672652605,23823000
2021-01-06,202.37840270996094,206.42120854830253,202.0828229184312,202.30212170745105,35930700
2021-01-07,208.13748168945312,209.1386498496108,203.77050701978357,204.0851461523831,27694500
2021-01-08,209.40560913085938,210.32096654437632,206.9360718717711,208.509325603842,22956200
2021-01-11,207.37469482421875,208.72864985432813,206.65003259041848,208.30911162404655,23031300
2021-01-12,204.93373107910156,207.00281851869494,203.39862515474547,206.43071832954556,23249300
2021-01-13,206.27818298339844,206.6786473478846,203.98026681062188,204.06609203445853,20087100
2021-01-14,203.112548828125,207.34604894355857,202.8455726540986,205.86813577005572,29480800
2021-01-15,202.759765625,204.53325868233262,202.16860612225966,203.58931232139068,31746500
2021-01-19,206.37350463867188,206.88838315319578,202.74070783603537,203.808612636003,30480900
2021-01-20,213.90611267089844,215.28867135702768,207.18399993248087,207.5749346341582,37777300
2021-01-21,214.50677490234375,215.7749191075521,212.075371036692,214.2493283744459,30709400
2021-01-22,215.44119262695312,219.3695836914555,215.29817486027105,216.51864163299658,30172700
2021-01-25,218.85472106933594,219.09309374636427,213.79168773711206,218.4637863872222,33152100
2021-01-26,221.5244598388672,223.28840861584396,219.3791061148144,221.07631811924728,49169600
2021-01-27,222.06793212890625,229.25725866254837,219.4363035806779,226.9307395094676,69870600
2021-01-28,227.81752014160156,231.3549769497505,224.15611943901934,224.65193866409186,49111200
2021-01-29,221.1717071533203,226.94985841468173,220.59007724966867,225.01427347529136,42503100
2021-02-01,228.5039825439453,231.22143617012472,221.61978027012665,224.12746483152188,33314200
2021-02-02,228.3705291748047,231.04030577405533,227.58867444558177,230.07728550233475,25916300
2021-02-03,231.6982421875,233.69103427666695,228.1321816996905,228.427776040609,27158100
2021-02-04,230.7542266845703,231.92703045468758,229.19050287352414,231.3740042283394,25296100
2021-02-05,230.93544006347656,231.96521174500666,229.23822781496764,230.96404361998185,18054800
2021-02-08,231.19285583496094,232.3465712580115,229.61005802324223,231.84122242822716,22211900
2021-02-09,232.4324188232422,233.37636525124478,230.1535767615209,230.6207778665767,23565000
2021-02-10,231.526611328125,234.48242367380797,229.68636677063753,233.60521400385034,22186700
2021-02-11,233.11892700195312,233.74821975404504,230.88774789305762,233.39543288023918,15751100
2021-02-12,233.595703125,233.89128292843307,231.44080472737835,232.58499071287687,16561100
2021-02-16,232.36563110351562,234.68262057571042,231.62190968012231,233.63377520984275,26728500
2021-02-17,233.37867736816406,233.48380348312867,230.26314413417265,230.6263097281633,21653500
2021-02-18,232.98684692382812,233.12064247435825,230.18669197965465,231.0850397829088,16925600
2021-02-19,230.29183959960938,233.05377375121492,229.53683889334786,232.9486476243667,25262600
2021-02-22,224.11807250976562,227.38651912425996,222.1015730817524,226.899124179311,36446900
2021-02-23,222.93307495117188,224.4239440997291,218.59424849819223,220.12335328691063,30228700
2021-02-24,224.15634155273438,224.77753213884318,218.85227690339812,219.81751532034556,26339700
2021-02-25,218.84266662597656,224.19450251462894,217.7818539804524,221.7957345425965,39542200
2021-02-26,222.08245849609375,224.939952119369,219.3682974482613,221.27011904674814,37819200
2021-03-01,226.4404296875,226.94694251809523,222.81836859782126,225.44650726256452,25324000
2021-03-02,223.50640869140625,226.78442113953878,223.10502209048337,226.5072638738843,22812500
2021-03-03,217.47604370117188,223.2292812046213,217.18933480024668,221.87220796170382,34029500
2021-03-04,216.682861328125,222.18762655907133,214.32231379550353,216.69242752888238,44727800
2021-03-05,221.3370361328125,222.9330311039714,216.42480728718476,219.34920613150112,41872800
2021-03-08,217.31361389160156,223.02861668898058,217.06514058132345,221.11724315034732,35267400
2021-03-09,223.42042541503906,224.94952989865914,221.40392598629288,222.56031325714096,33080500
2021-03-10,222.12071228027344,226.49775933721102,221.75754664949608,226.49775933721102,29746800
2021-03-11,226.62196350097656,228.57155770884873,223.92692034430218,224.5481253712007,29907600
2021-03-12,225.30316162109375,225.37006669631376,222.89482681776772,223.64026135026475,22653700
2021-03-15,224.40478515625,224.76795075810895,221.53772513977538,224.54814690664654,26034900
2021-03-16,227.17625427246094,229.4221088961671,225.48468501030555,225.80961493469582,28092200
2021-03-17,226.53598022460938,227.97907654629918,222.89481604963598,225.68541960258835,29562100
2021-03-18,220.4960174560547,223.812251183883,220.1233002587038,222.25447733162704,34833000
2021-03-19,220.1424560546875,222.16850736597712,219.18676927273987,220.78276444867765,46430700
2021-03-22,225.5325164794922,226.40218032029384,219.94174328047853,220.06598722171685,30127000
2021-03-23,227.05201721191406,230.36825077878098,226.56462231061073,226.96600892038168,31638400
2021-03-24,225.02598571777344,227.45342339988957,224.89219016966658,227.3100762349969,25620100
2021-03-25,222.04425048828125,226.44041526230157,221.30838220851965,224.8730896144775,34061900
2021-03-26,226.00076293945312,226.22058135679828,221.28923500414234,221.28923500414234,25479900
2021-03-29,224.81573486328125,226.3066037177728,221.60462710644518,226.10590310307379,25227500
2021-03-30,221.5759735107422,223.48734696493838,220.85920846541862,223.18152021260835,24792000
2021-03-31,225.32223510742188,228.50467325429472,222.09200971374034,222.58897083183447,43623500
2021-04-01,231.61065673828125,232.07893384626888,227.50120138151576,227.90258800948536,30338000
2021-04-05,238.0328826904297,238.8834432319684,231.94514876834452,232.0024876345528,36910600
2021-04-06,236.87657165527344,238.34832316456493,235.940002512997,236.63764991409698,22931900
2021-04-07,238.82608032226562,239.81043637350302,236.23617775031423,236.82869878782242,22719800
2021-04-08,242.0276336669922,242.87819416547856,240.83302540604947,241.56890817792387,23625200
2021-04-09,244.51243591308594,244.64623146115184,241.2535409277266,241.66447918870722,24326800
2021-04-12,244.5697784423828,246.25179630911566,243.3369344757324,243.42295735855123,27148700
2021-04-13,247.0354461669922,247.70443852421852,245.44900274248587,245.85997018976445,23837500
2021-04-14,244.26394653320312,247.3603619356715,243.8530082747752,246.07020829480427,23070900
2021-04-15,248.00067138671875,248.41160962288492,246.3091166131629,246.50023643300656,25627500
2021-04-16,249.185791015625,249.43427894055287,246.1849493391281,247.97207916164925,24878600
2021-04-19,247.2744140625,249.893015946749,246.39519846521125,248.66017170495928,23209300
2021-04-20,246.81564331054688,248.6696777428783,245.45855543622233,246.39513885175572,19722900
2021-04-21,249.0327911376953,249.12836562680673,245.85036772348437,247.4654803441775,24030400
2021-04-22,245.77394104003906,250.17964236146761,244.31172709458374,248.67920736754326,25606200
2021-04-23,249.5775604248047,249.9216227814362,245.86949159186986,246.45247560871377,21462600
2021-04-26,249.95985412597656,250.81042932030428,248.6410309291481,250.0649948328601,19763300
2021-04-27,250.36122131347656,251.52716013928068,248.59319525951878,249.98848953786117,31014200
2021-04-28,243.2796173095703,245.171887578436,241.740961055206,244.73225067344254,46903100
2021-04-29,241.32044982910156,244.75137625676413,237.96599467202304,244.1397373356911,40589000
2021-04-30,241.0050811767578,241.8652080140417,238.5394221580297,238.67321772170197,30945100
2021-05-03,240.6992645263672,243.07892977459548,239.99205108430252,242.17101569943725,19626600
2021-05-04,236.8095703125,240.07803123597864,234.8695277293232,239.8486612079356,32756100
2021-05-05,235.54811096191406,238.4438406050571,234.92692041663318,238.02333610804502,21901300
2021-05-06,238.66360473632812,238.787848657748,233.84695080570577,235.52895393109677,26491100
2021-05-07,241.2726593017578,243.03111924686715,240.03981535072342,240.97638418935017,27032900
2021-05-10,236.2266387939453,240.57501632961734,236.1692999233959,239.75312515895706,29299900
2021-05-11,235.31875610351562,235.67237013483188,231.8209535068911,233.71320928311397,33641600
2021-05-12,228.40911865234375,233.5507177051827,227.52033703130473,231.43864370631172,36684400
2021-05-13,232.26055908203125,234.7166811285529,230.72190276897973,231.08506841511087,29624300
2021-05-14,237.15367126464844,238.13802749239937,234.61155548433553,234.6975637956637,23901100
2021-05-17,234.31524658203125,235.66276826258542,232.728817820849,235.6245472128188,24970200
2021-05-18,232.30831909179688,235.4907574747066,232.13628790705022,235.35696192329095,20168000
2021-05-19,232.8831024169922,232.988471304459,228.5534335886951,229.2335299035558,25739800
2021-05-20,236.10159301757812,237.50969767500212,233.59191664793866,233.68771184739012,21800700
2021-05-21,234.8467254638672,237.87367214593564,234.4348383135843,237.1456784165481,21863100
2021-05-24,240.2205810546875,240.58458533811194,237.08826456132476,237.35647362817502,21411500
2021-05-25,241.1209259033203,242.10755492818512,240.25882769668084,241.16882349619877,17704300
2021-05-26,240.9006805419922,242.2896234183915,240.19183397547175,240.8431946450063,17771600
2021-05-27,238.81240844726562,240.89103543425676,238.75493718013217,240.59409080987143,24426200
2021-05-28,239.16683959960938,241.465792745696,239.0518970580082,240.43126602240122,18270200
2021-06-01,236.98284912109375,240.70905429967564,236.56138825332587,240.65158302753886,23213300
2021-06-02,236.88705444335938,238.77410571979837,235.48852356730782,237.6821077652956,19406700
2021-06-03,235.36402893066406,235.96749192379863,232.76813099742398,234.89465583263,25307700
2021-06-04,240.23011779785156,241.05390683833082,237.08822811237158,237.3277015006935,25281100
2021-06-07,243.12295532226562,243.39116434225733,239.2913811894754,239.45422133616353,23079200
2021-06-08,241.93516540527344,245.23032134430707,241.87767951827612,244.41610603256754,22455000
2021-06-09,242.91221618652344,244.77053196890688,242.54822658507075,243.1229539319254,17937600
2021-06-10,246.40850830078125,246.61924603470985,242.98883619347527,243.58272547111343,24563600
2021-06-11,247.03114318847656,247.60585584294424,245.8050115720476,247.1269091424967,18999700
2021-06-14,248.94696044921875,249.0044317216972,245.98704375362735,247.04073247004933,19150500
2021-06-15,247.48135375976562,249.0427248617362,246.82999318734542,248.8319871197661,18038900
2021-06-16,246.54266357421875,249.6079056059986,243.7072920395626,248.4775981548909,27220000
2021-06-17,249.9143829345703,250.72859817343692,245.23029939600022,245.2877706615591,27565500
2021-06-18,248.50628662109375,251.25543610006036,247.8549261016525,248.6978770009707,37202200
2021-06-21,251.5715789794922,252.42408900844677,247.05990870075678,248.8799005360509,26696100
2021-06-22,254.33033752441406,254.5985465614589,251.35127324580915,251.65780621174397,24694100
2021-06-23,254.1003875732422,255.5946990320162,253.29576057487068,254.7900720336447,19518700
2021-06-24,255.4606170654297,256.57177702121294,254.29198583888092,254.9529346852743,21446900
2021-06-25,253.86097717285156,255.99709064188596,253.61194468968128,255.02004959422766,25611100
2021-06-28,257.4051208496094,257.5775346492932,254.7134426795022,254.98165166765068,19590000
2021-06-29,259.9722595214844,260.21173286835983,256.69628050647634,257.5487904204081,19937800
2021-06-30,259.4932556152344,259.93387829121355,258.2480061790663,259.2921062333321,21656500
2021-07-01,260.1639099121094,260.39379502371696,258.24812269513154,258.25768175305313,16725300
2021-07-02,265.9591979980469,266.2944666623068,261.026050954959,261.3325839755736,26458000
2021-07-06,265.96868896484375,267.60667851843345,262.75015189133745,266.3231048509773,31565600
2021-07-07,268.1430969238281,268.8711052744127,265.48015439666386,267.63541458265394,23260000
2021-07-08,265.7388000488281,266.9936380649696,263.2961543378193,265.24067677167557,24618600
2021-07-09,266.23687744140625,266.34223167723803,263.7272015660929,264.1103530558396,23916700
2021-07-12,265.64300537109375,267.9898266674368,264.9341443751542,267.40552572361065,18931700
2021-07-13,269.14892578125,270.94018194655666,265.7100916289199,265.83459322837217,26120100
2021-07-14,270.614501953125,271.71607363125577,268.7370096462592,270.4612354852631,23113700
2021-07-15,269.1968078613281,270.6145007583491,268.04732397373385,270.1259657212331,22604200
2021-07-16,268.9285888671875,272.1375378043733,267.69289811879054,270.19301525007796,26186800
2021-07-19,265.3460388183594,268.5645463527231,262.8938342495344,267.18517762868595,32935600
2021-07-20,267.558837890625,269.13935642812294,264.6276859170567,266.3231470052684,26259700
2021-07-21,269.55120849609375,269.66615103181897,265.61428048456565,267.1564748931921,24364300
2021-07-22,274.09161376953125,274.35982273487036,271.4861427208434,271.8884415525597,23384100
2021-07-23,277.4730224609375,277.7795261635657,274.4364872095776,275.2698498757222,22768100
2021-07-26,276.8790588378906,277.49212460846854,274.57056160813,276.83117586382014,23176100
2021-07-27,274.4748229980469,277.3867983107101,271.03598869909524,277.2431201263009,33604100
2021-07-28,274.1683044433594,277.9328192354718,271.87892473208046,276.82165916338664,33566900
2021-07-29,274.43646240234375,276.467191757566,274.0341343071643,274.187400760919,18168300
2021-07-30,272.9134521484375,274.5897658444149,271.95555860787897,273.1625138234118,20944800
2021-08-02,272.82720947265625,274.69508409233026,271.7926682142206,274.3023442842748,16267400
2021-08-03,275.0304260253906,275.135809530106,272.04180245033456,273.402024324928,17879000
2021-08-04,274.44610595703125,275.4806181874648,272.66440865186024,274.16830862662323,16191300
2021-08-05,277.329345703125,277.4347292005121,274.0533659477351,274.8005217895427,13900200
2021-08-06,277.2718505859375,277.31017451192804,275.5093300140489,276.3618692799431,16589300
2021-08-09,276.189453125,279.27387173431777,275.6913589689798,277.5496749205149,16117600
2021-08-10,274.3790283203125,277.0707068328733,273.1912496834788,276.6396430462335,18616600
2021-08-11,274.8675231933594,276.5055127244419,273.8233936612764,275.11655559953596,13955900
2021-08-12,277.6070556640625,277.7603221003754,274.2831647350226,274.56096197787616,14561300
2021-08-13,280.51910400390625,280.56698698359713,277.1185647007926,277.2910077393741,18249000
2021-08-16,282.1954650878906,282.4062028526903,277.8082959568594,280.84483158157366,22507600
2021-08-17,280.7394104003906,281.07467896746925,278.82362342575755,280.0784907881244,20075300
2021-08-18,279.0215148925781,282.9467958439038,278.58001926830815,280.2787552513025,21813000
2021-08-19,284.8182373046875,285.490058075922,277.01567958739867,277.0636542331081,29850500
2021-08-20,292.1025390625,293.52294577742174,286.0562697795544,287.64942035089217,40817600
2021-08-23,292.3809509277344,293.10074648850605,289.6937258829428,291.0373384053386,22830200
2021-08-24,290.4326477050781,293.3406200208981,289.8376215126441,292.73598718389235,18175800
2021-08-25,289.8472595214844,292.3233431392219,288.3212965855392,292.04501401347983,20006100
2021-08-26,287.04473876953125,290.2502233662742,286.91039222245047,288.86821417278054,17666100
2021-08-27,287.6494445800781,288.7531250293206,284.87581884584097,286.94883316309097,22605700
2021-08-30,291.36358642578125,291.96821926723266,288.935477703884,288.99305899463644,16348100
2021-08-31,289.7224426269531,292.23692312498054,289.35774161636004,292.16015783837884,26285300
2021-09-01,289.6744689941406,292.8991678511316,289.34816523699277,290.6725935556559,18983800
2021-09-02,289.0218200683594,291.14280883019796,288.0908835783772,290.0295511305213,16285600
2021-09-03,289.01226806640625,290.41346160185293,288.16770342962735,288.8682855530755,14747900
2021-09-07,288.09088134765625,288.964236546015,286.19064038486357,288.8874712629774,17180400
2021-09-08,288.1196594238281,288.5035443993684,285.4900165884035,287.706983807336,15046800
2021-09-09,285.2790222167969,289.9721041260721,285.03909032258593,288.7052566953837,19927000
2021-09-10,283.8009948730469,287.84146850871275,283.4842977028129,286.4018773396256,19633400
2021-09-13,285.0293884277344,286.51698324787736,282.2365785977501,285.56683334808685,23652900
2021-09-14,287.7166442871094,289.25221376514764,286.0947028700539,287.4958964728086,21853400
2021-09-15,292.5440979003906,293.02396157546303,289.66491584995623,291.0469255772491,28356300
2021-09-16,292.9279479980469,293.0143199346179,288.647572728406,291.52675443497674,19550800
2021-09-17,287.79339599609375,292.2369376988319,287.4670922568032,291.92024060405146,41372500
2021-09-20,282.44775390625,286.6897617780861,277.86025823894886,284.395999300158,38278700
2021-09-21,282.9276428222656,285.5573159726547,282.2270605228024,283.78181431814966,22364100
2021-09-22,286.55535888671875,288.12932568723215,282.6492911094491,284.7798868463927,26626300
2021-09-23,287.4958801269531,288.781911071233,285.5476350659735,286.81448200996863,18604600
2021-09-24,287.29437255859375,287.72623226962907,284.9718196101101,286.2194826708354,14999000
2021-09-27,282.3229675292969,284.5303284068583,281.14249251178086,284.21363131308823,23571700
2021-09-28,272.10186767578125,279.0694970956445,271.3628882146194,278.12895381807755,43186200
2021-09-29,272.5625305175781,275.22096437346653,271.6124099419833,273.61823631743374,26353700
2021-09-30,270.5662841796875,276.2382457189751,270.27834846883263,274.20362889854306,32343600
2021-10-01,277.4571838378906,278.301748595393,269.96171554788884,270.7582763645691,30086300
2021-10-04,271.7083435058594,276.1614916080159,268.96353787366274,275.82558124270304,31350700
2021-10-05,277.1308288574219,278.70476619683035,272.6104927683687,272.6104927683687,24993000
2021-10-06,281.3056335449219,281.80471044780717,274.0117300480355,274.270845855537,28002600
2021-10-07,282.9755554199219,284.69347521548,282.08301620161416,283.29225249177205,20430500
2021-10-08,282.9755554199219,284.69347521548,281.9294563433223,284.29037692639525,17685700
2021-10-11,282.3805236816406,285.9698937714107,280.96011698698385,281.1232834858587,19298600
2021-10-12,281.0849304199219,283.54182991335233,280.57627613312303,283.44585132765303,17974100
2021-10-13,284.3768005371094,285.30773721131357,281.6703624588803,283.0331881435553,23416300
2021-10-14,290.5574645996094,291.0565122938527,285.8355929980948,287.16002147005213,27262900
2021-10-15,291.9585266113281,292.188880995026,288.4171318305973,290.16384190497433,25384800
2021-10-18,294.91461181640625,295.7975445356027,290.49986035476513,291.3444250695116,22729300
2021-10-19,295.8166809082031,296.8435665984587,294.84734720965776,295.93184346871436,17682100
2021-10-20,295.0297546386719,297.2275382211196,293.7820916523756,296.75725195686545,16537100
2021-10-21,298.244873046875,298.49438223529035,294.0220493838015,294.7994554629315,16918100
2021-10-22,296.7093200683594,298.5615868809637,295.40407560259746,297.89937264623074,17449300
2021-10-25,295.7207946777344,296.939637875098,294.11803710740327,296.90124058009036,17554500
2021-10-26,297.6209411621094,299.8187243055198,296.1717732340612,298.4751122943795,28107300
2021-10-27,310.1550598144531,312.9670535510442,303.2738027325777,303.2738027325777,52588700
2021-10-28,311.2875671386719,311.78661480927093,308.41796248920383,311.2683538472866,26297900
2021-10-29,318.2647705078125,318.62947157711153,310.8556743947785,311.0764222231841,34766000
2021-11-01,316.10540771484375,318.14002510806927,313.2262255270214,318.01525586042806,27073200
2021-11-02,319.7139587402344,320.02107850414706,316.71000761817237,317.00752073679007,26487100
2021-11-03,320.5489501953125,321.41269899381626,317.3338575616903,320.4529715980219,21500100
2021-11-04,322.8905944824219,322.98657305209764,316.2396925724103,319.483574923038,23992200
2021-11-05,322.52593994140625,325.1460058993081,320.95200246852335,324.8772834386426,22570100
2021-11-08,323.41851806640625,324.0519416472353,320.97122498059144,323.71603120896236,20897000
2021-11-09,322.4203186035156,325.07875202475316,321.0574932867859,323.5335762229284,21307400
2021-11-10,317.4777526855469,321.15352434002415,316.6332173342628,321.09594304990367,25500900
2021-11-11,319.0421142578125,320.328145224204,317.1994543880921,317.90964316198944,16849800
2021-11-12,323.159423828125,323.64889419343916,320.34742946636004,320.4721987193662,23831000
2021-11-15,322.5355529785156,324.27265700662844,320.57770113283607,323.9463532471072,16723000
2021-11-16,325.8370361328125,326.95032335349225,321.99812680159425,322.16126404658087,20886800
2021-11-17,326.05816650390625,329.0099268651389,324.9813100529108,325.8851065761686,19053400
2021-11-18,328.1253356933594,329.25990808153233,324.1351865907532,325.15435635646554,22463500
2021-11-19,329.8944091796875,331.8077802509148,329.01948549427823,329.442540350279,21963400
2021-11-22,326.7407531738281,336.20177166262135,326.4715391090011,331.34626493417426,31031100
2021-11-23,324.6735534667969,326.37539705653046,320.7122484325142,324.06781451737515,30427600
2021-11-24,324.8948059082031,325.13517671876446,321.0488729392215,323.3275835286007,21661300
2021-11-26,316.981689453125,324.9139237290462,315.4817784101395,321.47182770530526,24217200
2021-11-29,323.6640625,325.9716160847785,321.84684534637535,322.03915370433015,28563500
2021-11-30,317.85675048828125,324.76981754216854,316.3183713889176,322.40457691540473,42885600
2021-12-01,317.36639404296875,326.21205212002263,316.70299756222425,322.22190230238374,33337600
2021-12-02,316.7990417480469,320.6449739601022,315.1741330410827,317.57784067361735,30766000
2021-12-03,310.5686950683594,319.88546954113923,305.7804982116358,319.20279534885117,41779300
2021-12-06,313.626220703125,314.8376989761692,306.93430556211973,311.4725076329486,30032600
2021-12-07,322.0198974609375,322.8659778487916,317.3855423848686,318.8662344123449,31021900
2021-12-08,322.06805419921875,322.5776391619141,318.0586560269623,322.39495499206663,24761000
2021-12-09,320.27001953125,323.5294319116375,319.3277555505204,321.5295600175577,22214200
2021-12-10,329.346435546875,329.7887095654795,321.894941380308,322.0776255201496,38095700
2021-12-13,326.327392578125,330.5483179150928,326.0197109116661,327.55808990182186,28899400
2021-12-14,315.693359375,321.75072054562577,311.6262752750999,320.3854016251195,44438700
2021-12-15,321.7603454589844,322.2795546002779,312.0012968945024,315.9529787432078,35381100
2021-12-16,312.3857727050781,323.78897458619724,310.57818024881664,322.7793999864539,35034800
2021-12-17,311.3282165527344,312.405102273891,305.03051397428044,308.5207023277349,47750300
2021-12-20,307.5880432128906,310.3667139438823,305.3381764176737,307.722635580741,28326500
2021-12-21,314.68377685546875,315.1068317195721,307.4822492884366,310.8378448851712,24740600
2021-12-22,320.3661804199219,320.760362669551,313.2031195933652,315.6548897596977,24831500
2021-12-23,321.798828125,323.4333613707806,319.9143291893332,319.9335482909737,19617800
2021-12-27,329.2598876953125,329.28873101360773,322.51025779288784,322.539101111183,19947000
2021-12-28,328.1061096191406,330.567504020854,327.21193737349995,329.9329216504245,15661500
2021-12-29,328.7791748046875,331.0386367329647,326.5965892757154,328.1541872836197,15042000
2021-12-30,326.25042724609375,329.91367522578065,325.76968573335654,328.7406647610165,15994500
2021-12-31,323.3659973144531,326.288884758608,322.9140990920403,325.47164761227714,18000800
2022-01-03,321.85650634765625,324.9813267976335,317.07793359354395,322.43340214531065,28865100
2022-01-04,316.33758544921875,322.2891685868689,313.5588850186426,321.9333951684874,32674300
2022-01-05,304.19403076171875,313.5108044365724,303.8094433864934,313.308871857317,40054300
2022-01-06,301.7903137207031,306.42466920650463,299.49235507622586,301.08842050942394,39646100
2022-01-07,301.94415283203125,304.30939297872214,298.1462829521569,302.0499018859666,32720000
2022-01-10,302.165283203125,302.597962334878,292.95428801782003,297.56939515988586,44289500
2022-01-11,302.84796142578125,304.4151542522141,297.95401590280085,301.30958257691026,29386800
2022-01-12,306.0111999511719,310.95323691547827,304.8670327735876,307.3572996957186,34372200
2022-01-13,293.05999755859375,308.52066014986855,292.2908229193429,308.1264486110597,45366000
2022-01-14,298.2521057128906,298.8482206128136,292.0505272250826,292.53126883368355,39846400
2022-01-18,290.99285888671875,297.8674572905509,290.1179057310112,292.3581778205605,42333200
2022-01-19,291.64666748046875,301.8191755170397,291.04095775062984,294.4926786966677,45933900
2022-01-20,289.98333740234375,299.64623177263644,289.54106334856164,297.1656180407453,35380700
2022-01-21,284.6278076171875,292.39657724568343,284.2239718518976,291.03128783502143,57984400
2022-01-24,284.9547119140625,285.6661999443274,265.41737031888897,280.9453442370806,85731500
2022-01-25,277.3782958984375,283.6279370796621,274.1861937797464,280.2915889984612,72848600
2022-01-26,285.28155517578125,296.61744567524323,281.74330549152245,296.1270800546626,90428900
2022-01-27,288.2911071777344,295.4637633356451,286.45467082104994,291.0024967310887,53481300
2022-01-28,296.38677978515625,296.5983072336974,283.1087009699881,288.666071926605,49743700
2022-01-31,299.0019836425781,300.3480539279597,294.56953190677376,297.05017439324195,46444500
2022-02-01,296.8675537109375,298.6655225486515,293.37736510025144,298.45399507702996,40950400
2022-02-02,301.386474609375,302.9825400250582,296.98289506365415,297.7040073654435,36636000
2022-02-03,289.6467590332031,299.2423701113963,288.40643772478234,297.5693697082304,43730000
2022-02-04,294.15606689453125,296.90589377456706,288.4160130786726,288.64675957430416,35096500
2022-02-07,289.3583984375,295.9830028319127,288.3488234105986,294.3773422215108,28533300
2022-02-08,292.8292541503906,293.79073713074837,288.3968316951647,289.646747832777,32421200
2022-02-09,299.2231750488281,299.91544411863055,295.55033156667764,297.9347910965561,31284700
2022-02-10,290.7333068847656,297.2136945346378,289.11802208324127,292.3293725846551,45386200
2022-02-11,283.6759338378906,292.56965100167986,282.88751078774607,291.51201390296524,39175600
2022-02-14,283.63751220703125,285.3297318388345,280.128104788829,282.45487744042305,36359500
2022-02-15,288.8968200683594,289.2140965718555,285.57969173022536,288.4545460706531,27058300
2022-02-16,288.5596008300781,289.8795515618136,282.95219184742473,287.47087375855756,29982100
2022-02-17,280.1099853515625,285.958233038907,279.40664080865434,285.53430336959343,32461600
2022-02-18,277.4122619628906,283.12563925409984,275.85144328731116,282.34522991631013,34264000
2022-02-22,277.2099609375,280.8904283246642,274.10758220532034,274.5893178506724,41736100
2022-02-23,270.0320739746094,281.04457259903455,269.86830032930663,279.58007749575995,37811200
2022-02-24,283.82891845703125,284.37810398388814,261.60163542289047,262.55549170711595,56989700
2022-02-25,286.4495849609375,286.75790276376836,280.9963351099328,284.3588691791243,32546700
2022-02-28,287.8755187988281,288.2127395416602,282.29701327303695,283.5591579767434,34627500
2022-03-01,284.17578125,289.01239505161357,281.4780448269364,285.5727965486782,31217800
2022-03-02,289.224365234375,290.4576069527269,282.9714477799345,284.5707837842269,31873000
2022-03-03,285.1105041503906,292.0571255527965,283.30878771585014,291.8259017976971,27314500
2022-03-04,279.27178955078125,284.8599409855132,276.68007868700784,283.5399899491922,32356500
2022-03-07,268.7217712402344,279.1079901922431,268.35564745891236,277.9903600081898,43157200
2022-03-08,265.77349853515625,273.5872347405663,260.13718693761393,267.6522494658014,48159500
2022-03-09,277.9613952636719,279.02121928908525,270.5233976527745,273.0862341495731,35204500
2022-03-10,275.15765380859375,276.13076883711994,270.33065513796623,272.68152651187194,30628000
2022-03-11,269.8393249511719,278.93449337232187,269.22268940942564,277.44109570873076,27209300
2022-03-14,266.3420104980469,274.97470517723553,265.7446629920697,270.09954271533127,30660700
2022-03-15,276.6607360839844,277.3062746946172,268.5483254301358,270.10914399569396,34245100
2022-03-16,283.63623046875,283.8096481851476,272.854988057363,278.54907556535204,37826300
2022-03-17,284.43597412109375,284.81171260660994,278.7996616158856,282.5764817272433,30816600
2022-03-18,289.4556884765625,290.0048741986634,282.0369767782839,284.5805258339528,43390600
2022-03-21,288.23211669921875,289.1763292861957,284.12771899606764,287.9719899979767,28351200
2022-03-22,292.95306396484375,293.85872928601555,287.85629285362114,288.8486670583763,27599700
2022-03-23,288.5500183105469,292.15342106739143,286.8446846467914,289.53277788187336,25715400
2022-03-24,292.9915771484375,293.08793014220737,287.42271518108265,288.21276856606795,24484500
2022-03-25,292.5869445800781,294.3404693263562,288.3573210468133,294.0803426717011,22566500
2022-03-28,299.3504943847656,299.4468179763362,293.21315853638436,293.21315853638436,29578200
2022-03-29,303.888427734375,304.2834544196327,297.7607361570676,302.44322106271255,30393400
2022-03-30,302.39508056640625,304.40876140768165,300.1983672332794,302.298756961056,28163600
2022-03-31,297.0478210449219,303.6283461991608,296.64317958234875,302.43362184596117,33422100
2022-04-01,298.11724853515625,298.8013048013512,294.37897586444814,298.0690573372068,27110500
2022-04-04,303.46453857421875,303.59940925877385,298.3966704273003,298.76279420407815,24289600
2022-04-05,299.52392578125,303.3681663887453,298.5508104784777,301.82660661689823,23156700
2022-04-06,288.5596008300781,295.7856342398464,285.8715081688589,294.04175386251336,40110400
2022-04-07,290.3613586425781,292.5580721641171,285.5247430073229,285.8234167762698,31411200
2022-04-08,286.12200927734375,290.1204083993762,285.4572118764955,289.46525511827485,24361900
2022-04-11,274.8396911621094,281.9211780545337,274.5891793439887,281.1311543407914,34569300
2022-04-12,271.7566223144531,280.11954336565424,270.24396581891443,278.6743368953997,30966700
2022-04-13,277.1136169433594,278.03854117973947,271.0244711313333,272.40225746800036,21907200
2022-04-14,269.6080627441406,277.7783069773566,269.1167125540132,277.5663421924467,28221600
2022-04-18,270.2729187011719,272.14205510022083,268.17255863306326,268.7217442498862,20778000
2022-04-19,274.8783264160156,275.71657107306396,268.2400250211419,269.17459327763214,22297700
2022-04-20,275.89959716796875,279.1176168323527,274.9457700942281,278.8285578322928,22906700
2022-04-21,270.55230712890625,282.5860513093376,269.82970383090816,278.03846671115735,29454600
2022-04-22,264.0199890136719,272.8550320937384,263.393738668187,271.39053717811265,29405800
2022-04-25,270.465576171875,270.8413145666887,260.8790281069364,263.30699380770614,35678900
2022-04-26,260.34918212890625,268.19182220528097,260.13721729425794,267.3632511079873,46518400
2022-04-27,272.87432861328125,280.34123080111425,268.9626376903315,271.7952455176826,63477700
2022-04-28,279.05010986328125,280.3508015911793,271.1785388721603,274.7722962798131,33646600
2022-04-29,267.3824462890625,279.2909624684129,266.3997165093704,278.0673355494749,37073900
2022-05-02,274.07861328125,274.53144585501184,266.12997704590924,267.56553951466765,35151100
2022-05-03,271.48687744140625,273.7510403407447,269.91641488989063,273.5872373213016,25978600
2022-05-04,279.3873596191406,280.2544777268917,266.6213675689915,272.2672940906547,33599300
2022-05-05,267.2186584472656,275.8898964970235,264.31860164617336,275.10948742476916,43260400
2022-05-06,264.6944885253906,269.049368342921,261.3608565604997,264.77155329439324,37780300
2022-05-09,254.9151611328125,262.4109648333538,253.701207586284,260.1949931476496,47726000
2022-05-10,259.6554870605469,263.7502396394238,255.3873167232384,261.76549132988686,39336400
2022-05-11,251.03245544433594,261.4475786744983,249.8281162234308,255.97506831138057,48975900
2022-05-12,246.0223846435547,250.38690814257984,240.88708121967693,248.27690379509,51033800
2022-05-13,251.5815887451172,253.43146634006962,246.0223706452165,247.94931299700548,34925100
2022-05-16,251.94769287109375,256.10989508341936,246.43663699814542,250.46393914300643,32550900
2022-05-17,257.0733642578125,258.52818561527994,252.87261500014733,256.3892786113193,28828800
2022-05-18,245.3689422607422,254.56255593288276,244.10385759056012,253.98312086554714,31356000
2022-05-19,244.46116638183594,248.83587017478328,243.24437042893047,245.1951046927819,32692300
2022-05-20,243.90106201171875,249.67605030957378,237.99088889238988,248.42060269458278,39199300
2022-05-23,251.713623046875,252.5344867374103,244.74115917492952,246.7305445650261,33175400
2022-05-24,250.71897888183594,252.3703436440929,244.80880649372511,249.0483104249833,29043900
2022-05-25,253.51956176757812,255.50893286369595,248.31437179357388,249.2897536459207,28547900
2022-05-26,256.7836608886719,257.9521680064266,252.46691284814418,253.2781100641193,25002100
2022-05-27,263.87200927734375,263.96858669067194,258.38675406725025,259.27522501006564,26910800
2022-05-31,262.5489501953125,265.34951799157335,259.70974554446406,263.18632567522593,37827700
2022-06-01,263.0801696777344,268.1694785962378,260.7817625947678,265.76485697863757,25292200
2022-06-02,265.16607666015625,265.2336837998182,252.63111175251524,255.38340607068776,44008200
2022-06-03,260.762451171875,264.0748772583433,259.20766358686035,261.04251687853196,28059000
2022-06-06,259.5359802246094,264.77980709613064,258.0584370323219,262.732495427998,22400300
2022-06-07,263.1573791503906,263.76578441208926,256.8222901054273,257.49830250093424,22860700
2022-06-08,261.1390075683594,263.64020598603173,260.3664178533954,262.39442533216015,17372300
2022-06-09,255.71176147460938,263.36021011485053,255.55724349069746,258.5992407787773,26439700
2022-06-10,244.31631469726562,251.6460754214227,243.8720791834992,251.6460754214227,31422800
2022-06-13,233.9541473388672,240.48239119497188,233.24917940412797,236.70644141538565,46135800
2022-06-14,236.1077117919922,237.3148557778769,233.2298699199791,235.49930650770008,28651500
2022-06-15,243.12844848632812,246.54708847653447,237.97153296010552,239.79673406143797,33111700
2022-06-16,236.57127380371094,238.93727329741498,234.68813195099327,237.54664093367091,33169200
2022-06-17,239.1593475341797,241.9116415660145,235.6634634572943,236.31049083013178,43084800
2022-06-21,245.04058837890625,246.01595545881753,240.95560233610817,241.67988876042264,29928300
2022-06-22,244.4514923095703,248.35298995386094,241.7861089374633,243.254000161548,25939900
2022-06-23,249.9850311279297,250.47755532769025,244.93435931975776,246.8078492299289,25861400
2022-06-24,258.52203369140625,258.79243283430566,252.74704478148087,252.83395563405963,33923200
2022-06-27,255.80833435058594,259.1013975165965,254.25351742662792,259.01448667805846,24615100
2022-06-28,247.6865997314453,257.7590003491521,247.53208179119707,254.92946240461035,27295500
2022-06-29,251.33705139160156,252.98841615797966,246.9913181866432,248.7585787991081,20069800
2022-06-30,248.02464294433594,250.6320859946273,244.2293889586405,248.23710148525814,31730900
2022-07-01,250.6803436279297,250.86383187727745,245.88075254538774,247.59973919232516,22837700
2022-07-05,253.83824157714844,253.9637892662612,246.00629085879652,247.37760464946805,22941000
2022-07-06,257.0830383300781,258.8020102285566,253.4036657301254,254.70738716056056,23824400
2022-07-07,259.1979064941406,259.8352819464038,255.93378499828523,256.0303623949221,20859900
2022-07-08,258.4833068847656,258.9082238859461,254.2631366183598,255.71170926657888,19658800
2022-07-11,255.44140625,257.3921408733101,253.19127271991698,256.54230655145716,19455200
2022-07-12,244.9729766845703,256.82230649201273,243.39885616958918,256.76436593684815,35868500
2022-07-13,244.05552673339844,244.8570720526818,239.60357943296265,241.6122686543637,29497400
2022-07-14,245.3689422607422,246.39259810880876,237.5080204020861,241.97928690307253,25102800
2022-07-15,247.9184112548828,251.44326589652985,246.03526953214475,246.9526960395664,29774100
2022-07-18,245.5330810546875,251.89714046464383,244.6156545937457,250.84451446983314,20975000
2022-07-19,250.63201904296875,250.815507255263,244.9825802573405,248.74886295733143,25012600
2022-07-20,253.27809143066406,255.78895661231545,250.0333028054799,250.98935133409913,22788300
2022-07-21,255.7599639892578,255.8082674233356,248.21773199272175,250.88311489570913,22404700
2022-07-22,251.43357849121094,256.23318389270804,250.18782718594753,256.14627306708184,21881300
2022-07-25,249.95608520507812,252.53455809641423,248.00535085353994,252.05170043274995,21056000
2022-07-26,243.26365661621094,250.97007463688564,241.01355313399756,250.9507414709721,39348000
2022-07-27,259.5262756347656,260.79136010238045,249.97536828625238,252.2061678876976,45994000
2022-07-28,266.933349609375,268.31431531179504,258.68613331334205,260.5016826567174,33459300
2022-07-29,271.1148986816406,272.33170936707273,267.1458230211277,268.17914544538223,32152800
2022-08-01,268.4784240722656,271.63630136547664,266.3828096525368,268.2949358731118,21539600
2022-08-02,265.3978576660156,268.3626103956282,263.0415102262708,266.5373945260248,22754200
2022-08-03,272.7855529785156,273.7802383800219,267.1264470117995,267.27132785781305,23518900
2022-08-04,273.925048828125,274.0699001812098,270.5643795514278,272.13847021665924,18098700
2022-08-05,273.2105407714844,273.9251607194615,269.125554118187,269.5794415241089,16774600
2022-08-08,270.70928955078125,276.11730051736697,269.74357435929414,274.3113883534034,18739200
2022-08-09,272.6214294433594,273.37468623177955,268.0922221285978,270.0526525666318,23405200
2022-08-10,279.2462463378906,279.87395540358807,277.1023571419585,278.29019759892526,24687800
2022-08-11,277.17962646484375,281.22597639185335,276.68713164605356,280.8783329903544,20065900
2022-08-12,281.9019470214844,281.9019470214844,277.10234096743113,278.58955073001846,22619700
2022-08-15,283.408447265625,284.09409682100915,280.1636287959346,281.02312948938925,18085700
2022-08-16,282.6744689941406,283.958886627976,280.4630025536895,281.9791529178918,18102900
2022-08-17,281.9293212890625,283.8938831580585,280.1389500408416,280.4002359720042,18253400
2022-08-18,280.81640625,282.5003080383182,279.76151632304703,280.8357509194147,17186200
2022-08-19,276.9259033203125,279.9259802339088,276.3549256082349,279.5872566328216,20570000
2022-08-22,268.7967834472656,273.3549492553272,268.2838690742468,272.98719375507784,25061100
2022-08-23,267.5289611816406,269.87093596211275,266.52247730381634,267.5289611816406,17527400
2022-08-24,266.8999328613281,268.29351690361904,266.24183017802443,266.5321774149117,18137000
2022-08-25,269.86126708984375,270.02577059536407,265.67082824168347,268.3902454376077,16583400
2022-08-26,259.4481506347656,271.3032734990673,259.3417106465169,270.0838799821935,27549300
2022-08-29,256.68035888671875,258.78039270297364,255.34483826720634,257.28036854850586,20338500
2022-08-30,254.4931640625,258.44163228050394,252.25762926790654,258.07390638773194,22767100
2022-08-31,253.04153442382812,258.4997140694314,252.90603313757336,256.835186498961,24791800
2022-09-01,252.00599670410156,252.4802216307378,247.1768588698768,250.5253174553684,23263400
2022-09-02,247.80592346191406,256.20611724920184,246.26718053225406,253.2641326770218,22855400
2022-09-06,245.0864715576172,249.5188219970164,243.81870184632467,247.94138995000887,21328200
2022-09-07,249.7704620361328,250.4865986759276,245.057451273247,246.48973931975843,24126700
2022-09-08,250.18661499023438,252.0350498159717,246.57685541782593,249.20919235362013,20319900
2022-09-09,255.93511962890625,256.68031756891503,251.89955618095607,252.1027785583023,22084700
2022-09-12,258.0545349121094,258.82876464312335,256.6125744929972,257.2125840758803,18747700
2022-09-13,243.8671112060547,252.00600375133774,243.47999634028216,250.49629269213037,33353300
2022-09-14,244.08970642089844,246.03490888980133,241.80578027171973,245.3574762961727,23913000
2022-09-15,237.4701690673828,243.29610345654862,236.15400813965698,241.71865662350373,31530900
2022-09-16,236.850830078125,237.3927761581187,234.2572119949683,236.38629220933913,39791800
2022-09-19,236.63792419433594,237.23793382536144,233.0862280822725,234.65400280433187,26826900
2022-09-20,234.63462829589844,235.66045686379198,231.91521092748422,234.26688762643548,26660300
2022-09-21,231.2474365234375,239.67667590576733,231.19904532157508,236.39595324962926,28625600
2022-09-22,233.21200561523438,235.99917354124665,229.91193818738796,230.20225587391255,31061200
2022-09-23,230.25067138671875,233.35720386281167,227.61834912688556,231.81844612716222,34176000
2022-09-26,229.7957763671875,233.6668360314633,229.26350270996545,229.40867630752822,27694200
2022-09-27,228.789306640625,234.0055589313427,226.94087211261905,232.24421970145121,27018700
2022-09-28,233.2991180419922,234.5184966384645,227.16347665591098,229.17642964868273,29029700
2022-09-29,229.8441619873047,232.21518302073704,226.85377201329916,231.18935459731148,27484200
2022-09-30,225.3924560546875,232.7861798495217,225.22793778149074,230.60870866268925,35694800
2022-10-03,232.97976684570312,233.82171772604818,227.09575348399042,227.82157728205974,28880400
2022-10-04,240.85736083984375,242.2896489224366,237.08306843402076,237.18952317598578,34888400
2022-10-05,241.16702270507812,242.50254306214893,236.23143031780648,238.0605054835281,20347100
2022-10-06,238.834716796875,242.27028548507374,238.1476119193884,239.9379683013216,20239900
2022-10-07,226.6892852783203,233.54106344265196,225.65376961113512,233.13458913635256,37769600
2022-10-10,221.86013793945312,226.99896799750226,219.42136587622,225.5376480865996,29743600
2022-10-11,218.14393615722656,221.67627288848584,216.88583856563983,220.28268877269275,30474000
2022-10-12,218.47296142578125,220.5149462849339,216.74066847271945,218.13423774935973,21903900
2022-10-13,226.6892852783203,228.48932881951694,212.0663551272384,212.76314712814823,42551800
2022-10-14,221.19236755371094,229.5925754900993,220.97945807089755,227.9473631652827,30198600
2022-10-17,229.87322998046875,231.25714167375685,227.5602721133645,228.21836002283007,28142300
2022-10-18,230.81195068359375,236.06690750411659,227.7828415320167,235.39916206358598,26329600
2022-10-19,228.8570556640625,231.88616474151667,226.73764801989628,229.39900168382854,19985700
2022-10-20,228.53770446777344,233.53137553473397,227.29896641864062,228.16996380022994,21811000
2022-10-21,234.3152618408203,235.16689978355862,226.9408971162325,227.17316603704901,26299700
2022-10-24,239.27987670898438,239.85085446829365,233.52167838261744,235.90237181871956,24911200
2022-10-25,242.57998657226562,242.9477272430807,237.90567969361152,239.28957660185964,34775500
2022-10-26,223.8634033203125,230.61839877791698,222.64400998891642,223.718229712473,82543200
2022-10-27,219.4407196044922,226.15701124638468,218.50198634809382,223.5924250678105,40424600
2022-10-28,228.26673889160156,228.97321801422746,218.763293726381,218.9471714496145,40647700
2022-10-31,224.6472930908203,227.34735093033876,223.69887276321543,226.22473999169745,28357300
2022-11-01,220.81491088867188,228.14089811809833,220.00199193356548,227.0376467456196,30592300
2022-11-02,213.00511169433594,223.84407823127708,212.94703338213586,222.0633939304996,38407000
2022-11-03,207.34365844726562,213.3050945982589,207.08235775345725,212.9954026993864,36633900
2022-11-04,214.25347900390625,214.44702903809562,206.5500636010322,210.53726518655444,36789100
2022-11-07,220.52459716796875,221.04719851693054,214.14702961237924,214.83414923285227,33498000
2022-11-08,221.4923858642578,224.18277156558537,218.56005889650208,221.3278675751174,28192500
2022-11-09,217.27293395996094,221.26013615245242,217.09874333274988,220.04074269428185,27852900
2022-11-10,235.14755249023438,235.48627617138314,227.42479136911933,227.84092326094827,46268000
2022-11-11,239.1444091796875,239.99604710310476,234.1313788126477,235.15722211445575,34620200
2022-11-14,233.76364135742188,236.0475673740293,231.49907477577239,234.18946032496393,31123300
2022-11-15,234.17010498046875,239.03796188941354,232.29263846364998,237.74116029609917,31390100
2022-11-16,234.59710693359375,236.60603316606853,233.32576434985185,235.62582643468144,24093300
2022-11-17,234.548583984375,236.07226408161256,230.61810181463593,230.76366974368625,23123500
2022-11-18,234.1021728515625,236.5478177930803,231.9767921721455,236.3245938837583,27613500
2022-11-21,234.90768432617188,237.45036963154155,234.07306028423957,234.3059689787537,26394700
2022-11-22,237.7997589111328,238.0714956068187,233.60723931445074,236.4022474427257,19665700
2022-11-23,240.2744903564453,240.9538320187203,237.06216314669393,237.87737314142396,19508500
2022-11-25,240.1871337890625,241.36142112614246,239.44955019697596,240.01243748252853,9200800
2022-11-28,234.62625122070312,239.3719587460741,233.69458675417982,238.8187857456771,24778200
2022-11-29,233.23843383789062,235.6258367832805,231.18099474535325,234.27685297681788,17956300
2022-11-30,247.61141967773438,247.7958155951577,232.78229762918565,233.47135371926146,47594200
2022-12-01,247.17469787597656,248.5624948221186,243.51593758658888,246.37888704446783,26041500
2022-12-02,247.49497985839844,248.5042854543991,242.32225350861475,242.44842226131698,21528500
2022-12-05,242.81719970703125,246.3303923254423,240.74034652754588,244.57378861196725,23435300
2022-12-06,237.88706970214844,244.42819318650004,236.58661356400265,243.41888770234414,22463700
2022-12-07,237.15919494628906,238.89638442921668,235.06294286518101,237.60562791314456,20481500
2022-12-08,240.0998077392578,241.40027877672188,235.88787438426903,237.61534962771674,22611800
2022-12-09,238.17825317382812,240.98297573692605,236.95543802882835,237.4794974313884,20609700
2022-12-12,245.0590362548828,245.08814984287235,239.87661027319498,240.1483469667902,30665100
2022-12-13,249.33889770507812,256.13234388565945,245.6024963823434,253.96813536884156,42196900
2022-12-14,249.63009643554688,254.84163672246152,246.80595954357608,249.54275565955797,35410900
2022-12-15,241.6623077392578,246.69916567601095,240.04158720461845,246.2333334693487,35560400
2022-12-16,237.46974182128906,242.46777079172978,236.3245533102195,241.21584235349084,86102000
2022-12-19,233.35488891601562,237.97444210459676,231.66624165874438,237.63476384948163,29696400
2022-12-20,234.66506958007812,235.74231675615167,231.38480046926088,232.33587889229094,25150800
2022-12-21,237.21743774414062,238.37232600874938,233.02491849714485,234.55829818550004,23690600
2022-12-22,231.16156005859375,234.84943370848737,226.9690262734001,234.14096367729437,28651700
2022-12-23,231.68565368652344,231.821522034393,227.03700146219919,229.14296825844733,21207000
2022-12-27,229.96786499023438,231.87972122287346,228.87120393787913,231.65651213728756,16688600
2022-12-28,227.60955810546875,232.6464155156222,227.26018028486453,229.8999205275325,17457100
2022-12-29,233.8983612060547,234.7815128184782,228.69652150065144,228.69652150065144,19770700
2022-12-30,232.74349975585938,232.87936810259998,229.67674014824095,231.18100636407286,21938500
2023-01-03,232.51055908203125,238.49849510687616,230.39487805775428,235.90728230837536,25740000
2023-01-04,222.3397979736328,225.99854338319813,219.2924526600918,225.4259564644858,50623400
2023-01-05,215.7501220703125,220.83550661088532,215.21634839005094,220.49582841202724,39585600
2023-01-06,218.2928466796875,219.09835714227594,212.87751216247153,216.4198034707522,43613600
2023-01-09,220.41819763183594,224.41663581790868,219.72915641914315,219.76796959383623,27369800
2023-01-10,222.09718322753906,224.48458614807703,220.62203068917864,221.0393352972296,27033900
2023-01-11,228.8129425048828,228.9876239869565,224.29044544975034,224.46512693182402,28669300
2023-01-12,231.4721221923828,232.821105949786,226.6681880812586,228.3180220940589,27269500
2023-01-13,232.17091369628906,232.30678205223143,227.98809344348456,230.00671959501415,21333300
2023-01-17,233.25782775878906,233.80130107166906,230.0940134168222,230.948051370512,29831300
2023-01-18,228.851806640625,235.22794870990262,228.57037036509706,234.4418522484385,30028700
2023-01-19,225.08627319335938,228.57035182284125,223.87315781209423,226.88168988104673,28623000
2023-01-20,233.13168334960938,233.63634353931783,227.59016528126836,227.92984354153225,35389800
2023-01-23,235.42201232910156,237.93558370839386,232.5784623295547,233.98568794215404,31934000
2023-01-24,234.89796447753906,236.75160844059997,233.3451855854794,235.34439747923588,40234400
2023-01-25,233.5101776123047,236.12080454500452,224.0866898660757,227.56105444486033,66526600
2023-01-26,240.6820831298828,240.98293336442927,234.85912950577273,236.46043582898827,33454500
2023-01-27,240.83737182617188,242.45809218411858,239.54661529494882,241.6428822092,26498900
2023-01-30,235.5482177734375,238.3529402272609,235.0532571701788,237.2950922529375,25867400
2023-01-31,240.49774169921875,240.6336100555459,235.7811476030907,236.2663938483362,26541100
2023-02-01,245.2919464111328,247.65023576111176,238.2267631452796,240.6821076556318,31259900
2023-02-02,256.79229736328125,256.8796381260482,249.65917223320272,251.182852423541,39940400
2023-02-03,250.72669982910156,256.40408589321055,249.51358441442338,251.88158807324123,29077300
2023-02-06,249.1932830810547,250.6781350311893,247.26201299101024,249.84352591670253,22518000
2023-02-07,259.6648864746094,260.83917372488975,252.40559427354566,252.8423276033304,50841400
2023-02-08,258.8594665527344,268.5935048183664,258.3547915146365,265.13855400297484,54686000
2023-02-09,255.8412322998047,265.8955501652922,255.0454213286766,265.7208390034506,42375100
2023-02-10,255.33653259277344,256.2973105018647,252.96852898785733,253.81285255852234,25818500
2023-02-13,263.3139953613281,266.49720913120274,259.26702917112374,259.742590569191,44630900
2023-02-14,264.1389465332031,266.85631358119707,261.3342091005598,264.624192764422,37047900
2023-02-15,262.0276794433594,263.39950469785816,258.9726863891012,261.0547562578646,28922400
2023-02-16,255.0518035888672,259.5175173851741,254.8085727958793,256.8711651698153,29603600
2023-02-17,251.0725555419922,253.047588426155,249.06833614983722,252.36656000925092,30000100
2023-02-21,245.8284912109375,248.5721416274502,244.77773242454728,247.58947974202172,28397400
2023-02-22,244.6999053955078,247.45327979594094,243.56158704829775,247.21004899921323,22491100
2023-02-23,247.87164306640625,249.88558633204974,243.69779430491118,248.64024584758673,29219100
2023-02-24,242.471923828125,244.20372595601927,241.38225458242883,243.19189234867713,24990900
2023-02-27,243.386474609375,245.97445391978178,242.6373195783351,245.6242009691581,21190000
2023-02-28,242.6664581298828,244.6804159093662,241.995138870055,242.3259439798901,22491000
2023-03-01,239.60179138183594,244.13560203633548,239.1347775749903,243.97020688018864,27565300
2023-03-02,244.3107147216797,244.5928558822364,238.95963779243274,239.87418786109544,24808200
2023-03-03,248.37753295898438,248.69859936512998,244.58313878749726,245.36148024067188,30760100
2023-03-06,249.91476440429688,253.07676463691814,249.04886339595808,249.48667584365674,24109800
2023-03-07,247.2683868408203,250.71254274610072,246.5289706683779,249.36016545686795,21473200
2023-03-08,246.83062744140625,247.64787941469785,244.01887982125263,247.1614177859818,17340200
2023-03-09,245.48800659179688,252.53196156480467,244.76803802762987,248.89323803651243,26653400
2023-03-10,241.85899353027344,245.94526831886697,240.89580898858623,244.28157783106303,28333900
2023-03-13,247.04466247558594,250.9266314715002,239.07641892091627,240.701198918384,33339700
2023-03-14,253.72865295410156,254.00107026600773,248.93213379575317,249.79803486123274,33620300
2023-03-15,258.252685546875,259.2645337884642,252.19136451987217,252.94053423822598,46028000
2023-03-16,268.7214050292969,269.07164313641664,256.1512239726221,258.0289586598438,54768800
2023-03-17,271.8638610839844,275.6582547664565,268.8380848690044,270.72555782486927,69527400
2023-03-20,264.8588562011719,269.96670228330714,262.543294560003,269.4802407516752,43466600
2023-03-21,266.366943359375,267.5539109885018,262.2222805461307,267.43716494158167,34558700
2023-03-22,264.917236328125,273.43031336043435,264.81019934883693,265.9971667055635,34873300
2023-03-23,270.14178466796875,273.44971669614165,267.74840257051886,270.41420190108295,36610900
2023-03-24,272.9730529785156,273.03142599171395,267.8262812456373,269.7332022897182,28172000
2023-03-27,268.89654541015625,273.83898269172226,268.059815935794,272.90498464073,26840200
2023-03-28,267.7776184082031,268.66298193563654,264.68370058234905,268.32245293412296,21878600
2023-03-29,272.9146728515625,273.527619165426,270.8715283691032,271.4066242065595,25087000
2023-03-30,276.3587646484375,276.7576666390423,273.85837511849326,276.53391335276035,25053400
2023-03-31,280.4936828613281,281.4374193382453,275.3372029511124,276.0474474143603,32766000
2023-04-03,279.4527282714844,280.46454697415277,276.26154151333856,278.761931454292,24883300
2023-04-04,279.4040832519531,282.5855611844231,277.93498937950386,279.4527472277195,25824300
2023-04-05,276.6410217285156,279.3749339662447,275.259487198861,278.11014548796777,22064800
2023-04-06,283.7044372558594,284.171421432575,274.39355424617895,275.5415966022882,29770300
2023-04-10,281.55426025390625,281.75856581319096,277.00095709388467,281.3791115118309,23103000
2023-04-11,275.17181396484375,278.23654533423,274.01406284794314,278.0127623432296,27276600
2023-04-12,275.81396484375,279.2386732168352,274.32539366289427,277.07878271017614,27403400
2023-04-13,281.9919738769531,282.0503468765026,275.50259466661186,275.91120566345813,24222700
2023-04-14,278.39215087890625,280.66878672221713,276.0084780855956,279.22885025504905,20987900
2023-04-17,280.9801940917969,283.7043967289592,278.4116924129814,282.07960200286976,23836200
2023-04-18,280.5618591308594,283.86008303886325,279.2386978273748,283.67522525510293,20161800
2023-04-19,280.6397399902344,281.2234702218599,276.8356062940719,278.2463272755176,17150300
2023-04-20,278.363037109375,281.20398586251105,277.3609274204324,277.52633742538336,23244400
2023-04-21,278.02252197265625,278.51869257683563,275.3956176560884,277.2928296281938,21676400
2023-04-24,274.1405334472656,277.234451496004,271.173129844423,274.45187596772155,26611000
2023-04-25,267.9625549316406,273.97521394741574,267.9138909506877,271.9418077634244,45772200
2023-04-26,287.372314453125,291.45860367890464,284.80381270160626,288.66631890750085,64599200
2023-04-27,296.5761413574219,296.936147852177,287.2555509397699,287.9560567732343,46462600
2023-04-28,298.94036865234375,300.56513364270495,295.0973104351293,295.7783684985938,36469600
2023-05-01,297.2864074707031,300.24410228095644,296.8875053999733,298.6582327311371,21294100
2023-05-02,297.1405334472656,300.8084439059294,295.68114837530834,299.4269093315851,26404400
2023-05-03,296.15777587890625,300.25377368049993,295.85617210321027,298.31766627691815,22360800
2023-05-04,297.1405334472656,299.4269093315851,295.184947949638,297.94804678959196,22519900
2023-05-05,302.23858642578125,303.5228521768905,296.03133165334634,297.442082171176,28197100
2023-05-08,300.2926940917969,301.80074263730194,297.80201345372643,301.73263089775384,21318600
2023-05-09,298.6873779296875,301.6450723308815,298.0160586463366,299.66030098483304,21340800
2023-05-10,303.8536071777344,304.5249264836218,299.33925948976275,300.26351860842567,30078000
2023-05-11,301.7132263183594,302.6958883395591,297.96749541594016,301.7035172755466,31680200
2023-05-12,300.6040954589844,302.23859938067807,298.2982721245842,302.14130111816417,19774700
2023-05-15,301.080810546875,301.50889913783726,299.26144888091557,300.7305724404115,16336500
2023-05-16,303.299072265625,305.21573217875385,301.4407853698495,301.4407853698495,26730300
2023-05-17,306.16571044921875,306.5849748220485,302.98703781876026,304.49838322404014,24315000
2023-05-18,310.5728759765625,311.07992095632784,305.892648471435,306.68243649097326,27276000
2023-05-19,310.3974304199219,310.7972045125446,308.47658062453104,308.83734438329236,27546700
2023-05-22,313.1665954589844,314.54141972113337,310.0757031921086,310.6509792014614,24115700
2023-05-23,307.3942565917969,314.66812088311536,307.38449657033,312.0452341385488,30797200
2023-05-24,306.0194396972656,308.6033161721185,304.8103574976606,306.8774884337067,23384900
2023-05-25,317.7882995605469,318.7438294879401,312.0159906409768,315.1751430242443,43301700
2023-05-26,324.58441162109375,325.0816668912498,315.7992015223041,315.935693050292,36630600
2023-05-30,322.9463806152344,327.36335699791624,322.2735935713144,326.8661016113198,29503100
2023-05-31,320.1966857910156,327.5583014347169,319.16310540886235,323.9993748636306,45950600
2023-06-01,324.2820739746094,325.2083832572948,316.6181962485788,317.79799826429337,26773900
2023-06-02,327.03179931640625,329.07941048845686,324.2529005654924,325.9104976467162,25873800
2023-06-05,327.558349609375,330.1129762401236,326.3102866082395,326.8563123114757,21307100
2023-06-06,325.3546447753906,327.0024814933911,323.8823396547661,326.9634711655118,20396200
2023-06-07,315.3116760253906,326.1444673202271,314.45362725824225,323.37532887108034,40717100
2023-06-08,317.1448059082031,318.4903798108397,315.28245664141156,315.85773263123184,23277700
2023-06-09,318.6366271972656,321.7567696311191,316.3160032224107,316.8815191818162,22529000
2023-06-12,323.5704040527344,323.8141665946219,317.04731605133065,320.381970960897,24260300
2023-06-13,325.949462890625,328.572349691123,322.14677395783576,326.1249647437929,22951300
2023-06-14,328.92333984375,330.5809366273575,324.5063648507166,325.99819005349843,26003800
2023-06-15,339.41497802734375,341.1115558406534,328.78693687823426,329.05994974194124,38899100
2023-06-16,333.7889099121094,342.70088270371474,333.4184158445692,342.55463113018976,46552000
2023-06-20,329.61566162109375,333.54511218147553,327.48029960440283,330.84423422142726,26375400
2023-06-21,325.2376708984375,329.30364243212927,323.78485594149885,327.9775589781728,25117800
2023-06-22,331.2342224121094,331.63399647710884,325.0231587622799,325.7836965611128,23556800
2023-06-23,326.6612548828125,329.5279043913859,325.13044892910204,326.01771828331994,23146900
2023-06-26,320.4014587402344,327.72406452687306,320.29418775939905,325.39371033432894,21520600
2023-06-27,326.2225036621094,327.7630696544983,321.08397083431,323.5800965917035,24354100
2023-06-28,327.47052001953125,329.54738110019997,325.481409860504,326.31020823977883,20259500
2023-06-29,326.6905822753906,327.7241331849387,324.3212172519648,326.3590687530991,16997000
2023-06-30,332.0434875488281,334.17884912203095,328.7868245882197,329.32309010858233,26832800
2023-07-03,329.55712890625,332.3945278816647,328.17257461621756,330.7272007694062,12508700
2023-07-05,329.7131042480469,333.12577875846375,326.3784503898892,326.7294540565752,18172400
2023-07-06,332.7552795410156,334.43236661409844,327.1292521462773,328.8843301211992,28161200
2023-07-07,328.8063659667969,333.26235165945616,328.5918537740865,330.8539769415479,21214800
2023-07-10,323.5508117675781,326.86600540201454,319.4166095021663,326.25171917261997,32791400
2023-07-11,324.1748962402344,324.55515029230673,318.84137119543414,322.80007207810127,26698200
2023-07-12,328.7868957519531,333.12585071299276,327.2950703339859,328.201859758283,29995300
2023-07-13,334.11065673828125,335.16369770913235,330.56146024108614,331.0879956045949,20567200
2023-07-14,336.6262512207031,342.66181307865304,335.71946186556954,338.9176246633776,28352700
2023-07-17,337.10400390625,338.33254651423374,333.66207903866245,337.05523355881655,20363900
2023-07-18,350.52069091796875,357.62881326178683,333.63284869185065,337.20150526147,64738600
2023-07-19,346.2207336425781,353.4166072525743,343.64661716979606,352.72433009882633,39732900
2023-07-20,338.215576171875,349.03863672095343,336.7530012262202,344.74842283159865,33778400
2023-07-21,335.19293212890625,341.56000752112044,331.35123269865875,340.43870595783125,69405400
2023-07-24,336.49951171875,338.2643797019485,333.7693834548789,337.2210689969038,26678100
2023-07-25,342.2230529785156,343.11035203179654,336.46050402116185,338.4495845575855,41637700
2023-07-26,329.34259033203125,336.0704583718103,324.7988542780453,332.92103651777114,58383700
2023-07-27,322.46856689453125,332.81383406452954,320.84022015182325,331.9850652931189,39635300
2023-07-28,329.92767333984375,331.52676966933615,324.8574310459994,325.3449560601863,28484900
2023-07-31,327.538818359375,329.2744062182313,325.0426629130829,328.51386838696095,25446000
2023-08-01,327.9482421875,330.09336362397084,325.37412621989307,326.8269408823185,18311900
2023-08-02,319.3288879394531,325.3059494426346,318.2173166114524,325.3059494426346,27761300
2023-08-03,318.5098571777344,321.6495195711113,317.81757996467144,317.86632056535905,18253700
2023-08-04,319.6018981933594,326.7782818997198,319.0753628445266,323.5996092744747,23741500
2023-08-07,321.87371826171875,322.84876819218033,319.3483425125627,320.1771409046875,17741500
2023-08-08,317.9150390625,320.54768595225426,314.9411484793251,318.80233812895545,22327600
2023-08-09,314.19036865234375,318.94858760325343,313.03978705069517,318.3245710835293,22373300
2023-08-10,314.8728332519531,320.0698654893564,313.16649605600196,317.88573364435064,20113700
2023-08-11,313.0008544921875,314.3659187348988,311.2457463891283,312.2695668882884,24355500
2023-08-14,315.9551696777344,315.97465996300735,312.09395075011946,313.37129346143496,18836100
2023-08-15,313.8295593261719,316.97898134379494,312.8935197157339,314.9411305404492,16966300
2023-08-16,313.0675048828125,316.9955245713373,312.48123017207456,313.4583447502476,20698900
2023-08-17,309.62799072265625,314.50378164094593,308.9733110073384,313.2042327148122,21257200
2023-08-18,309.2372131347656,311.0937247535903,304.4200159024574,307.29273496852556,24755000
2023-08-21,314.51361083984375,315.383227213463,309.7843803763491,310.65399674996837,24040000
2023-08-22,315.08026123046875,318.6174101401044,314.1031469540319,318.050696980202,16084600
2023-08-23,319.5164489746094,321.66611285256477,316.0574552143243,316.409231948521,21166400
2023-08-24,312.6473083496094,325.35957674760573,312.6375276630827,325.23254709942444,23281400
2023-08-25,315.5884094238281,317.91391657239774,311.5040487015702,314.11295718549064,21684100
2023-08-28,316.2919006347656,318.68581270104596,314.3572036482765,318.2070362516221,14808500
2023-08-29,320.8941650390625,321.45112744073015,314.5136087751781,314.5136087751781,19284600
2023-08-30,321.2654724121094,322.262118428765,318.97902814860515,321.14822344769897,15222100
2023-08-31,320.259033203125,323.3369376753796,319.30145033255354,321.66608035944125,26411000
2023-09-01,321.1384582519531,324.3922364479654,319.30147820313266,323.7278057381443,14942000
2023-09-05,325.91650390625,327.18677054781415,321.13842988312655,321.47064520868975,18553900
2023-09-06,325.2618713378906,326.8056990885685,322.6236503266788,325.7504285755841,17535800
2023-09-07,322.35980224609375,325.45723807010125,321.49993683780025,323.7082248346301,18381000
2023-09-08,326.6200256347656,328.4667861972207,321.92010767166425,322.5356945258159,19530100
2023-09-11,330.2060546875,330.67508035139593,327.7534879124914,329.5220626550476,16583300
2023-09-12,324.17724609375,329.08237965274225,323.8939043767627,328.1345774558951,17565500
2023-09-13,328.36907958984375,329.141008354495,323.59100543664357,323.7277859536388,16544400
2023-09-14,330.94866943359375,333.0592103619418,328.8674109262189,331.38835303568044,20267000
2023-09-15,322.6627197265625,329.6783939916595,322.1057573596053,329.20939816193993,37679800
2023-09-18,321.529296875,322.8386267343985,318.8910757818205,320.2981230556272,16834200
2023-09-19,321.1286315917969,321.8517165023023,317.0833936077872,318.7054070395551,16505900
2023-09-20,313.4289855957031,322.04714204193704,313.1749561204339,321.96898600781554,21436500
2023-09-21,312.2173156738281,317.9041277757012,307.79098930609734,311.95350556074925,35560400
2023-09-22,309.75506591796875,314.09345652566765,308.9147319725734,313.96642687422224,21447900
2023-09-25,310.27288818359375,310.3999178157117,307.7910094721355,309.34461765593346,17836000
2023-09-26,304.9964904785156,308.6508886408052,302.92498298833925,307.9180528712019,26297600
2023-09-27,305.631591796875,307.10701412032984,302.6025314876758,305.1527855104158,19410100
2023-09-28,306.462158203125,308.26004502387354,302.36804670236813,303.87278132742597,19683600
2023-09-29,308.5238952636719,312.1587623008752,307.7715278533527,310.4781242122937,24147300
2023-10-02,314.4353332519531,314.52329976958754,307.96684210913077,309.04167367798914,20570000
2023-10-03,306.2178649902344,314.03477939534076,304.0877331522798,313.4875679533543,21033500
2023-10-04,311.66046142578125,312.7157618822206,306.81398140643597,306.8432936513831,20720100
2023-10-05,312.05126953125,312.6571055637684,307.6933472507753,311.78745935358154,16965600
2023-10-06,319.7705078125,321.6563316821838,309.06131118825493,309.30558981860264,25673600
2023-10-09,322.2718811035156,322.7408769349448,315.78382712320234,317.3179038998877,19891200
2023-10-10,320.8746337890625,323.5226056424412,320.17111018080624,323.38579530400693,20557100
2023-10-11,324.8123779296875,325.20321772099476,321.60744393030456,323.6300480505899,20063200
2023-10-12,323.58123779296875,325.99471177384464,321.1970760539996,323.0047438226922,19313100
2023-10-13,320.2297058105469,326.190079660526,318.8910340646987,324.7732817040409,21072400
2023-10-16,325.02734375,328.4472441018182,323.03402205271703,323.47370563502346,22158000
2023-10-17,324.4605712890625,325.82852534192716,319.91699576886526,322.0470977811233,18338500
2023-10-18,322.5552062988281,327.909803713785,320.78663169696983,324.88074324116036,23153600
2023-10-19,323.737548828125,329.1703024841639,323.33692834747904,324.5485406563444,25052100
2023-10-20,319.1939697265625,324.32382025517603,318.0018889823848,324.1283854502297,25027700
2023-10-23,321.7833557128906,325.11531975085603,316.9661883632888,318.0214589074995,24374700
2023-10-24,322.9656677246094,324.2456853865201,320.10272927891094,323.71803518553446,31153600
2023-10-25,332.8736267089844,338.27706897512115,329.89340944141463,337.12405114410626,55053800
2023-10-26,320.3860778808594,333.81162115649903,319.4578072066944,332.7465699625012,37828500
2023-10-27,322.26214599609375,329.0140110865285,320.88441090808146,322.8679522434815,29856500
2023-10-30,329.5904846191406,331.6815239306809,324.235886505314,325.77974409067264,22828100
2023-10-31,330.3721618652344,331.24180806391223,327.03044704898707,331.09524685603606,20265300
2023-11-01,338.1500244140625,339.4691349616439,331.8769361620282,332.01374650613616,28158800
2023-11-02,340.3485107421875,340.84681883225545,336.879736569886,339.29321044253436,24348100
2023-11-03,344.7259826660156,346.2796209573482,339.3811651738514,341.62854640879175,23637700
2023-11-06,348.3706359863281,349.35753118619317,345.2634189928444,345.36113640793855,23828300
2023-11-07,352.2790222167969,354.164845685057,349.44539667177366,351.17487827159056,25833900
2023-11-08,354.8879699707031,355.54261993465985,352.2985928972702,353.4027369651116,26767800
2023-11-09,352.4354553222656,356.4416310081341,352.1129908166349,354.00859546088725,24847300
2023-11-10,361.20989990234375,361.6300519453443,352.8067099465058,353.21708130319655,28042100
2023-11-13,358.28826904296875,360.0373120121586,357.52612107178936,359.7930334339709,19986500
2023-11-14,361.7961730957031,363.43774810881337,358.94301547087497,362.5192580985715,27683900
2023-11-15,361.9429931640625,365.3306622150657,359.436476024947,363.5193258281366,26860100
2023-11-16,368.3071594238281,368.48338982170065,362.4423444484434,363.2060393855787,27182300
2023-11-17,362.1192321777344,366.5447423144695,359.3287982048387,365.8006186204478,40157000
2023-11-20,369.55059814453125,370.95070053235196,363.24520725093254,363.46060991672704,52465100
2023-11-21,365.2720031738281,368.35615509696635,363.3627506177611,367.8176632886869,28423100
2023-11-22,369.9520263671875,371.85147806167527,367.1322205576516,370.0988850281661,23345300
2023-11-24,369.5408630371094,370.0695841976168,367.29875066400086,369.44294728446835,10176600
2023-11-27,370.69610595703125,372.68370265137486,368.33650717542696,368.9043706026068,22179200
2023-11-28,374.70068359375,374.994400937648,370.25557188472965,370.44160282909473,20453100
2023-11-29,370.93115234375,376.26721663239306,369.55062106548934,375.7385254123956,28963400
2023-11-30,370.98992919921875,372.145257364252,367.62183057461635,370.578695000301,30554400
2023-12-01,366.6818542480469,370.25555453657734,363.54872995472044,368.8848238631299,33040500
2023-12-04,361.42413330078125,361.79616532164505,355.31454343634607,361.3849610271203,32063300
2023-12-05,364.73345947265625,365.2817517868028,357.9776914107373,358.7903592232799,23065000
2023-12-06,361.0911865234375,366.35873644463544,360.3372921206186,365.73212951183393,21182100
2023-12-07,363.1962890625,363.68583789268007,358.66306211428184,360.5331422311326,23118900
2023-12-08,366.4076843261719,366.6328576380953,360.53309906732864,361.48282487936234,20154400
2023-12-11,363.5389099121094,363.8326571061726,358.44762055822775,360.7778775179064,27708800
2023-12-12,366.5545654296875,366.59373770012405,362.7164896784692,363.0983520859286,24838300
2023-12-13,366.5447692871094,369.7464376106383,363.0200118977458,368.16027437565873,30955500
2023-12-14,358.28118896484375,365.9475401487158,356.5188251808004,365.50693426286074,43277500
2023-12-15,362.9808349609375,364.6159110894826,358.6238390376856,359.1819317961551,78502300
2023-12-18,364.8607177734375,365.2034079122954,360.97369907312446,361.72762335454945,21802900
2023-12-19,365.4580078125,365.4580078125,362.1094806161989,363.7249858043668,20603700
2023-12-20,362.8731384277344,368.1700598934919,362.785023231556,367.161590586535,26316700
2023-12-21,365.73211669921875,366.5839268091088,362.3052751851502,364.77259031859234,17708000
2023-12-22,366.75042724609375,367.3378918803586,364.919519208394,365.8692452345427,17107500
2023-12-26,366.8287048339844,369.0610461329153,365.69294804965995,367.1615944273694,12673100
2023-12-27,366.25103759765625,367.2203346368523,365.0173650898164,365.8789757378514,14905400
2023-12-28,367.4357604980469,368.5910885400905,366.33917592392487,367.5238756999293,14327000
2023-12-29,368.17987060546875,369.2764551389083,365.67338313483896,368.140698335078,18730800
2024-01-02,363.1178894042969,368.04274869324354,359.1035836301592,366.045381402949,25258600
2024-01-03,362.85357666015625,365.45797986261033,360.8072662610182,361.2968150611858,23083500
2024-01-04,360.2491455078125,365.3012923191343,359.49525117073273,362.92209250603474,20901500
2024-01-05,360.06317138671875,364.28307999206555,358.8392992881915,361.25767175006894,21004600
2024-01-08,366.8580627441406,367.35741205524755,361.2967958412056,361.58071261682426,23134000
2024-01-09,367.9350891113281,368.1308907001316,363.4312342532303,364.2341014424794,20830000
2024-01-10,374.76922607421875,376.13998679528584,368.45406366512276,368.50300659957884,25514200
2024-01-11,376.5902404785156,382.5137678396749,372.4290764982865,377.931599145511,27850800
2024-01-12,380.35003662109375,380.55563874578314,376.6098767088899,377.4323150873344,21661200
2024-01-16,382.1124572753906,385.7938742722587,379.51785428757296,385.4316128958056,27202300
2024-01-17,381.32916259765625,381.9557695556543,376.7665639671979,379.87031666196907,22234100
2024-01-18,385.6372375488281,385.75472450159225,381.96562087648465,383.5321832992898,23392100
2024-01-19,390.33685302734375,390.33685302734375,385.2749052923237,387.48767542805655,29331100
2024-01-22,388.2220153808594,392.2460923450514,385.36303712070327,391.6586277842315,27016900
2024-01-23,390.56207275390625,391.03205041405533,385.6959559124731,387.47792092588605,20525900
2024-01-24,394.1455383300781,397.1513752160577,392.079656679383,393.14686950723774,24867000
2024-01-25,396.4072265625,398.5025096949156,394.11614184479663,395.8687348533506,21021200
2024-01-26,395.4868469238281,397.6800456471152,394.0182006704119,395.917652215205,17803300
2024-01-29,401.1558532714844,401.4104281984527,395.8785030835569,397.57235261817027,24510200
2024-01-30,400.0494689941406,404.41623575131524,397.9542157503529,403.64277019124665,33477600
2024-01-31,389.2696533203125,406.6388669659615,388.9073919493629,398.4535945955144,47871100
2024-02-01,395.3399963378906,399.4717890769623,393.401372487154,393.430744217634,30657700
2024-02-02,402.62451171875,404.0246140998081,395.12462060191353,395.36939499914837,28256700
2024-02-05,397.17095947265625,402.5657971362689,395.5456537728456,401.33212452419457,25352300
2024-02-06,397.0142822265625,399.4424550677267,394.4882235276778,397.39614463854895,18382600
2024-02-07,405.3953857421875,405.640160164174,398.88439209328425,398.9235643671154,22340500
2024-02-08,405.4541015625,406.8738050650789,403.90714046810643,405.3953580956046,21225300
2024-02-09,411.7594909667969,412.0238664464446,406.41362634312986,406.5702855474464,22032800
2024-02-12,406.5800476074219,411.94548291897434,406.0806983084005,411.76925253567924,21202900
2024-02-13,397.8269958496094,401.49861232810986,394.95824667886694,396.4758362047706,27824900
2024-02-14,401.672119140625,402.01544302317166,396.8460672009255,400.2792461565028,20401200
2024-02-15,398.79803466796875,401.3189759217452,396.5713838346197,400.34788638470263,21825500
2024-02-16,396.3457946777344,400.49504745207923,395.73763633762957,400.17133095818804,22296500
2024-02-20,395.10003662109375,396.76756266074034,390.4112964520626,395.5414273661721,24307900
2024-02-21,394.5016784667969,394.60959394201785,389.63638185870155,392.53007321174096,18518900
2024-02-22,403.7908630371094,404.9483275530714,400.76967888893086,402.3587454167674,27009900
2024-02-23,402.505859375,407.92046175721333,401.162019956702,407.73411674298126,16295900
2024-02-26,399.75933837890625,404.2911294979053,399.5827521513917,403.60448178020243,16193500
2024-02-27,399.7005310058594,400.524490398334,396.13982903252327,400.2007738907874,14835800
2024-02-28,399.9359130859375,401.48573495033145,397.58173927175767,400.38712249937714,13183100
2024-02-29,405.7428894042969,406.29219561123216,398.17027676875426,400.83834831741547,31947300
2024-03-01,407.5673828125,407.93031407980567,403.0355914321904,403.41813008815376,17823400
2024-03-04,406.9984436035156,409.38204334564557,404.4480762959748,405.54668869062186,17596000
2024-03-05,394.96270751953125,406.3412493979287,392.99110225962716,406.056777618859,26919200
2024-03-06,394.41339111328125,397.4247865981622,390.784048581795,395.27659515513125,22344100
2024-03-07,401.3288269042969,401.9565926355365,394.5605358436286,398.3664647487739,18718500
2024-03-08,398.46453857421875,402.58436507476455,396.61060766849016,400.171309298901,18002200
2024-03-11,396.79693603515625,397.93479302965693,393.5991959671877,396.05146623078247,16120800
2024-03-12,407.3515319824219,407.6360037253644,399.02363143663507,399.83777202306123,22457000
2024-03-13,407.1749572753906,410.19614104443707,403.5946487063615,410.11768156800736,17115900
2024-03-14,417.1017761230469,419.6521433696343,410.009799228429,412.21684262615895,34157300
2024-03-15,408.4698181152344,414.53182378938754,404.9091164524236,411.28501994441507,45079900
2024-03-18,409.3526306152344,412.69753127897746,405.8802070917239,406.34123515822085,20106000
2024-03-19,413.364501953125,413.61954764814055,407.61636469929994,409.8528340561438,19837900
2024-03-20,417.11163330078125,417.82767717758037,412.6288753346162,413.94328882066856,17860100
2024-03-21,421.1725769042969,422.5949058623587,419.0047780206844,421.62378632435974,21296200
2024-03-22,420.5545654296875,421.6531778067011,417.9355573407252,421.49625883993525,17648500
2024-03-25,414.78680419921875,419.24995422394994,413.5606690168653,417.1213703760103,18060500
2024-03-26,413.5999450683594,417.8570831519167,413.30568457627095,417.48433323864253,16725600
2024-03-27,413.3841552734375,416.3465173372015,411.0103740796991,416.3366986755512,16705000
2024-03-28,412.6877136230469,413.81575210575176,411.11825446083225,412.9231220201488,21871200
2024-04-01,416.4642028808594,419.720825298805,414.15906261710444,415.856044584665,16316000
2024-04-02,413.3939514160156,414.31600751259526,409.8626759328322,412.08932675524255,17912000
2024-04-03,412.4228820800781,415.17923184367993,411.0888313055727,411.7166269488562,16502300
2024-04-04,409.90191650390625,420.48592418548293,409.5978373618215,416.8761593197056,19370900
2024-04-05,417.3960266113281,418.36714603884514,410.33350586860576,411.99124304246095,16554800
2024-04-08,416.48382568359375,419.12247124179834,415.21844567326013,417.0527692258899,14272400
2024-04-09,418.1415100097656,419.5736274756939,413.5704746022745,418.2984589003378,12496900
2024-04-10,415.1792297363281,415.93451830181,411.68719880938414,414.1296507389469,16216600
2024-04-11,419.7600402832031,421.1725504908495,414.2963744060529,417.69033834286756,17966400
2024-04-12,413.84515380859375,417.06253143112855,411.75581460240056,415.95410040174403,19253800
2024-04-15,405.7428894042969,418.6712525249299,405.5368771254888,418.4554515197094,20273500
2024-04-16,406.6649475097656,410.4120243786573,405.83119940750504,406.65515878258486,16765600
2024-04-17,403.97723388671875,410.8828360715611,402.4960529094379,409.2839508985917,15855500
2024-04-18,396.5517883300781,404.0263347339794,396.23792042411,402.7903806947221,21029900
2024-04-19,391.5001220703125,397.73871452270663,390.1758898574742,396.31638549133476,30565800
2024-04-22,393.3049621582031,395.1588931129713,388.1944385754191,392.44175811164087,20286900
2024-04-23,399.78875732421875,400.4067342721825,395.3648518176367,396.5223162949651,15734500
2024-04-24,401.2503356933594,404.595236495939,399.0138660286807,401.74078982977966,15065300
2024-04-25,391.42169189453125,392.2554700120989,380.62188095339076,386.50733128688233,40586500
2024-04-26,398.5626525878906,405.1151126000372,398.0133463554319,404.30097191316094,29694700
2024-04-29,394.5703125,398.562615947593,391.56873588609426,397.5130370183344,19582100
2024-04-30,381.89697265625,394.4820415046003,381.74005368851095,393.82481984555585,28781400
2024-05-01,387.39990234375,394.05045900742965,382.85829240714,385.11436938308555,23562500
2024-05-02,390.2445373535156,392.2946320183516,387.1154376190438,390.067981051651,17709400
2024-05-03,398.8961181640625,399.37675358596374,394.18774100881984,394.5997356096934,17446700
2024-05-06,405.6448059082031,406.02734455936377,398.61168058742396,400.9560656726651,16996600
2024-05-07,401.52496337890625,406.75322090554647,401.27973632622934,406.74340224425765,20018200
2024-05-08,402.70208740234375,404.3598247646084,398.9451919846881,400.37733960441915,11792300
2024-05-09,404.4480895996094,404.84044690561177,401.28956389363333,402.73150019277335,14689700
2024-05-10,406.82183837890625,407.4496339664975,403.93796601015913,405.0562156749531,13402300
2024-05-13,405.8213195800781,410.36292908810583,402.9766919421273,410.0294239104783,15440200
2024-05-14,408.6070861816406,409.51932355356394,403.6927268958918,404.1537549120692,15109300
2024-05-15,415.7511901855469,416.46855556809163,410.0418362179186,410.66092785109674,22239500
2024-05-16,413.6973876953125,418.05067177577746,413.0684896947791,414.49335406459187,17530100
2024-05-17,412.93096923828125,415.59404727683767,410.78873914654645,415.22062496950105,15352200
2024-05-20,417.9720458984375,419.37726753163014,412.7147152549324,412.9309055053418,16272100
2024-05-21,421.60797119140625,425.46988664412265,417.49054998726376,419.43623228216074,21453300
2024-05-22,423.0622863769531,424.91956115828395,419.7310254046841,422.6397422694005,18073700
2024-05-23,419.603271484375,426.0889486573305,418.05065430726955,425.4698570651074,17211700
2024-05-24,422.7085876464844,423.59299146281916,417.0581916118114,419.7900340603218,11855300
2024-05-28,422.8657531738281,423.3570918822038,419.2101919839553,422.1877033571548,15718000
2024-05-29,421.7357177734375,423.4750461602697,418.3159892619867,418.3159892619867,15517100
2024-05-30,407.48687744140625,416.95003623481153,407.0643033400361,416.95003623481153,28394500
2024-05-31,407.9388732910156,409.5308058785648,397.5028441158069,409.5308058785648,47995300
2024-06-03,406.3567810058594,409.21637607324783,401.83648858598,408.3319723384426,17484700
2024-06-04,408.8626403808594,409.22622626275023,402.58331667273,405.2856798357907,14348900
2024-06-05,416.66510009765625,416.7338647316788,409.0886349128657,410.57248754759564,16988000
2024-06-06,417.166259765625,417.9425834215114,413.2945078470223,416.6651146111646,14861300
2024-06-07,416.5078430175781,418.8957420228007,415.67256118761725,418.81714102196315,13621700
2024-06-10,420.4582214355469,420.66457531575907,416.5471841383872,417.34315052242914,13982900
2024-06-11,425.1849060058594,425.3224952545953,417.88361916349896,418.1096457911631,14551100
2024-06-12,433.41973876953125,435.71920053687387,425.7450298401941,427.7791794767063,22366200
2024-06-13,433.9307556152344,435.7094296372952,431.7590465451533,433.2134201697404,15960600
2024-06-14,434.903564453125,435.4636977946633,429.15489539650804,430.68786981308114,13582000
2024-06-17,440.6031188964844,443.1286073434569,433.0856417971322,434.92324397820295,20790000
2024-06-18,438.6082763671875,442.34246889984814,437.18341197055486,441.9198947788086,17112500
2024-06-20,437.9793701171875,438.79497924029823,433.6260860366594,438.5689526211533,19877400
2024-06-21,441.98870849609375,442.77483854275334,438.7753636944757,439.63028836717615,34187100
2024-06-24,439.9152526855469,444.9072412251996,438.677069430459,442.00833058442447,15913700
2024-06-25,443.13848876953125,443.6003484546943,439.0112307323745,440.485247175796,16413400
2024-06-26,444.32745361328125,445.7425115856911,440.42622281234816,441.2221891732116,16507000
2024-06-27,445.0054931640625,448.267989524247,443.9441847148766,444.3470860716105,14806300
2024-06-28,439.20770263671875,447.49166642517747,438.6770484115445,445.22168389223947,28362300
2024-07-01,448.81829833984375,449.447196335744,437.94005138791704,440.88808384173325,17662800
2024-07-02,451.32415771484375,451.62878536550966,445.26102385148636,445.3494912239479,13979800
2024-07-03,452.788330078125,453.0339994689676,449.9484075142332,450.2530351597629,9932800
2024-07-05,459.460693359375,460.2370169877969,451.01949716215944,451.6483951731934,16000300
2024-07-08,458.1635437011719,459.598274429734,456.4143789671548,458.46817132419625,12962300
2024-07-09,451.5796203613281,459.23465638604694,450.06628863582495,458.91038601076474,17207200
2024-07-10,458.1733703613281,458.37972423311413,450.91136946375343,453.2305038870679,18196100
2024-07-11,446.8234558105469,456.72883147324404,443.7279978013262,454.96002402992053,23111200
2024-07-12,445.6933898925781,448.4547114032981,442.8436310012122,446.45987718044813,16324300
2024-07-15,446.0963134765625,449.3391675395858,443.61014035604813,445.44774266395785,14429400
2024-07-16,441.73321533203125,446.4304129687703,438.9227718455909,446.3518119574386,17175700
2024-07-17,435.83709716796875,437.1440749862863,431.5722805813875,434.92321432561624,21778000
2024-07-18,432.7416687011719,436.94752703468305,426.8750830594602,436.6428994208888,20794800
2024-07-19,429.5381774902344,433.49839687991425,424.5167095108502,425.59766083378145,20940400
2024-07-22,435.2671813964844,436.898429671943,431.306992206013,434.1371082507153,15808800
2024-07-23,437.1440734863281,440.6227600869156,435.4243879336588,436.21051790501895,13107100
2024-07-24,421.47039794921875,433.83249840274334,420.18309274942834,432.82034171919196,26805800
2024-07-25,411.1522521972656,422.3547694868196,410.2776848331151,421.37209200547386,29943800
2024-07-26,417.9032287597656,421.49002544679837,410.04180915234855,410.95572197330205,23583800
2024-07-29,419.3379821777344,424.66407745687695,417.34314804369717,424.10394408211863,15125800
2024-07-30,415.593994140625,421.6177822082065,410.13027948455533,420.31083428857175,32687600
2024-07-31,411.10308837890625,414.47366459871824,405.06943486429435,413.2158387504739,42891400
2024-08-01,409.8846130371094,420.05533154219523,405.9342601346404,413.50088916463085,30296400
2024-08-02,401.4139404296875,407.8111808388244,397.335834619087,405.34465060644726,29437900
2024-08-05,388.3050231933594,394.09300828762184,378.90079195613237,382.4286307082766,40709200
2024-08-06,392.6877746582031,398.64282840268,391.59701693545804,393.07103331037194,24946500
2024-08-07,391.5281982421875,402.97638538590667,390.58483621712907,401.5613573427881,20650900
2024-08-08,395.71435546875,398.82942596102515,393.0119926811429,395.46868612442205,20203000
2024-08-09,398.9866943359375,400.9815283942931,395.2918474526737,397.03117577316215,19276700
2024-08-12,399.7630920410156,401.67932545238415,397.2376032854209,400.0087614532966,16762900
2024-08-13,406.8382873535156,407.7620065253935,402.47519721922214,402.49483997156227,19414300
2024-08-14,409.6389465332031,410.48406481515934,405.3053649551057,407.61463319199424,18267000
2024-08-15,414.48248291015625,414.56122559635025,411.1648952142278,413.2716000535945,20752100
2024-08-16,411.9622497558594,414.787612725286,410.8104315549657,414.05913029915934,22775600
2024-08-19,414.9746398925781,415.19121979816396,409.98347800679744,412.44459964164133,15234000
2024-08-20,418.1938171386719,419.2373304106215,415.08298552534507,415.14205004692775,16387600
2024-08-21,417.5440673828125,419.7689009161739,415.1616884163413,417.48497282390196,16067300
2024-08-22,409.0876159667969,420.1528389914807,408.1622318516386,417.7606059891525,19361900
2024-08-23,410.3083190917969,412.7399082092029,405.68139889495615,410.4953667195193,18493800
2024-08-26,407.05963134765625,410.7906998560521,404.94307292164314,409.8948480483377,13152800
2024-08-27,407.4042663574219,407.9161688910183,403.8700989564779,406.43949576869113,13492900
2024-08-28,404.21466064453125,408.54622911327857,400.975815861933,408.42810007077503,14882700
2024-08-29,406.6954345703125,415.48655408743093,404.2146347079457,408.4871383812944,17045200
2024-08-30,410.6529541015625,410.9974871196902,405.72085639315753,409.1368946584357,24308300
2024-09-03,403.0726623535156,413.3503087826454,400.7001374742272,411.41094371784055,20313600
2024-09-04,402.5410461425781,404.8446523736478,398.0814949690352,399.59755429893164,15135800
2024-09-05,402.0389709472656,406.6757153578755,399.81410753750566,401.2809263113811,14195500
2024-09-06,395.4530334472656,404.26383081056673,394.5670056307313,402.6985610672717,19609500
2024-09-09,399.4105224609375,402.2949499033103,395.89603343829765,400.9068736495872,15295100
2024-09-10,407.7586669921875,409.85551750473985,401.3597503882825,401.8519747424291,19594300
2024-09-11,416.4611511230469,417.3963592828998,403.21045111442425,409.03840014283475,19266900
2024-09-12,420.359619140625,420.7238603737511,413.22236565404535,416.7270008247058,17395700
2024-09-13,423.89373779296875,425.1144444971336,418.84351144501346,419.2077526362247,15874600
2024-09-16,424.6321105957031,426.7880557127787,421.5606353721957,423.90362815097126,13834700
2024-09-17,428.38287353515625,434.9786922694464,425.54765628869114,433.3838900790578,18874200
2024-09-18,424.1103515625,429.2491750935579,423.71657808226,428.2351941115192,18898000
2024-09-19,431.8677978515625,434.63409626466625,430.1056262859268,434.36830593406904,21706600
2024-09-20,428.5009765625,432.4092391189892,427.4673174405253,430.42066355244185,55167100
2024-09-23,426.76837158203125,429.67247726227924,423.6968964015023,427.52638627626743,15128900
2024-09-24,422.495849609375,426.61083784634445,419.4735849772464,426.2662748026867,17015800
2024-09-25,425.39013671875,426.3844395741606,421.90520976014716,423.14559476109406,13396400
2024-09-26,424.6025390625,428.53047950890726,422.45644824495844,428.3237537072511,14492000
2024-09-27,421.3636779785156,425.134132931837,420.8222432669672,424.80924807051827,14896100
2024-09-30,423.6082763671875,423.7264354508624,418.75495134014767,421.55078212730024,16807300
2024-10-01,414.147705078125,421.81656847562806,412.2969368087723,421.78703621784,19092900
2024-10-02,410.64306640625,416.2445815766932,410.22958475813624,416.0082934736332,16582300
2024-10-03,410.0622863769531,413.0254566537122,407.84727671300476,411.1353318978847,13686400
2024-10-04,409.5897216796875,413.2223397680441,408.51667620718774,411.73581262468696,19169700
2024-10-07,403.17108154296875,410.62333449191044,402.63947089552033,409.5306109841967,20919800
2024-10-08,408.26068115234375,409.19591936395466,401.82240877121177,404.50993429186275,19229300
2024-10-09,410.96795654296875,413.8425600403991,407.857094965171,409.3928325735408,14974300
2024-10-10,409.3731689453125,410.8596961873674,406.7249993762307,408.7726696220669,13848400
2024-10-11,409.84564208984375,410.64304304020095,406.823377723781,409.6684485548725,14144900
2024-10-14,412.621826171875,417.4456186019399,411.02699410502277,411.27310627026066,16653100
2024-10-15,412.22802734375,415.9098858066577,408.80216519233556,415.61453317923247,18900200
2024-10-16,409.64874267578125,409.8850007237477,404.09646824766287,408.71353454058965,15508900
2024-10-17,410.2393798828125,415.9294910077794,409.1269482715829,415.79165379722735,14820000
2024-10-18,411.65704345703125,413.1238623045801,409.7865970653071,410.6529166681237,17145300
2024-10-21,412.26739501953125,412.4445885621628,407.3156196249642,409.64875806524304,14206100
2024-10-22,420.8616943359375,423.88392916296095,411.53896348036403,411.9819473916582,25482200
2024-10-23,417.9969482421875,424.3761569602065,415.95913210482394,424.15957703194096,19654400
2024-10-24,418.1249084472656,419.35546932603506,415.83112614516494,418.7155536346828,13581600
2024-10-25,421.4916687011719,425.79370434385993,419.9362531076575,420.1233007480341,16899100
2024-10-28,419.95599365234375,425.222800536086,419.67049509941035,424.9471560845272,14882400
2024-10-29,425.23260498046875,426.43363353122214,419.17822176857095,421.3440208086144,17644100
2024-10-30,425.8035583496094,431.68071778433335,425.38025265537163,430.63720465561414,29749100
2024-10-31,400.0307312011719,409.6881704469,399.9814907408766,408.9005934690843,53971000
2024-11-01,403.9881896972656,409.0384161036912,401.162826864631,402.64935394725995,24230400
2024-11-04,402.1079406738281,404.0374819155361,399.2628993191041,403.4270984352044,19672300
2024-11-05,405.0612487792969,408.4477546696806,401.73380740675793,402.019305938334,17626000
2024-11-06,413.6456298828125,413.91145024796907,404.1358522419557,406.00632872643234,26681800
2024-11-07,418.8139953613281,420.2119257079772,413.35031719618456,414.7285393416903,19901800
2024-11-08,415.9689636230469,419.8673720771894,415.2207729945687,418.7057298172818,16891400
2024-11-11,411.5094299316406,418.20366938728347,409.5306783384117,415.94927334689254,24503300
2024-11-12,416.45135498046875,417.8394313280264,410.7120319666306,411.7456911405818,19401200
2024-11-13,418.58758544921875,422.65333320998997,411.70626883397995,415.0829505962656,21502200
2024-11-14,420.2513122558594,421.51140536702854,413.4684464166278,418.39068982634956,30246900
2024-11-15,408.54620361328125,416.2248913266483,407.2073678244848,413.2912534776132,28247600
2024-11-18,409.29443359375,411.8933627455597,405.6913474607701,408.41825976061074,24727000
2024-11-19,411.2928161621094,411.4404774532615,405.149836063281,406.6855735772408,18133500
2024-11-20,409.0285949707031,410.8006207181085,404.19494808048387,410.38713903081657,19191700
2024-11-21,407.26287841796875,414.0790385036892,404.71793020151534,413.80284233986384,20780200
2024-11-22,411.3368225097656,411.73138418459337,405.4774898240383,405.7832773797643,24814600
2024-11-25,413.1025085449219,415.36138685697927,409.21601445717323,412.698073057269,27691100
2024-11-26,422.1775207519531,423.21327891734404,413.16166540924917,413.8916059444426,23458900
2024-11-27,417.24542236328125,421.427859986681,416.2885945934304,419.33662612341953,18332400
2024-11-29,417.7090148925781,419.1097432305611,412.1258792913512,414.384787411828,16271900
2024-12-02,425.126953125,427.1195090506518,415.58826631722377,415.84474493949193,20207200
2024-12-03,425.3439636230469,426.5967051479557,421.93093157664276,424.00241788094525,18302000
2024-12-04,431.4794921875,433.698935348809,426.754535872994,427.1490975254907,26009400
2024-12-05,436.60888671875,438.62119043191433,430.2465005729482,431.9727342727058,21697800
2024-12-06,437.54595947265625,440.04159877439776,435.7703869006791,436.2931878578621,18821000
2024-12-09,439.962646484375,442.2412722506749,434.5176237615362,436.5891099408423,19144400
2024-12-10,437.3091735839844,443.5137582543868,435.60268777878343,438.35480554213524,18469500
2024-12-11,442.8923645019531,444.23391032066826,438.0194510528632,438.0194510528632,19200200
2024-12-12,443.45458984375,449.96496224230685,443.0106891858234,443.0106891858234,20834800
2024-12-13,441.19573974609375,445.2992475559922,439.5286887575998,442.34986354702323,20177800
2024-12-16,445.4570007324219,446.0389843929351,439.2326985780913,441.1956629672055,23598800
2024-12-17,448.28802490234375,449.1067696297947,443.46445105856475,444.88489699979203,22733500
2024-12-18,431.44989013671875,446.50262602359174,431.08488976149135,445.19070178831043,24444500
2024-12-19,431.09478759765625,437.1612597390131,430.39443838506674,435.6224481744677,22963700
2024-12-20,430.6706237792969,437.7136411325363,422.80886164173944,427.22800034083093,64263700
2024-12-23,429.3389892578125,431.70638949616176,426.9518413679703,430.80874434392524,19152500
2024-12-24,433.363525390625,433.6298778354008,428.2933464556966,428.74709084992185,7164500
2024-12-26,432.1600646972656,434.95164765481866,430.7001836707867,433.11689244443306,8194200
2024-12-27,424.6830749511719,429.3093836032803,420.5598497453618,428.6978084898888,18117700
2024-12-30,419.0604553222656,421.7435167493127,416.17025429217676,420.27376177490316,13158700
2024-12-31,415.7757263183594,420.93470998738326,414.9471377359365,420.31326102478425,13246500
2025-01-02,412.89532470703125,420.2836247921959,409.21600045312425,419.7509500092328,16896500
2025-01-03,417.6005554199219,418.2713132207811,413.8423008464514,415.36136467137544,16662900
2025-01-06,422.03948974609375,428.42162361284306,419.7016808979234,422.1874466156374,20573600
2025-01-07,416.6338806152344,424.801430542522,415.0851952170159,423.1738448521772,18139100
2025-01-08,418.79412841796875,421.171402275518,415.81515330470927,417.70906128958796,15054600
2025-01-10,413.26031494140625,418.94206877538755,409.3836648034606,418.86316848876044,20201100
2025-01-13,411.524169921875,412.8163764818241,406.69072254999986,409.6006407142239,17604800
2025-01-14,410.0248718261719,414.03957499111027,405.14208486737954,412.1357932076061,16935900
2025-01-15,420.5203552246094,422.3353628905166,412.58953664498,413.43787278736687,19637800
2025-01-16,418.8138427734375,423.6571645662551,418.6264508238549,422.8779150872359,15300000
2025-01-17,423.20343017578125,428.57942688248704,422.3551241092644,428.1947089431654,26197500
2025-01-21,422.6806335449219,425.0480336398343,419.82002384260585,424.3575582513444,26085700
2025-01-22,440.1402282714844,441.1956738632283,430.07874109453735,431.6175525305707,27803800
2025-01-23,440.643310546875,440.68277574358376,435.50407496539947,435.9972845633218,18389300
2025-01-24,438.029296875,440.5841189283991,435.40541825453283,439.1143639891968,15549500
2025-01-27,428.6583251953125,429.28964793288844,417.74853125025015,418.2516146753107,35647800
2025-01-28,441.1266784667969,442.29064589853647,425.52151949148305,428.69779052094407,23491700
2025-01-29,436.3227844238281,440.81100977301065,434.41900262341227,440.6235877197962,23581400
2025-01-30,409.3540954589844,417.1172097708342,407.54896156269734,413.0827588425547,54586300
2025-01-31,409.4231872558594,414.97673266362114,409.2752303832896,413.28996411007114,34161900
2025-02-03,405.33941650390625,409.7684293585694,403.11009933813943,406.0101743775102,25679100
2025-02-04,406.76971435546875,408.2986823038951,404.1754268282418,407.08537575034575,20532100
2025-02-05,407.67724609375,408.2098908482498,404.8264798311111,406.7500095317457,16316700
2025-02-06,410.1728210449219,412.5205034548323,408.37753095462284,408.37753095462284,16309800
2025-02-07,404.18524169921875,412.96436600470287,402.5576561425311,410.8238533335017,22886800
2025-02-10,406.6217346191406,409.81772327895646,405.3394016663598,408.0914896331453,20817900
2025-02-11,405.8523254394531,406.88805357704496,403.741373863551,404.07678288840276,18140600
2025-02-12,403.48492431640625,405.17169274595005,398.8783333348811,401.67976029438313,19121700
2025-02-13,404.9645690917969,405.4183135199023,400.84131373042015,401.472636502677,23891700
2025-02-14,402.8832092285156,403.35670130819824,400.3678521686821,402.25191655873215,22758500
2025-02-18,404.0767517089844,405.0237056562673,400.9793811541372,402.4590098668831,21423100
2025-02-19,409.1370849609375,409.8473079963777,402.11378500109834,402.34067225656025,24114200
2025-02-20,411.30169677734375,414.4447923675228,407.75335474991726,410.47144681938056,23508700
2025-02-21,403.47357177734375,413.1993956224997,403.15730762956775,412.4976421272199,27524800
2025-02-24,399.31243896484375,404.62012670611466,394.6867476536957,403.77011965609864,26443700
2025-02-25,393.2831726074219,397.2565479767241,392.0971142682963,396.4460551720573,29387400
2025-02-26,395.09197998046875,398.9170718958632,389.6755530638089,393.3919357776839,19619000
2025-02-27,387.97552490234375,401.03224256641477,387.6197164134029,396.61410618114576,21127400
2025-02-28,392.38372802734375,393.01631660620876,382.0846478468725,388.10398215130573,32845700
2025-03-03,383.9823913574219,394.1925506012372,381.6794393165997,394.1925506012372,23007700
2025-03-04,384.1009826660156,388.0249203607145,376.5792952112664,378.9514422192701,29342900
2025-03-05,396.3669738769531,397.0094560898268,384.2986543499986,384.822503579622,23433100
2025-03-06,392.2849426269531,397.4838909032578,388.12376908504734,389.70521049036057,23304600
2025-03-07,388.7464904785156,390.21919261692045,381.06665528777256,387.76798692760104,22034100
2025-03-10,375.7489929199219,381.9165803142037,372.8431034368126,381.3630804282287,32840100
2025-03-11,376.0357360839844,381.5213286139445,372.53680146387217,374.6025480432253,30380200
2025-03-12,378.8229064941406,380.75029270527517,374.55305438782165,378.5066423790862,24253600
2025-03-13,374.37518310546875,380.8492026304598,373.0705217726956,378.7142611357114,20473000
2025-03-14,384.0515441894531,385.7021804869834,375.10656321193693,375.3734195488383,19952800
2025-03-17,384.18994140625,388.1533930243756,381.09625384575537,382.2131473268013,22474300
2025-03-18,379.0700378417969,382.87537263830677,376.67813379609476,382.57886557924786,19486900
2025-03-19,383.3201904296875,385.1585946525035,379.5445060727477,381.0567525075918,19185500
2025-03-20,382.3515319824219,387.24410971121733,378.8328407062668,381.2642891356356,18470500
2025-03-21,386.7202453613281,387.194656647968,378.3583844724842,378.77352451177876,39675900
2025-03-24,388.5191345214844,390.81222312553433,385.28708673252123,390.81222312553433,21004500
2025-03-25,390.57501220703125,391.7610706609813,388.0842623065983,389.34940942223693,15775000
2025-03-26,385.4451904296875,390.7232269425197,384.061440622416,390.4168262767483,16108400
2025-03-27,386.0481262207031,387.6888690270636,382.9050306805178,385.60336562359333,13766800
2025-03-28,374.40478515625,384.6149434292676,372.55648752516225,383.5771084434194,21632000
2025-03-31,371.034423828125,372.694923815259,362.9789628551185,368.2174858935481,35184700
2025-04-01,377.7554626464844,378.4078083047587,368.8994337189865,370.302940607575,19689500
2025-04-02,377.70611572265625,380.61197570359644,372.25014394283687,373.5844861787052,16092600
2025-04-03,368.7808532714844,373.1001742376296,365.06450042697054,370.4413834397649,30198000
2025-04-04,355.66485595703125,370.2437151131995,355.3090474323727,359.90508852348376,49209900
2025-04-07,353.707763671875,366.6953157485582,340.7894367933375,346.8087713756296,50425000
2025-04-08,350.446044921875,369.3145404099518,346.1860561796805,363.98709615832223,35868900
2025-04-09,385.9591369628906,388.6673652686905,349.0029886182402,349.43788571366844,50199700
2025-04-10,376.9252624511719,379.4456631401157,363.5324628545339,377.627015987976,38024400
2025-04-11,383.94287109375,385.52428234575257,374.4937970946495,376.2234920445777,23839200
2025-04-14,383.3102722167969,390.0709046779098,379.75203666792555,388.6575040815548,19251200
2025-04-15,381.25439453125,387.342923812398,379.7026039659422,384.00213704858294,17199900
2025-04-16,367.2982482910156,377.18221973337427,363.730149078798,376.25315416820064,21967800
2025-04-17,363.5127258300781,369.97685204957713,362.633067995427,369.4134583988685,21120200
2025-04-21,354.9531555175781,360.25097956592975,351.54320368031085,358.6102367890087,20807300
2025-04-22,362.5638122558594,363.5027713530303,355.6845470865514,359.1637239988867,19485000
2025-04-23,370.0459899902344,375.9763723537339,368.69186067990836,371.6965961898571,20545500
2025-04-24,382.8061828613281,383.9428636514652,370.8367085183124,371.3408006891215,22232300
2025-04-25,387.30340576171875,387.60980644654984,380.1375268589871,382.5096738423667,18973200
2025-04-28,386.6213684082031,388.1830223731202,382.15382489328533,387.41207393108834,16579400
2025-04-29,389.4679870605469,390.51568553400665,385.85045019118235,386.75975859738145,14974000
2025-04-30,390.67388916015625,392.0576392153778,379.9794241557142,385.77141730238736,36461100
2025-05-01,420.4641418457031,431.9196612018972,419.96994327038766,426.10788113002934,58938100
2025-05-02,430.2294921875,434.3412277785372,425.0008630376841,426.7305579775838,30757400
2025-05-05,431.1091613769531,434.40051033348516,427.0962415401901,427.84743296236513,20136100
2025-05-06,428.2823486328125,432.65107712392626,426.1671945058241,427.18524232094876,15104200
2025-05-07,428.3218688964844,433.0365119798482,426.10783898687293,428.8061738000786,23295300
2025-05-08,433.0859680175781,438.5221520354275,430.60508165893515,432.8487322038109,23491300
2025-05-09,433.63946533203125,435.6261229679929,430.8225275981773,434.89471877509555,15324200
2025-05-12,444.0472717285156,444.15598092637396,434.6772567640601,440.7657862582039,22821900
2025-05-13,443.9287109375,445.4409573721911,440.19254074927665,442.5844751269483,23618800
2025-05-14,447.6845703125,448.6334230518337,442.940276452347,442.940276452347,19902800
2025-05-15,448.6946105957031,451.7246558325709,446.0210270484144,446.3576953837484,21992300
2025-05-16,449.82342529296875,449.91254071320964,444.3376746324017,447.6251542704443,23849800
2025-05-19,454.37841796875,455.0913715701619,446.3874026485213,446.46663650360125,21336500
2025-05-20,453.6852722167969,453.8535912700005,449.87295142774695,451.13050930908776,15441800
2025-05-21,448.14007568359375,453.29906971148773,447.3875051898017,450.12049890400635,19216900
2025-05-22,450.40765380859375,455.74490907390424,449.4570590917957,450.4967994491365,18025600
2025-05-23,445.7734680175781,449.2491205375805,444.51591011589574,445.5754438212613,16883500
2025-05-27,456.18060302734375,456.4380677238799,451.65532857824905,452.0118204825961,20974300
2025-05-28,452.8831481933594,457.9926435100278,452.457364471685,456.7053805592909,17086300
2025-05-29,454.1902770996094,457.2005290082406,450.8532686393741,457.0321797296883,13974800
2025-05-30,455.8537902832031,457.16087682654637,451.08099341488645,455.2200705832806,34770500
2025-06-02,457.44805908203125,457.58667299374565,452.41779739511384,452.66535029783114,16626500
2025-06-03,458.43829345703125,459.5968543955761,456.3489311405408,456.9529759669727,15743800
2025-06-04,459.3294677734375,461.1316602074749,458.48778183720145,459.4582001214203,14162700
2025-06-05,463.1022033691406,465.0529216385449,459.4879366863286,460.4088263203011,20131700
2025-06-06,465.7757568359375,468.7067748339504,464.19141216551986,465.4885869985769,15285600
2025-06-09,468.1225891113281,468.7959258262165,464.03300988597726,465.1024554626714,16469900
2025-06-10,466.31048583984375,468.172058367284,462.38922592870773,466.57783210788693,15375900
2025-06-11,467.9938659667969,470.81597545897466,465.0628476886827,465.4193094086897,16399200
2025-06-12,474.1826477050781,475.7174938929388,468.88500933710617,470.37032681118086,18950600
2025-06-13,470.3109436035156,474.48963821321644,468.1324959807857,471.7467626653197,16814500
2025-06-16,474.45001220703125,475.98482813726486,470.3505215770748,470.5584575569121,15626100
2025-06-17,473.3608093261719,474.0539393845567,469.4395492382731,470.74663593423935,15414100
2025-06-18,475.5391845703125,476.2917550175058,469.8157630264656,473.321120370827,17526500
2025-06-20,472.7270202636719,478.7277002496467,472.2022093150259,477.5097592999014,37576200
2025-06-23,481.2428283691406,482.97569863590195,467.8848838113984,473.5290716918197,24864000
2025-06-24,485.3126220703125,487.0356109071577,482.0350238939456,484.1640031375646,22305600
2025-06-25,487.45147705078125,489.71907018583636,484.59969288856837,487.2237477118272,17495100
2025-06-26,492.580810546875,493.1650318097281,487.98621386300664,488.15456314430565,21578900
2025-06-27,491.0855712890625,494.4126679494895,488.2040517426954,492.6797975508017,34539200
2025-06-30,492.5411376953125,495.8583524786177,490.48148071954876,492.17476425163517,28369000
2025-07-01,487.2336120605469,493.1748817381986,486.1741086010328,491.61036068604886,19945400
2025-07-02,486.28302001953125,488.66943364597034,483.9164299655294,485.1937811955959,16319600
2025-07-03,493.9571533203125,495.2345347518064,488.6100166980764,488.9763901568408,13984800
2025-07-07,492.84814453125,493.86806132382594,490.38252718836065,492.51147619590915,13981600
2025-07-08,491.7589111328125,493.3234624825612,489.27347018920887,492.37283752871576,11846600
2025-07-09,498.58148193359375,501.8194631786975,494.8483646402868,495.40288075164045,18659500
2025-07-10,496.57135009765625,499.502368126141,492.8778497571002,498.12595942487985,16492100
2025-07-11,498.393310546875,500.0865639242522,492.9273231662245,493.5907782355643,16459500
2025-07-14,498.0962829589844,499.0369961700355,496.1257713282032,496.6109653955542,12058800
2025-07-15,500.86883544921875,503.3245408608939,497.8684955298327,498.09622485625505,14927200
2025-07-16,500.67083740234375,501.760076321519,496.97736708309617,500.23514183467364,15154400
2025-07-17,506.6912841796875,508.3449206172861,500.67078077223215,500.730191050298,17503100
2025-07-18,505.05743408203125,509.6025320949179,502.4630844244223,509.4440643876484,21209700
2025-07-21,505.0672912597656,507.0774496784972,500.60142758337014,501.75007658599196,14066800
2025-07-22,500.3241882324219,506.19616579872985,500.3241882324219,505.96840625923335,13868600
2025-07-23,500.9183349609375,501.8293429250601,495.79895793496456,501.78972599996087,16396600
2025-07-24,505.8793029785156,508.6419715627398,502.33432855643633,503.7899408054956,16107000
2025-07-25,508.6816101074219,513.2167356071609,505.36436506751977,507.4536969863606,19125700
2025-07-28,507.48345947265625,509.9589885432546,505.12675096242896,509.0480107678364,14308000
2025-07-29,507.55279541015625,512.5533521818816,506.5526719682665,510.4838436674275,16469200
2025-07-30,508.2162170410156,510.89971236727115,504.4534248625209,510.12731827097724,26380400
2025-07-31,528.2779541015625,550.0131135040644,526.6936395202101,549.7952354974353,51617300
2025-08-01,518.9797973632812,530.5553736121248,515.7616096000787,529.7632164041114,28977600
2025-08-04,530.3969116210938,532.9813491761439,522.9604134562841,523.0990575737549,25349000
2025-08-05,522.5841674804688,532.0406760929504,522.0791498987046,531.9218555369729,19171600
2025-08-06,519.8016967773438,526.4955370830186,518.9006307843745,525.70337986457,21355700
2025-08-07,515.7418212890625,522.9208551796034,512.483986539974,521.6434435727333,16079100
2025-08-08,516.9300537109375,519.524403327164,514.3257923084495,517.4845698020915,15531000
2025-08-11,516.6627197265625,522.4257584225397,514.6327376205326,517.1875004407061,20194400
2025-08-12,524.0595703125,525.7825288027884,517.5836082950698,518.6233183732385,18667000
2025-08-13,515.4844360351562,527.4857972911225,514.2862580919234,526.901545781552,19619200
2025-08-14,517.36572265625,520.8017882377586,515.0486614235291,517.4449565045493,20269100
2025-08-15,515.078369140625,520.9503168823401,513.9990723038397,517.6529556536844,25213300
2025-08-18,512.0384521484375,517.7024945692299,508.98864359035275,516.4845535034275,23760600
2025-08-19,504.7801818847656,510.11740696385556,503.5721224631474,509.9589996924715,21481000
2025-08-20,500.76983642578125,505.9981527246316,499.5023667236012,504.87920872605446,27723000
2025-08-21,500.1251220703125,503.48747238505433,498.6175369804135,499.57962247206007,18443300
2025-08-22,503.09075927734375,506.5621975190336,498.3100856343386,500.13506667774504,24324200
2025-08-25,500.1449890136719,504.04291093011733,500.00611695670057,502.4956437530773,21638600
2025-08-26,497.94305419921875,500.85906441774694,494.44186237473224,500.2440985723917,30835700
2025-08-27,502.6047058105469,503.1502356611414,495.82052770460996,497.90339657266526,17277900
2025-08-28,505.4810485839844,506.919197559233,501.3748189208979,502.9518399416591,18015600
2025-08-29,502.5551452636719,505.44140176386463,500.3730863144936,504.5090702372647,20961600
2025-09-02,500.9979248046875,501.87074834041937,492.75574161607386,496.38587753866574,18128000
2025-09-03,501.2260437011719,503.6461342434815,498.22077154875547,499.6787766683557,16345100
2025-09-04,503.82470703125,504.00323087503085,499.0440334241921,500.1846427841772,15509500
2025-09-05,490.9605712890625,507.7920894589463,488.3520284612672,504.9157608525771,31994800
2025-09-08,494.1344299316406,497.1099483047291,490.990285532587,494.0451377441344,16771000
2025-09-09,494.34271240234375,498.15137232357364,493.63851485593227,497.33805669614713,14410500
2025-09-10,496.2867126464844,499.1233892811019,492.66650462093776,498.8754294126598,21611800
2025-09-11,496.9215087890625,499.0638857033828,493.8170463660224,498.15138006137016,18881600
2025-09-12,505.7389221191406,508.3672905695674,499.73830564164535,502.51544395369297,23624900
2025-09-15,511.1544189453125,511.26350676755015,502.8626547877709,504.63805606783444,17143800
2025-09-16,504.8859558105469,513.0090929577493,504.449544036503,512.6619733694059,19711900
2025-09-17,505.8579406738281,507.1175961354426,501.80132099339164,506.4530503919847,15816600
2025-09-18,504.3008117675781,508.88310546808697,503.51725007824297,507.31598208941665,18913700
2025-09-19,513.703369140625,515.0621842649809,506.1455578149837,506.39351766303514,52474100
2025-09-22,510.25189208984375,513.5150225661836,508.3574445613838,511.3826037577857,20009300
2025-09-23,505.0744323730469,510.3907077578639,503.17008724169204,509.60711582016205,19799600
2025-09-24,505.9869079589844,508.29788064425674,502.7832857896144,506.215041937542,13533700
2025-09-25,502.89239501953125,505.8480877116936,500.9186440433766,504.1520203242895,15786500
2025-09-26,507.28619384765625,509.74596656687834,502.4856945681329,505.8976246789574,16213100
2025-09-29,510.40057373046875,512.6322125671903,504.72728094557834,507.325895548039,17617800
2025-09-30,513.7232666015625,513.9315141469417,505.5009089039439,509.05168089535164,19728200
2025-10-01,515.4689331054688,516.262392605391,507.5143608700387,510.5989672146665,22632300
2025-10-02,511.53125,517.3434144406598,506.51254498360566,513.4157691025699,21222900
2025-10-03,513.1281127929688,516.2425031799986,510.7973143114264,512.8801529316524,15112300
2025-10-06,524.256591796875,526.6965386672223,513.9712214168786,514.377848960065,21388600
2025-10-07,519.7039794921875,525.4764919541412,517.1847292577561,523.9788048028778,14615200
2025-10-08,520.56689453125,522.6497936321297,518.8213080060119,519.0097599169904,13363400
2025-10-09,518.136962890625,520.0512058016051,513.1777655449532,518.07745494396,18343600
2025-10-10,506.7902526855469,519.307291372133,505.4711195982234,515.3994417043425,24133800
2025-10-13,509.8551025390625,512.1958293204747,507.50444767633473,512.1958293204747,14284200
2025-10-14,509.3789978027344,511.07506506957225,501.87076583985106,506.0662576446326,14684300
2025-10-15,509.2401428222656,512.9694689959882,505.83814063109804,510.75768630195654,14694700
2025-10-16,507.4349670410156,512.6321960787722,503.9833851231019,508.3970827878481,15559600
2025-10-17,509.388916015625,511.27337462741934,503.1700633614309,504.88595648751925,19867800
2025-10-20,512.5726928710938,514.4671401409408,509.2401268135401,510.41049011219013,14665600
2025-10-21,513.4356079101562,514.4572316509175,508.8533142722573,513.2769402267872,15586200
2025-10-22,516.2921142578125,520.943843958813,513.4852520447155,516.8971823641815,18962700
2025-10-23,516.3118896484375,519.6742395740552,514.3777908083965,518.1964086283891,14023500
2025-10-24,519.3370971679688,521.0628883153897,516.4607987679614,518.5237814648117,15532400
2025-10-27,527.1824951171875,530.2175212473691,524.6929685473742,527.440383046071,18734700
2025-10-28,537.6464233398438,549.2013167264516,536.3570441492753,545.511702993095,29986700
2025-10-29,537.130615234375,541.8121286840217,532.3499420595073,540.4929653309738,36023000
2025-10-30,521.469482421875,530.6042843733296,517.8591725476514,526.150935240438,41023100
2025-10-31,513.5844116210938,525.0004940086545,510.89650476941233,524.5640822050067,34006400
2025-11-03,512.810791015625,520.6760707602963,510.3907002836433,515.5680732671589,22374700
2025-11-04,510.1327819824219,511.34279700787874,503.6957236126803,507.5837474278435,20958700
2025-11-05,503.0213317871094,510.6287541811956,502.4460479183387,509.1112106662694,23024300
2025-11-06,493.04339599609375,501.5732213085109,491.7639146320967,501.53353925537283,27406500
2025-11-07,492.7657165527344,495.304823297102,489.22484220934433,492.89466053302914,24019800
2025-11-10,501.8707275390625,502.71379706788474,494.7294718777327,495.9593732946225,26101500
2025-11-11,504.5289001464844,505.4414057875519,498.2505695472254,500.68055811559174,17980000
2025-11-12,506.9688415527344,507.494515261433,495.0469117437556,505.203338237195,26574900
2025-11-13,499.1828918457031,509.3095642884979,497.1992129195551,506.1455939798088,25273100
2025-11-14,506.0166320800781,507.42505738590404,493.38060745410195,494.16416907736203,28505700
2025-11-17,503.34857177734375,507.9407930820625,500.78963942134817,504.3007594029326,19092800
2025-11-18,489.76043701171875,498.87544447228873,482.8076324047851,491.3275301094218,33815100
2025-11-19,483.14483642578125,491.14898819063853,478.88983663624714,486.1005289347495,23245300
2025-11-20,475.41387939453125,490.45844852333465,472.50235794747454,489.60385435710714,26802500
2025-11-21,469.1436462402344,475.9007957312625,465.3179114267742,475.4834301610789,31769200
2025-11-24,471.0118103027344,473.89352206444323,465.0694984877541,472.0055061050608,34421000
2025-11-25,473.98297119140625,476.12935785467323,461.95927573241335,471.08139630740516,28019800
2025-11-26,482.4393310546875,485.23161394332453,478.1664510662567,483.244222260298,25709100
2025-11-28,488.9082946777344,489.5243812398697,483.5820692635899,484.5260924315005,14386700
2025-12-01,483.6714782714844,486.7718042788117,481.59465771305275,485.3607732415945,23964000
2025-12-02,486.91094970703125,490.38888506208144,483.2541563831954,483.6516286444489,19562700
2025-12-03,474.7182922363281,481.18723109312356,472.2042431453193,473.3171775583083,34615100
2025-12-04,477.8087158203125,478.28570075231454,473.48613274494215,476.7355376297969,22318200
2025-12-05,480.11407470703125,480.35255199911325,475.86105782216015,479.4780948278929,22608700
2025-12-08,487.92449951171875,489.19642891935564,481.3263751862239,481.8331697469475,21965900
2025-12-09,488.918212890625,489.0175885389743,485.4204144751398,486.01663804004494,14696100
2025-12-10,475.5430603027344,481.19719183884354,472.084987996716,480.97857754952304,35756200
2025-12-11,480.4221496582031,482.96600869209163,472.86010822118624,473.6252734590456,24669200
2025-12-12,475.5132751464844,479.4085762318817,473.3370788032073,476.79515128743174,21248100
2025-12-15,471.82666015625,477.6894594742654,469.5411415575728,477.0733729131614,23727700
2025-12-16,473.38677978515625,474.87732355778707,467.911505956298,468.9350114671635,20705600
2025-12-17,473.1184387207031,476.9739832708393,472.0055042784347,473.903466892556,24527200
2025-12-18,480.9289245605469,486.51349034093164,474.87732052138307,475.1754171439269,28573500
2025-12-19,482.856689453125,484.7745151206103,479.44828972039977,484.2875835443981,70836100
2025-12-22,481.86297607421875,485.6489546100234,479.6470235443271,483.05539282771,16963000
2025-12-23,483.7807922363281,484.75459468390824,481.6840783901604,481.922585996358,14683600
2025-12-24,484.94342041015625,486.0762481946253,481.77352833631136,482.61817584356095,5855900
2025-12-26,484.6354064941406,485.04282544173617,482.8964387136479,483.64171061957336,8842200
2025-12-29,484.02923583984375,485.27135560420123,481.1276307272214,481.80333660098637,10893400
2025-12-30,484.4068603515625,486.5929730105466,482.43933166580535,482.8666136001516,13944500
2025-12-31,480.5711669921875,485.06269150087525,480.25317705215497,484.7645645601486,15601600
2026-01-02,469.95849609375,481.6046121327098,467.1960229709088,481.3363251826272,25571600
2026-01-05,469.86907958984375,473.0687813775576,466.5401924921144,471.071443053882,25250300
2026-01-06,475.4933776855469,475.7219083069673,466.78859294331005,470.81304872472026,23037700
2026-01-07,480.4221496582031,486.61288592496,474.9369593023546,476.73554642416184,25564200
2026-01-08,475.0959167480469,479.6172511411785,472.86010104573086,478.20618966596595,18162600
2026-01-09,476.258544921875,476.7951491709672,469.2231916595613,471.07145138115897,18491000
2026-01-12,474.1717529296875,477.95773148860775,472.68120923483104,473.6649886945649,23519900
2026-01-13,467.70281982421875,472.7805908527595,463.01257439213845,471.68751939768345,28545800
2026-01-14,456.4840087890625,465.24841354789686,454.2879494306214,463.51936213123724,28184300
2026-01-15,453.7811279296875,461.32327541703046,453.02590941718984,461.1940901109254,23225800
2026-01-16,456.9609375,460.26996150673693,453.60227115836847,454.9437362325269,34246700
2026-01-20,451.65460205078125,453.92022725149957,446.44764578645413,448.37541805572727,26130000
2026-01-21,441.3102111816406,449.8361378186282,435.9144504613163,449.74670883889326,37980500
2026-01-22,448.29595947265625,449.98522421932967,441.8965557848095,444.7981306791853,25349400
2026-01-23,463.0125732421875,468.1301005814363,447.6897705604439,449.02131930234236,38000200
2026-01-26,467.3152770996094,471.2602507862521,459.0874767807031,462.3766075757791,29291200
2026-01-27,477.5503234863281,479.82589540353166,470.17711748937944,470.7137217228436,29213900
2026-01-28,478.5937194824219,480.69040309270366,474.9865988275796,480.16374552458444,36875400
2026-01-29,430.76715087890625,439.7104135269112,418.36581575660404,437.2162272399066,128855300
2026-01-30,427.577392578125,436.8286984461687,423.7616041817895,436.4014165119217,58566800
2026-02-02,420.70098876953125,428.02452201181774,419.58805431821895,427.5276741085398,42219900
2026-02-03,408.61767578125,419.3893355198486,405.98438775489564,419.3496095186449,61424100
2026-02-04,411.5788879394531,417.15350712085007,406.6600813351222,408.4089957411405,45012400
2026-02-05,391.1882629394531,405.7260079125925,389.8467674620769,404.87144402823185,66289200
2026-02-06,398.6111755371094,399.2570717870675,390.44299427907015,396.65359346172795,53515300
2026-02-09,410.99261474609375,412.2744908996196,398.3428555009064,402.2977759502542,45480500
2026-02-10,410.6646423339844,421.009018998737,410.09825878894065,416.9746165751398,44857900
2026-02-11,401.8207702636719,413.8345489802859,398.4819668946231,413.5563153661985,42491000
2026-02-12,399.3067626953125,403.6392926521932,395.50092068537,402.44684542456184,40802400
2026-02-13,398.7900085449219,402.98340606348665,395.54060384789733,401.90028127287496,34091600
2026-02-17,394.3581237792969,397.9950542597942,392.04282577248057,396.7032617740463,32078800
2026-02-18,397.0808410644531,400.02217209191446,393.8215201082963,395.6201070500213,23223400
2026-02-19,396.8517761230469,402.7976819572589,395.0690225854118,399.07278661262325,28234000
2026-02-20,395.6267395019531,398.5050592846536,393.56508699389525,394.51123443489973,34015200
2026-02-23,382.9182434082031,393.7642745182822,381.55377772275136,393.405742102137,43238300
2026-02-24,387.429931640625,387.78846403174964,380.1693467763097,382.5895619940176,33884700
2026-02-25,398.9831237792969,399.84960746436826,388.5852587696308,388.95376053046306,43625500
2026-02-26,400.0986022949219,405.8453028142193,397.1306190557743,403.0765245044552,34405900
2026-02-27,391.15484619140625,395.2183958601928,388.30640407164015,389.30236795593413,51367200
2026-03-02,396.9413757324219,399.57073485574693,389.0533591512552,391.2743390590049,35474900
2026-03-03,402.2996826171875,405.05852201627056,391.0851500003899,391.5532542396072,38199200
2026-03-04,403.5645751953125,409.3710312257941,398.69429724653685,399.6504140582061,35808000
2026-03-05,409.0224304199219,409.9486695143622,402.7677785996419,402.78771732924594,39001300
2026-03-06,407.30938720703125,411.38287590243635,406.8612216895844,407.54843921074234,31123900
2026-03-09,407.757568359375,408.55432729115563,401.8714182880504,403.2857003455267,30131900
2026-03-10,404.122314453125,408.5443965203919,401.30371964643086,408.37506928692744,31706400
2026-03-11,403.245849609375,407.35918518479474,399.96912002302975,403.9330670994013,25512100
2026-03-12,400.2380065917969,404.4808221962511,400.0886180975,402.9968458288957,27263900
2026-03-13,393.9534912109375,403.16615688192843,392.65875035547907,399.3815063856616,26848000
2026-03-16,398.33575439453125,399.01300251860397,393.1965772756644,396.4633374914087,27733700
2026-03-17,397.7979431152344,402.7677932271478,396.1446394015159,398.6544574759768,26228300
2026-03-18,390.20867919921875,396.3936061005556,389.42185925959103,395.5271224277118,25908500
2026-03-19,387.4498596191406,390.90585551603124,385.4977789148814,388.52551763585893,25138800
2026-03-20,380.3287048339844,385.43800417098345,378.58576812261686,385.2288602760525,50853200
2026-03-23,381.4541931152344,385.64719283721575,380.1395134056624,382.3505545919761,29680100
2026-03-24,371.2355651855469,380.9263046350485,370.34917314154325,380.8167328036651,42733600
2026-03-25,369.5424499511719,375.5381416220395,368.13813722010167,375.39872248264555,31181200
2026-03-26,364.4928894042969,373.2075730440749,363.7160388213271,369.32332012922615,36836600
2026-03-27,355.3300476074219,360.9871459448897,355.07111764854045,360.43934753557875,37883400
2026-03-30,357.5111999511719,363.88536295562653,354.84202394218255,360.43933630538186,44797000
2026-03-31,368.67596435546875,371.3949263066763,361.6046146993887,363.07862179545566,45244400
2026-04-01,367.8791809082031,372.48052926345224,366.7139201659809,371.98254731341393,29417200
2026-04-02,371.9526672363281,372.1319638369453,362.680245817395,365.7278929006101,24099100
2026-04-06,371.3750305175781,372.22160592655575,368.0086676124431,371.9825539180967,16146600
2026-04-07,370.78741455078125,370.9467724245638,365.080530373921,368.8452727581139,21443300
2026-04-08,372.8191223144531,383.44606961738685,369.91092498913014,383.4261612830284,33064800
2026-04-09,371.5642395019531,371.9924966612836,365.5685176937085,370.9965328148009,30435300
2026-04-10,369.37310791015625,374.1238749235223,368.5365019241105,371.47460743717505,28111100
2026-04-13,382.8186340332031,382.98796126737693,369.5225100750242,372.10205289266787,35745800
2026-04-14,391.5233459472656,393.09698589720546,384.95994763093,386.3543213772784,37504500
2026-04-15,409.5602722167969,412.69755239260473,395.1287651714373,396.3936283702306,45063400
2026-04-16,418.56378173828125,419.12151906860663,410.4765600541581,418.16537187855886,41642400
2026-04-17,421.0835876464844,429.83808848207923,418.99205736838906,423.10539315661504,48568200
2026-04-20,416.38262939453125,421.6213787702164,414.6197538627068,419.4501847919345,27582200
2026-04-21,422.4480285644531,425.45582843737157,415.516128706763,418.5438369146158,32048500
2026-04-22,431.1726989746094,431.9495495900464,421.9600330275293,424.4698510786937,29378200
2026-04-23,414.0719909667969,421.9500690544079,409.7495112929088,418.19529609754903,38308000
2026-04-24,422.90618896484375,423.23487407473965,414.12178001797366,415.28707116170386,27457400
2026-04-27,423.1053771972656,425.38611256831246,415.3866572294081,420.6752229306716,30867300
2026-04-28,427.5174865722656,428.1847957314844,420.197146128082,422.8563830057505,30438100
2026-04-29,422.746826171875,425.0973167681131,418.59367375245296,422.8663369761165,38288300
2026-04-30,406.1341552734375,412.74737011555624,396.4035989759817,409.15192465494977,70909400
2026-05-01,412.76727294921875,415.4264794885345,408.7834174283456,411.1338775963461,31372400
2026-05-04,411.9505615234375,419.0816663151199,409.14193618030583,409.87897009526375,28066500
2026-05-05,409.7196044921875,415.09780308537887,407.1500007946646,413.6437044066962,25700900
2026-05-06,412.2891845703125,416.73120520087787,403.4748984673602,406.3532485673598,30285900
2026-05-07,419.07171630859375,426.25263786097554,417.06984955189336,418.41437649189606,34942400
2026-05-08,413.44451904296875,416.9403619714099,412.32904436576047,415.70537649227293,33383800
2026-05-11,410.99444580078125,411.02432350049145,403.86334099070683,406.22377045102496,35657900
2026-05-12,406.1241760253906,413.8229876767416,404.9987623844293,412.8071154720842,38594200
2026-05-13,403.57452392578125,404.6700902960666,399.41140211310335,401.57265715241186,29667100
2026-05-14,407.7774658203125,410.17774231087935,399.2619871856725,402.8474630718804,27077500
2026-05-15,420.2170715332031,426.4418454559798,411.2434277199191,412.5979239362014,50771200
2026-05-18,421.83056640625,423.40417602339767,413.9325494355234,414.93848271907115,32564100
2026-05-19,415.7352600097656,430.9535870211983,414.808990493047,428.16486989475214,33018700
2026-05-20,419.36053466796875,420.3963455784958,409.63991780241736,412.49835957243755,27864000
2026-05-21,418.3025207519531,425.5388979071037,414.92886694253497,423.9518891931334,31393500
2026-05-22,417.7835388183594,423.60257118762803,415.54772693408205,418.7517174636334,22390300
2026-05-26,415.248291015625,418.9812539216563,412.24393696715845,415.6475333356961,30398000
2026-05-27,411.8946228027344,415.15846763645,408.8104019854481,410.23773822181624,28901500
2026-05-28,426.18768310546875,428.68298564682067,411.89461329838434,412.2040283766931,47250500
2026-05-29,449.3940124511719,449.48383969057267,431.54760317786213,431.7372486144539,79654400
2026-06-01,459.6546936035156,465.4438139523178,457.40892124774234,463.96658383705716,53628900
2026-06-02,440.48077392578125,452.64787129328397,439.6024225764256,446.0403151791343,37036800
2026-06-03,426.53704833984375,439.56254639446627,423.45285793258154,437.62618910935214,39037000
2026-06-04,427.2456970214844,435.33048350032107,425.60879436274143,434.9911260035114,26899500
2026-06-05,415.8870849609375,428.66302140752947,413.6213308264138,427.5351398188391,34782200
2026-06-08,410.9663391113281,416.37616844333525,407.79232157753756,413.3618539280056,32086700
2026-06-09,402.6520080566406,411.20591258759293,397.7312786929967,408.26144336727174,35317300
2026-06-10,396.61334228515625,404.2789346443135,396.41373636313654,397.80110870103243,32576000
2026-06-11,389.6065673828125,396.1043451719433,383.278483574852,394.46741202742857,47224100
2026-06-12,390.00579833984375,391.003919361718,381.55171206615995,390.6945042817559,34865800
2026-06-15,399.0088806152344,400.99513175706005,392.11186050588947,396.05442037645633,32266400
2026-06-16,393.0899963378906,396.094350419825,389.9559121071713,395.0463355104342,31506800
2026-06-17,378.1980285644531,389.6364865987809,376.6110198431126,389.51671695343225,41987800
2026-06-18,378.6871032714844,380.6534028700893,372.5786075934489,377.11008548581106,59714200
2026-06-22,366.6497802734375,380.9129385065033,366.3802985575179,375.0339909424311,45171100
2026-06-23,373.23736572265625,376.51120135394876,369.9735210485466,371.6802994138851,40647600
2026-06-24,364.7733154296875,378.16811350773463,364.09460041679364,370.87185096853153,44509900
2026-06-25,352.1670227050781,363.5456265920902,348.54386902384044,362.0883479855026,66179000
2026-06-26,372.2691955566406,375.90234020580533,354.762144454129,356.4789138154501,186201600
2026-06-29,367.8774719238281,379.7850483907747,359.2237492715265,376.790685328561,51229900
2026-06-30,372.319091796875,373.44697342275583,366.7595808670141,370.3328407149792,44945700
2026-07-01,383.5579528808594,388.09939143880604,374.18561213385976,380.1144231011508,48065800
2026-07-02,389.7562561035156,391.4630649298244,382.97903650468743,383.7575696594082,42128900
2026-07-06,386.0133056640625,388.418780928489,380.5036887115837,386.31276024010407,34224500
2026-07-07,388.109375,394.8267404517197,387.4905448392632,391.75251064257776,29297500
2026-07-08,382.6197204589844,384.58602015004215,380.6134873969759,383.3084264217563,25908300
2026-07-09,383.6377868652344,383.92725049460796,372.64849496928053,373.74643420118315,31083200
2026-07-10,384.37640380859375,391.1736053926777,380.783162110783,387.07131223677504,24644600
2026-07-13,390.2553405761719,392.91034623109437,383.4281962321871,387.02143811329415,28914900
2026-07-14,384.20672607421875,387.46061042423804,377.93852713765,382.1007052927433,27863900
2026-07-15,394.8866271972656,398.2103568181361,385.6739591427675,387.07132248997675,36253700
2026-07-16,400.3463439941406,405.2271399033625,391.31333055964967,397.56157784187184,37047400
2026-07-17,393.08001708984375,397.64143734197864,388.6583483977542,394.1180409920291,33049800
2026-07-20,401.53411865234375,402.4224305318551,388.91785418191677,390.67455694621333,27915800
2026-07-21,397.00262451171875,400.7156358198418,395.57531880381754,398.0606303262699,24126600
2026-07-22,389.6065673828125,400.246541441447,386.2329133568751,398.8291961465565,28142500
2026-07-23,380.8630065917969,391.04385321150613,376.68090752842744,389.23725659651495,30351800
2026-07-24,380.9828186035156,388.29903252889795,379.9347732203772,386.32274187573427,27659400
2026-07-27,388.368896484375,393.45931979821836,387.2609663085435,389.3470355932277,27856200
2026-07-28,392.61090087890625,399.56780545733704,390.5647345556998,392.4212554523594,32367500
2026-07-29,389.8061828613281,400.4960502148319,388.00954678983055,392.6607942930367,47209000
2026-07-30,450.2524108886719,457.8281459885008,431.6274684759506,437.07720086969465,110160700
2026-07-31,463.8468017578125,465.962813447145,448.4857046349594,449.1544591210436,60846000
2026-08-03,486.73370361328125,490.7261876465455,474.10747895013026,475.2353605631651,66762100
2026-08-04,491.884033203125,498.50158065157444,478.2696778930625,479.99640781848416,50455500
2026-08-05,486.5440673828125,497.3038108374591,484.7674131728324,495.42733843271316,33388900
2026-08-06,498.9207458496094,500.61756372489685,487.60205742358346,487.6319998350186,36441500
2026-08-07,499.0505065917969,504.23075699317457,497.79289485093346,498.2719734340298,28846200
2026-08-10,505.109130859375,512.7647021753171,501.32624359045303,502.4940586092805,31206100
2026-08-11,502.86334228515625,504.38047525067043,498.61133704649393,503.3823542433026,23049800
2026-08-12,491.5047302246094,500.557695253814,490.59643643442394,499.0505227551261,29001500
2026-08-13,495.9463806152344,500.3979918654044,492.0836571155829,492.34314786956145,23039000
2026-08-14,494.4691467285156,499.07050046550256,492.991947114923,495.42733437790497,16217600
2026-08-17,479.44744873046875,491.73431632358415,477.51109147171053,489.21906226283284,29635800
2026-08-18,480.72503662109375,483.36006030134655,476.2534434403709,480.6352093836093,24087600
2026-08-19,483.3999938964844,488.3806080919379,478.4592826108848,479.16797047398614,19961900
2026-08-20,481.1499938964844,484.1600036621094,479.5,483.29998779296875,20020800
2026-08-21,483.239990234375,486.3599853515625,478.5299987792969,479.8800048828125,22510800
2026-08-24,487.30999755859375,490.6099853515625,481.8599853515625,483.2099914550781,17230800
2026-08-25,491.7099914550781,492.44000244140625,484.29998779296875,485.44000244140625,19519000
2026-08-26,496.3699951171875,497.3999938964844,487.30999755859375,487.8500061035156,20758900
2026-08-27,505.05999755859375,506.4800109863281,490.0799865722656,494.8800048828125,28688800
2026-08-28,513.530029296875,517.780029296875,504.8699951171875,505.3299865722656,29207300
2026-08-31,507.2900085449219,512.1900024414062,506.3900146484375,510.3800048828125,27208900
2026-09-01,501.0199890136719,505.9700012207031,496.7799987792969,497.5199890136719,21046900
2026-09-02,496.82000732421875,500.2699890136719,493.80999755859375,499.8500061035156,15336100
2026-09-03,510.1199951171875,515.6500244140625,500.79998779296875,501.6600036621094,24125900
2026-09-04,499.70001220703125,511.0,499.3599853515625,510.0,18101800
2026-09-08,493.95001220703125,495.19000244140625,490.1499938964844,493.010009765625,18882300
2026-09-09,491.6499938964844,494.3900146484375,489.79998779296875,493.07000732421875,12889600
2026-09-10,492.44000244140625,494.5199890136719,486.0,488.32000732421875,16038800
2026-09-11,495.6300048828125,498.9700012207031,492.5799865722656,495.6499938964844,14510500
2026-09-14,505.4100036621094,509.95001220703125,495.3399963378906,497.05999755859375,23091900
2026-09-15,497.1199951171875,505.8999938964844,495.5400085449219,500.05999755859375,17794600
2026-09-16,490.29998779296875,495.9700012207031,487.2300109863281,493.0299987792969,16670300
2026-09-17,497.75,501.4700012207031,493.1700134277344,497.79998779296875,17841600
2026-09-18,493.7799987792969,498.6499938964844,491.1000061035156,497.9700012207031,39622300
2026-09-21,501.6099853515625,501.8699951171875,491.3299865722656,494.95001220703125,27959900
2026-09-22,498.0,508.5,493.6499938964844,507.32000732421875,21652800
2026-09-23,500.5899963378906,509.44000244140625,495.8800048828125,500.760009765625,19445600
2026-09-24,497.92999267578125,498.8999938964844,491.2200012207031,495.07000732421875,16657600
2026-09-25,516.1699829101562,519.4000244140625,497.25,499.0400085449219,38193100
2026-09-28,509.2200012207031,513.3300170898438,502.2200012207031,505.4700012207031,19626900
2026-09-29,508.9599914550781,513.6400146484375,502.3999938964844,508.30999755859375,21341800
2026-09-30,512.9000244140625,519.8300170898438,510.30999755859375,511.6099853515625,27223300
2026-10-01,512.7999877929688,522.8499755859375,512.1699829101562,519.8800048828125,19731900
2026-10-02,517.530029296875,522.5,513.6599731445312,519.3900146484375,17822300
2026-10-05,525.1799926757812,532.3499755859375,521.469970703125,521.6199951171875,26604800
2026-10-06,529.2999877929688,535.6900024414062,528.8200073242188,531.6799926757812,20942112
