Date,Close,High,Low,Open,Volume
2021-01-04,13.046196937561035,13.582431124501683,12.895971895425573,13.036994722740106,560640000
2021-01-05,13.335953712463379,13.374504535235,13.019834498908478,13.032518736692339,322760000
2021-01-06,12.549758911132812,13.177022849780169,12.521405575778882,13.154638288108194,580424000
2021-01-07,13.275513648986816,13.30909096314701,12.820362197139659,12.900945853564691,461480000
2021-01-08,13.208610534667969,13.352120129783836,12.975065526063036,13.293921024459769,292528000
2021-01-11,13.551590919494629,13.889348941876813,13.293920349716162,13.349881280512768,518344000
2021-01-12,13.415545463562012,13.683911686708287,13.276513137318052,13.681921146231007,291476000
2021-01-13,13.462300300598145,13.555071983938621,13.316303971194731,13.42076462097778,210028000
2021-01-14,13.132502555847168,13.529952111631886,13.112854274727429,13.505329377959594,283120000
2021-01-15,12.793501853942871,13.256861253737839,12.78255862740494,13.160110379541644,277780000
2021-01-19,12.958401679992676,13.026798268994698,12.778081329831359,12.949447095978456,226188000
2021-01-20,13.297154426574707,13.361571834901874,12.989740265412832,13.044457348491646,258572000
2021-01-21,13.796327590942383,13.927401511527409,13.184981367786673,13.349631654463508,337780000
2021-01-22,13.64212703704834,13.770714249459738,13.557314638929357,13.669486058786086,246820000
2021-01-25,13.58317756652832,13.757528189213795,13.168566485898285,13.711018054558481,251112000
2021-01-26,13.36629581451416,13.574719948658196,13.31879041384867,13.510799710027586,163980000
2021-01-27,12.851451873779297,13.164834764389763,12.728087739342117,13.162098483674535,371272000
2021-01-28,12.984018325805664,13.271287026648704,12.89398291811221,12.9295498263929,228316000
2021-01-29,12.92308235168457,13.26631196684961,12.845234024057874,13.007894722708423,271552000
2021-02-01,13.169062614440918,13.202638977790059,12.83652767812877,12.986255544880906,217204000
2021-02-02,13.48717212677002,13.502343114382933,13.217313559304229,13.329983047797578,220440000
2021-02-03,13.461055755615234,13.860246245026833,13.447127670678036,13.566013553169237,245408000
2021-02-04,13.594120979309082,13.60332319408904,13.269296744638849,13.46155462652012,201340000
2021-02-05,13.521247863769531,13.666748000470225,13.476230156579192,13.654560923062117,169152000
2021-02-08,14.364646911621094,14.399467130873976,13.656798344420974,13.656798344420974,434624000
2021-02-09,14.190047264099121,14.508404628817875,14.149505903817214,14.267148904678315,287560000
2021-02-10,14.6884765625,14.828504135547782,14.267896682710552,14.389021714627805,485352000
2021-02-11,15.172479629516602,15.193869871578354,14.84840204460825,14.903368657320849,450828000
2021-02-12,14.884465217590332,15.212771494540394,14.699170418654422,14.972759615299346,374756000
2021-02-16,15.251570701599121,15.293604492895591,14.873272272609666,14.986936092155004,321960000
2021-02-17,14.829498291015625,15.145368904266707,14.70414455668863,15.093137628175583,274756000
2021-02-18,14.752894401550293,14.796916836680797,14.500197331565527,14.653407246591904,233868000
2021-02-19,14.849893569946289,15.099107664393724,14.770552807333134,14.947390182953654,271724000
2021-02-22,14.28207015991211,15.055579845138384,14.251477708975195,14.698919344147502,325884000
2021-02-23,14.069418907165527,14.165672613131727,13.320780447752483,14.003010965897,391780000
2021-02-24,14.424585342407227,14.432296075073527,13.685398664118521,14.050267080329668,448320000
2021-02-25,13.239200592041016,14.300973298154094,13.148419454042376,13.973412803941994,824436000
2021-02-26,13.644109725952148,13.783390558240779,13.292423726864333,13.681913845587982,500932000
2021-03-01,13.770710945129395,13.853533731594203,13.483691763689485,13.80379015389627,353184000
2021-03-02,13.337445259094238,13.849055782455864,13.32724777396713,13.828660812201646,264116000
2021-03-03,12.739033699035645,13.382463937464099,12.733063976194641,13.35734404205113,377592000
2021-03-04,12.306763648986816,12.908410605300014,12.021734035558053,12.735054284527099,573344000
2021-03-05,12.397543907165527,12.485589720652124,11.61930825304677,12.485589720652124,542840000
2021-03-08,11.5337495803833,12.407242680598653,11.507136309244094,12.38610197088301,543112000
2021-03-09,12.460291862487793,12.55632917757728,12.001499113514425,12.072159199010558,521824000
2021-03-10,12.408538818359375,12.917837277415549,12.397840483205071,12.779005688253813,384376000
2021-03-11,12.931276321411133,12.983774296200266,12.673516798492331,12.88798468790623,299916000
2021-03-12,12.794435501098633,12.827028797912275,12.529709519311325,12.58768004946713,243964000
2021-03-15,13.128081321716309,13.143507165686684,12.70611192985925,12.803144882800568,221988000
2021-03-16,13.227599143981934,13.447789171984342,13.053934351963948,13.29253611095089,272128000
2021-03-17,13.277359008789062,13.388822153481435,12.92729317177526,12.977302577062947,243864000
2021-03-18,12.661574363708496,13.12086450040622,12.656100861548346,13.073592309996888,293896000
2021-03-19,12.784234046936035,12.859621644128715,12.552101370096228,12.6889427194056,299208000
2021-03-22,13.123101234436035,13.330353977872695,12.844939742774393,12.850911525294125,297804000
2021-03-23,13.00815486907959,13.280593244475526,12.958891459690443,13.190775433395043,222048000
2021-03-24,12.582454681396484,13.096233063845542,12.576235180945393,13.088271002303621,245840000
2021-03-25,12.475221633911133,12.653862631787966,12.213232870066019,12.439643393307525,295144000
2021-03-26,12.777763366699219,12.794682152334557,12.314244068153682,12.494377029182635,363968000
2021-03-29,12.886241912841797,12.999944962976231,12.639180750258788,12.758854634186175,273520000
2021-03-30,12.81010913848877,12.913113858096398,12.644157722970252,12.780501735531377,200204000
2021-03-31,13.284326553344727,13.405990711832604,12.92032779315816,12.953169750877729,314776000
2021-04-01,13.745606422424316,13.803576941304831,13.446544640826513,13.507253333989027,308276000
2021-04-05,13.920516014099121,13.946888858751477,13.667234391669156,13.801090791161734,255672000
2021-04-06,13.795121192932129,13.986948147819483,13.707543251704816,13.93270950413527,191744000
2021-04-07,14.075767517089844,14.175288050539208,13.645836193052718,13.814275196569815,251284000
2021-04-08,14.248438835144043,14.402198969872602,14.180763685323448,14.184496524494385,244416000
2021-04-09,14.331042289733887,14.339004352155884,14.107120317489345,14.145933117666383,195172000
2021-04-12,15.136167526245117,15.278980667013547,14.071540459342406,14.221320048484545,869324000
2021-04-13,15.604413032531738,15.624815043568274,15.053314813963015,15.158558477798532,676212000
2021-04-14,15.203840255737305,15.645215941609269,15.154576843590075,15.550173290053323,385500000
2021-04-15,16.059968948364258,16.13659985814199,15.556640352730028,15.587492029138685,598480000
2021-04-16,15.836297035217285,16.08833436820493,15.789272566562536,15.976123314232588,335208000
2021-04-19,15.288187026977539,15.73180270480012,15.160053722380095,15.462100530289526,404420000
2021-04-20,15.09859561920166,15.422785011070824,14.891342877489341,15.24986717123968,334132000
2021-04-21,15.286941528320312,15.28893180639827,15.029928007995823,15.04634851396947,216776000
2021-04-22,14.779133796691895,15.364566882387335,14.712702932237502,15.301370575475275,277788000
2021-04-23,15.192147254943848,15.261563065807191,14.828895411965819,14.86273203688158,227500000
2021-04-26,15.403878211975098,15.404873825568805,15.052568979496371,15.112282067435485,197796000
2021-04-27,15.308087348937988,15.595454229797074,15.280967559873904,15.503894807552262,164572000
2021-04-28,15.203590393066406,15.457867612223833,15.14263398051159,15.290920597634818,209416000
2021-04-29,15.251359939575195,15.362574421161485,14.999322628696001,15.326249241914937,173196000
2021-04-30,14.937620162963867,15.291417919862836,14.925180214363863,15.101830901269981,201912000
2021-05-03,14.76569938659668,15.173735815261006,14.716685585647,15.0525689765553,203912000
2021-05-04,14.28252124786377,14.567400504280046,13.94315469910986,14.567151838206913,405324000
2021-05-05,14.389261245727539,14.742561720214292,14.318601150830188,14.638561381478151,292024000
2021-05-06,14.453453063964844,14.50147220524019,14.149914271480062,14.4258359359886,193380000
2021-05-07,14.741312980651855,14.899053629404147,14.601485779059601,14.737332425528978,229328000
2021-05-10,14.197430610656738,14.73509315437272,14.18175610645374,14.716432759148066,268904000
2021-05-11,14.237738609313965,14.286006409049536,13.684152807210628,13.758793450883047,285584000
2021-05-12,13.692612648010254,14.191959832815755,13.64359884835176,13.942410098916847,303408000
2021-05-13,13.599806785583496,14.013317589093692,13.394544329389682,13.966541791864056,285404000
2021-05-14,14.174793243408203,14.259386233918178,13.682661142383589,13.823483998849241,258616000
2021-05-17,14.097662925720215,14.101394815593933,13.787157729474968,14.089203532423051,216980000
2021-05-18,13.948628425598145,14.335268109499602,13.936934476221778,14.19867545367631,186256000
2021-05-19,13.998392105102539,14.012076335077285,13.478394213384284,13.501532501812244,344000000
2021-05-20,14.542524337768555,14.613433100183471,14.20216208835548,14.234008437809646,321592000
2021-05-21,14.919955253601074,15.14910295826252,14.798291095690491,15.091131488505768,672992000
2021-05-24,15.537235260009766,15.669597751616458,15.10332242541384,15.139647605689639,554816000
2021-05-25,15.572815895080566,15.742747872729003,15.408357419560648,15.690499512719473,435408000
2021-05-26,15.624814987182617,15.718116033223644,15.511610211521978,15.658901227493464,370440000
2021-05-27,15.413829803466797,15.67457520145046,15.385964013483283,15.624565789324397,581476000
2021-05-28,16.16670799255371,16.199550904569822,15.426769637119651,15.426769637119651,644536000
2021-06-01,16.186616897583008,16.30977500246708,15.82709682380272,16.192091350419517,472804000
2021-06-02,16.697904586791992,16.83773279900915,16.157754218440484,16.174424342650617,594168000
2021-06-03,16.888479232788086,17.17634530010888,16.50358215503388,16.620768402840024,580008000
2021-06-04,17.49406623840332,17.576418358026476,17.013628254892797,17.030545138768918,617120000
2021-06-07,17.53462028503418,17.727194109995963,17.11041308265878,17.48710039214021,575756000
2021-06-08,17.37339973449707,17.53711123572053,17.16838498606947,17.443312869189647,323848000
2021-06-09,17.279083251953125,17.494845805819946,17.177051714798523,17.435866151003694,381656000
2021-06-10,17.345531463623047,17.412227242679947,17.097668395172203,17.2708746448945,287772000
2021-06-11,17.74395179748535,17.857432176144524,17.364191530157925,17.39977791669959,416308000
2021-06-14,17.936569213867188,17.957224622706175,17.582193863360512,17.82433434092857,321376000
2021-06-15,17.707366943359375,17.93407895613419,17.647143687325773,17.83329105855584,243032000
2021-06-16,17.729021072387695,17.872862771783062,17.50430069412692,17.70961117675783,307124000
2021-06-17,18.57215690612793,18.749095854040014,17.675267140573446,17.69343341937015,809656000
2021-06-18,18.553733825683594,19.286625519477802,18.49923311437431,18.698321621131633,968856000
2021-06-21,18.34320640563965,18.451959152942997,17.741463607959098,18.3511693418325,672384000
2021-06-22,18.80060577392578,18.87725613721242,18.302140132099126,18.3872508758273,580144000
2021-06-23,18.9703311920166,19.065396569450836,18.821513150301545,18.92105744176349,332356000
2021-06-24,19.11790657043457,19.331428697030866,19.001190887629537,19.14005621589849,320924000
2021-06-25,18.944196701049805,19.257263021262016,18.80831989176606,19.19255896503927,278364000
2021-06-28,19.893848419189453,19.987170822608995,19.230885700756392,19.272942678257742,495436000
2021-06-29,19.935407638549805,20.007077845848332,19.567343113116312,19.79181470361867,367632000
2021-06-30,19.911273956298828,20.070544083019442,19.77315668561849,19.90803865725093,326568000
2021-07-01,20.119815826416016,20.362702460566606,19.927695282223045,20.033212727409474,480136000
2021-07-02,20.3935604095459,20.411728585764077,20.195219897428057,20.34702451247123,342764000
2021-07-06,20.604095458984375,20.746940344072726,20.257434361701367,20.642917142581126,446708000
2021-07-07,20.278837203979492,20.779792073320536,20.239269348710295,20.758390496324644,418428000
2021-07-08,19.81197738647461,20.041176667969573,19.61089900392695,19.76593893142942,503300000
2021-07-09,19.958805084228516,19.988668945478935,19.664155534759942,19.871455805781903,296624000
2021-07-12,20.418949127197266,20.43910519307565,20.09567932268978,20.147690934282892,321984000
2021-07-13,20.157642364501953,20.36792918431061,20.02226296191594,20.307455300297775,290708000
2021-07-14,19.751005172729492,20.324627057304227,19.66266101165078,20.264901240088385,380100000
2021-07-15,18.879743576049805,19.756477090073883,18.77248508924965,19.72138815545387,550564000
2021-07-16,18.078168869018555,19.069626505196034,17.99057088100206,18.943704278756737,688224000
2021-07-19,18.69409942626953,18.955152344065727,17.784017850781378,17.833542224992588,749060000
2021-07-20,18.52711296081543,18.752082041477266,18.081156267494258,18.644574810811843,434687000
2021-07-21,19.321475982666016,19.437942953866006,18.65652328269626,18.7958841722349,371017000
2021-07-22,19.504636764526367,19.79629973923482,19.1880862893461,19.55241818326864,323826000
2021-07-23,19.468801498413086,19.61015406998916,19.162205646075567,19.56635412004103,195672000
2021-07-26,19.206003189086914,19.353326995509125,18.82773525659861,19.222925851749505,203943000
2021-07-27,19.120397567749023,19.53250898261361,18.655526474479164,19.177136815966357,248863000
2021-07-28,19.414052963256836,19.556400434077595,18.908370375078967,19.23089211651724,202191000
2021-07-29,19.57232666015625,19.762455536602744,19.239848425490685,19.42997730193718,190781000
2021-07-30,19.410066604614258,19.540467738094375,19.175142927792987,19.32943476558114,183497000
2021-08-02,19.659921646118164,19.869959730520304,19.27269590837672,19.610150452043428,217444000
2021-08-03,19.724628448486328,20.129771796246487,19.132340904279957,19.649969748387328,301811000
2021-08-04,20.181535720825195,20.225335671014715,19.737568762887463,19.898830576115028,231309000
2021-08-05,20.54287338256836,20.638436193057032,20.249218807263766,20.406499107972277,211435000
2021-08-06,20.273113250732422,20.47618331116727,20.11782460435866,20.4303935804627,178497000
2021-08-09,20.202438354492188,20.414466247960842,20.0511311729326,20.35274874502735,146443000
2021-08-10,19.845077514648438,20.336823982919242,19.744536419810593,20.229316742427432,179238000
2021-08-11,19.609155654907227,19.957559744802627,19.341383413828332,19.951586593338543,185925000
2021-08-12,19.814218521118164,19.937651633578177,19.53051849296908,19.77937830002264,151652000
2021-08-13,20.09592628479004,20.121808676083944,19.760463380904792,19.814217948269306,183063000
2021-08-16,19.8590087890625,20.19447162539359,19.36427396613772,20.043164472251572,210876000
2021-08-17,19.369258880615234,19.679836228431526,19.17912998166198,19.595222897143497,204585000
2021-08-18,18.953168869018555,19.544459791499246,18.913350377923482,19.411070124710943,285913000
2021-08-19,19.707706451416016,20.4015281044792,18.676430196540903,19.405092071189426,766555000
2021-08-20,20.7210636138916,20.76983992496617,19.84209132480141,19.899825465212288,675741000
2021-08-23,21.85785675048828,21.896678443445392,20.854454494051648,20.875358628617004,575807000
2021-08-24,21.69361114501953,21.85885445780523,21.4367883448165,21.653794554427233,297299000
2021-08-25,22.11168670654297,22.3675145090299,21.62292691334413,21.637857891352155,347701000
2021-08-26,21.967355728149414,22.238114585545677,21.690623718393724,22.09875368815787,237940000
2021-08-27,22.53275489807129,22.618363085008912,22.06589418494217,22.082816843909434,304722000
2021-08-30,22.58452606201172,22.93790654996559,22.44815174673323,22.725878636923216,262580000
2021-08-31,22.286832809448242,22.59547280041693,22.022995550957603,22.59547280041693,259850000
2021-09-01,22.342588424682617,22.597466292510102,22.258957158391045,22.386396092304786,201767000
2021-09-02,22.297786712646484,22.493923309725275,22.197229795135584,22.419251447689817,187834000
2021-09-03,22.742826461791992,22.885199011095356,22.102646574319134,22.227098408861508,280532000
2021-09-07,22.5626220703125,22.798582279426377,22.42323471429615,22.73287172125641,198107000
2021-09-08,22.24104118347168,22.51085272092236,21.880627189247374,22.41427795741543,254434000
2021-09-09,22.079750061035156,22.43916707430214,22.033952249947387,22.214158290540535,196856000
2021-09-10,22.379430770874023,22.52678058064279,22.172342704078865,22.249999779634756,248376000
2021-09-13,22.05485725402832,22.86329666367151,21.762145909437695,22.58452386410975,297500000
2021-09-14,22.14446258544922,22.311725124711973,21.989146556569096,22.177316913239693,199755000
2021-09-15,22.243032455444336,22.268919415554585,21.869676861741617,22.211173188295742,166538000
2021-09-16,22.14446258544922,22.179308947795626,21.830843425347233,22.08572130335323,156033000
2021-09-17,21.80396270751953,22.223116047519348,21.734269978657856,22.202208228860844,294503000
2021-09-20,21.020410537719727,21.339006884996316,20.571388169869678,21.053264860277913,349440000
2021-09-21,21.152830123901367,21.331044106280054,20.8581286447772,21.32307976600177,204688000
2021-09-22,21.84477996826172,21.86369574938004,21.103046254185703,21.272300812492595,268726000
2021-09-23,22.38341522216797,22.43618231216487,21.794010226085298,22.042913958768718,248555000
2021-09-24,21.98416519165039,22.051867773910164,21.76513066495934,21.973213750163456,217655000
2021-09-27,21.565011978149414,21.703402346102116,21.231482000300172,21.614791948311225,245215000
2021-09-28,20.608230590820312,21.325074477409554,20.560440745183087,21.12097351503002,343069000
2021-09-29,20.427026748657227,20.924834092595493,20.37724487487281,20.84817209585024,218394000
2021-09-30,20.625152587890625,20.97361809338779,20.59727549936959,20.676924594998866,221009000
2021-10-01,20.651039123535156,20.7675247129361,20.114401382383377,20.659003463241838,240978000
2021-10-04,19.645469665527344,20.451917043098803,19.469245817551954,20.414083578048384,345635000
2021-10-05,20.361316680908203,20.557453280437706,19.766934576510337,19.86251425727249,279282000
2021-10-06,20.60922622680664,20.629137078715868,19.99194424199397,20.03176974378131,297202000
2021-10-07,20.982580184936523,21.22849675315436,20.880031234621082,20.99950393304236,256919000
2021-10-08,20.73965072631836,21.113006266424186,20.683896542065902,21.00846717095083,151258000
2021-10-11,20.604244232177734,20.970630442278978,20.42105112712711,20.48477154135317,163388000
2021-10-12,20.58034896850586,20.964655885876756,20.437976429822484,20.736660050850766,162134000
2021-10-13,20.8471736907959,20.8979506288575,20.622164953970238,20.826265874944212,180652000
2021-10-14,21.650634765625,21.659594172572046,21.029370725954077,21.194643109467265,243589000
2021-10-15,21.76612663269043,21.834824285475865,21.56700484536949,21.71435462616983,226994000
2021-10-18,22.12455177307129,22.193249435993522,21.54908541210571,21.653626407282953,189494000
2021-10-19,22.1922550201416,22.28086353804833,21.94036421502088,22.178314574588498,161473000
2021-10-20,22.00606918334961,22.33462191107961,21.885599533351265,22.20718298956857,146276000
2021-10-21,22.592487335205078,22.611405016436052,21.98615875079242,22.000097295285027,187590000
2021-10-22,22.6263370513916,23.028564678129815,22.462061631178194,22.722911788353617,249384000
2021-10-25,23.064409255981445,23.252579603731718,22.670145947280098,22.87225483930817,230235000
2021-10-26,24.60860824584961,25.148233144137606,23.81908649717466,23.88380198609397,485898000
2021-10-27,24.34377670288086,24.979974473581777,24.175517185619338,24.366676556372838,245990000
2021-10-28,24.831623077392578,24.840584383344975,24.415456914629402,24.7688996326781,234204000
2021-10-29,25.45488166809082,25.596259159623884,24.89036866878223,24.891363736621464,292503000
2021-11-01,25.71373748779297,25.780443102720618,25.116368358501102,25.536518593441247,265740000
2021-11-02,26.28522300720215,26.561008706984403,25.686858734167405,25.708763518692347,294112000
2021-11-03,26.481361389160156,26.666546557874828,26.119954258485805,26.553046154370787,239910000
2021-11-04,29.67031478881836,31.227455386633288,26.999079939655886,27.109593234066324,1153631000
2021-11-05,29.621530532836914,31.26230243845938,29.28102933486203,30.054622412775466,851260000
2021-11-08,30.66891860961914,30.963620114278918,29.775850888827506,30.016790243473928,503101000
2021-11-09,30.522560119628906,32.16831303240709,29.832600226347303,32.14043594172841,646746000
2021-11-10,29.329814910888672,30.714715789314535,28.65180150099656,29.22726785132228,636206000
2021-11-11,30.256731033325195,30.455854738894605,29.646420236957336,30.334390000111334,332172000
2021-11-12,30.256731033325195,30.5454602165024,29.500063610739595,29.878398271524592,413054000
2021-11-15,29.89333152770996,30.509616521619076,29.118743398652445,30.418020909460683,384909000
2021-11-16,30.0705509185791,30.25673114722093,29.575730654228828,29.62849963276353,264484000
2021-11-17,29.13268280029297,30.37521109867771,28.6737039612457,30.28460865268217,428508000
2021-11-18,31.536094665527344,32.61633569675382,31.183646972782004,32.22506137050019,781711000
2021-11-19,32.84035873413086,32.94290770891931,31.7650946968093,32.101611886418695,533867000
2021-11-22,31.815860748291016,34.49505972389229,31.760106571634346,33.37001411954836,754335000
2021-11-23,31.606781005859375,32.2180886820477,30.744577648273665,31.39670588718342,532163000
2021-11-24,32.53070831298828,32.710914296371996,30.792365088496854,31.323028564645966,435162000
2021-11-26,31.364849090576172,32.5665548230208,31.212520168167917,32.45703660205331,283069000
2021-11-29,33.22963333129883,33.26547475913897,31.895509575688923,32.22406422648845,454964000
2021-11-30,32.53269958496094,33.20673257688012,31.724262199478087,33.023537586316976,622066000
2021-12-01,31.300981521606445,33.14707928825368,31.24621570117578,33.077378025602634,484368000
2021-12-02,31.98902702331543,32.339527421049986,30.892721414598597,31.08091667285877,472890000
2021-12-03,30.56214714050293,31.992025853618237,30.00154575602389,31.863574209549956,544325000
2021-12-06,29.90894317626953,30.11207202986678,27.918465014907625,29.752611029224973,658938000
2021-12-07,32.288753509521484,32.310662878163335,30.52032598088665,30.825023080342124,593053000
2021-12-08,31.6903133392334,32.15233582192908,31.28703933130742,31.862576105811538,475551000
2021-12-09,30.360010147094727,32.067700548302355,30.29827420147728,31.59870601970093,488507000
2021-12-10,30.069255828857422,31.171536668842634,29.733692678385772,31.01719680171708,488825000
2021-12-13,28.040939331054688,30.16484694472882,27.99613110546957,30.120038719143704,598344000
2021-12-14,28.2161865234375,28.55573229210016,27.1338209994663,27.580906118057847,667035000
2021-12-15,30.329143524169922,30.369969093174348,27.7193173668591,28.278921661014024,698297000
2021-12-16,28.265975952148438,31.027154448930762,27.97323064778504,31.01918913294205,707366000
2021-12-17,27.682472229003906,28.798693182569515,27.64164666608465,27.86568776813946,713758000
2021-12-20,27.6008243560791,28.024011677111307,27.02927210549903,27.188589819244115,461847000
2021-12-21,28.9510440826416,28.995852308207283,27.284179231128302,28.25303247287371,524385000
2021-12-22,29.274658203125,29.42899807324993,28.327712401555452,28.767829354035246,395184000
2021-12-23,29.513635635375977,29.930849942052966,29.305527026516437,29.628145129735767,343022000
2021-12-27,30.813068389892578,30.954463182806666,29.51363183960114,29.533547027159024,403686000
2021-12-28,30.192726135253906,31.196428065606888,29.88404641723083,31.178505155996454,420591000
2021-12-29,29.873090744018555,30.417759500865014,29.240797826876175,30.14393233812567,343139000
2021-12-30,29.459863662719727,30.32715053513794,29.41406024985419,29.699835409860693,308864000
2021-12-31,29.285606384277344,29.90196867896362,29.205947537847756,29.547485577861092,266530000
2022-01-03,29.992586135864258,30.58007095463998,29.65801815616507,29.68789094158686,391547000
2022-01-04,29.165130615234375,30.338108017250157,28.228142339164982,30.14792231126296,527154000
2022-01-05,27.48631477355957,29.290589869699456,27.415618321755158,28.825579893631648,498064000
2022-01-06,28.05786895751953,28.31676073412731,26.949615014905067,27.522162492695948,454186000
2022-01-07,27.13083839416504,28.300830190157978,26.941647883892415,28.021028032592206,409939000
2022-01-10,27.283185958862305,27.351892036172703,25.534671748451636,26.467677335784416,594681000
2022-01-11,27.698406219482422,27.94535000609593,26.724577023199927,27.20651282406831,404089000
2022-01-12,27.879629135131836,28.473086907923104,27.49029538667551,27.947338113635016,383413000
2022-01-13,26.461702346801758,28.358579457679358,26.385029059468522,28.2580102227296,540171000
2022-01-14,26.827136993408203,27.081050909641085,26.09825739628388,26.187873849164077,395832000
2022-01-18,25.79256820678711,26.524435305727852,25.660135800028776,26.148046566250244,424270000
2022-01-19,24.96013069152832,26.429837857961516,24.945195249139907,25.967817240669206,488315000
2022-01-20,24.04703712463379,25.469945494898944,23.97534359217132,25.196118325519468,435181000
2022-01-21,23.27434730529785,24.717169013281726,23.163820484440176,23.406779692719766,718958000
2022-01-24,23.272354125976562,23.280319440924885,20.798945308150216,22.234796834896894,913982000
2022-01-25,22.22882080078125,22.845183070459672,21.906202770713605,22.44987442301741,664616000
2022-01-26,22.674911499023438,23.954432781138927,22.20492373788374,23.140916602745857,755959000
2022-01-27,21.850440979003906,23.892697037716033,21.582586870222382,23.467517526484492,573353000
2022-01-28,22.742624282836914,22.760547192328307,21.205206336859245,21.91815335328116,543774000
2022-01-31,24.381610870361328,24.40451353042062,22.953724311798037,23.083169257619492,564680000
2022-02-01,24.532962799072266,25.0378013064162,23.78815060803622,24.996975734573237,518925000
2022-02-02,25.134382247924805,25.70692961725198,24.448318695078196,25.684028862008926,543419000
2022-02-03,23.845897674560547,24.970083895234886,23.678614671732475,24.353723517852895,410178000
2022-02-04,24.21531867980957,24.529971431012495,23.531247360390374,23.869797957184883,354829000
2022-02-07,24.622573852539062,25.074636814466327,24.098815458966705,24.268090747101677,376868000
2022-02-08,25.000953674316406,25.12243327791411,23.877762561815906,24.255146434255927,410359000
2022-02-09,26.59114646911621,26.611061657409135,25.244911267514784,25.51276352295215,524282000
2022-02-10,25.713899612426758,26.81020536713915,25.49085560163504,25.884171987627038,513200000
2022-02-11,23.846895217895508,26.040503963564735,23.671646883125344,25.80551006541594,605472000
2022-02-14,24.163543701171875,24.76895144242699,23.653725456398867,23.831963183959466,440424000
2022-02-15,26.382041931152344,26.431828001236315,24.67833617578049,24.842631726431065,699869000
2022-02-16,26.39797019958496,26.468668539900218,25.443059254688013,26.147045693944886,732676000
2022-02-17,24.40251922607422,25.675070604494053,24.061978217389743,25.52073073259493,810595000
2022-02-18,23.541208267211914,24.879478312587725,23.00151913502133,24.562833238351214,761255000
2022-02-22,23.290281295776367,23.961407632998917,22.901944582346907,22.936795215643546,633422000
2022-02-23,22.29155158996582,24.052015226751326,22.205919711751882,23.700519613094333,566511000
2022-02-24,23.64674949645996,23.698527839821597,20.800934789045943,20.92540185101815,735801000
2022-02-25,24.054012298583984,24.113755971900215,23.281321506147055,23.619872153634248,528866000
2022-02-28,24.281036376953125,24.559843299003468,23.605927486955995,23.889712256178317,477319000
2022-03-01,23.376909255981445,24.273073784814436,23.033380786073458,24.187439989958865,412056000
2022-03-02,24.120849609375,24.309076976729223,23.319146643220492,23.658750292293792,389642000
2022-03-03,23.616928100585938,24.226422409350747,23.372930165463426,24.16268331262876,365095000
2022-03-04,22.84210777282715,23.583061545150027,22.389965840443992,23.288273750720784,431415000
2022-03-07,21.26458740234375,22.938707297032252,21.242678105287446,22.723590064178474,450821000
2022-03-08,21.425928115844727,22.281410884459255,20.565464751978574,21.22176739996016,557467000
2022-03-09,22.91978645324707,23.124942518382856,22.15592615939423,22.295352427006858,492742000
2022-03-10,22.565244674682617,22.694711650925896,21.79242045485743,22.438763775975826,428066000
2022-03-11,22.0095272064209,23.050249252253458,21.955747421099613,22.927751696595113,367209000
2022-03-14,21.242677688598633,22.17086141206027,21.072378211360963,21.77947065227046,385354000
2022-03-15,22.87895393371582,22.943688372057732,21.234713636338597,21.429910411009644,491996000
2022-03-16,24.395721435546875,24.496307806427332,23.077142064193676,23.40379845485764,671422000
2022-03-17,24.664609909057617,24.740297081851676,23.808130100630766,24.02125469375783,471941000
2022-03-18,26.344711303710938,26.460237571454236,24.523199913712308,24.697482775125827,730719000
2022-03-21,26.62455940246582,27.040849423539733,25.860699040597943,26.398489377058596,591727000
2022-03-22,26.41541862487793,27.12649641555455,25.96526931574627,26.61758672052766,547007000
2022-03-23,25.52906036376953,26.503055368285953,25.470301882639813,26.019044893201844,502120000
2022-03-24,28.034761428833008,28.204065572576116,25.80094361026962,26.058884112048176,877379000
2022-03-25,27.578632354736328,28.241906210807365,27.159356339542615,27.771838389654814,579016000
2022-03-28,28.10347557067871,28.134348798162176,27.094622152271164,27.642371675676337,425494000
2022-03-29,28.538692474365234,28.827504327820737,27.865459189769126,28.577532381283703,488984000
2022-03-30,27.576642990112305,28.379343137774402,27.390408258662607,28.188129711162127,463487000
2022-03-31,27.174301147460938,28.13236299140276,27.158367800089522,27.668271007248077,523440000
2022-04-01,26.602649688720703,27.383440643848896,26.15947167732759,27.26293568960486,517235000
2022-04-04,27.247997283935547,27.44518668797612,26.504055527761597,26.61858452561167,397120000
2022-04-05,25.824840545654297,27.20715868319753,25.714294909011688,27.14242425555399,436615000
2022-04-06,24.307083129882812,25.19642705051053,23.904737678545857,24.831926142575206,703833000
2022-04-07,24.108896255493164,24.62079195567915,23.38188522206564,24.340942190832628,557992000
2022-04-08,23.024354934692383,23.825064370958277,22.96758907146771,23.819088417079787,524781000
2022-04-11,21.82727813720703,22.228628253478472,21.571330249174363,22.123063188914138,575207000
2022-04-12,21.415966033935547,22.631968138584455,21.1948747421812,22.44473805178245,662258000
2022-04-13,22.11210823059082,22.407893303585002,21.367171071947986,21.639054224925435,516943000
2022-04-14,21.170976638793945,22.683759389398876,21.076366219253643,22.412871600546225,569097000
2022-04-18,21.69382667541504,21.9975764845038,20.992708207900467,21.113213152266766,525701000
2022-04-19,22.107131958007812,22.281414831880515,21.226749856245902,21.631088023171433,512781000
2022-04-20,21.394060134887695,22.577196581632325,21.11321496007185,22.424823034682213,468974000
2022-04-21,20.100374221801758,22.300330524281193,19.918122835592186,21.620126067181815,656209000
2022-04-22,19.435110092163086,20.402135741058334,19.42017210608827,20.219884332875687,624713000
2022-04-25,19.820526123046875,19.863349361314793,19.017825948530263,19.12339100546342,641566000
2022-04-26,18.711091995239258,19.706998525410906,18.593574994286346,19.637285372225445,653143000
2022-04-27,18.339618682861328,19.08853925931246,18.215130373255832,18.521868230847012,499460000
2022-04-28,19.701017379760742,19.954974541798094,18.414306664090166,18.88935323961421,570327000
2022-04-29,18.4710750579834,20.045602297833724,18.441197185099483,19.32257448999954,500435000
2022-05-02,19.45303726196289,19.493867882415657,18.315712153889976,18.46509770793821,572049000
2022-05-03,19.52175521850586,19.743843804731753,19.054675285256874,19.320582473628384,475751000
2022-05-04,20.250757217407227,20.316487014368857,18.67423744950525,19.84144044981811,648855000
2022-05-05,18.76685905456543,19.84343319196136,18.424267408174938,19.785671961147454,626331000
2022-05-06,18.598546981811523,19.43212034048371,17.916351786613728,18.659298078838052,633297000
2022-05-09,16.880611419677734,18.180267458938104,16.75811385880719,17.960173412210224,644455000
2022-05-10,17.522972106933594,18.12350429350738,16.955305773137006,17.616587170071877,761474000
2022-05-11,16.561918258666992,17.68032194709463,16.500173704044624,17.275983917823066,670167000
2022-05-12,16.108783721923828,16.719275153017346,15.503273835867764,16.152604222388675,708728000
2022-05-13,17.633516311645508,17.854607631651785,16.525073633919344,16.71927505834853,670437000
2022-05-16,17.193323135375977,17.71517810760899,17.03597092632894,17.437320969728997,521446000
2022-05-17,18.10259437561035,18.29580049981142,17.56181781938735,18.00001535721423,585830000
2022-05-18,16.868656158447266,18.043825584450513,16.794959704465033,17.632516285349375,545161000
2022-05-19,17.05389404296875,17.61458881955136,16.66548943059714,16.867659356696542,621310000
2022-05-20,16.625661849975586,17.33873044435796,15.690505601912752,17.26105062577283,739105000
2022-05-23,16.828826904296875,16.845757510491026,16.112770346149613,16.20738076943158,639889000
2022-05-24,16.087865829467773,16.52905300438988,15.71539736561761,16.442409283517915,588550000
2022-05-25,16.905513763427734,17.040956732679444,15.934504514657595,15.954423101190748,781132000
2022-05-26,17.777921676635742,18.017934299435986,15.95640873833212,15.970351364556697,996575000
2022-05-27,18.733993530273438,18.80370666474349,18.02590373672392,18.111552116018746,738379000
2022-05-31,18.595563888549805,19.121402309598214,18.27488154857996,18.902301701134324,664100000
2022-06-01,18.24500274658203,18.97500185230617,18.047813348721185,18.6473501146243,544514000
2022-06-02,19.51179313659668,19.53868302922962,18.12350080401456,18.217115849128234,648656000
2022-06-03,18.643362045288086,19.252858009305765,18.446172677395946,19.003881477132655,598779000
2022-06-06,18.709096908569336,19.257841926957315,18.48800556646816,19.060652505586596,422406000
2022-06-07,18.84852409362793,18.92222057056187,18.11354434422296,18.396382141540013,388914000
2022-06-08,18.575586318969727,19.105520032436974,18.46302425711577,18.72599902469666,363252000
2022-06-09,17.977916717529297,18.859480331996103,17.970943930182248,18.40923586335072,395574000
2022-06-10,16.908082962036133,17.628274789966802,16.80348928209256,17.531651364648273,465248000
2022-06-13,15.586238861083984,16.248656451730458,15.545397710168137,15.937867756879672,604153000
2022-06-14,15.774505615234375,16.003612016416973,15.35215136745031,15.669912860368118,469680000
2022-06-15,16.46282386779785,16.80249932387109,15.864156848634643,16.032500272176392,563936000
2022-06-16,15.540419578552246,15.880095995991596,15.341196388689442,15.79841368067241,545749000
2022-06-17,15.818334579467773,15.932887781168011,15.26847807134145,15.58723513693202,630334000
2022-06-21,16.501670837402344,16.94195389912008,16.343287871553795,16.411024604098987,483089000
2022-06-22,16.296470642089844,16.59729794626429,16.117169323053933,16.16299022237989,437135000
2022-06-23,16.161996841430664,16.520597628121397,15.791440668578582,16.454853928901507,463680000
2022-06-24,17.05949592590332,17.073441500432935,16.24666462485629,16.43592735057394,472153000
2022-06-27,16.803495407104492,17.26270573709096,16.561438970901577,17.244775982546706,427968000
2022-06-28,15.919936180114746,17.13519777327509,15.883079211572387,16.83437050825347,461149000
2022-06-29,15.481647491455078,15.758567846845672,15.111092291433094,15.752591579090298,482352000
2022-06-30,15.100133895874023,15.50654951386169,14.804287295645784,15.301349140819207,686070000
2022-07-01,14.466606140136719,15.00450925182416,14.336115253677443,14.84114651381716,577610000
2022-07-05,14.905890464782715,14.912863251478607,14.000420913948414,14.119954807294123,651397000
2022-07-06,15.071247100830078,15.259513302763182,14.731570721690755,14.951713200390376,529066000
2022-07-07,15.796420097351074,15.883082152996206,15.329241452564782,15.395981666093258,492903000
2022-07-08,15.77649974822998,15.974727368388931,15.329242903234574,15.370084060896657,467972000
2022-07-11,15.093162536621094,15.466706345467303,14.97960489954158,15.465709825855997,437321000
2022-07-12,15.023435592651367,15.371080384780623,14.819231694264086,15.208713215824096,458483000
2022-07-13,15.105116844177246,15.31529795939853,14.408831695585608,14.533346313141694,521918000
2022-07-14,15.312308311462402,15.412915948428,14.670808992131683,15.049333517821207,456235000
2022-07-15,15.700790405273438,15.72071224388811,15.385021045983054,15.598190703976384,385935000
2022-07-18,16.03847312927246,16.831381467725347,15.939858559135285,16.238692777665573,670517000
2022-07-19,16.926015853881836,17.043557657032984,16.109200448917402,16.42198027766924,702366000
2022-07-20,17.737852096557617,17.86336417339984,16.735759920763662,16.88119289080597,760538000
2022-07-21,17.979907989501953,18.073542834559365,17.476869827222348,17.815549700814543,557049000
2022-07-22,17.251745223999023,17.897227654554197,17.070450876572462,17.823515612161977,536671000
2022-07-25,16.9578914642334,17.05750351772412,16.58434768859962,16.95290981659082,480748000
2022-07-26,16.468799591064453,16.853300347202065,16.414012864423395,16.823416159959134,397865000
2022-07-27,17.720916748046875,17.86634969294112,16.847321609237287,16.965858978034504,569776000
2022-07-28,17.914161682128906,18.069556021471275,17.372275483342808,17.90519775674753,474646000
2022-07-29,18.092472076416016,18.173156925324996,17.623300329186787,17.743830767643395,435460000
2022-08-01,18.36939239501953,18.772820437934747,17.920143444250357,18.111397333511174,476469000
2022-08-02,18.45406150817871,18.864462341148062,18.021746740904135,18.05163093309131,489527000
2022-08-03,18.81963539123535,18.89434491533446,18.066570532098716,18.113388905855146,418146000
2022-08-04,19.140380859375,19.19915175470648,18.687147876727973,18.775802954410633,409652000
2022-08-05,18.915266036987305,19.154333889054843,18.593520291504326,18.736960242767893,386068000
2022-08-08,17.72390365600586,18.168172751532033,17.175044663246958,17.434035232399516,981859000
2022-08-09,17.0196533203125,17.379251571998445,16.659059498937633,17.185009085897445,668263000
2022-08-10,18.02672576904297,18.04764413055042,17.24975398460474,17.629275000459376,597422000
2022-08-11,17.87232780456543,18.63435848013521,17.806584108237903,18.06059496674186,509327000
2022-08-12,18.636350631713867,18.645316458949107,17.883285741988434,18.089482668919175,478094000
2022-08-15,18.95809555053711,19.089582944835495,18.540723865569156,18.628381495120706,457666000
2022-08-16,18.805688858032227,19.067668063926604,18.42915644764587,18.846530011794016,451240000
2022-08-17,18.263803482055664,18.61543340601533,18.074542628314358,18.451075096193428,446799000
2022-08-18,18.700101852416992,18.791743657859055,18.11239277422747,18.229934589865376,415447000
2022-08-19,17.77968406677246,18.448077756978233,17.70099039327714,18.33452015850551,441588000
2022-08-22,16.967853546142578,17.489818903609883,16.900116815044345,17.42208217251165,409593000
2022-08-23,17.114282608032227,17.397180176245477,16.904101521089547,16.923028743581053,369986000
2022-08-24,17.15512466430664,17.338410181530257,16.829394785860185,16.945939135983163,522661000
2022-08-25,17.84343719482422,17.877305555233242,16.767631316738164,16.77858828041363,770691000
2022-08-26,16.196853637695312,17.85439096282188,16.173942245062563,17.78765172333182,769127000
2022-08-29,15.739640235900879,16.27455462835807,15.705772821557588,15.957790614919103,496132000
2022-08-30,15.407937049865723,15.976718964475275,15.123047357717592,15.898026205963157,530181000
2022-08-31,15.035387992858887,15.479656218449705,14.900911986576217,15.324261848963653,573710000
2022-09-01,13.882880210876465,14.32415979672276,13.218470483091595,14.153823343963365,1178865000
2022-09-02,13.594005584716797,14.115969978398423,13.53822233999636,14.045246540395883,743157000
2022-09-06,13.412713050842285,13.725493859595561,13.299155414870102,13.67767991813969,535751000
2022-09-07,13.664804458618164,13.788360189278626,13.298124529340985,13.514346107743526,512657000
2022-09-08,13.939814567565918,13.957750598170398,13.321042892410091,13.410719244419383,624873000
2022-09-09,14.33538818359375,14.42207597350915,14.075324813847546,14.106212791082108,486612000
2022-09-12,14.45296859741211,14.49481775493603,14.147069690827237,14.31745676821465,484159000
2022-09-13,13.083895683288574,13.87205855128794,13.052010885075777,13.752489132610048,714956000
2022-09-14,13.080907821655273,13.242326402784114,12.866678912295647,13.206455290226598,588507000
2022-09-15,12.882622718811035,13.185532151778458,12.744121381866282,12.96831467201239,523625000
2022-09-16,13.150656700134277,13.16460641916656,12.571740509534544,12.696292115324688,670751000
2022-09-19,13.33399772644043,13.414707500219304,12.963332376962292,12.96532505837295,569685000
2022-09-20,13.12873649597168,13.434635427165027,13.010163873448496,13.167597109836768,524818000
2022-09-21,13.21342945098877,13.980667741595738,13.062971099601787,13.165602253694058,807679000
2022-09-22,12.515942573547363,13.101833667672771,12.383420232786193,13.023116575574866,759162000
2022-09-23,12.47110366821289,12.565763159913388,12.213032901606326,12.375448310956983,663309000
2022-09-26,12.184134483337402,12.613589074579467,12.170184766010799,12.446191516406993,547343000
2022-09-27,12.3684720993042,12.690313385658438,12.214028382542947,12.462134764959494,553854000
2022-09-28,12.690313339233398,12.77700114543241,12.309683684312093,12.365482557221197,542414000
2022-09-29,12.176165580749512,12.455160919270222,11.903148286154517,12.403347404233896,532763000
2022-09-30,12.095454216003418,12.58768254393533,12.031683671272111,12.043640707800058,565638000
2022-10-03,12.467116355895996,12.632521236553906,12.061575828714862,12.302708290891008,547478000
2022-10-04,13.119766235351562,13.172576558568696,12.832799262641858,12.832799262641858,584182000
2022-10-05,13.161616325378418,13.273215022829856,12.57572625208159,12.864685926402442,507131000
2022-10-06,13.082900047302246,13.607013197671234,13.055996476257599,13.172577350446693,644157000
2022-10-07,12.032681465148926,12.624550545260242,11.978875271525471,12.460142467451544,672478000
2022-10-10,11.628135681152344,12.080506544532378,11.36707548368734,11.993818750562575,698699000
2022-10-11,11.544437408447266,11.803503975358765,11.242523926856697,11.519526522035383,667482000
2022-10-12,11.458748817443848,11.692905516404727,11.304305077714478,11.537465911080686,492590000
2022-10-13,11.917096138000488,12.034672869060671,10.774210439470531,10.931643641216205,850103000
2022-10-14,11.186725616455078,12.06755426824253,11.16380836002219,12.013748081279001,713432000
2022-10-17,11.845354080200195,11.90513926216049,11.475685618444233,11.476681483829186,580774000
2022-10-18,11.924073219299316,12.447189613338601,11.576325138914761,12.29972073933894,659362000
2022-10-19,12.007769584655762,12.305697731615245,11.791548012253855,11.836386661619711,523131000
2022-10-20,12.150257110595703,12.723194242073287,12.061575677964084,12.069547352328092,652398000
2022-10-21,12.421281814575195,12.453167564548195,11.844359270919771,12.054601866532238,609494000
2022-10-24,12.553804397583008,12.664406275262714,12.02072372059677,12.46313123131559,517457000
2022-10-25,13.21342945098877,13.252290058434822,12.618570904437151,12.648463971781274,505482000
2022-10-26,12.84974193572998,13.339976758427692,12.662416565709792,12.822839309313967,532953000
2022-10-27,13.12873649597168,13.788362513806657,13.074930296219073,13.581108440535328,583113000
2022-10-28,13.784374237060547,13.800317586774417,13.014147382415905,13.05699335304701,521040000
2022-10-31,13.448585510253906,13.788362885764602,13.249303107599212,13.728577689841467,486341000
2022-11-01,13.494418144226074,13.875047785742884,13.470504070891979,13.761456412532556,432817000
2022-11-02,13.17158031463623,14.159025547914593,13.16360959020308,13.800317291584546,672628000
2022-11-03,13.372857093811035,13.73156634689156,12.90952589233768,12.996213708431235,500065000
2022-11-04,14.105218887329102,14.177956971752689,13.647864854214127,13.935828645472183,612576000
2022-11-07,14.249700546264648,14.360302439141222,13.903946098084313,14.176962450071352,410061000
2022-11-08,14.549619674682617,14.837582527688992,14.165003709961418,14.747905225291545,595292000
2022-11-09,13.726584434509277,14.160024473634925,13.70964521718475,14.111199503066569,454414000
2022-11-10,15.693502426147461,15.716419686091069,14.49481769622729,14.746910406367014,700819000
2022-11-11,16.2684326171875,16.33021048888852,15.426464425019901,15.750298418180774,655487000
2022-11-14,16.236543655395508,16.48066558256314,15.864881605151144,16.159820218444786,527852000
2022-11-15,16.606212615966797,16.937020425655504,16.323231044656243,16.662011477829804,545876000
2022-11-16,15.85292911529541,16.303307412411236,15.816062134408572,16.104025972359103,649547000
2022-11-17,15.620763778686523,16.20765162732223,15.47927296101109,15.658627572163233,710894000
2022-11-18,15.35372543334961,15.944598642065296,15.065761621009438,15.90872657967121,492072000
2022-11-21,15.262055397033691,15.421481294578124,15.025905097362354,15.092665143329405,404739000
2022-11-22,15.980467796325684,16.000396507453974,15.067753352120171,15.273014705576616,472866000
2022-11-23,16.459745407104492,16.467718033836586,15.99043611685495,16.040256006522444,427241000
2022-11-25,16.211639404296875,16.42786007515215,16.113991359394493,16.259467561128588,167934000
2022-11-28,15.770225524902344,16.29832500895063,15.668592130839407,15.968511085101463,303741000
2022-11-29,15.582897186279297,15.874846309698507,15.46432459928425,15.770222488567383,298384000
2022-11-30,16.866605758666992,16.873582401297774,15.545024337202593,15.644690524714274,565298000
2022-12-01,17.077899932861328,17.207465887298017,16.579566121809616,16.942353455622023,470977000
2022-12-02,16.819761276245117,16.876572437618908,16.390197799139116,16.60348535757367,371389000
2022-12-05,16.554656982421875,16.938374411265354,16.417116304339114,16.623427321463254,352255000
2022-12-06,15.933728218078613,16.51777502605684,15.766287810992363,16.474919041618143,352694000
2022-12-07,16.0662841796875,16.132064232758374,15.614792692114394,15.719443294997907,372388000
2022-12-08,17.11178970336914,17.12175660926792,15.905820703517822,16.218775465562125,515456000
2022-12-09,16.944347381591797,17.524408725344184,16.91843494852363,17.102817944678048,465338000
2022-12-12,17.476572036743164,17.47956229907445,16.74103213701686,16.980232212594135,457328000
2022-12-13,18.01177978515625,18.72738762856205,17.651982672461422,18.469249909930564,656589000
2022-12-14,17.6151065826416,18.19118159319031,17.361953248979066,17.927063332040404,496888000
2022-12-15,16.895509719848633,17.262283446585172,16.64435056625301,17.088863487866476,478542000
2022-12-16,16.515779495239258,16.98421452775994,16.355316696171542,16.80780430040909,478232000
2022-12-19,16.1998348236084,16.553651364106894,16.09119880078537,16.51677591008969,354039000
2022-12-20,16.031396865844727,16.255647448102433,15.799174471467346,16.01046693823351,403260000
2022-12-21,16.446014404296875,16.571595897427166,16.048343794868938,16.060304842306547,325025000
2022-12-22,15.287886619567871,16.084224902594713,14.832409670787916,16.040370897342594,565045000
2022-12-23,15.155328750610352,15.287884971363319,14.833405142358366,15.145361845900647,349326000
2022-12-27,14.073944091796875,15.049681806653775,14.009160162650081,15.023768425094323,464902000
2022-12-28,13.989229202270508,14.214475953122395,13.837735273982746,13.880592209011148,351066000
2022-12-29,14.554339408874512,14.634072755943127,14.179592867751314,14.354009920900088,354923000
2022-12-30,14.565302848815918,14.580252256779966,14.185571918188986,14.286235193865508,310490000
2023-01-03,14.26729965209961,14.94603115548883,14.049029532918041,14.801513863050983,401277000
2023-01-04,14.69985294342041,14.803506485615852,14.193546280154266,14.518460195074866,431324000
2023-01-05,14.217464447021484,14.515467863086679,14.100853753433299,14.442711169863427,389168000
2023-01-06,14.809483528137207,14.95998035300493,13.987232978527544,14.425766288153945,405044000
2023-01-09,15.575922966003418,16.002496236779955,15.090545335630782,15.233069416455065,504231000
2023-01-10,15.855987548828125,15.908810437445068,15.42044347056914,15.455326689560788,384101000
2023-01-11,15.94767951965332,15.97458997371224,15.511139335336974,15.787216717511937,353285000
2023-01-12,16.455982208251953,16.581561807242853,15.440377637088012,16.046352430023713,551409000
2023-01-13,16.842683792114258,16.865607858764474,16.111130612182066,16.22375300248187,447287000
2023-01-17,17.64301300048828,17.668927336507764,16.842689261696506,16.842689261696506,511102000
2023-01-18,17.319093704223633,17.813439222153065,17.224409065517293,17.608126319924487,439624000
2023-01-19,16.709131240844727,17.139692742246442,16.67524604897352,16.979228061683155,452932000
2023-01-20,17.77955436706543,17.79649791430325,16.768933461540048,16.954312559037017,564967000
2023-01-23,19.12904167175293,19.18086843158552,17.758623747963394,18.003802360832424,655163000
2023-01-24,19.200801849365234,19.430036855773828,18.75728504510627,18.764261688305943,496204000
2023-01-25,19.25861167907715,19.30545594731295,18.518087479978714,18.84997803686339,449537000
2023-01-26,19.736011505126953,20.09879882435529,19.21375752485205,19.635348246628528,489535000
2023-01-27,20.297142028808594,20.55926617927685,19.34034173496809,19.39715101578,542142000
2023-01-30,19.098148345947266,20.07288815679004,19.086187298640233,19.883522650362398,488611000
2023-01-31,19.471899032592773,19.621398819093155,18.886855153366426,19.10612138016746,498017000
2023-02-01,20.873212814331055,21.1213817226709,19.545650683627567,19.62538402504865,660477000
2023-02-02,21.636659622192383,21.875859651889073,20.631022997012753,20.9300225588854,564276000
2023-02-03,21.029687881469727,21.67253897459517,20.719723419819307,20.93002073586232,429366000
2023-02-06,21.018728256225586,21.498124471655988,20.71673650906174,20.736670321605864,452197000
2023-02-07,22.09911346435547,22.184827328430092,21.079521682438997,21.310748940899305,664150000
2023-02-08,22.131010055541992,22.801767868997864,21.93466598259575,22.312402817710073,559651000
2023-02-09,22.26256561279297,22.943290193315832,22.046289671543487,22.530670219439532,523876000
2023-02-10,21.194135665893555,22.00442614178306,20.741650010159365,21.617720531696698,550737000
2023-02-13,21.715402603149414,21.974536512613412,20.892154617965847,21.46623560185634,474919000
2023-02-14,22.894458770751953,22.972197984112537,21.294805362518357,21.506098848746547,675474000
2023-02-15,22.688148498535156,22.77884488396245,22.032341964452304,22.47386474338665,420575000
2023-02-16,21.92868423461914,22.474856585066412,21.853933394359046,22.059246323523663,412026000
2023-02-17,21.316726684570312,21.667552957905706,20.90510286763505,21.558916936890704,465888000
2023-02-21,20.586172103881836,21.422375105842487,20.549294744904135,20.930021777294268,410015000
2023-02-22,20.684843063354492,21.03367717070481,20.3529525061691,20.6380006960692,513184000
2023-02-23,23.58514404296875,23.80839853574855,22.94827344265805,23.361891451181727,1117995000
2023-02-24,23.208406448364258,23.39578162812699,22.870537254569477,23.14761079034492,589716000
2023-02-27,23.422685623168945,23.800422369181604,23.375843263094975,23.59112307758857,452994000
2023-02-28,23.138639450073242,23.74561130134119,23.128672543867644,23.294119765093207,455963000
2023-03-01,22.62236785888672,23.178509107575795,22.43300042635941,23.11472128246458,460026000
2023-03-02,23.236310958862305,23.302091014748385,22.35725003920354,22.413065090524846,389415000
2023-03-03,23.81039047241211,23.82035737741727,23.05292280095457,23.24229019406714,412393000
2023-03-06,23.475513458251953,24.167199231552658,23.408735379499408,23.81139038959998,437429000
2023-03-07,23.214338302612305,24.04869069829288,23.16748608515548,23.52535169548433,515154000
2023-03-08,24.104515075683594,24.12345598243845,23.34990950267541,23.412709959422333,513573000
2023-03-09,23.361873626708984,24.37665338080257,23.309039864365545,24.098534615353046,501257000
2023-03-10,22.892362594604492,23.55226936391661,22.654118224508185,23.334958480231546,474866000
2023-03-13,22.893360137939453,23.224310780832916,22.226477404613806,22.680038203014842,421890000
2023-03-14,23.986894607543945,24.14240135631121,23.38580110357915,23.421688446412322,474910000
2023-03-15,24.151369094848633,24.20918430620047,23.286114490388712,23.68584522635948,524486000
2023-03-16,25.460214614868164,25.507064935559395,23.818422785484607,23.951003432054158,583253000
2023-03-17,25.64362907409668,26.31549691711218,25.586808261666317,25.899816121394398,848547000
2023-03-20,25.818077087402344,25.94168541899632,25.050512165831673,25.533978703666488,432747000
2023-03-21,26.116132736206055,26.30852307379936,25.300721156644958,26.097193730071265,547408000
2023-03-22,26.384281158447266,27.501735683439474,26.1540109224766,26.341415997809847,797295000
2023-03-23,27.104995727539062,27.412022096248382,26.605580921982124,27.02923590014394,564889000
2023-03-24,26.69429588317871,27.081069104608634,26.271637231409848,26.94549959949804,454920000
2023-03-27,26.447080612182617,26.91459699343309,26.281605317466703,26.752112468073136,361026000
2023-03-28,26.326467514038086,26.42914237361527,25.768239273478084,26.363351140587802,356104000
2023-03-29,26.898651123046875,26.992353672026212,26.51287603862916,26.74015553257011,393694000
2023-03-30,27.29638671875,27.412020935167096,27.01627538766958,27.142874491555478,364516000
2023-03-31,27.689144134521484,27.74596305741618,27.01926873122524,27.054157877093186,433933000
2023-04-03,27.876544952392578,27.911434092903463,27.249534811234103,27.42198793508251,398716000
2023-04-04,27.366167068481445,27.911437825351527,27.2206289482267,27.87754496966134,368592000
2023-04-05,26.795978546142578,26.912607163282487,26.31151565571502,26.74414297141955,515015000
2023-04-06,26.95148468017578,26.994347944342177,26.34341345534257,26.49991646560377,397654000
2023-04-10,27.49176788330078,27.5336348544528,26.584646372375655,26.738158599933065,395279000
2023-04-11,27.083066940307617,27.70210304890554,27.040201775147455,27.636311817588748,314378000
2023-04-12,26.411195755004883,27.381117678822534,26.36434353627186,27.28342808388289,446259000
2023-04-13,26.37929916381836,26.801957875512077,26.245724119817375,26.64944192297439,353615000
2023-04-14,26.67336654663086,26.797971184144085,26.137068080300253,26.420170212204003,395660000
2023-04-17,26.916595458984375,26.920582518277506,26.3493949209171,26.480977384169595,321471000
2023-04-18,27.57948875427246,28.0210883307405,27.270469820475103,27.445913723508724,604812000
2023-04-19,27.842653274536133,27.911435269103396,27.145864822992923,27.274456503625604,358660000
2023-04-20,27.01827049255371,27.94134215983428,26.914599351934957,27.583476516154896,427713000
2023-04-21,27.033222198486328,27.09702084669948,26.637478546679382,26.866750601318966,345103000
2023-04-24,26.956466674804688,27.27944127802104,26.586639849155418,26.92755907031357,339282000
2023-04-25,26.15799903869629,27.160817581589445,26.142050802636824,26.992351504330397,378527000
2023-04-26,26.870738983154297,27.243556588640125,26.62053343037328,26.91659491739221,406337000
2023-04-27,27.139883041381836,27.40803318885761,26.540784192741274,27.27645073990056,377161000
2023-04-28,27.661231994628906,27.670202402547503,26.98537507177856,27.138889210344786,292216000
2023-05-01,28.818557739257812,28.96609033128575,27.692132757184343,27.751942445275365,570329000
2023-05-02,28.120771408081055,28.74479273603856,27.994174201759634,28.58928602409841,402730000
2023-05-03,27.714059829711914,28.27727321647942,27.38510372531901,27.75193973878234,383387000
2023-05-04,27.474822998046875,27.770882582276077,27.15384096655844,27.563540293710812,321850000
2023-05-05,28.589284896850586,28.66404652957751,27.64328719583459,27.737986024481625,361494000
2023-05-08,29.058792114257812,29.127574105075855,28.26032704979517,28.4317819808544,344979000
2023-05-09,28.480628967285156,28.881357865661336,28.360013303057926,28.80759252115136,314869000
2023-05-10,28.793638229370117,29.020917714127965,28.37097953587767,28.9132576098521,369350000
2023-05-11,28.48760414123535,28.858429112011763,28.156655460539202,28.804599067442442,322149000
2023-05-12,28.250356674194336,28.688965423560507,27.95728601465977,28.438758018763792,274222000
2023-05-15,28.861425399780273,28.877375539649794,28.06296014304353,28.41783316796742,293926000
2023-05-16,29.120595932006836,29.77551927102902,28.74080245431232,28.74977286090327,449405000
2023-05-17,30.08254623413086,30.103479719693794,29.336912970483333,29.49042519794485,432535000
2023-05-18,31.57780647277832,31.727331663769906,30.22410183208859,30.313817326946733,748725000
2023-05-19,31.165111541748047,31.48011201484415,30.818212695710137,31.43625056372688,473908000
2023-05-22,31.077388763427734,31.42030053090031,30.582957356502835,30.803257086267713,372000000
2023-05-23,30.590930938720703,31.18903346729931,30.53411202557799,30.9019443296342,356253000
2023-05-24,30.44140625,30.510188241482325,29.711721267992726,30.114442718121378,721419000
2023-05-25,37.8598747253418,39.35513045921453,36.51912753379368,38.40115657089839,1543911000
2023-05-26,38.822811126708984,39.04610163074743,37.43122683133464,37.770151547520655,714397000
2023-05-30,39.984127044677734,41.80534782144874,39.822640705708025,40.46659728547173,923401000
2023-05-31,37.71432876586914,40.1675430373075,37.70236568816468,39.36309641035941,1002580000
2023-06-01,39.64419937133789,39.92331245412413,38.21872246545579,38.36724941232974,635873000
2023-06-02,39.20261001586914,40.37190020075976,38.934459847678006,39.970174994520356,482731000
2023-06-05,39.04710388183594,39.439854864368684,38.58457081030142,38.78593155134608,396094000
2023-06-06,38.53173828125,39.03613834073106,38.02733822176895,38.70718409484521,388729000
2023-06-07,37.36033248901367,39.378141523481524,37.241697122376735,38.79592881153469,511998000
2023-06-08,38.39216613769531,38.74508306628558,37.39024395636986,37.60857182578051,417772000
2023-06-09,38.651371002197266,39.58948978920315,38.44899302917782,38.917552324899084,427717000
2023-06-12,39.36119079589844,39.40904425940009,38.49983605891858,39.08005597622932,388701000
2023-06-13,40.896480560302734,40.97524120979665,39.61840552630367,40.06304000704874,613208000
2023-06-14,42.86543273925781,42.868421916484955,40.427910831503084,40.699081687742314,740465000
2023-06-15,42.522491455078125,43.15654702262012,42.018039182120376,42.47164881165265,568622000
2023-06-16,42.56137466430664,43.58722551638536,42.53046747800974,43.31705479881207,655709000
2023-06-20,43.6739616394043,43.85540779562103,42.5434324049572,42.8664423875245,451153000
2023-06-21,42.91328430175781,43.481543651220214,41.951240766861545,43.36789026011788,551603000
2023-06-22,42.893348693847656,43.293118838626924,42.10476872123709,42.12370778383283,417737000
2023-06-23,42.0798454284668,42.678007983073286,41.88643880055925,42.33406622553571,358140000
2023-06-26,40.50767135620117,42.633147684220695,39.97729771593512,42.33107342513513,594322000
2023-06-27,41.74786376953125,41.81166711553178,40.32423568672819,40.6741595987626,462175000
2023-06-28,40.99119186401367,41.71696498768914,40.39402564201727,40.535589450400664,582639000
2023-06-29,40.69709396362305,41.4727133655292,40.475773103828736,41.430842057083,380514000
2023-06-30,42.172569274902344,42.41981157958306,41.37402135436548,41.55247453077657,501148000
2023-07-03,42.28322219848633,42.76673879586181,42.07286928017555,42.38690406882019,198209000
2023-07-05,42.18751907348633,43.04488443654503,41.95622669958026,42.00607294813804,323618000
2023-07-06,41.97416687011719,42.04993452563393,41.219483295168246,41.71596052713125,303582000
2023-07-07,42.37294387817383,43.08177063947781,42.05093416959679,42.19249796154775,355881000
2023-07-10,42.05093765258789,42.680007431696076,41.521560371587725,42.52647931127871,353908000
2023-07-11,42.27524948120117,42.62717002333906,41.938286237141114,42.35101715208972,298244000
2023-07-12,43.767669677734375,43.80056964792914,42.64611193757971,42.901329149439654,481277000
2023-07-13,45.83632278442383,46.01377574434192,44.3558659136162,44.38178733353437,478204000
2023-07-14,45.329872131347656,47.94085779132301,44.92212322629915,46.44046184420574,772075000
2023-07-17,46.31883239746094,46.353725148743315,45.123503715655524,46.147361621458764,510488000
2023-07-18,47.34866714477539,47.74943744480596,45.59405444397255,46.55809446661066,569164000
2023-07-19,46.93294906616211,47.67168281088611,46.59897504315981,47.31876592185892,427502000
2023-07-20,45.38072204589844,46.942928804835816,44.92412321467116,46.36470161642384,537865000
2023-07-21,44.17341995239258,45.72565880367255,43.965059822678604,45.64789454996022,963769000
2023-07-24,44.47549819946289,44.970979149441135,43.9052497727291,44.59413357267698,382516000
2023-07-25,45.53922653198242,46.04168213917605,44.7855393181674,44.803485791149136,348081000
2023-07-26,45.312923431396484,45.912086196628444,44.493440026375104,45.88018262099463,364237000
2023-07-27,45.75955581665039,47.249980321992574,45.610013268331116,46.37666127130996,455976000
2023-07-28,46.60695266723633,46.883105518604516,46.23908226392985,46.525202843607126,331194000
2023-07-31,46.58601760864258,46.98579159307672,46.363700375175576,46.61094263427025,251055000
2023-08-01,46.36469268798828,46.75649169459333,45.88616190163857,46.31783562150429,237858000
2023-08-02,44.133544921875,45.69973706046443,43.25424373168055,45.69076572472491,530142000
2023-08-03,44.378787994384766,44.97994351428875,43.665975669938696,43.665975669938696,324176000
2023-08-04,44.54329299926758,45.50234756183001,44.25717237997522,44.84736009563098,362666000
2023-08-07,45.27803039550781,45.400655128648054,44.42664342016852,44.97296695444659,322154000
2023-08-08,44.5273323059082,45.10356277836036,43.92119104559553,44.71575315581905,353843000
2023-08-09,42.423789978027344,44.17641010034291,42.00507315736143,44.13852436844698,586449000
2023-08-10,42.25829315185547,43.44066481177175,41.70698393305918,42.03099019324286,492705000
2023-08-11,40.7299919128418,41.88943538762121,40.514653222522405,41.62325025169544,533085000
2023-08-14,43.619117736816406,43.66597480294201,40.18765244113688,40.362116194769875,690286000
2023-08-15,43.80554962158203,45.12948908567366,43.576253839259216,44.42365526404346,676512000
2023-08-16,43.352935791015625,44.538296708585655,43.27317876024688,44.3837722152519,527451000
2023-08-17,43.21137619018555,43.927177736442225,42.86942340203336,43.83546018459533,452395000
2023-08-18,43.16651916503906,43.44466484796561,41.53253402390692,42.50454932510734,583768000
2023-08-21,46.82329559326172,46.92099531978242,44.086695448909836,44.357862580093396,692573000
2023-08-22,45.52826690673828,48.03956041703018,45.194292833514275,47.987717576539744,755293000
2023-08-23,46.97182846069336,47.05557105969461,45.06966590460551,45.72565339980645,779046000
2023-08-24,47.01868438720703,50.11219017259599,47.014698817328394,50.0623439279402,1156044000
2023-08-25,45.877193450927734,47.65872425455991,44.88623165435981,46.8681514444708,925341000
2023-08-28,46.69168472290039,46.836241481540796,44.750643911832285,46.339764258447815,685192000
2023-08-29,48.63473129272461,48.93082341552477,46.249051833640735,46.52321191086775,701397000
2023-08-30,49.113258361816406,49.7742278710723,48.276824895402335,48.89393031688107,735206000
2023-08-31,49.203983306884766,49.5917929853516,48.80819868484659,49.22890833319217,528570000
2023-09-01,48.36056900024414,49.64761910935292,47.99469138418687,49.609737178375475,463830000
2023-09-05,48.39944839477539,48.7015226451209,47.7135538785842,48.075442101099355,382653000
2023-09-06,46.920860290527344,48.404428217365016,46.44129363976494,48.29675192445169,468670000
2023-09-07,46.103309631347656,46.206003567946354,45.01755163903208,45.38944205496558,433330000
2023-09-08,45.4362907409668,46.46721201058955,45.13618839061398,45.80519166448395,473069000
2023-09-11,45.04348373413086,46.0255476981088,44.18006112661073,46.01059296919965,473966000
2023-09-12,44.736385345458984,45.53699557699163,44.39839411760551,44.60477844461375,349256000
2023-09-13,45.34955978393555,45.79323440179784,44.37048163678398,44.46719292129203,398355000
2023-09-14,45.44527053833008,45.85005979000756,44.99660978408658,45.813171215808374,370097000
2023-09-15,43.769283294677734,45.4632217958815,43.67755437709231,45.20599060411373,506831000
2023-09-18,43.8350830078125,44.11026214230338,41.87493751856223,42.62071131068282,500271000
2023-09-19,43.390411376953125,43.835082475156234,42.87395226873784,43.70247908606619,373064000
2023-09-20,42.11322021484375,43.772266659114486,42.097269015445136,43.470167525058194,367108000
2023-09-21,40.89486312866211,41.97463849257789,40.85797455001659,41.45917965283468,450736000
2023-09-22,41.48610305786133,41.989600439472675,41.10822995213603,41.448214198146616,479236000
2023-09-25,42.096275329589844,42.40933950772004,41.05438505683627,41.46715374615769,419091000
2023-09-26,41.78620529174805,42.69249905291122,41.53096703896299,41.87593746027921,402282000
2023-09-27,42.34153747558594,42.744337580019156,41.50503894981491,42.20395172792175,444935000
2023-09-28,42.960697174072266,43.31663260486512,41.98959836899157,42.33356849695518,424663000
2023-09-29,43.369468688964844,44.01254845640997,43.17803909015806,43.696491084144924,397830000
2023-10-02,44.648651123046875,45.04047860898654,43.73039221652358,43.89888769595612,433298000
2023-10-03,43.387420654296875,44.99562050159697,43.117227684036216,44.67457689561349,470850000
2023-10-04,43.90985870361328,44.011556163058,43.16308846642664,43.61174925416727,361821000
2023-10-05,44.554935455322266,44.76630599321606,43.75731831894087,43.91883469559828,393483000
2023-10-06,45.625732421875,45.65265244811673,43.894901766019856,44.06140429622766,434436000
2023-10-09,45.13819122314453,45.46920337034592,44.235887222293606,44.70847483791379,409675000
2023-10-10,45.66162872314453,46.121254553965194,44.95374378600032,45.17508286360557,368582000
2023-10-11,46.666629791259766,46.7194733776131,45.912880346385045,46.05844552419568,378137000
2023-10-12,46.80521011352539,47.4672343606174,46.19204354796514,46.637711102575786,481325000
2023-10-13,45.325626373291016,46.97570075879303,45.14516559213605,46.82016325151491,474115000
2023-10-16,45.95774459838867,46.08735476029038,44.77826474104746,44.928816083518186,375099000
2023-10-17,43.807167053222656,44.620739164515385,42.35350830716708,43.86898271179327,812333000
2023-10-18,42.070350646972656,43.090307040885016,41.700456999229225,42.464174898094846,627294000
2023-10-19,41.97563552856445,43.16807328895168,41.75728589082115,42.683520414055806,501233000
2023-10-20,41.263763427734375,42.34353877331354,40.95568161669413,41.76526400722088,477266000
2023-10-23,42.84703826904297,43.11922801460042,40.823083912534464,41.106238683892464,478530000
2023-10-24,43.53297424316406,43.56687339017816,42.56387244167939,42.948720751890924,401463000
2023-10-25,41.65459442138672,43.52002535417708,41.43126239759443,43.26877302407248,398379000
2023-10-26,40.20591735839844,42.13017050427248,39.76124631016128,41.72837068029658,541001000
2023-10-27,40.379398345947266,41.08329728392404,39.89584197944323,41.00752338515214,416784000
2023-10-30,41.038429260253906,41.64162722288695,40.36045387343674,40.96465211390715,388028000
2023-10-31,40.658573150634766,40.757281200093225,39.11318915725788,40.32955772912268,517969000
2023-11-01,42.1989631652832,42.25479616214504,40.74729764020001,40.762252363882624,437593000
2023-11-02,43.3764533996582,43.75332619208585,42.76627622905822,43.19898202777144,409172000
2023-11-03,44.87098693847656,45.174078747791896,43.59280293696078,43.888919424366684,424610000
2023-11-06,45.614768981933594,45.798223011195105,44.765304753189504,45.15015696243412,400733000
2023-11-07,45.81815719604492,46.08037071910402,45.02352961733188,45.58285989512135,343165000
2023-11-08,46.43531799316406,46.72744479735544,45.83111967900613,45.96272659241924,346719000
2023-11-09,46.81019592285156,48.08638320008785,46.610790709948866,47.32565472798377,540496000
2023-11-10,48.19107437133789,48.32766746778713,47.14220871523475,47.358561621942854,421245000
2023-11-13,48.475223541259766,48.969748796661186,47.95577501016581,48.1761176095815,384136000
2023-11-14,49.50813674926758,49.6856081153753,48.89397370012533,49.532067353089744,416954000
2023-11-15,48.74242401123047,49.811230458479834,48.05647298035821,49.78630718435211,475497000
2023-11-16,49.33266067504883,49.37752865421783,48.186087364869636,48.534047157885986,339756000
2023-11-17,49.151206970214844,49.56895804695832,48.861073108178935,49.37653194691317,325205000
2023-11-20,50.2588996887207,50.397485733557765,49.03455561243681,49.16516605663654,414120000
2023-11-21,49.7952766418457,50.366568411025234,49.07542649691953,49.97673388984551,565747000
2023-11-22,48.5709342956543,50.18511275994757,47.54798851961098,49.70355312493224,899420000
2023-11-24,47.633731842041016,48.7753226752898,47.60282211639322,48.32566546670589,294645000
2023-11-27,48.098350524902344,48.38549115302334,47.51010721393193,47.65766532815117,395662000
2023-11-28,47.67859649658203,48.1791043355462,47.33163320625364,48.09236161129522,401491000
2023-11-29,47.99665451049805,48.616804044774916,47.71748947427739,48.23494506927642,382005000
2023-11-30,46.630733489990234,47.96674352591701,46.28377015509841,47.88099726514556,526247000
2023-12-01,46.62574768066406,47.05945375436282,46.04946966832762,46.38646445632827,369317000
2023-12-04,45.37448501586914,45.93979802137365,44.87597384591377,45.93979802137365,437543000
2023-12-05,46.431419372558594,46.46531769952222,45.14016013303565,45.33459625037478,371718000
2023-12-06,45.371490478515625,47.25004822206123,45.2807538725136,47.07854443551646,380590000
2023-12-07,46.461334228515625,46.49423979899288,45.47220061553475,45.56792383673814,350823000
2023-12-08,47.36870574951172,47.60302719608969,46.41546736033398,46.46033928594401,359224000
2023-12-11,46.49224090576172,47.393627560593224,45.69754725900702,47.353746056504626,509728000
2023-12-12,47.51926803588867,47.5282408991093,45.91292392475919,45.91292392475919,372387000
2023-12-13,47.94902420043945,48.45356234904266,47.47041188410191,47.49135110162281,447792000
2023-12-14,48.210262298583984,48.52933716331639,47.28494671232897,48.25014760759364,391232000
2023-12-15,48.74870300292969,49.2612174369844,47.98092791403106,48.05471535600333,479948000
2023-12-18,49.93227767944336,50.28724783914224,49.00795855556237,49.25723605827901,412587000
2023-12-19,49.46064376831055,49.55636699628033,48.75369315436852,49.281163666785375,464444000
2023-12-20,47.971954345703125,49.85449831929735,47.95899143016388,49.511490749608875,397894000
2023-12-21,48.84841537475586,48.95311145717248,48.279062673701084,48.669931851728876,300425000
2023-12-22,48.68887710571289,49.24027646361489,48.32692345139222,49.05282008065704,252507000
2023-12-26,49.1365852355957,49.45665670800159,48.8185068878219,48.826483190023204,244200000
2023-12-27,49.27418899536133,49.53642943515857,48.94314771611391,49.36791910846013,233648000
2023-12-28,49.37887954711914,49.73983287122963,49.26919684127221,49.49953204501984,246587000
2023-12-29,49.37887954711914,49.85250906748791,48.61010784761711,49.66903891502132,389293000
2024-01-02,48.0287971496582,49.15253910375024,47.4574550266933,49.101687798613916,411254000
2024-01-03,47.431522369384766,48.04474284454288,47.183241449788504,47.34776550065434,320896000
2024-01-04,47.859283447265625,48.35983153595327,47.3706979086473,47.62894825426151,306535000
2024-01-05,48.95510482788086,49.40380504311915,48.166390532700504,48.321941715696894,415039000
2024-01-08,52.10198974609375,52.12392933182719,49.3360082047019,49.368913779629096,642510000
2024-01-09,52.986419677734375,54.16799628302355,51.54060955653382,52.249557041176296,773100000
2024-01-10,54.19292449951172,54.442201988108685,53.334412767924995,53.46104844034716,533796000
2024-01-11,54.6635627746582,55.18605048150879,53.40521272938546,54.840053191345746,596759000
2024-01-12,54.551883697509766,54.81113441098262,54.172984660391826,54.4621436511034,352994000
2024-01-16,56.219051361083984,56.67074127144449,54.74133601464206,54.858995015384636,449580000
2024-01-17,55.8910026550293,56.30779386315222,54.58179762947745,56.18415168775575,474394000
2024-01-18,56.941959381103516,57.43353464294008,55.94484937824919,57.094517089822695,491650000
2024-01-19,59.31906509399414,59.32803795704181,57.05961145486245,57.82140334356974,543501000
2024-01-22,59.481597900390625,60.15664330232137,58.89928603895681,59.87545679775879,452955000
2024-01-23,59.6999626159668,59.73685443495751,58.41568304614902,59.39783691409728,294654000
2024-01-24,61.18465805053711,62.667360005652704,59.76477374613349,60.12971710051197,560271000
2024-01-25,61.43891906738281,62.53773532424112,60.67413370207847,62.16979849805745,482777000
2024-01-26,60.8546142578125,61.60444363196895,60.39794153183259,60.78382030493906,390309000
2024-01-29,62.28447341918945,62.30840232360706,60.73097744998884,61.055035142050976,348733000
2024-01-30,62.59257888793945,63.309502714007664,62.08006442941247,62.71821799882993,410735000
2024-01-31,61.34918975830078,62.089045984947674,60.524580091271865,61.26243938962684,453795000
2024-02-01,62.844844818115234,63.00837229900728,61.47182560913307,61.920522012090565,369146000
2024-02-02,65.96880340576172,66.40752664709339,63.5059366044878,63.78911624931711,476578000
2024-02-05,69.13163757324219,69.2961616511714,67.010785504722,68.02783445051155,680078000
2024-02-06,68.02583312988281,69.55240673067756,66.10839412447636,69.42876454653677,683111000
2024-02-07,69.89640045166016,70.01705293105977,67.40462245828914,68.12154618534456,495575000
2024-02-08,69.43972778320312,70.58939534958982,69.2542683281726,69.87147502102263,414422000
2024-02-09,71.92453002929688,71.97637408306973,70.00907672049794,70.32914813919767,436637000
2024-02-12,72.03919219970703,74.39536169687851,71.04407549243956,72.39017224345903,613710000
2024-02-13,71.9195556640625,73.2377338167756,69.41880791459157,70.19655257557241,602580000
2024-02-14,73.6864242553711,74.0214517262709,71.73009661007124,72.99044348203591,504917000
2024-02-15,72.447998046875,73.76119293905592,72.19074811074873,73.655504112388,420122000
2024-02-16,72.40314483642578,74.18697602398943,72.29146900724291,73.8858468671519,495327000
2024-02-20,69.25128936767578,71.74805069531128,67.53825202114858,71.7390740272432,704833000
2024-02-21,67.27700805664062,68.68891622407938,66.05654635382845,67.8094614044966,673755000
2024-02-22,78.31102752685547,78.34791554573746,74.00550573707999,74.80817959484354,865100000
2024-02-23,78.5892333984375,82.15589232862996,77.34583537657274,80.5565313325956,829388000
2024-02-26,78.8634262084961,80.41293598535317,78.27811704521838,79.46966317926245,503973000
2024-02-27,78.47354125976562,79.25029679601072,76.9389952975712,79.151576284054,391705000
2024-02-28,77.43854522705078,78.70487140466068,76.90209811291284,77.39567023328642,393110000
2024-02-29,78.88336181640625,79.75882270864132,78.12356300049603,78.86541608909434,507289000
2024-03-01,82.04121398925781,82.06215701188974,79.20543135087004,79.76880094187264,479135000
2024-03-04,84.99065399169922,87.44155024884783,83.47704345209779,83.88685110747949,615616000
2024-03-05,85.7195816040039,85.85220668028344,83.17982622827054,85.02755456111447,520639000
2024-03-06,88.44780731201172,89.46889796984821,86.78255724053227,87.7717411927185,582520000
2024-03-07,92.40552520751953,92.50324615104638,89.34724386412462,89.90166281939615,608119000
2024-03-08,87.27912902832031,97.12306133342042,86.26003174516178,94.86749190765931,1142269000
2024-03-11,85.53012084960938,88.54452056286361,83.92669117198699,86.18325727083518,678364000
2024-03-12,91.65166473388672,91.69852817689657,85.90505025020566,87.79865287127926,668075000
2024-03-13,90.62958526611328,91.24383116033475,88.18355678072699,90.79611026460987,635713000
2024-03-14,87.6939697265625,90.38829123378348,86.35378904106551,89.32233022692557,602318000
2024-03-15,87.58726501464844,89.29140572149215,86.01176295929899,86.68284605628648,642086000
2024-03-18,88.20349884033203,92.14226481208601,86.83739140527486,90.13100142686399,668976000
2024-03-19,89.14381408691406,90.28655172899164,84.7682901573293,86.4534797466604,672171000
2024-03-20,90.11504364013672,90.15293760178423,87.97215190090783,89.54167399398385,479063000
2024-03-21,91.17501831054688,92.38457441104313,90.14794815065484,92.03756431354115,480372000
2024-03-22,94.02091979980469,94.50852789687556,90.5757411997652,90.88186754884678,586719000
2024-03-25,94.73188781738281,96.4908723257128,93.2441331194467,93.67390745044557,552136000
2024-03-26,92.29782104492188,96.10097979295517,92.23899068459922,95.57846759747075,513648000
2024-03-27,89.99340057373047,92.97489725482532,88.8696059634602,92.8472628285773,586067000
2024-03-28,90.09911346435547,91.04042984029452,88.93941795794628,89.74412280119583,435212000
2024-04-01,90.10607147216797,91.96277679415357,88.9503702442798,90.04225806770008,452441000
2024-04-02,89.19766998291016,89.83784291883602,87.3708780678764,88.19651917898095,433064000
2024-04-03,88.71104431152344,90.11703889051455,88.14865256608842,88.23241336254476,370067000
2024-04-04,85.6607437133789,90.3763015666953,85.63581327474101,90.1489453998678,434965000
2024-04-05,87.75777435302734,88.22942906906539,85.68169327218381,86.61901544259366,399678000
2024-04-08,86.88526153564453,88.57743512523471,86.4854007087341,88.44779987998065,283220000
2024-04-09,85.11129760742188,87.38581757145292,82.78593537872872,87.19336556349879,501700000
2024-04-10,86.79153442382812,87.15150809881327,83.4710003679758,83.68738625967652,431929000
2024-04-11,90.35835266113281,90.48100403591603,86.67884945614712,87.17144056555283,431637000
2024-04-12,87.93524932861328,89.91859983995623,87.28111636114915,89.44394775788123,426805000
2024-04-15,85.7564697265625,90.35535577476978,85.68467584656017,88.84466403718538,443077000
2024-04-16,87.16644287109375,87.86743925660943,85.81928640826591,86.18723286307491,370453000
2024-04-17,83.79607391357422,88.52259493497695,83.7113088922385,88.08882656112145,495400000
2024-04-18,84.43024444580078,85.94493013538192,82.167698910902,84.7283978612392,447260000
2024-04-19,75.98333740234375,84.08423897081519,75.39103216599602,82.91358102333888,875198000
2024-04-22,79.29190063476562,79.84532288255929,76.18276995811692,77.8819196640173,596341000
2024-04-23,82.18864440917969,82.53366130187051,80.03578647084935,80.53934787289336,438559000
2024-04-24,79.45045471191406,83.84292866853282,78.95785602564062,83.71130021339918,512208000
2024-04-25,82.39706420898438,83.08609383460076,78.00059569231401,78.64375847887948,424641000
2024-04-26,87.48554992675781,88.07985603184983,83.1499127117647,83.57968703669025,551011000
2024-04-29,87.50747680664062,87.74180161200195,85.02355474971789,87.34593487887717,388971000
2024-04-30,86.15634155273438,88.56646933597486,86.05463417701857,86.99195638809022,363709000
2024-05-01,82.80489349365234,85.75547993219622,81.02396844600167,84.83510772715242,559863000
2024-05-02,85.572998046875,85.99180203592717,82.96343457532701,84.20888384405981,377898000
2024-05-03,88.53656005859375,89.02715799782622,86.79253219903528,87.53940321936913,398341000
2024-05-06,91.87802124023438,91.95779560513117,88.80179361610953,89.13584021044993,376203000
2024-05-07,90.2965316772461,91.52004037192769,88.75791956813879,90.83898366205493,437342000
2024-05-08,90.1549301147461,90.93470430679172,89.1657463302182,89.22857072950318,325721000
2024-05-09,88.49465942382812,90.81304550195526,87.9801277687823,90.27159019237384,378013000
2024-05-10,89.62245178222656,91.14112411341107,88.973301771079,90.04823965753017,335325000
2024-05-13,90.1419677734375,90.73926364427145,88.2772820639822,90.22073791617511,289680000
2024-05-14,91.09626007080078,91.39041950305226,88.68114159761363,89.34425178727211,296507000
2024-05-15,94.3609390258789,94.59228164011105,91.3385587292716,92.20907765380471,417735000
2024-05-16,94.09071350097656,95.54656142094716,93.83543705567772,94.64014935721045,323952000
2024-05-17,92.216064453125,94.47063766933178,91.54498136339171,94.10069789533013,359691000
2024-05-20,94.510498046875,94.92930197847484,93.1743119009991,93.4834280017941,318764000
2024-05-21,95.11479949951172,95.12875963376091,92.9150703346718,93.33287775310836,328946000
2024-05-22,94.68002319335938,95.74698053068366,92.98386328100148,95.18757861855156,548648000
2024-05-23,103.50386810302734,106.01769615650826,101.23134112874065,101.73789993945216,835065000
2024-05-24,106.1662826538086,106.17226230771774,102.70714415978955,104.15202177987621,429494000
2024-05-28,113.5771484375,114.61219912037285,109.57057499198291,109.93054862844438,652728000
2024-05-29,114.49850463867188,115.16360791459981,110.5856661199997,112.72855774303346,557442000
2024-05-30,110.18579864501953,115.48967457165925,109.35118062208709,114.32399984417806,484553000
2024-05-31,109.32128143310547,112.39651226649593,106.6359377048998,112.20006619281486,613263000
2024-06-03,114.67301177978516,114.67301177978516,111.68453173387806,113.29793498606988,438392000
2024-06-04,116.1059341430664,116.26847269779265,113.72073695926161,115.38699108204422,403324000
2024-06-05,122.09188079833984,122.10085027973177,117.13401707628022,118.03444954327455,528402000
2024-06-06,120.65397644042969,125.22992577254257,117.98358919974154,123.69530003662086,664696000
2024-06-07,120.5442886352539,121.34600353396539,117.68643999762348,119.42946352714927,412386000
2024-06-10,121.4437255859375,122.74999853797115,116.67731737762591,120.02776477909312,313434100
2024-06-11,120.57613372802734,122.53072064853247,118.41211998717576,121.43375200225071,222551200
2024-06-12,124.85427856445312,126.52963983604721,122.23154359875069,122.72018841720352,299595000
2024-06-13,129.25209045410156,129.44156821528892,126.8088590238474,129.03269675342705,260704500
2024-06-14,131.51583862304688,132.4731792100278,127.9656714477386,129.60114223243076,309320400
2024-06-17,130.6183319091797,133.36073857025062,129.22220369566065,132.6227916073861,288504400
2024-06-18,135.2056121826172,135.95354113797538,130.3291160023479,130.7778703322321,294335100
2024-06-20,130.41888427734375,140.37132287672648,129.16236891328995,139.4139821850634,517768400
2024-06-21,126.22050476074219,130.2692991464158,123.95677620908012,126.76898910126683,649445800
2024-06-24,117.78384399414062,124.11630717061917,117.71403760101381,122.89967494041525,476060900
2024-06-25,125.74180603027344,126.1506774907381,118.99050434542877,120.86531009404065,414192600
2024-06-26,126.05096435546875,127.76620840809865,122.26145451808375,125.7817056647018,362975900
2024-06-27,123.64761352539062,126.06093675176166,122.58056851355609,123.75731038151326,252571700
2024-06-28,123.19886779785156,127.35735127952529,122.41104832536521,124.23599694106169,315516700
2024-07-01,123.95675659179688,124.49525872121755,118.50186042748064,123.12904675738962,284885500
2024-07-02,122.33126068115234,123.06922274393042,120.69578993975959,120.79551228090267,218374000
2024-07-03,127.92576599121094,127.92576599121094,121.02487672675784,121.32405134915433,215749000
2024-07-05,125.48253631591797,128.49420118342798,125.3329490025218,127.02825159880693,214176700
2024-07-08,127.84600067138672,130.40891148198673,126.68920771422978,127.13796209423431,237677300
2024-07-09,131.0172119140625,133.4504765285805,128.29473958471138,129.99005737514514,285366600
2024-07-10,134.53746032714844,134.72693809179796,132.0543307877707,133.65988550841513,248978600
2024-07-11,127.0481948852539,135.77402473321786,126.69916290866759,135.37513539330575,374782700
2024-07-12,128.88311767578125,131.5557097271737,126.86869151292463,127.90581292565753,252680500
2024-07-15,128.0853271484375,131.02717795052595,126.828804392605,130.19946809344353,208326200
2024-07-16,126.01107788085938,128.68367018979245,124.23599428065054,128.0853361228611,214769500
2024-07-17,117.66417694091797,121.51351843622722,116.39768730256174,121.01489915039261,390086200
2024-07-18,120.75562286376953,122.0620106514847,116.23813305693453,121.51352635797906,320979500
2024-07-19,117.60435485839844,121.26421889531369,117.04590364640599,120.01767057688257,217223800
2024-07-22,123.19886779785156,123.72740308245356,119.52902914046476,120.01767396475167,258068900
2024-07-23,122.2514877319336,124.34569507405075,121.76284290265906,122.44096551828241,173911000
2024-07-24,113.93451690673828,119.61877422549412,113.12675602679064,118.8409292880146,327776900
2024-07-25,111.9699478149414,116.30793416547407,106.00646529957123,112.72785127466838,460067000
2024-07-26,112.74779510498047,115.87912373985303,111.27188621900741,115.86915683172242,293399100
2024-07-29,111.28185272216797,115.95890423286832,110.99266022089631,113.3760598876514,248152100
2024-07-30,103.44355773925781,111.68074265241845,102.25684143468115,111.21203931839821,486833300
2024-07-31,116.69686126708984,118.01321595584747,110.57381668062193,112.58824297616627,473174200
2024-08-01,108.90843200683594,119.82819978465332,106.51505772619602,117.20545726694776,523462300
2024-08-02,106.9737777709961,108.4197782586363,101.09007631034588,103.47347587762454,482027500
2024-08-05,100.17262268066406,103.12445587816262,90.43957861096249,91.80579073756999,552842400
2024-08-06,103.96212768554688,107.41257244920943,100.27234777984627,103.55325619325184,409012100
2024-08-07,98.63687896728516,108.4995686514933,98.41748524596572,107.51229690555586,411440400
2024-08-08,104.68013763427734,105.208672877848,97.2507054584759,101.71833775867768,391910000
2024-08-09,104.46075439453125,106.30564447792429,103.14439960768745,105.34829623370402,290844200
2024-08-12,108.71896362304688,110.7633060746513,105.96659019039194,106.02642207987165,325559900
2024-08-13,115.81930541992188,115.90906086189524,111.27189924867696,112.12952516459809,312646700
2024-08-14,117.7539291381836,118.27248983356148,113.75500044516707,118.2026834397928,339246400
2024-08-15,122.52074432373047,122.89969228155606,117.1456284695593,118.43206727440648,318086700
2024-08-16,124.2359848022461,124.6548231821397,120.84537209002657,121.60327554530542,302589900
2024-08-19,129.64100646972656,129.64100646972656,123.07917523933753,123.93680096772643,318333600
2024-08-20,126.89862823486328,129.521370960835,125.54238295508182,128.0454466862765,300087400
2024-08-21,128.1451416015625,128.9928003758598,126.31022649443915,126.9683999190984,257883600
2024-08-22,123.39830780029297,130.38895283197962,122.7600756761678,129.66097288180268,376189100
2024-08-23,129.0127410888672,129.24211690201355,124.87420736161047,125.51243939894613,323230300
2024-08-26,126.11079406738281,130.89753484404284,124.02656901853358,129.2122143703238,331964700
2024-08-27,127.94570922851562,128.8432178383991,123.53790904760211,124.70468393543807,303134600
2024-08-28,125.26314544677734,127.97563574905244,122.30134548595971,127.76620894054898,448101100
2024-08-29,117.26528930664062,124.0864056350864,116.38772203285157,121.02488328117458,453023300
2024-08-30,119.04037475585938,121.41379989153823,116.89631023816276,119.19992897597831,333751600
2024-09-03,107.70176696777344,115.8890948214911,106.99372848681783,115.68965014821475,477155100
2024-09-04,105.91670989990234,112.95721192187169,103.83248489547353,105.11892359162538,372470300
2024-09-05,106.91395568847656,109.34722045042044,104.47072401794104,104.70008464878364,306850700
2024-09-06,102.54605102539062,107.85136027800363,100.67123751563678,107.74166341909986,413638100
2024-09-09,106.17599487304688,106.25577578698045,103.4036727846321,104.59038154400555,273912000
2024-09-10,107.80148315429688,109.09789628161208,104.660180275284,107.51228306871653,268283700
2024-09-11,116.58717346191406,116.86639906475774,107.12337325723898,109.0879346022382,441422400
2024-09-12,118.82118225097656,120.46676839354188,115.07124183313299,116.52733397843357,366052700
2024-09-13,118.78128051757812,119.6389797203674,117.28529459768677,118.76133738659651,238358300
2024-09-16,116.46749114990234,117.8637462195167,114.05396898625607,116.47746652004345,248772300
2024-09-17,115.28067779541016,118.48209453930119,114.52271703198278,117.85377554798693,231925900
2024-09-18,113.06661987304688,117.38502682895009,112.91701975753097,115.57987289959789,310318900
2024-09-19,117.55457305908203,119.3397837869768,116.93622949013678,117.03596036023049,293506400
2024-09-20,115.6895751953125,118.30256661567998,115.08120699289479,116.74673611998301,382462400
2024-09-23,115.94888305664062,116.67692526968904,114.55262802291854,116.23810791147417,206228500
2024-09-24,120.54655456542969,121.47406618937484,115.07124032940908,116.20818908018337,354966800
2024-09-25,123.17948150634766,124.60565503965537,121.28456450552947,121.69346336275538,284692900
2024-09-26,123.70804595947266,127.32832864041526,121.47404276183455,126.46066179788725,302582900
2024-09-27,121.07511901855469,123.69807805046355,118.9408465511356,123.63824105329503,271009200
2024-09-30,121.11502838134766,121.1748653861715,117.83383152489164,117.99339940741461,226553700
2024-10-01,116.68690490722656,122.11234975829879,115.48014381228901,121.44413691318621,302094500
2024-10-02,118.53195190429688,119.06053238913914,114.831880901423,116.12840510154699,221845900
2024-10-03,122.52124786376953,124.0272091849403,120.01796257527629,120.59641230247804,277118000
2024-10-04,124.5857162475586,124.70539787062728,121.50398864108045,124.60566698922597,243678100
2024-10-07,127.37820434570312,130.2903881845544,124.61561299835192,124.65550686574433,346250200
2024-10-08,132.53436279296875,133.12278019873037,129.07364789501582,129.91139625758697,285722500
2024-10-09,132.2949981689453,134.16000405397224,131.0284078789419,133.75109763690637,246191600
2024-10-10,134.44923400878906,134.63872798675436,130.64943234270237,131.55700075403345,242311300
2024-10-11,134.43927001953125,135.4166432187145,133.30232133780012,133.6513755856735,170209500
2024-10-14,137.70054626464844,139.22645092545358,135.93527834055612,136.10482161198357,232347700
2024-10-15,131.24783325195312,138.1991821543322,128.3954862474048,137.50104323972985,377831000
2024-10-16,135.3568115234375,136.25439701653355,131.22789086287455,133.62146232310147,264879700
2024-10-17,136.56356811523438,140.512977854023,136.50373111006368,138.96712260930138,306435900
2024-10-18,137.63070678710938,138.52829226592988,136.9126323168706,138.2989120156457,176090200
2024-10-21,143.32545471191406,143.32545471191406,137.6307273412408,137.76038434543935,264554500
2024-10-22,143.2057342529297,144.03351491090646,141.40058044009385,142.52756130979012,226311600
2024-10-23,139.1865234375,142.04883820987033,137.09215234233463,141.649914730207,285930000
2024-10-24,140.03424072265625,140.9717275450093,138.08946232413336,140.44314713971724,172354900
2024-10-25,141.1612091064453,143.74428940833508,140.42319920700885,140.55284095753052,205122100
2024-10-28,140.14398193359375,142.75696611524302,139.6752384054106,142.6173413548028,173586700
2024-10-29,140.87200927734375,141.8793009979601,138.52829188537018,139.91457158033694,157593600
2024-10-30,138.9671173095703,139.9544735111022,136.4438889013892,139.16657905851807,179418100
2024-10-31,132.40472412109375,137.24175143875112,131.756469630996,137.2317836775648,270039600
2024-11-01,135.03765869140625,136.94255111570317,134.2098931927627,134.3395349599235,207127800
2024-11-04,135.68592834472656,138.58814473225323,135.207217103038,136.84282779526694,187528200
2024-11-05,139.5355987548828,139.99435925396384,136.9625011145287,137.08217511986183,160537400
2024-11-06,145.2203369140625,146.09798683530676,141.58011068537002,142.57743460752744,242043900
2024-11-07,148.48158264160156,148.53143666074,145.77882825788768,145.9982407267333,207323300
2024-11-08,147.23492431640625,149.3691967390222,145.868580298605,148.3718728926044,175665800
2024-11-11,144.8712615966797,148.4516658981078,143.18579701946294,148.2821074463959,182325600
2024-11-12,147.8931427001953,149.2495037052901,145.61924560605905,146.3871892091523,198634700
2024-11-13,145.87860107421875,148.9304104001191,145.50958080722086,148.67111161132874,191903300
2024-11-14,146.3672637939453,148.60127501764129,145.16051028397845,147.24491377788954,194463300
2024-11-15,141.6000213623047,144.85130651757171,139.70511232986095,144.48228638291062,250132900
2024-11-18,139.77493286132812,141.1711953957962,136.7829612819808,139.1266784396513,221205300
2024-11-19,146.61659240722656,146.73628163269873,140.61271302151263,140.9418317601378,227834900
2024-11-20,145.4995880126953,147.16511715506326,142.34804073132528,147.0155246522584,309871700
2024-11-21,146.27749633789062,152.48085228758558,140.3234713661803,148.95033233522298,400946600
2024-11-22,141.57012939453125,146.7661937868221,140.72241318136372,145.539474391015,236406200
2024-11-25,135.656005859375,141.66986796819967,135.45654411602544,141.61003096699034,344941900
2024-11-26,136.55360412597656,138.9272401830298,135.30694909062626,137.33151565059862,190287700
2024-11-27,134.97781372070312,136.85278753282546,131.44729379106425,134.64869500572706,226370900
2024-11-29,137.88003540039062,138.97709782710584,135.68592576491588,136.41396798376013,141863200
2024-12-02,138.25904846191406,140.07417045795853,137.45121835469945,138.45851024352928,171682800
2024-12-03,139.88465881347656,140.16390831614373,137.58084280749418,137.89001081273594,164414000
2024-12-04,144.75160217285156,145.39985667412174,139.9145747718299,141.6200054773523,231224300
2024-12-05,144.68179321289062,146.15793025557377,143.57468662612678,144.73166589534063,172621200
2024-12-06,142.06863403320312,145.32012910905055,140.9415752898697,144.2230061514487,188505600
2024-12-09,138.44805908203125,139.58508599383495,136.77244688316378,138.6076455444956,189308600
2024-12-10,134.7178192138672,141.4502189353748,133.44114274667672,138.64753308216282,210020900
2024-12-11,138.94676208496094,139.8045203384501,134.85746151474785,137.00184953896905,184905200
2024-12-12,136.98190307617188,138.07904108019704,135.44592508954074,136.72258646567687,159211400
2024-12-13,133.8999481201172,139.23600428177866,132.1944001851312,138.5777215546611,231514900
2024-12-16,131.65582275390625,134.04955889819416,130.07994062496547,133.8301313094174,237951100
2024-12-17,130.05003356933594,131.24690176576593,126.5292385551769,128.75342001528475,259410300
2024-12-18,128.5738983154297,136.3435808551527,127.94553603601128,133.51098920213212,277444500
2024-12-19,130.33924865722656,133.6805197239663,129.21220544602065,131.41643441707996,209719200
2024-12-20,134.34877014160156,134.9272596326742,127.88567083765561,129.4715213006466,306528600
2024-12-23,139.30581665039062,139.42549888718457,134.76767747092137,135.9246564899382,176053500
2024-12-24,139.8544158935547,141.53002844762267,138.28850193430708,139.63498826590208,105157000
2024-12-26,139.56515502929688,140.48276971800976,137.37089410442982,139.33575896662117,116205600
2024-12-27,136.65274047851562,138.65750913681617,134.35874991156737,138.18873344590025,170582600
2024-12-30,137.13153076171875,139.90428131004603,133.67057680049638,134.4784624698932,167734700
2024-12-31,133.93984985351562,137.71000800391963,133.48105776544256,137.67010377599792,155659200
2025-01-02,137.9493865966797,138.51790776015002,134.2789886408903,135.64541181631114,198247200
2025-01-03,144.09332275390625,144.52219430432945,139.36567593719187,139.6449446721197,229322500
2025-01-06,149.04039001464844,151.76328315584956,147.43460231153736,148.20258376458906,265377400
2025-01-07,139.77459716796875,152.73073241075815,139.6449312609891,152.63098706400407,351782200
2025-01-08,139.7446746826172,143.57465852876186,137.20132056545756,142.20823556727345,227349900
2025-01-10,135.55564880371094,139.55518814906236,133.87005266470834,137.09162690267476,207602500
2025-01-13,132.88262939453125,133.14196124495902,129.1723272147668,129.65108668370792,204808900
2025-01-14,131.4164581298828,136.02442280388445,129.71092511662002,135.6952813829554,195590500
2025-01-15,135.88479614257812,136.09424010113995,130.94768976753863,133.30153730793728,185217300
2025-01-16,133.2217254638672,138.38821138373916,133.14193223642877,138.27849759838656,209235600
2025-01-17,137.3509521484375,138.13888566634566,135.10681862678206,136.33360735729912,201188800
2025-01-21,140.46282958984375,141.46022238799446,136.73257504591786,138.79718544321284,197749000
2025-01-22,146.6865692138672,147.40467804215123,143.29542449743752,144.28284886721386,237651400
2025-01-23,146.8361358642578,146.84610431115016,143.3452618575768,144.67179580639592,155915500
2025-01-24,142.2481231689453,148.58157206293976,141.5100624088345,147.98313043457708,234657600
2025-01-27,118.11123657226562,128.06521102414737,116.39571998533557,124.47460659166907,818830900
2025-01-28,128.6536865234375,128.66365497133788,115.94689837533355,121.49239920882492,579666400
2025-01-29,123.37747192382812,126.55915701971556,119.7369947161038,126.17017448185184,467120600
2025-01-30,124.32499694824219,124.67408285834512,117.79207196266405,122.77903527699785,392925500
2025-01-31,119.7569351196289,127.51664871512425,118.8792323275003,123.45726093608867,388161100
2025-02-03,116.35582733154297,118.26084328911304,112.71534272693829,114.45080376447106,371235700
2025-02-04,118.34062957763672,120.88397605738155,116.39570950659508,116.65503370463425,256550000
2025-02-05,124.50452423095703,124.67407915232373,120.44513651813745,121.44252915135603,262230800
2025-02-06,128.344482421875,128.43425932928383,124.88353622330139,127.08777312720079,251483600
2025-02-07,129.50143432617188,130.03005111642076,124.6740584360869,128.88305586640928,228186300
2025-02-10,133.2217254638672,134.64798945444892,129.6211378778437,129.7507885558044,216989100
2025-02-11,132.45375061035156,134.12936300336048,130.67839286199495,132.23432300379022,178902400
2025-02-12,130.7980499267578,131.8951877482998,128.74342384187153,129.68097521318893,160278600
2025-02-13,134.93724060058594,136.14409236479662,130.82798788427175,131.21697039655388,197430000
2025-02-14,138.4879913330078,138.88694235090182,135.14671948687393,136.12416013401827,195479600
2025-02-18,139.0365447998047,143.06602007700403,137.57037622357197,140.90167961185236,219176600
2025-02-19,138.86697387695312,140.99142508356047,136.86222013681927,139.1462426003846,167536000
2025-02-20,139.7446746826172,140.2932436442011,136.43332401924008,139.6648814501138,143903600
2025-02-21,134.07948303222656,141.09116717483585,133.68053207054632,139.6748562571626,228217600
2025-02-24,129.94032287597656,138.22865397806314,129.74084737496105,136.20394796569565,251381100
2025-02-25,126.29981994628906,129.8605111604116,124.11553536570229,129.64108357480436,271428700
2025-02-26,130.93772888183594,133.3813382599071,128.15500959573998,129.65109883362112,322553800
2025-02-27,119.83673095703125,134.6579790491402,119.69709659183455,134.64801060127058,443175800
2025-02-28,124.59429931640625,124.76385425600982,116.09651651556653,117.71228788508736,389091100
2025-03-03,113.76260375976562,123.37746834229016,111.98724605192426,123.18796891235903,411381400
2025-03-04,115.68757629394531,118.9989197292815,109.82291000037466,110.36150296756519,398163300
2025-03-05,116.99415588378906,117.971596377653,114.2114295961939,117.27342459632162,284337900
2025-03-06,110.2817153930664,115.0492514915792,109.93262945458795,113.23399700198848,321181900
2025-03-07,112.39617919921875,113.18412029909872,107.27955007853643,110.95993136050063,341755500
2025-03-10,106.70105743408203,111.55835424093472,105.18501650973491,109.61344182887889,366487400
2025-03-11,108.4764175415039,111.94733940770921,104.4968157267925,106.71102843945867,354865700
2025-03-12,115.4488525390625,116.46629097878981,112.59604629385464,113.83293253862912,323857500
2025-03-13,115.28925323486328,117.46376961532557,113.50375517662202,116.73560262668995,299033100
2025-03-14,121.36392974853516,121.57340056729696,117.85278787516224,118.31162980343127,277593500
2025-03-17,119.22930908203125,122.58085727393843,117.73308248243704,122.43123309193861,255501500
2025-03-18,115.1396255493164,118.7205909220559,114.25186503478537,117.70316017412442,299686900
2025-03-19,117.22435760498047,120.14698705841565,115.3889900516623,116.97498651717953,273426200
2025-03-20,118.23181915283203,119.89761619602571,116.17700382075364,116.25680439544837,248829700
2025-03-21,117.4039077758789,117.6931791575635,115.1296446207881,116.64582513098318,266498500
2025-03-24,121.1045913696289,121.91255134314885,119.03979124138472,119.5784337604655,228452500
2025-03-25,120.38639831542969,120.9848874515059,118.6208466122723,120.24675110401866,167447200
2025-03-26,113.47382354736328,118.5410383402261,112.42646191953317,118.4313220614094,293463300
2025-03-27,111.14968872070312,114.1620883069464,110.3816290692769,111.06988814101668,236902100
2025-03-28,109.39411926269531,112.58607411134861,108.79563010676111,111.20954068147716,229872500
2025-03-31,108.10735321044922,110.68086470981991,103.38925640513808,104.86552901006266,299212700
2025-04-01,109.87290954589844,109.92277920039626,106.20216660392524,108.2470050831867,222614000
2025-04-02,110.14222717285156,111.69830803370559,106.52136148952614,107.02010369655069,220601200
2025-04-03,101.54391479492188,105.36427425680411,101.344413349133,103.24961220285616,338769400
2025-04-04,94.07276153564453,99.87812106911886,91.87829866162578,98.66119636165205,532273800
2025-04-07,97.39437103271484,101.49403230771996,86.40209687721266,87.23998007579976,611041300
2025-04-08,96.05775451660156,105.58372634261488,94.2223791915971,103.54885717389794,476243400
2025-04-09,114.04239654541016,114.8104562069238,97.28465510127192,98.6412345329499,612918300
2025-04-10,107.29940032958984,110.58112503277279,98.90058321638736,109.09487535601897,437812400
2025-04-11,110.65094757080078,111.26939065397997,107.20962934859612,108.22706011361765,313417300
2025-04-14,110.4314956665039,114.00249160148302,108.79562187923341,113.82294410726054,264705000
2025-04-15,111.9177474975586,113.33418114021705,110.22202704858428,110.69084593782598,228966900
2025-04-16,104.22714233398438,106.52135948725393,100.1973044637503,104.2869965726397,397016900
2025-04-17,101.23468780517578,104.20719461222582,99.79831546993584,104.1872406628714,292517500
2025-04-21,96.66621398925781,99.18984822876095,94.80091547691985,98.52152791683338,288501100
2025-04-22,98.64122772216797,99.55891150664588,97.03527729423074,98.53150383378456,241004800
2025-04-23,102.45161437988281,104.53636058197965,101.76334775853866,104.25705857766793,247526000
2025-04-24,106.1622543334961,106.27197821529161,102.85060676252529,103.21967869312851,220815000
2025-04-25,110.73074340820312,111.63845023877658,105.46402708737592,106.5812047250048,251064700
2025-04-28,108.45648193359375,110.09235573735528,105.75329251827114,109.4140660423662,207708500
2025-04-29,108.7457504272461,109.9227823722281,107.16973079396023,107.39914795371472,170444300
2025-04-30,108.64599609375,108.64599609375,103.81817538074749,104.20719367744803,235044600
2025-05-01,111.32923126220703,114.6508560442669,111.02001354244473,112.79553450528941,236121500
2025-05-02,114.21197509765625,115.10971266849934,113.08482035383273,113.89278036249011,190194800
2025-05-05,113.53367614746094,114.38153638068397,112.3765981799359,112.62596928442517,133163200
2025-05-06,113.25438690185547,114.4513652140045,110.541227943435,111.19957134225872,158525600
2025-05-07,116.7655258178711,117.38396890879066,111.99755142427854,112.7656187028628,206758800
2025-05-08,117.07474517822266,118.38144728921775,115.55856464909375,117.95252869863282,198428100
2025-05-09,116.35655975341797,117.9325869721132,114.92017974547274,117.05479580716789,132972200
2025-05-12,122.69058990478516,122.69058990478516,119.97743092665668,121.66318211752383,225023300
2025-05-13,129.6031494140625,130.88991289915035,124.15689275092413,124.66561195964681,330430100
2025-05-14,134.99952697753906,135.09928149974084,131.34873063875938,132.86491109788813,281180800
2025-05-15,134.49081420898438,135.9571173935552,132.32627503661865,133.9521641466833,226632600
2025-05-16,135.05938720703125,136.0070096021913,133.1242801768634,135.87733175434735,226542500
2025-05-19,135.22897338867188,135.5282065455698,132.05696494191162,132.05696494191162,193154600
2025-05-20,134.0419464111328,134.24144022899694,132.28636428496227,133.9521612557517,161514200
2025-05-21,131.46844482421875,137.0543482410567,130.26148202288624,132.72526966841644,270608700
2025-05-22,132.49586486816406,133.91229099864714,131.21908595560456,131.8973680939745,187344000
2025-05-23,130.959716796875,132.3462194682512,128.8350854296202,129.67296865108418,198821300
2025-05-27,135.1591339111328,135.31873506532702,132.9746406768617,133.81252390577552,192953600
2025-05-28,134.4708709716797,136.904735369061,134.45091702175245,135.68780317037033,304021100
2025-05-29,138.83985900878906,143.12904506361895,137.56308016740775,141.8921589021039,369241900
2025-05-30,134.79006958007812,139.26876471984463,132.58562239610197,138.37103486307464,333170900
2025-06-02,137.03440856933594,137.7725372671851,135.05937854437917,135.14916370580715,197663100
2025-06-03,140.86473083496094,141.64276735349586,137.60295298700936,138.4308667634816,225578800
2025-06-04,141.56298828125,142.03180718032695,139.18897047063936,141.83231333868676,167120800
2025-06-05,139.6378631591797,143.63777059715719,138.48077746536075,141.81237210270294,231397900
2025-06-06,141.3634796142578,142.90958336053123,141.1540012092415,142.1514855332369,153986200
2025-06-09,142.27120971679688,144.63524295526028,141.58294302195193,142.8297985646697,185114500
2025-06-10,143.59786987304688,143.92702635161132,141.17397471532814,142.33106034435926,155881900
2025-06-11,142.4805908203125,144.6353103750697,141.52293261104455,144.25623511410478,167694000
2025-06-12,144.64527893066406,144.64527893066406,141.50299102868564,141.62269259555393,162365000
2025-06-13,141.6226806640625,143.22874251056697,140.50542554352353,142.13142750185233,180820600
2025-06-16,144.33602905273438,145.82237413621124,142.84966874779792,142.99931091676874,183133700
2025-06-17,143.76742553710938,144.8647406282524,143.42826095310537,144.13653073401778,139108000
2025-06-18,145.12408447265625,145.29366674757205,142.7698575136892,143.6576795538125,161494100
2025-06-20,143.4980926513672,145.84233449814036,142.30101614416546,145.09416929186932,242956200
2025-06-23,143.8173065185547,144.42581484809375,141.68254233682853,142.1513937655616,154308900
2025-06-24,147.53819274902344,147.59805875973223,145.14406985038545,145.20392063963206,187566100
2025-06-25,153.9324951171875,154.0721520137232,148.8948463426075,148.90483162044157,269146500
2025-06-26,154.64076232910156,156.33660039378947,153.6232534017049,155.59840525486092,198145700
2025-06-27,157.3640899658203,158.32174817747665,154.880175871103,155.65826650868465,263234500
2025-06-30,157.603515625,158.2718747820143,155.57848281781088,158.01250107649778,194580300
2025-07-01,152.92498779296875,156.81544119896878,151.1194180014287,155.9076636637482,213143600
2025-07-02,156.86532592773438,157.2144758260153,152.5957971297394,152.60576718743292,171224100
2025-07-03,158.9501953125,160.58618269349765,157.3840439934681,157.98256705200242,143716100
2025-07-07,157.8529052734375,158.92027983286837,156.9550977974466,157.8129946008361,140139000
2025-07-08,159.6085968017578,159.8280598400772,158.00253468758166,158.9402376292259,138133000
2025-07-09,162.48155212402344,164.01777813022636,160.7657585360006,160.8256093227867,183656400
2025-07-10,163.6985626220703,164.0975779997467,161.214648514871,163.91802564623063,167704100
2025-07-11,164.5165557861328,167.4792915182188,163.07010595303956,163.319494380175,193633300
2025-07-14,163.66864013671875,165.08516454052796,161.62365204151925,164.96544774793,136975800
2025-07-15,170.28240966796875,171.97824787505814,168.78607915204378,170.77121644956358,230627400
2025-07-16,170.95077514648438,171.32985042878116,168.4868162544787,170.64153593048928,158831500
2025-07-17,172.5767822265625,173.7339481189201,170.4120926228971,171.59918390717252,160841100
2025-07-18,171.9882354736328,173.8237306114437,170.841039596405,173.21522225123383,146456400
2025-07-21,170.96075439453125,172.9558617527255,170.58167912560677,172.32739806402674,123126100
2025-07-22,166.62139892578125,170.97073381366536,164.17739532245605,170.9208530826869,193114300
2025-07-23,170.36221313476562,170.84103463039327,167.55908978070133,169.1152710575868,154082200
2025-07-24,173.31497192382812,173.4047480967394,170.88093864849802,172.01814916975516,128984600
2025-07-25,173.07557678222656,174.29259358308082,172.53690445106827,173.18530830431874,122316800
2025-07-28,176.317626953125,176.56701539294556,173.54442872003753,173.59430945229414,140023500
2025-07-29,175.0806427001953,178.9411858321479,174.5918511336965,177.52466141853475,154077500
2025-07-30,178.8314666748047,179.44994513464422,175.60935707311754,176.07820855766118,174312200
2025-07-31,177.4348907470703,182.8516158332291,175.4996339264178,182.4525851776258,221685400
2025-08-01,173.29502868652344,176.1081221843386,170.47194991004753,173.6641186818972,204529000
2025-08-04,179.55966186523438,179.75916955634796,174.09307197712414,174.7315057215643,148174600
2025-08-05,177.8238983154297,179.81900550487381,175.4696712230272,179.18057181311008,156407600
2025-08-06,178.9810791015625,179.4599006050506,175.81883576850015,175.898641889325,137192300
2025-08-07,180.32777404785156,183.43016644757114,178.36259217804582,181.12581999654523,151878400
2025-08-08,182.25306701660156,182.85160535497593,179.95869034811614,181.10588629308998,123396700
2025-08-11,181.61460876464844,183.39025298215157,179.80903915640334,181.6046387082212,138323200
2025-08-12,182.71192932128906,184.02869221788941,179.0209838780724,182.51242163652668,145485700
2025-08-13,181.145751953125,183.51993435768304,178.91124166315015,182.17323092856017,179871700
2025-08-14,181.57470703125,182.57226061200618,179.02097229994772,179.31025614092474,129554000
2025-08-15,180.008544921875,181.45499460438234,177.6044370814236,181.43505449173978,156602200
2025-08-18,181.5647430419922,182.49247589603021,180.14821861780752,180.15820389652,132008000
2025-08-19,175.2103271484375,182.0535459787435,175.06070018553257,181.98370991508045,185229200
2025-08-20,174.97091674804688,175.5694550698242,168.38707131580557,174.74148365399904,215142700
2025-08-21,174.5519256591797,176.46722675550242,173.38478976711397,174.42225404103465,140040900
2025-08-22,177.55458068847656,178.15310374912357,170.78118284108405,172.1877371490149,172789400
2025-08-25,179.37014770507812,181.46501678957617,176.1380831102634,177.91372767003432,163012800
2025-08-26,181.32533264160156,181.94381103857447,178.37256711704984,179.61950918930867,168688200
2025-08-27,181.15574645996094,182.04356858750407,178.6618623689453,181.53480649120215,235518900
2025-08-28,179.72921752929688,184.01870074914646,175.978421739232,180.37763645615186,281787800
2025-08-29,173.75389099121094,177.714180280125,172.72641192849127,177.67428483075477,243257900
2025-09-02,170.36221313476562,171.9583050821389,166.81092453439402,169.58412249632292,231164900
2025-09-03,170.20260620117188,171.9882358353705,168.46687251736884,170.64153226145447,164424900
2025-09-04,171.24008178710938,171.43958949445846,168.9955858311417,170.1527518438138,141670100
2025-09-05,166.61141967773438,168.61649709218636,163.66863936987482,167.61894341349083,224441400
2025-09-08,167.8982391357422,170.54176523233733,166.94059623139324,167.14010390134433,163769100
2025-09-09,170.34226989746094,170.56173293634785,166.33211485189898,168.67635699060992,157548400
2025-09-10,176.89620971679688,178.851406558282,175.04075911822534,176.20789518840485,226852000
2025-09-11,176.7465362548828,179.84910351407555,176.05818301908454,179.25053151190707,151159300
2025-09-12,177.39501953125,178.17315412234487,176.02828346447401,177.34513598621658,124911000
2025-09-15,177.32516479492188,178.4225418052247,174.0929031464731,175.2501343169162,147061600
2025-09-16,174.46202087402344,177.0757538913052,173.96321593348455,176.5769489507663,140737800
2025-09-17,169.8829803466797,172.78602876073558,168.00748411706098,172.22736966160153,211843800
2025-09-18,175.8187713623047,176.67671647107687,172.54661216194535,173.56416328312818,191763300
2025-09-19,176.24774169921875,177.65437533147113,174.76129744715922,175.34989886544702,237182100
2025-09-22,183.17117309570312,184.1089289332547,174.29245016588177,174.8810364137678,269637000
2025-09-23,178.0035400390625,181.98400930831284,175.78885990523673,181.53508786527138,192559600
2025-09-24,176.5470428466797,179.35032450997934,174.98078784059663,179.34035389001875,143564100
2025-09-25,177.2653045654297,179.82915407834395,172.7162058826927,174.06297010669513,191586700
2025-09-26,177.7641143798828,179.3403398828169,174.51189629291883,177.74415791919978,148573700
2025-09-29,181.4153594970703,183.56021461148362,179.8890176259668,179.99874009736317,193063500
2025-09-30,186.13406372070312,186.90222763381766,181.04624695721463,181.6448190078555,236981000
2025-10-01,186.79248046875,187.6903232769056,183.46045188172369,184.79726069745416,173844900
2025-10-02,188.43853759765625,190.59337868298996,187.6105195355423,189.146847340247,136805800
2025-10-03,187.17156982421875,189.90502650703218,184.93693332773543,188.73782471792558,137596900
2025-10-06,185.09652709960938,186.78249020197808,182.89181782906448,185.05662940294908,157678100
2025-10-07,184.5977325439453,188.6081286768816,183.56022492696124,185.78489078203316,140088000
2025-10-08,188.65802001953125,189.14685437964263,186.0941551173159,186.12409742063042,130168900
2025-10-09,192.10975646972656,194.833227386451,190.60335569438294,191.7705575158363,182997200
2025-10-10,182.7222442626953,195.15245586263575,181.61489659616785,193.04749823427522,268774400
2025-10-13,187.86993408203125,189.65564939423433,185.51557372807815,187.52076447158947,153482800
2025-10-14,179.59971618652344,184.35831986008523,179.2705030798172,184.32839277968645,205641400
2025-10-15,179.4001922607422,184.42813951825556,176.86625456034105,184.35831474003746,214450500
2025-10-16,181.37545776367188,182.84194556906473,179.34034021746592,181.79445210488134,179723300
2025-10-17,182.78208923339844,183.65999082680747,179.3203816221287,179.74934657743225,173135200
2025-10-20,182.20347595214844,184.75735492260156,181.2956472677441,182.69231029505525,128544700
2025-10-21,180.72702026367188,182.35311411361405,179.37027013728058,182.35311411361405,124240200
2025-10-22,179.84910583496094,183.00155667206866,176.33751483638122,180.7070509305708,162249600
2025-10-23,181.72462463378906,182.59254038327154,179.3602787988416,179.988777912505,111363700
2025-10-24,185.8148193359375,187.02193404421294,183.06142142022418,183.40060514170608,131296700
2025-10-27,191.03231811523438,191.54109366524804,187.97961914819697,189.53590332097463,153452700
2025-10-28,200.54953002929688,202.6644582837766,191.45133202040452,192.58860677151606,297986200
2025-10-29,206.54513549804688,211.68283533037862,204.29054272961417,207.48289118740504,308829600
2025-10-30,202.40505981445312,205.66724825327245,200.92860151360617,204.6596525726598,178864400
2025-10-31,202.00604248046875,207.4729406961805,201.5870481318289,205.95656932325562,179802200
2025-11-03,206.3855438232422,210.83487551397138,205.06869143040765,207.58267267525224,180267300
2025-11-04,198.21511840820312,203.4824975937368,197.4569251230167,202.51481474882632,188919300
2025-11-05,194.74342346191406,202.43498679977526,194.18474916506034,198.29491205487744,171350300
2025-11-06,187.63046264648438,197.14765392942226,185.9345289438528,195.95052515240693,223029800
2025-11-07,187.70030212402344,187.86990920765928,178.4823961188316,184.45806985353664,264942300
2025-11-10,198.5742645263672,199.46213677715232,193.32682642239038,194.6436788693004,198897100
2025-11-11,192.69833374023438,194.9529266552934,190.84277869998112,194.69355355890158,176483300
2025-11-12,193.33680725097656,195.4218083488666,190.673190567689,195.25221648764446,154935300
2025-11-13,186.4134063720703,190.98246202725863,183.4106057333689,190.59339473372378,207423100
2025-11-14,189.71548461914062,190.55347333374138,180.14840873831534,182.4229582335574,186591900
2025-11-17,186.15403747558594,188.54829545593932,183.87948782755396,185.52553828625676,173628900
2025-11-18,180.92652893066406,184.35830936263392,179.22060933347112,182.94170515591497,213598900
2025-11-19,186.07420349121094,187.41099710874653,182.39302051116815,184.3483273978252,247246400
2025-11-20,180.208251953125,195.53154064523628,179.42014682895694,195.4816571057099,343504800
2025-11-21,178.4524688720703,184.11888595894638,172.51667761994415,180.80682891210233,346926200
2025-11-24,182.1136932373047,183.06141961318156,176.0581937395723,179.0610093294625,256618300
2025-11-25,177.39501953125,177.73420328176402,169.14478047484366,174.49197074476177,320600300
2025-11-26,179.82916259765625,182.47283807635972,177.81400147563977,181.19589856886267,183852000
2025-11-28,176.57696533203125,178.86148547381688,176.0781603452176,178.58215589898685,121332800
2025-12-01,179.48997497558594,179.8690716163194,173.2648835948944,174.3423041351479,188131000
2025-12-02,181.02630615234375,185.2162648499111,179.56978894419797,181.32557695606172,182632200
2025-12-03,179.16075134277344,182.013916155068,178.68190287158453,180.64719551618873,165138000
2025-12-04,182.95188903808594,184.08922700452197,179.53987513877786,181.19598816136636,167364900
2025-12-05,181.98414611816406,184.22889322931675,180.4876480440623,183.4606866221248,143971100
2025-12-08,185.1168212890625,187.5610985176648,181.97416608957425,182.21361127014939,204378100
2025-12-09,184.53817749023438,185.2864265695677,182.89203560496765,185.12679644575,144719700
2025-12-10,183.35096740722656,185.0469957406681,181.61502392815055,184.53819180758595,162785400
2025-12-11,180.5076141357422,180.896718300432,176.20767820623186,179.85913764092777,182136600
2025-12-12,174.61141967773438,182.39321360477518,174.21234434473615,180.6871989054384,204274900
2025-12-15,175.87843322753906,178.0034654802094,174.6213802569945,177.52459033283526,164775600
2025-12-16,177.3050994873047,178.0733061224419,174.4916756985292,175.84850127733236,148588100
2025-12-17,170.5409393310547,175.71882560019336,169.91240520818417,175.68889685369163,222775500
2025-12-18,173.73345947265625,175.7387615308714,171.41888356310693,174.1225483861358,176096000
2025-12-19,180.56747436523438,181.0263919449467,175.92832091222974,176.2575523358494,324925900
2025-12-22,183.26116943359375,183.73007341419415,181.9243013805983,183.49062822521734,129064400
2025-12-23,188.76828002929688,188.88799500778453,182.47299846788633,182.5428423541149,174873600
2025-12-24,188.169677734375,188.4689804086018,186.154389299292,187.50124372172942,65528500
2025-12-26,190.085205078125,192.240166195598,187.5611125998212,189.47662851874142,139740300
2025-12-29,187.7805938720703,188.31932652162573,185.47598909796272,187.2717899684254,120006100
2025-12-30,187.1021728515625,188.5487999407664,186.49359631469858,187.8005508490403,97687300
2025-12-31,186.06460571289062,190.11512498868174,186.05463453876877,189.12744593978846,120100500
2026-01-02,188.4091339111328,192.47959571470966,187.8204997023152,189.39681300359115,148240500
2026-01-05,187.68081665039062,193.17796293683364,185.7154145267434,191.31231822272787,183529700
2026-01-06,186.80288696289062,191.72137039337454,186.3838692947835,190.07522846701318,176862600
2026-01-07,188.66851806640625,190.9232365533545,186.12446806753155,188.12978540958392,153543200
2026-01-08,184.60801696777344,189.10749810453436,183.28113525242415,188.66852284990722,172457000
2026-01-09,184.42843627929688,185.9049768874807,183.2412119543349,184.64792389684447,131327500
2026-01-12,184.5082550048828,186.6831584288149,182.59273912358015,182.79226917353867,137968500
2026-01-13,185.37620544433594,187.6708389078061,182.97182817799478,184.56809890645206,160128900
2026-01-14,182.7124481201172,184.02937380837906,180.37791464347094,183.88970125566945,159586100
2026-01-15,186.6133270263672,189.25713440169068,185.895006678512,186.06460797964908,206188600
2026-01-16,185.7952423095703,189.99542077422674,185.64559857342888,188.63859508159712,187967200
2026-01-20,177.654296875,181.95423259865512,177.1953640623503,181.4753422141945,223345300
2026-01-21,182.8920440673828,184.94723253133864,177.9835164834521,178.6320081827799,200381000
2026-01-22,184.40847778320312,185.7353746560278,183.5005985718231,184.31869154642928,139636600
2026-01-23,187.23187255859375,189.15737478680413,186.38386606278428,187.06227125943187,142748100
2026-01-26,186.03468322753906,188.6784906596197,185.55580805974404,186.7230748442759,124799600
2026-01-27,188.07989501953125,189.55643562401056,185.2664711415707,186.80288446054914,143711600
2026-01-28,191.07289123535156,191.9009553855833,189.3968053634026,190.82347487286611,148552700
2026-01-29,192.06057739257812,193.0283141326731,185.62563804704834,190.89331059974717,171764400
2026-01-30,190.68380737304688,194.0359639826301,189.0276790286862,190.76362243793778,179489500
2026-02-02,185.1766815185547,189.8557348322644,184.44839001538193,186.7629659025267,165794100
2026-02-03,179.9189910888672,185.83515536968403,175.8185853097543,185.8052266227915,204019600
2026-02-04,173.78335571289062,179.16077214377114,171.50867959294058,179.04105715530034,207014100
2026-02-05,171.47874450683594,176.40721432559468,170.63072277473634,174.52161198787914,206312900
2026-02-06,184.97715759277344,186.56344202919422,174.19239634754115,176.27751351666032,231346200
2026-02-09,189.59632873535156,193.20788788877485,183.5205500126207,183.8298238555102,196387400
2026-02-10,188.09983825683594,192.0306425866914,187.6808205923615,190.93321971968697,136764800
2026-02-11,189.6063232421875,192.80882083578368,188.329312674443,192.00071425091673,144192700
2026-02-12,186.5035858154297,193.1580126884611,186.07458174632154,192.5793648877844,189932500
2026-02-13,182.38320922851562,187.0622623874058,181.16605622339495,187.04230481693136,161888000
2026-02-17,184.53817749023438,186.71308084037668,178.76168607280786,181.3256935584433,162276900
2026-02-18,187.5411376953125,189.92555739322245,186.3239846890322,188.3093443160685,164749100
2026-02-19,187.46133422851562,187.9900957055448,185.22657333636724,186.62329889395997,126554500
2026-02-20,189.37686157226562,189.88566546751952,185.5059147845697,186.13444888465776,178422300
2026-02-23,191.10281372070312,193.49720463285962,189.13741163084848,190.9531547742145,171584800
2026-02-24,192.39979553222656,193.31764595479845,186.96250644177093,191.04296985904048,175123600
2026-02-25,195.10345458984375,197.16862939564908,193.33758246616242,193.9960453222018,250637100
2026-02-26,184.4583740234375,193.83642365132246,183.8897126034445,193.81648130196652,360807900
2026-02-27,176.77635192871094,182.16373952566906,175.96824531148394,180.82687141264745,311636500
2026-03-02,182.05398559570312,183.03170868955394,174.23229218389588,174.6014235260267,209095300
2026-03-03,179.62966918945312,180.4776756968921,176.50697142699124,178.07331350693755,178099400
2026-03-04,182.6126708984375,184.26879914121506,179.6396322236537,180.01874995283958,177731200
2026-03-05,182.91197204589844,183.63029235671348,177.46472744924466,180.74703993972415,198779700
2026-03-06,177.40489196777344,182.33334690173646,176.40722643712078,179.4201653790109,189021900
2026-03-09,182.22360229492188,182.4830050745951,175.1501573668019,176.4171968477281,177213600
2026-03-10,184.33865356445312,186.00475307627937,181.5850871183009,181.97417604353973,179118500
2026-03-11,185.60574340820312,187.1921136401388,184.02934488988058,185.4860219488843,145280400
2026-03-12,182.7223358154297,184.5182338343672,181.3355064165816,183.63026415055788,155762700
2026-03-13,179.8389434814453,185.66562182453413,179.52965286608148,184.49829181300376,160988400
2026-03-16,182.80215454101562,188.44925014875608,180.99628481489137,182.55272468439094,217307400
2026-03-17,181.51510620117188,184.9771941770484,181.2656763194747,184.63797319169822,182497800
2026-03-18,179.98858642578125,182.96180140975886,179.91875397930713,182.06384475172882,156683100
2026-03-19,178.15277099609375,179.56953069628346,175.3890840362079,177.6040222894031,170968500
2026-03-20,172.30615234375,177.85347025510498,171.32839150930033,177.59406866914642,241323500
2026-03-23,175.23944091796875,177.96321071223454,174.36144294367455,176.85574153065542,182836300
2026-03-24,174.80044555664062,175.81812366395545,173.58322660302642,174.4312942297872,147667800
2026-03-25,178.2725067138672,180.8067226806179,176.44669348987364,176.69612335614488,162602100
2026-03-26,170.8494873046875,176.10745794358192,170.74970926821888,175.66847416549638,186152200
2026-03-27,167.13796997070312,170.58009909933227,166.629123297364,169.61230999497113,196212700
2026-03-30,164.79331970214844,169.0635577295173,163.89537828689438,168.3950875250076,185627000
2026-03-31,174.00225830078125,174.22175778800025,166.57923870897636,166.58921042239905,226181300
2026-04-01,175.34918212890625,176.9654826629128,174.35146274268203,175.5986119754623,168132000
2026-04-02,176.98545837402344,177.0852364118599,170.97918282725632,171.78733317216196,143143200
2026-04-06,177.23487854003906,177.3845303646084,175.35916114415525,176.75597747742694,107564300
2026-04-07,177.69383239746094,177.8235255680002,173.26395579650787,175.32922705160684,132534900
2026-04-08,181.66476440429688,184.83750503722598,179.8888249511496,184.079243714486,147732700
2026-04-09,183.4906005859375,183.66021107746678,180.2080948395415,181.42531387192042,116428500
2026-04-10,188.1998291015625,189.56669990817062,183.87970195572368,183.88967366981893,160459500
2026-04-13,188.87826538085938,189.2274732756209,185.3164148846483,185.605746824658,133648200
2026-04-14,196.0618438720703,196.0618438720703,190.33494396561244,190.40477641072036,161307000
2026-04-15,198.41647338867188,199.94298301571828,195.2936216855987,196.09178511161633,185338400
2026-04-16,197.8976593017578,199.39423847906178,195.36344336942167,196.97974400923295,134012900
2026-04-17,201.2200469970703,201.2400056483541,198.8155547450397,199.44410763257105,160324400
2026-04-20,201.59918212890625,201.70893187328167,197.38880498867078,199.52392392325544,119381400
2026-04-21,199.42417907714844,202.28762917830338,198.54618104306965,201.66904795828867,107945300
2026-04-22,202.03819274902344,202.03819274902344,198.54617460274403,200.53164182940822,107501000
2026-04-23,199.18470764160156,203.3651545152774,196.77022843278436,201.99828375930824,113561800
2026-04-24,207.79502868652344,210.46890943516505,199.35431566144254,199.50398270942756,214134400
2026-04-27,216.1160125732422,216.33551207209098,206.90706623150768,209.17187844164343,187172400
2026-04-28,212.68385314941406,214.2402930542568,207.72518626919629,209.01225288404052,180275400
2026-04-29,208.77279663085938,212.23488436877426,207.10660696252424,212.2149257168926,123711800
2026-04-30,199.1148681640625,209.82039307402036,198.24684193288383,209.45122654333912,225239200
2026-05-01,197.9974365234375,202.5370634031337,196.6704677294345,200.82098460367052,128647000
2026-05-04,198.02734375,201.2699318245734,194.29588290907526,199.04502180842945,125368100
2026-05-05,196.05186462402344,199.7833407086998,195.58293528206713,198.84548202478717,113406600
2026-05-06,207.3560333251953,207.7950323152332,198.15705885791613,199.43413852494058,188362800
2026-05-07,211.01766967773438,213.7115092245668,206.02907228582575,207.86487247229027,168307900
2026-05-08,214.709228515625,217.30330524675068,212.40449895841255,212.5441790763045,136421400
2026-05-11,218.93955993652344,221.79303819063418,213.40221390900197,213.55186573785767,160685800
2026-05-12,220.27650451660156,223.23973257586303,214.42986778297353,218.05159434962442,159176600
2026-05-13,225.3149871826172,227.32039781394542,221.0647077692387,224.41703053540263,150405400
2026-05-14,235.202392578125,236.00055597235212,228.77707677625682,229.32582552778115,180782900
2026-05-15,224.80615234375,230.97205119780003,223.72861351776262,229.23601388526635,180977600
2026-05-18,221.81300354003906,229.4754818886306,217.8719993892805,229.34577348371204,146280900
2026-05-19,220.1068878173828,223.96805720569674,217.41304835521052,219.11914008419038,140948200
2026-05-20,222.9603729248047,225.61431038954527,219.9971448577806,222.6710257508039,184201600
2026-05-21,219.0093994140625,226.8814055684356,217.43300079554024,221.78305837384474,203381800
2026-05-22,214.83892822265625,220.50596731800164,214.3101381389001,220.39621757095847,169275700
2026-05-26,214.37001037597656,217.68243116855118,211.5165320236786,216.04617181279934,187202600
2026-05-27,212.1151580810547,213.66161102691768,208.30386252985457,213.63168066177133,167601200
2026-05-28,213.7613983154297,215.0285063161196,210.73830951283205,210.79817024571656,143996000
2026-05-29,210.6584930419922,217.36316924965476,210.64852132770383,214.09065053210412,289410600
2026-06-01,223.8483428955078,224.35717434911126,215.20808855445495,215.23801892090273,212850700
2026-06-02,222.3118438720703,231.75026086454594,220.84519513709748,226.66188583823322,193362900
2026-06-03,214.26025390625,222.31185725112735,214.02079575535723,221.2143597561905,160907000
2026-06-04,218.4156036376953,221.35231998810906,210.73419644348996,213.67091279390368,169022200
2026-06-05,204.87075805664062,214.62982678346356,204.10161444712602,214.2902104723603,219655500
2026-06-08,208.40679931640625,210.23475572682116,205.76975069388217,209.94507132882276,138372800
2026-06-09,207.95730590820312,211.16370951624515,199.11719156565087,210.3845825512031,180962500
2026-06-10,200.19598388671875,206.98838641050182,199.696542748819,204.20149632565034,161746600
2026-06-11,204.64100646972656,205.43013200106668,199.31696212361035,201.26479475008583,158643200
2026-06-12,204.96066284179688,206.83856645475237,203.21261880599855,204.6310298517525,112001800
2026-06-15,212.21253967285156,212.47225882321928,208.10713284720606,208.68648640498938,149936700
2026-06-16,207.1781768798828,211.25361840198772,207.05830064217733,210.94395209283806,125694100
2026-06-17,204.42124938964844,208.9761653200819,202.8530121596522,208.29691745433288,128363500
2026-06-18,210.4545135498047,211.1537281092123,206.26919428756833,207.09826842291386,241272000
2026-06-22,208.41677856445312,213.7508214450341,207.48782537372824,211.2036686200953,122041400
2026-06-23,199.81640625,203.54224815949766,199.77645766483005,201.94403040148535,153496200
2026-06-24,198.77757263183594,201.44458647582786,196.36027935647695,199.89631590195674,151810700
2026-06-25,195.52122497558594,200.5755669254449,191.9152592982058,199.85637045714446,149550000
2026-06-26,192.31480407714844,195.33143282930595,191.0062707295152,192.90414096411192,179304100
2026-06-29,194.7520751953125,195.96071419295149,189.58785574691487,193.63333194293918,148835700
2026-06-30,199.86634826660156,200.4057532237791,194.89191886651452,197.0195429632178,166476700
2026-07-01,197.35916137695312,199.62662840490702,193.23377271109229,195.98069896251877,146147600
2026-07-02,194.61224365234375,199.8363939026278,192.1350197738411,196.9196593659626,142068700
2026-07-06,195.33143615722656,197.32920075051607,193.77318221313826,194.20269428466304,108999000
2026-07-07,196.7098846435547,198.18824142626735,190.92636281467173,192.15498377986222,124154600
2026-07-08,203.891845703125,204.93069180759116,194.84197470333905,194.9618356993413,147419100
2026-07-09,202.5533447265625,204.36131918975943,198.73762239526957,204.23147485952867,132037400
2026-07-10,210.72421264648438,210.7641612313501,201.69430829342895,201.7742207048944,148421000
2026-07-13,203.30250549316406,210.33464515051216,202.77309911383117,208.3069001369788,121411000
2026-07-14,211.5632781982422,212.31243993744155,203.57221964678251,207.96729575339148,124379600
2026-07-15,212.26248168945312,213.57101502024952,205.80969553973085,211.7230919717581,124797200
2026-07-16,207.16818237304688,210.84407715298516,205.61992700554663,209.93509060438328,122986100
2026-07-17,202.58331298828125,206.41901728963356,197.74872640584337,202.41350482950477,144281900
2026-07-20,203.05279541015625,207.50781723343968,202.05391309694542,205.63989694335598,88701500
2026-07-21,207.0583038330078,208.4167843613107,203.78197113093626,207.30802440628602,108685600
2026-07-22,211.82298278808594,214.15038042761168,204.72092886821054,205.57996827489498,137645600
2026-07-23,208.5266571044922,210.63429930291466,205.72979894313582,209.22588688656515,110505300
2026-07-24,206.6088104248047,211.6731509810223,204.5810805834776,207.21812923496972,114836800
2026-07-27,196.2903594970703,208.51668459839084,195.22156333884286,207.96729627325774,154353700
2026-07-28,196.789794921875,198.47790843456414,192.52457850774027,194.78204700134697,134111500
2026-07-29,189.79762268066406,196.84974460884015,189.79762268066406,195.63110696844683,147680800
2026-07-30,194.82199096679688,197.02952748682713,191.3059363552755,193.23377181769484,129010200
2026-07-31,200.52561950683594,201.77422236802423,194.73209918257555,198.2182038580375,139961200
2026-08-03,206.40904235839844,208.50670133078404,196.62999113475112,197.46904862701152,128406900
2026-08-04,211.70310974121094,212.82185300096492,208.8163406042335,211.06382570110384,134922000
2026-08-05,218.9749755859375,221.9716224388697,216.15812022814887,216.6176127852948,158187400
2026-08-06,218.7452392578125,223.38005249670454,216.75745800384053,221.28239358061882,113940600
2026-08-07,223.70968627929688,224.50877992471257,220.41337164588714,221.29237770419127,105669400
2026-08-10,217.3068389892578,223.88946943306019,216.5277120448001,223.15029107269072,115846600
2026-08-11,217.25689697265625,221.9516406634887,215.95834695389817,221.92167541427946,101273100
2026-08-12,223.8395233154297,224.84840415873398,219.95387191061064,220.7929293559802,108783600
2026-08-13,225.04818725585938,226.97602279610956,223.45996804263754,224.80845001468583,98867200
2026-08-14,224.90834045410156,227.23573802273873,224.24907448357243,226.51654155338588,75680900
2026-08-17,224.7584991455078,227.66525027466162,224.60867289832842,225.72741618855906,93678700
2026-08-18,219.49440002441406,221.39227027986857,218.44557057093272,220.20359791537197,103128200
2026-08-19,217.31683349609375,222.62089613745684,216.51772459764655,221.4222404106533,96797300
2026-08-20,216.60763549804688,219.6142657707553,215.41896310784705,218.1159423024499,92457000
2026-08-21,214.48001098632812,218.49552214328025,214.26025565862156,218.17587248780362,98869300
2026-08-24,208.24697875976562,215.34903256074918,207.01835779182306,215.28910206110334,135187300
2026-08-25,212.81187438964844,214.48998931653267,209.87515802586688,210.79412790131315,122309000
2026-08-26,209.4256591796875,213.3612577394914,208.99613188036045,212.40232405945306,179900000
2026-08-27,227.7251739501953,230.21239627098788,220.6530857022795,222.61090164325523,298909800
2026-08-28,217.3068389892578,229.00374173344596,216.56766062888835,227.10587153371227,195116400
2026-08-31,220.53323364257812,221.05265670783686,215.96834944345454,218.62536478578363,124702700
2026-09-01,217.1969757080078,220.1636574397174,214.8595947199138,216.50774446342592,109756200
2026-09-02,224.1591796875,227.6952163087265,218.23579974693772,218.5454508199983,157104700
2026-09-03,228.1946563720703,230.14247379152744,224.49879494304554,225.76737972053164,134681600
2026-09-04,230.10252380371094,234.49759976142684,229.37334400327853,230.83170360414334,135352400
2026-09-08,225.47769165039062,233.44878317831424,224.59868561283858,232.84944771666764,122965600
2026-09-09,223.4199981689453,225.92718720955042,223.21024142511232,225.0281992525124,82955500
2026-09-10,218.36000061035156,220.99000549316406,217.1999969482422,220.52999877929688,105768000
2026-09-11,218.2899932861328,222.0,218.14999389648438,221.24000549316406,89060100
2026-09-14,210.9600067138672,212.77000427246094,208.92999267578125,211.24000549316406,132267200
2026-09-15,212.1699981689453,213.94000244140625,211.16000366210938,213.3800048828125,88059700
2026-09-16,213.89999389648438,216.75999450683594,212.5,214.13999938964844,96563600
2026-09-17,219.33999633789062,219.91000366210938,217.14999389648438,218.3800048828125,94191300
2026-09-18,222.27000427246094,222.72999572753906,218.02999877929688,219.35000610351562,190287400
2026-09-21,227.3800048828125,228.5,221.55999755859375,222.94000244140625,109806100
2026-09-22,228.8699951171875,229.97999572753906,226.5,226.85000610351562,95746700
2026-09-23,225.50999450683594,228.9499969482422,224.02000427246094,228.02999877929688,89547300
2026-09-24,224.5800018310547,224.94000244140625,221.08999633789062,222.0800018310547,77469900
2026-09-25,225.07000732421875,226.94000244140625,223.1300048828125,225.1300048828125,89947700
2026-09-28,228.86000061035156,233.2100067138672,228.0399932861328,229.75,142344300
2026-09-29,227.2100067138672,232.82000732421875,227.02999877929688,230.97000122070312,101494900
2026-09-30,228.3800048828125,232.3699951171875,228.1699981689453,229.27000427246094,121732200
2026-10-01,230.86000061035156,232.2899932861328,228.16000366210938,229.97999572753906,98591400
2026-10-02,233.9499969482422,237.8800048828125,233.60000610351562,236.05999755859375,135167800
2026-10-05,238.89999389648438,240.10000610351562,235.14999389648438,236.08999633789062,127171500
2026-10-06,239.24000549316406,243.3699951171875,238.92999267578125,242.0800018310547,100677088
